timestamp,open,high,low,close,volume,sentiment
2024-02-20 13:00:00,0.2,7.71,0.2,3.007,56808977.96,0
2024-02-20 14:00:00,3.003,3.193,2.58,2.621,20158469.66,0
2024-02-20 15:00:00,2.621,2.678,2.26,2.342,23834728.75,0
2024-02-20 16:00:00,2.342,2.4,2.118,2.145,18267511.27,0
2024-02-20 17:00:00,2.145,2.314,2.04,2.062,20132835.24,0
2024-02-20 18:00:00,2.062,2.195,2.002,2.143,13868675.34,0
2024-02-20 19:00:00,2.143,2.2,2.037,2.093,9719035.5,0
2024-02-20 20:00:00,2.092,2.13,2.015,2.062,7196798.25,0
2024-02-20 21:00:00,2.063,2.08,2.011,2.04,6169553.54,0
2024-02-20 22:00:00,2.041,2.051,1.85,1.932,11480908.34,0
2024-02-20 23:00:00,1.931,1.989,1.91,1.965,6418020.46,0
2024-02-21 00:00:00,1.965,2.1,1.921,2.09,8991931.21,0
2024-02-21 01:00:00,2.09,2.189,2.012,2.188,8999801.1,0
2024-02-21 02:00:00,2.187,2.189,2.012,2.055,6438698.43,0
2024-02-21 03:00:00,2.055,2.074,1.952,2.012,5239426.95,0
2024-02-21 04:00:00,2.012,2.05,1.991,2.05,3184294.96,0
2024-02-21 05:00:00,2.05,2.072,1.951,1.963,5216204.67,0
2024-02-21 06:00:00,1.963,1.98,1.923,1.935,6151780.82,0
2024-02-21 07:00:00,1.935,1.955,1.905,1.919,5877328.08,0
2024-02-21 08:00:00,1.919,1.957,1.86,1.95,6490942.46,0
2024-02-21 09:00:00,1.95,1.972,1.851,1.872,8668147.73,0
2024-02-21 10:00:00,1.872,1.905,1.82,1.89,8126697.13,0
2024-02-21 11:00:00,1.89,1.939,1.811,1.835,7382646.6,0
2024-02-21 12:00:00,1.835,1.85,1.755,1.812,14291989.02,0
2024-02-21 13:00:00,1.812,1.843,1.673,1.732,15984801.84,0
2024-02-21 14:00:00,1.731,1.75,1.676,1.712,11099606.53,0
2024-02-21 15:00:00,1.712,1.79,1.682,1.767,9571838.23,0
2024-02-21 16:00:00,1.767,1.949,1.753,1.904,19841073.47,0
2024-02-21 17:00:00,1.904,1.959,1.864,1.881,14220477.63,0
2024-02-21 18:00:00,1.881,1.9,1.836,1.856,4174263.2,0
2024-02-21 19:00:00,1.856,1.905,1.809,1.826,3860531.9,0
2024-02-21 20:00:00,1.827,1.841,1.774,1.794,2668955.47,0
2024-02-21 21:00:00,1.793,1.824,1.764,1.815,3239499.21,0
2024-02-21 22:00:00,1.814,1.88,1.78,1.857,4013549.0,0
2024-02-21 23:00:00,1.856,1.926,1.853,1.892,4644401.85,0
2024-02-22 00:00:00,1.892,1.905,1.805,1.845,3895761.16,0
2024-02-22 01:00:00,1.845,1.9,1.81,1.821,3491105.07,0
2024-02-22 02:00:00,1.821,1.857,1.817,1.831,1851065.8,0
2024-02-22 03:00:00,1.831,1.899,1.802,1.889,3452121.29,0
2024-02-22 04:00:00,1.889,1.93,1.854,1.89,3622178.18,0
2024-02-22 05:00:00,1.891,1.901,1.835,1.853,4828115.54,0
2024-02-22 06:00:00,1.854,1.879,1.82,1.852,3441181.6,0
2024-02-22 07:00:00,1.852,1.891,1.826,1.879,3123629.48,0
2024-02-22 08:00:00,1.88,1.948,1.871,1.946,6682983.31,0
2024-02-22 09:00:00,1.946,1.96,1.887,1.925,6134114.33,0
2024-02-22 10:00:00,1.925,1.94,1.848,1.86,6549723.82,0
2024-02-22 11:00:00,1.859,1.897,1.846,1.895,2724085.61,0
2024-02-22 12:00:00,1.894,1.908,1.85,1.869,3313189.72,0
2024-02-22 13:00:00,1.87,1.874,1.815,1.85,5055077.76,0
2024-02-22 14:00:00,1.849,1.868,1.828,1.863,2737932.35,0
2024-02-22 15:00:00,1.863,1.873,1.835,1.848,2710764.66,0
2024-02-22 16:00:00,1.848,1.855,1.81,1.815,2939227.14,0
2024-02-22 17:00:00,1.815,1.856,1.813,1.842,1747550.97,0
2024-02-22 18:00:00,1.843,1.87,1.832,1.862,2071486.09,0
2024-02-22 19:00:00,1.862,1.9,1.847,1.873,3291689.01,0
2024-02-22 20:00:00,1.873,1.9,1.87,1.897,1824209.77,0
2024-02-22 21:00:00,1.897,2.043,1.85,1.969,16586198.6,0
2024-02-22 22:00:00,1.97,1.99,1.923,1.965,7551429.38,0
2024-02-22 23:00:00,1.965,1.975,1.905,1.93,2994244.59,0
2024-02-23 00:00:00,1.929,1.974,1.918,1.957,3303794.46,0
2024-02-23 01:00:00,1.957,2.097,1.955,2.095,10971115.84,0
2024-02-23 02:00:00,2.096,2.15,2.042,2.06,15811754.06,0
2024-02-23 03:00:00,2.059,2.119,2.013,2.076,7108069.06,0
2024-02-23 04:00:00,2.076,2.1,2.035,2.093,5286413.28,0
2024-02-23 05:00:00,2.094,2.167,2.074,2.145,7307387.7,0
2024-02-23 06:00:00,2.146,2.178,2.096,2.109,8618301.89,0
2024-02-23 07:00:00,2.11,2.116,2.02,2.038,7307820.88,0
2024-02-23 08:00:00,2.038,2.063,2.005,2.042,5725017.29,0
2024-02-23 09:00:00,2.042,2.068,2.022,2.044,2896257.8,0
2024-02-23 10:00:00,2.043,2.058,2.021,2.05,3046590.31,0
2024-02-23 11:00:00,2.05,2.086,2.043,2.054,3233572.39,0
2024-02-23 12:00:00,2.054,2.055,1.97,1.998,5979742.95,0
2024-02-23 13:00:00,1.997,2.024,1.955,2.011,3807403.21,0
2024-02-23 14:00:00,2.011,2.03,1.932,1.955,6180185.4,0
2024-02-23 15:00:00,1.955,1.959,1.86,1.889,8377899.87,0
2024-02-23 16:00:00,1.888,1.95,1.849,1.93,5730843.28,0
2024-02-23 17:00:00,1.929,1.961,1.909,1.956,2340752.86,0
2024-02-23 18:00:00,1.956,1.977,1.93,1.968,1943459.95,0
2024-02-23 19:00:00,1.967,1.977,1.944,1.969,1414502.08,0
2024-02-23 20:00:00,1.968,1.977,1.945,1.964,1085317.19,0
2024-02-23 21:00:00,1.965,1.971,1.928,1.939,1226552.08,0
2024-02-23 22:00:00,1.939,1.96,1.904,1.916,1297055.43,0
2024-02-23 23:00:00,1.916,1.939,1.886,1.927,2305017.51,0
2024-02-24 00:00:00,1.927,1.935,1.896,1.901,1601239.73,0
2024-02-24 01:00:00,1.902,1.92,1.86,1.87,2506694.89,0
2024-02-24 02:00:00,1.87,1.909,1.87,1.901,1723921.91,0
2024-02-24 03:00:00,1.9,1.909,1.876,1.907,744453.14,0
2024-02-24 04:00:00,1.908,1.918,1.893,1.914,1148459.94,0
2024-02-24 05:00:00,1.914,1.924,1.897,1.922,1259823.81,0
2024-02-24 06:00:00,1.923,1.925,1.889,1.897,1381921.42,0
2024-02-24 07:00:00,1.897,1.922,1.879,1.922,1474363.11,0
2024-02-24 08:00:00,1.922,1.922,1.885,1.888,1261341.38,0
2024-02-24 09:00:00,1.889,1.914,1.887,1.912,1100023.55,0
2024-02-24 10:00:00,1.911,1.923,1.9,1.921,1238172.48,0
2024-02-24 11:00:00,1.922,1.939,1.905,1.935,1206340.69,0
2024-02-24 12:00:00,1.935,1.937,1.915,1.928,1173897.83,0
2024-02-24 13:00:00,1.928,1.949,1.92,1.946,1163954.18,0
2024-02-24 14:00:00,1.947,1.949,1.905,1.918,1279989.08,0
2024-02-24 15:00:00,1.918,1.945,1.906,1.934,1549131.92,0
2024-02-24 16:00:00,1.935,1.965,1.917,1.921,2863514.89,0
2024-02-24 17:00:00,1.921,1.945,1.918,1.932,1381505.85,0
2024-02-24 18:00:00,1.933,1.95,1.925,1.93,955213.76,0
2024-02-24 19:00:00,1.93,1.958,1.921,1.946,1057194.43,0
2024-02-24 20:00:00,1.948,1.95,1.889,1.898,4776718.42,0
2024-02-24 21:00:00,1.897,1.9,1.884,1.896,1097412.85,0
2024-02-24 22:00:00,1.896,1.913,1.875,1.907,1180245.82,0
2024-02-24 23:00:00,1.908,1.918,1.894,1.895,1374609.53,0
2024-02-25 00:00:00,1.895,1.904,1.876,1.902,1012793.18,0
2024-02-25 01:00:00,1.902,1.92,1.886,1.919,967589.48,0
2024-02-25 02:00:00,1.92,1.928,1.9,1.905,1257181.64,0
2024-02-25 03:00:00,1.905,1.913,1.89,1.901,1533788.47,0
2024-02-25 04:00:00,1.9,1.906,1.884,1.888,980647.0,0
2024-02-25 05:00:00,1.888,1.899,1.884,1.897,696645.61,0
2024-02-25 06:00:00,1.896,1.924,1.896,1.905,2285313.54,0
2024-02-25 07:00:00,1.905,1.923,1.899,1.913,1043340.92,0
2024-02-25 08:00:00,1.913,1.917,1.878,1.889,2129026.57,0
2024-02-25 09:00:00,1.888,1.899,1.88,1.897,829252.05,0
2024-02-25 10:00:00,1.897,1.899,1.881,1.891,999967.67,0
2024-02-25 11:00:00,1.892,1.897,1.878,1.887,1422428.32,0
2024-02-25 12:00:00,1.887,1.916,1.885,1.914,1267768.14,0
2024-02-25 13:00:00,1.913,1.936,1.9,1.915,2138254.07,0
2024-02-25 14:00:00,1.915,1.939,1.909,1.928,1525585.75,0
2024-02-25 15:00:00,1.928,1.95,1.909,1.911,1987724.56,0
2024-02-25 16:00:00,1.912,1.927,1.9,1.91,1434938.13,0
2024-02-25 17:00:00,1.91,1.927,1.909,1.921,821332.53,0
2024-02-25 18:00:00,1.921,1.938,1.912,1.93,941068.27,0
2024-02-25 19:00:00,1.93,1.943,1.923,1.932,895203.82,0
2024-02-25 20:00:00,1.931,1.949,1.928,1.933,714270.26,0
2024-02-25 21:00:00,1.934,1.936,1.919,1.922,637089.37,0
2024-02-25 22:00:00,1.923,1.935,1.912,1.926,1040858.1,0
2024-02-25 23:00:00,1.926,1.957,1.924,1.948,2189640.86,0
2024-02-26 00:00:00,1.948,1.959,1.933,1.937,1075896.11,0
2024-02-26 01:00:00,1.937,1.941,1.92,1.923,974772.9,0
2024-02-26 02:00:00,1.922,1.946,1.912,1.912,1561604.96,0
2024-02-26 03:00:00,1.913,1.934,1.903,1.933,1512987.75,0
2024-02-26 04:00:00,1.933,1.939,1.915,1.938,1126150.66,0
2024-02-26 05:00:00,1.937,1.954,1.92,1.943,3157378.14,0
2024-02-26 06:00:00,1.943,1.957,1.935,1.937,1621932.67,0
2024-02-26 07:00:00,1.937,1.94,1.914,1.915,1386200.8,0
2024-02-26 08:00:00,1.915,1.933,1.913,1.923,1300971.62,0
2024-02-26 09:00:00,1.924,1.929,1.858,1.869,3463454.24,0
2024-02-26 10:00:00,1.868,1.9,1.866,1.88,1389914.19,0
2024-02-26 11:00:00,1.878,1.883,1.86,1.873,1335889.17,0
2024-02-26 12:00:00,1.873,1.885,1.861,1.879,1338155.89,0
2024-02-26 13:00:00,1.879,1.898,1.875,1.881,1241280.63,0
2024-02-26 14:00:00,1.881,1.905,1.869,1.898,1951037.35,0
2024-02-26 15:00:00,1.898,1.908,1.885,1.9,2831424.4,0
2024-02-26 16:00:00,1.9,1.927,1.9,1.92,3398703.65,0
2024-02-26 17:00:00,1.919,1.943,1.914,1.929,2191450.97,0
2024-02-26 18:00:00,1.93,1.933,1.904,1.914,1121210.8,0
2024-02-26 19:00:00,1.914,1.95,1.905,1.941,2400678.72,0
2024-02-26 20:00:00,1.941,1.989,1.926,1.98,3115508.9,0
2024-02-26 21:00:00,1.981,1.996,1.944,1.947,3858167.98,0
2024-02-26 22:00:00,1.948,2.014,1.94,1.981,4696212.88,0
2024-02-26 23:00:00,1.982,1.988,1.967,1.971,2533468.38,0
2024-02-27 00:00:00,1.971,1.998,1.946,1.957,2768323.04,0
2024-02-27 01:00:00,1.958,1.968,1.946,1.947,1654063.48,0
2024-02-27 02:00:00,1.947,1.95,1.923,1.94,3748422.72,0
2024-02-27 03:00:00,1.94,1.986,1.93,1.935,4079564.65,0
2024-02-27 04:00:00,1.935,2.014,1.935,2.009,5678165.16,0
2024-02-27 05:00:00,2.008,2.033,1.986,2.022,3615435.97,0
2024-02-27 06:00:00,2.023,2.061,2.008,2.023,3442904.19,0
2024-02-27 07:00:00,2.023,2.05,1.98,2.027,4571374.57,0
2024-02-27 08:00:00,2.027,2.063,2.011,2.013,2864672.6,0
2024-02-27 09:00:00,2.012,2.03,2.004,2.01,1941374.62,0
2024-02-27 10:00:00,2.009,2.017,1.999,2.005,1844947.02,0
2024-02-27 11:00:00,2.005,2.005,1.97,1.984,1928924.34,0
2024-02-27 12:00:00,1.985,2.003,1.978,1.981,2019160.57,0
2024-02-27 13:00:00,1.982,1.987,1.944,1.966,4236044.87,0
2024-02-27 14:00:00,1.966,1.973,1.947,1.96,1698055.28,0
2024-02-27 15:00:00,1.96,1.985,1.905,1.912,5722232.04,0
2024-02-27 16:00:00,1.913,1.926,1.871,1.911,3808010.88,0
2024-02-27 17:00:00,1.911,1.919,1.895,1.898,1336900.7,0
2024-02-27 18:00:00,1.899,1.923,1.897,1.899,1503986.56,0
2024-02-27 19:00:00,1.899,1.91,1.894,1.901,1231430.64,0
2024-02-27 20:00:00,1.901,1.913,1.895,1.913,859021.12,0
2024-02-27 21:00:00,1.913,1.928,1.907,1.922,964706.45,0
2024-02-27 22:00:00,1.922,1.929,1.912,1.92,676927.82,0
2024-02-27 23:00:00,1.921,1.925,1.9,1.913,2346524.1,0
2024-02-28 00:00:00,1.913,1.934,1.901,1.926,1134264.25,0
2024-02-28 01:00:00,1.926,1.937,1.908,1.918,1220092.65,0
2024-02-28 02:00:00,1.918,1.93,1.9,1.923,1591672.36,0
2024-02-28 03:00:00,1.923,1.927,1.901,1.903,1229549.23,0
2024-02-28 04:00:00,1.904,1.932,1.903,1.928,1263814.33,0
2024-02-28 05:00:00,1.929,1.932,1.914,1.915,807896.74,0
2024-02-28 06:00:00,1.915,1.917,1.902,1.905,1122107.04,0
2024-02-28 07:00:00,1.905,1.927,1.902,1.918,1689981.53,0
2024-02-28 08:00:00,1.917,1.922,1.905,1.908,2422774.56,0
2024-02-28 09:00:00,1.908,1.937,1.88,1.936,3975714.29,0
2024-02-28 10:00:00,1.936,1.973,1.916,1.97,4180118.11,0
2024-02-28 11:00:00,1.97,1.975,1.9,1.911,4646731.87,0
2024-02-28 12:00:00,1.91,1.933,1.909,1.926,2820708.59,0
2024-02-28 13:00:00,1.926,1.94,1.92,1.93,2787224.79,0
2024-02-28 14:00:00,1.93,1.935,1.901,1.921,3132080.84,0
2024-02-28 15:00:00,1.921,1.928,1.901,1.909,3124418.42,0
2024-02-28 16:00:00,1.908,1.954,1.908,1.95,3166803.59,0
2024-02-28 17:00:00,1.949,1.95,1.675,1.866,16018219.2,0
2024-02-28 18:00:00,1.867,1.88,1.734,1.828,7042836.81,0
2024-02-28 19:00:00,1.83,1.84,1.807,1.832,1960832.1,0
2024-02-28 20:00:00,1.832,1.843,1.809,1.837,1608982.27,0
2024-02-28 21:00:00,1.837,1.85,1.814,1.848,1577787.15,0
2024-02-28 22:00:00,1.847,1.859,1.837,1.843,1891135.56,0
2024-02-28 23:00:00,1.844,1.854,1.827,1.839,2054878.4,0
2024-02-29 00:00:00,1.839,1.918,1.829,1.915,2533955.26,0
2024-02-29 01:00:00,1.915,1.919,1.886,1.894,1609891.1,0
2024-02-29 02:00:00,1.893,1.896,1.856,1.866,2003313.66,0
2024-02-29 03:00:00,1.866,1.878,1.854,1.874,1306839.79,0
2024-02-29 04:00:00,1.873,1.885,1.858,1.881,2070418.75,0
2024-02-29 05:00:00,1.882,1.884,1.858,1.861,1867538.47,0
2024-02-29 06:00:00,1.861,1.872,1.85,1.867,1950059.31,0
2024-02-29 07:00:00,1.867,1.869,1.833,1.865,2208135.39,0
2024-02-29 08:00:00,1.865,1.887,1.863,1.88,2287199.02,0
2024-02-29 09:00:00,1.88,1.885,1.837,1.839,3257536.93,0
2024-02-29 10:00:00,1.838,1.855,1.827,1.843,3182338.66,0
2024-02-29 11:00:00,1.842,1.861,1.84,1.842,1727301.88,0
2024-02-29 12:00:00,1.841,1.865,1.827,1.854,1859285.4,0
2024-02-29 13:00:00,1.853,1.87,1.839,1.853,1982347.98,0
2024-02-29 14:00:00,1.853,1.858,1.831,1.844,1660026.62,0
2024-02-29 15:00:00,1.843,1.856,1.83,1.853,1336757.43,0
2024-02-29 16:00:00,1.853,1.86,1.777,1.808,4681215.15,0
2024-02-29 17:00:00,1.808,1.82,1.762,1.788,3946482.8,0
2024-02-29 18:00:00,1.788,1.809,1.772,1.788,1743087.31,0
2024-02-29 19:00:00,1.787,1.801,1.78,1.798,841500.94,0
2024-02-29 20:00:00,1.798,1.807,1.791,1.791,827647.93,0
2024-02-29 21:00:00,1.79,1.792,1.731,1.756,3045859.22,0
2024-02-29 22:00:00,1.756,1.758,1.7,1.743,3410558.19,0
2024-02-29 23:00:00,1.743,1.767,1.732,1.747,1990919.26,0
2024-03-01 00:00:00,1.748,1.788,1.747,1.783,1926881.83,0
2024-03-01 01:00:00,1.784,1.788,1.771,1.784,1176836.05,0
2024-03-01 02:00:00,1.783,1.79,1.75,1.77,3134111.34,0
2024-03-01 03:00:00,1.77,1.779,1.755,1.777,1265816.96,0
2024-03-01 04:00:00,1.777,1.796,1.774,1.796,1337774.38,0
2024-03-01 05:00:00,1.796,1.804,1.784,1.787,1169983.74,0
2024-03-01 06:00:00,1.787,1.799,1.78,1.784,1150298.1,0
2024-03-01 07:00:00,1.785,1.791,1.756,1.768,1966895.74,0
2024-03-01 08:00:00,1.769,1.796,1.765,1.784,1360264.7,0
2024-03-01 09:00:00,1.785,1.802,1.782,1.799,2056923.77,0
2024-03-01 10:00:00,1.798,1.801,1.782,1.783,1066113.93,0
2024-03-01 11:00:00,1.782,1.791,1.775,1.779,1286457.66,0
2024-03-01 12:00:00,1.78,1.826,1.779,1.809,1967966.34,0
2024-03-01 13:00:00,1.809,1.838,1.808,1.818,2576526.64,0
2024-03-01 14:00:00,1.819,1.824,1.779,1.802,2323041.59,0
2024-03-01 15:00:00,1.802,1.817,1.774,1.794,2432769.12,0
2024-03-01 16:00:00,1.794,1.823,1.794,1.815,1633558.69,0
2024-03-01 17:00:00,1.814,1.835,1.813,1.825,1227001.58,0
2024-03-01 18:00:00,1.825,1.83,1.812,1.822,852018.13,0
2024-03-01 19:00:00,1.823,1.828,1.809,1.814,724994.51,0
2024-03-01 20:00:00,1.815,1.83,1.805,1.828,1096839.05,0
2024-03-01 21:00:00,1.828,1.834,1.816,1.83,769683.68,0
2024-03-01 22:00:00,1.83,1.843,1.816,1.817,1112914.77,0
2024-03-01 23:00:00,1.817,1.829,1.815,1.816,574247.84,0
2024-03-02 00:00:00,1.816,1.85,1.813,1.834,1607421.03,0
2024-03-02 01:00:00,1.834,1.835,1.79,1.817,2012262.78,0
2024-03-02 02:00:00,1.817,1.822,1.802,1.811,1062057.18,0
2024-03-02 03:00:00,1.812,1.826,1.807,1.825,881323.95,0
2024-03-02 04:00:00,1.826,1.843,1.821,1.833,1027308.42,0
2024-03-02 05:00:00,1.833,1.845,1.83,1.834,1477595.65,0
2024-03-02 06:00:00,1.834,1.85,1.828,1.842,1240026.19,0
2024-03-02 07:00:00,1.842,1.846,1.82,1.834,1349116.73,0
2024-03-02 08:00:00,1.834,1.836,1.807,1.82,2058500.26,0
2024-03-02 09:00:00,1.82,1.821,1.797,1.807,2255117.13,0
2024-03-02 10:00:00,1.808,1.818,1.797,1.807,1155240.12,0
2024-03-02 11:00:00,1.807,1.824,1.805,1.816,1035331.61,0
2024-03-02 12:00:00,1.815,1.841,1.815,1.829,1130093.12,0
2024-03-02 13:00:00,1.829,1.833,1.816,1.817,1038787.93,0
2024-03-02 14:00:00,1.816,1.823,1.8,1.812,1630746.73,0
2024-03-02 15:00:00,1.81,1.818,1.801,1.808,1153106.96,0
2024-03-02 16:00:00,1.808,1.822,1.8,1.806,1262290.35,0
2024-03-02 17:00:00,1.806,1.819,1.805,1.811,760362.39,0
2024-03-02 18:00:00,1.812,1.818,1.796,1.814,1655676.83,0
2024-03-02 19:00:00,1.814,1.827,1.811,1.825,823010.37,0
2024-03-02 20:00:00,1.825,1.829,1.802,1.811,870426.12,0
2024-03-02 21:00:00,1.812,1.826,1.81,1.816,800709.64,0
2024-03-02 22:00:00,1.816,1.83,1.813,1.827,519282.52,0
2024-03-02 23:00:00,1.827,1.843,1.823,1.842,1091508.95,0
2024-03-03 00:00:00,1.842,1.9,1.828,1.89,2677832.88,0
2024-03-03 01:00:00,1.89,1.94,1.881,1.925,5785463.46,0
2024-03-03 02:00:00,1.925,1.925,1.874,1.894,3122728.9,0
2024-03-03 03:00:00,1.894,1.913,1.888,1.902,1580972.91,0
2024-03-03 04:00:00,1.901,1.936,1.899,1.924,2745758.44,0
2024-03-03 05:00:00,1.925,1.929,1.89,1.893,2091708.2,0
2024-03-03 06:00:00,1.892,1.903,1.867,1.885,2012276.73,0
2024-03-03 07:00:00,1.885,1.903,1.707,1.836,7883652.46,0
2024-03-03 08:00:00,1.837,1.853,1.821,1.838,2854632.69,0
2024-03-03 09:00:00,1.838,1.872,1.835,1.868,1560627.28,0
2024-03-03 10:00:00,1.869,1.875,1.845,1.852,1914822.59,0
2024-03-03 11:00:00,1.852,1.871,1.848,1.856,1345852.05,0
2024-03-03 12:00:00,1.855,1.875,1.854,1.856,1299573.61,0
2024-03-03 13:00:00,1.857,1.876,1.853,1.87,1016762.98,0
2024-03-03 14:00:00,1.87,1.89,1.866,1.882,2040609.51,0
2024-03-03 15:00:00,1.883,1.909,1.868,1.873,2245092.4,0
2024-03-03 16:00:00,1.873,1.891,1.858,1.89,1348913.22,0
2024-03-03 17:00:00,1.891,1.892,1.85,1.857,1816134.35,0
2024-03-03 18:00:00,1.857,1.862,1.817,1.843,1532757.42,0
2024-03-03 19:00:00,1.843,1.847,1.826,1.838,817486.55,0
2024-03-03 20:00:00,1.838,1.843,1.83,1.833,725329.27,0
2024-03-03 21:00:00,1.833,1.847,1.832,1.836,618738.62,0
2024-03-03 22:00:00,1.837,1.871,1.834,1.855,1057594.69,0
2024-03-03 23:00:00,1.856,1.861,1.83,1.843,858120.77,0
2024-03-04 00:00:00,1.844,1.874,1.82,1.857,2049547.09,0
2024-03-04 01:00:00,1.857,1.865,1.825,1.829,1495678.26,0
2024-03-04 02:00:00,1.829,1.835,1.811,1.826,1288088.28,0
2024-03-04 03:00:00,1.826,1.828,1.804,1.815,1719626.26,0
2024-03-04 04:00:00,1.815,1.833,1.806,1.828,1140646.44,0
2024-03-04 05:00:00,1.829,1.836,1.819,1.823,1038025.37,0
2024-03-04 06:00:00,1.824,1.827,1.81,1.825,1099334.84,0
2024-03-04 07:00:00,1.825,1.838,1.82,1.832,1339467.66,0
2024-03-04 08:00:00,1.832,1.85,1.831,1.837,2560995.65,0
2024-03-04 09:00:00,1.837,1.839,1.816,1.833,2007475.56,0
2024-03-04 10:00:00,1.833,1.833,1.802,1.811,1615871.99,0
2024-03-04 11:00:00,1.812,1.825,1.8,1.823,1313050.74,0
2024-03-04 12:00:00,1.824,1.829,1.812,1.816,1700701.93,0
2024-03-04 13:00:00,1.816,1.82,1.801,1.801,1061729.08,0
2024-03-04 14:00:00,1.803,1.817,1.775,1.801,4515794.64,0
2024-03-04 15:00:00,1.801,1.812,1.788,1.799,1659189.62,0
2024-03-04 16:00:00,1.798,1.81,1.76,1.763,3070317.53,0
2024-03-04 17:00:00,1.763,1.791,1.743,1.749,5051934.94,0
2024-03-04 18:00:00,1.749,1.786,1.741,1.786,2448066.07,0
2024-03-04 19:00:00,1.786,1.8,1.771,1.785,1455672.92,0
2024-03-04 20:00:00,1.786,1.791,1.777,1.778,493776.92,0
2024-03-04 21:00:00,1.778,1.792,1.757,1.79,1264588.15,0
2024-03-04 22:00:00,1.791,1.796,1.78,1.795,586091.45,0
2024-03-04 23:00:00,1.794,1.802,1.774,1.795,1439808.87,0
2024-03-05 00:00:00,1.795,1.802,1.765,1.769,1271866.66,0
2024-03-05 01:00:00,1.769,1.788,1.749,1.777,1934822.84,0
2024-03-05 02:00:00,1.777,1.777,1.745,1.752,1540606.36,0
2024-03-05 03:00:00,1.751,1.788,1.743,1.787,1626593.55,0
2024-03-05 04:00:00,1.788,2.078,1.782,2.066,32642688.55,0
2024-03-05 05:00:00,2.065,2.218,1.972,2.195,30444159.52,0
2024-03-05 06:00:00,2.195,2.218,2.08,2.084,12193271.04,0
2024-03-05 07:00:00,2.083,2.21,2.08,2.171,9783813.7,0
2024-03-05 08:00:00,2.172,2.358,2.139,2.254,22225163.16,0
2024-03-05 09:00:00,2.254,2.279,2.202,2.25,8298708.06,0
2024-03-05 10:00:00,2.25,2.293,2.201,2.212,6158305.88,0
2024-03-05 11:00:00,2.211,2.266,2.209,2.252,3678852.31,0
2024-03-05 12:00:00,2.253,2.286,2.15,2.155,7592932.73,0
2024-03-05 13:00:00,2.155,2.218,2.14,2.214,6012114.15,0
2024-03-05 14:00:00,2.215,2.22,2.06,2.091,9700518.14,0
2024-03-05 15:00:00,2.091,2.138,2.026,2.096,11439833.91,0
2024-03-05 16:00:00,2.096,2.213,1.961,2.166,15162279.19,0
2024-03-05 17:00:00,2.167,2.35,2.05,2.266,16692939.27,0
2024-03-05 18:00:00,2.266,2.3,2.195,2.206,4708497.56,0
2024-03-05 19:00:00,2.205,2.237,1.85,2.012,12229354.63,0
2024-03-05 20:00:00,2.011,2.214,2.006,2.113,13741266.84,0
2024-03-05 21:00:00,2.113,2.198,2.091,2.194,6228513.6,0
2024-03-05 22:00:00,2.194,2.238,2.104,2.194,4094855.67,0
2024-03-05 23:00:00,2.195,2.278,2.194,2.252,5165801.03,0
2024-03-06 00:00:00,2.252,2.468,2.238,2.36,19069140.92,0
2024-03-06 01:00:00,2.36,2.421,2.271,2.285,7973106.96,0
2024-03-06 02:00:00,2.285,2.326,2.18,2.189,8550308.94,0
2024-03-06 03:00:00,2.189,2.297,2.189,2.262,4889708.89,0
2024-03-06 04:00:00,2.262,2.323,2.23,2.287,4626991.98,0
2024-03-06 05:00:00,2.287,2.338,2.253,2.272,6674109.84,0
2024-03-06 06:00:00,2.271,2.338,2.242,2.283,5534669.88,0
2024-03-06 07:00:00,2.283,2.422,2.254,2.391,8930704.83,0
2024-03-06 08:00:00,2.392,2.432,2.324,2.331,5989491.26,0
2024-03-06 09:00:00,2.331,2.369,2.27,2.275,4804406.82,0
2024-03-06 10:00:00,2.276,2.331,2.274,2.277,2970581.78,0
2024-03-06 11:00:00,2.278,2.311,2.264,2.307,3016287.62,0
2024-03-06 12:00:00,2.306,2.4,2.25,2.33,8716730.47,0
2024-03-06 13:00:00,2.33,2.448,2.316,2.411,10913868.7,0
2024-03-06 14:00:00,2.41,2.475,2.365,2.437,7520045.84,0
2024-03-06 15:00:00,2.436,2.566,2.37,2.525,16373544.78,0
2024-03-06 16:00:00,2.524,2.537,2.396,2.442,8557622.08,0
2024-03-06 17:00:00,2.442,2.442,2.388,2.408,2853621.07,0
2024-03-06 18:00:00,2.408,2.5,2.396,2.456,3318028.26,0
2024-03-06 19:00:00,2.456,2.506,2.439,2.496,2023755.21,0
2024-03-06 20:00:00,2.496,2.545,2.469,2.501,3035415.18,0
2024-03-06 21:00:00,2.503,2.508,2.419,2.455,2156471.66,0
2024-03-06 22:00:00,2.454,2.488,2.425,2.45,1738442.24,0
2024-03-06 23:00:00,2.451,2.562,2.411,2.548,4158900.26,0
2024-03-07 00:00:00,2.548,2.579,2.436,2.484,5056142.83,0
2024-03-07 01:00:00,2.486,2.496,2.412,2.424,3290550.06,0
2024-03-07 02:00:00,2.425,2.458,2.345,2.357,4954813.16,0
2024-03-07 03:00:00,2.358,2.403,2.335,2.354,3808365.26,0
2024-03-07 04:00:00,2.353,2.384,2.334,2.352,2591831.78,0
2024-03-07 05:00:00,2.352,2.387,2.318,2.32,3051945.32,0
2024-03-07 06:00:00,2.32,2.362,2.307,2.328,2952584.17,0
2024-03-07 07:00:00,2.328,2.383,2.325,2.371,1907976.55,0
2024-03-07 08:00:00,2.371,2.415,2.34,2.383,3189632.19,0
2024-03-07 09:00:00,2.384,2.408,2.335,2.338,2580406.67,0
2024-03-07 10:00:00,2.338,2.36,2.322,2.342,1817838.27,0
2024-03-07 11:00:00,2.342,2.368,2.34,2.359,1665757.14,0
2024-03-07 12:00:00,2.359,2.413,2.356,2.413,2890214.3,0
2024-03-07 13:00:00,2.413,2.414,2.368,2.401,2065868.16,0
2024-03-07 14:00:00,2.401,2.458,2.374,2.402,4835481.79,0
2024-03-07 15:00:00,2.402,2.414,2.374,2.403,2851046.43,0
2024-03-07 16:00:00,2.403,2.403,2.356,2.376,2234949.18,0
2024-03-07 17:00:00,2.377,2.397,2.365,2.383,1011008.09,0
2024-03-07 18:00:00,2.383,2.402,2.368,2.401,1263011.17,0
2024-03-07 19:00:00,2.4,2.402,2.355,2.393,1641845.0,0
2024-03-07 20:00:00,2.393,2.447,2.38,2.444,1513732.9,0
2024-03-07 21:00:00,2.445,2.45,2.412,2.416,1074377.49,0
2024-03-07 22:00:00,2.417,2.461,2.41,2.411,1171621.22,0
2024-03-07 23:00:00,2.411,2.433,2.398,2.423,1360331.01,0
2024-03-08 00:00:00,2.423,2.47,2.414,2.443,2463469.08,0
2024-03-08 01:00:00,2.443,2.488,2.428,2.43,2881826.17,0
2024-03-08 02:00:00,2.43,2.436,2.326,2.332,4381321.75,0
2024-03-08 03:00:00,2.331,2.35,2.298,2.325,4738979.01,0
2024-03-08 04:00:00,2.326,2.347,2.311,2.336,1328157.78,0
2024-03-08 05:00:00,2.335,2.347,2.268,2.298,5233727.57,0
2024-03-08 06:00:00,2.298,2.319,2.277,2.313,1948487.04,0
2024-03-08 07:00:00,2.313,2.315,2.278,2.287,2835332.73,0
2024-03-08 08:00:00,2.288,2.309,2.271,2.308,2049717.39,0
2024-03-08 09:00:00,2.308,2.328,2.296,2.314,1428577.89,0
2024-03-08 10:00:00,2.314,2.328,2.301,2.32,1452722.32,0
2024-03-08 11:00:00,2.32,2.324,2.282,2.309,1704877.71,0
2024-03-08 12:00:00,2.31,2.328,2.289,2.327,1403239.26,0
2024-03-08 13:00:00,2.327,2.386,2.308,2.356,2910293.63,0
2024-03-08 14:00:00,2.356,2.365,2.301,2.302,3047252.76,0
2024-03-08 15:00:00,2.302,2.336,2.188,2.268,10193549.66,0
2024-03-08 16:00:00,2.269,2.296,2.18,2.289,7833403.22,0
2024-03-08 17:00:00,2.29,2.308,2.254,2.294,2053425.06,0
2024-03-08 18:00:00,2.293,2.3,2.267,2.283,1011015.28,0
2024-03-08 19:00:00,2.282,2.29,2.265,2.284,823200.09,0
2024-03-08 20:00:00,2.283,2.295,2.26,2.276,1892376.61,0
2024-03-08 21:00:00,2.276,2.291,2.263,2.273,1102566.87,0
2024-03-08 22:00:00,2.273,2.304,2.264,2.289,1031222.4,0
2024-03-08 23:00:00,2.291,2.304,2.277,2.293,728866.37,0
2024-03-09 00:00:00,2.293,2.325,2.29,2.307,1587234.1,0
2024-03-09 01:00:00,2.306,2.336,2.273,2.334,1763632.21,0
2024-03-09 02:00:00,2.333,2.334,2.301,2.316,1643363.99,0
2024-03-09 03:00:00,2.316,2.365,2.301,2.351,2416398.0,0
2024-03-09 04:00:00,2.351,2.383,2.34,2.377,1824899.99,0
2024-03-09 05:00:00,2.377,2.377,2.333,2.351,1612725.41,0
2024-03-09 06:00:00,2.351,2.362,2.324,2.339,1839110.89,0
2024-03-09 07:00:00,2.339,2.415,2.337,2.399,3921209.15,0
2024-03-09 08:00:00,2.399,2.407,2.363,2.371,2466197.73,0
2024-03-09 09:00:00,2.372,2.382,2.3,2.321,3737499.62,0
2024-03-09 10:00:00,2.321,2.321,2.267,2.31,3863248.12,0
2024-03-09 11:00:00,2.309,2.333,2.305,2.312,2646140.92,0
2024-03-09 12:00:00,2.312,2.328,2.286,2.308,3375955.92,0
2024-03-09 13:00:00,2.308,2.5,2.304,2.459,11842444.84,0
2024-03-09 14:00:00,2.459,2.491,2.403,2.42,5120421.32,0
2024-03-09 15:00:00,2.421,2.47,2.411,2.462,3874973.78,0
2024-03-09 16:00:00,2.462,2.47,2.404,2.432,4766422.29,0
2024-03-09 17:00:00,2.432,2.439,2.37,2.412,3433543.15,0
2024-03-09 18:00:00,2.411,2.411,2.379,2.392,1155783.52,0
2024-03-09 19:00:00,2.392,2.399,2.361,2.364,1331812.2,0
2024-03-09 20:00:00,2.364,2.389,2.364,2.386,896158.64,0
2024-03-09 21:00:00,2.386,2.411,2.372,2.41,1269983.78,0
2024-03-09 22:00:00,2.409,2.412,2.377,2.379,1066816.44,0
2024-03-09 23:00:00,2.379,2.41,2.366,2.41,1716373.76,0
2024-03-10 00:00:00,2.409,2.411,2.367,2.395,1934665.6,0
2024-03-10 01:00:00,2.395,2.432,2.35,2.429,3405551.99,0
2024-03-10 02:00:00,2.428,2.459,2.4,2.453,2652223.2,0
2024-03-10 03:00:00,2.453,2.527,2.437,2.504,6118490.6,0
2024-03-10 04:00:00,2.504,2.509,2.445,2.449,3384163.97,0
2024-03-10 05:00:00,2.449,2.454,2.41,2.416,2350173.16,0
2024-03-10 06:00:00,2.417,2.453,2.41,2.419,2089831.53,0
2024-03-10 07:00:00,2.419,2.494,2.415,2.478,2313241.5,0
2024-03-10 08:00:00,2.479,2.482,2.441,2.457,2043243.32,0
2024-03-10 09:00:00,2.456,2.485,2.383,2.391,5322941.04,0
2024-03-10 10:00:00,2.391,2.423,2.383,2.399,2595520.21,0
2024-03-10 11:00:00,2.4,2.402,2.366,2.38,2237269.98,0
2024-03-10 12:00:00,2.379,2.404,2.333,2.383,3077121.01,0
2024-03-10 13:00:00,2.383,2.415,2.35,2.368,3081664.91,0
2024-03-10 14:00:00,2.367,2.386,2.3,2.342,4495918.55,0
2024-03-10 15:00:00,2.342,2.367,2.323,2.327,2483152.31,0
2024-03-10 16:00:00,2.327,2.373,2.325,2.354,1595671.58,0
2024-03-10 17:00:00,2.354,2.374,2.351,2.362,931508.45,0
2024-03-10 18:00:00,2.362,2.38,2.347,2.349,1380363.94,0
2024-03-10 19:00:00,2.35,2.364,2.342,2.359,775462.18,0
2024-03-10 20:00:00,2.359,2.379,2.342,2.378,942541.13,0
2024-03-10 21:00:00,2.378,2.38,2.347,2.365,1095994.37,0
2024-03-10 22:00:00,2.365,2.366,2.308,2.331,1711170.08,0
2024-03-10 23:00:00,2.332,2.446,2.332,2.426,3879094.03,0
2024-03-11 00:00:00,2.427,2.456,2.3,2.381,5278330.94,0
2024-03-11 01:00:00,2.382,2.459,2.356,2.421,7282145.14,0
2024-03-11 02:00:00,2.421,2.545,2.395,2.49,8574280.64,0
2024-03-11 03:00:00,2.49,2.555,2.458,2.476,8293012.99,0
2024-03-11 04:00:00,2.475,2.507,2.439,2.448,2948425.94,0
2024-03-11 05:00:00,2.448,2.473,2.422,2.447,2495754.13,0
2024-03-11 06:00:00,2.448,2.482,2.427,2.479,2519887.15,0
2024-03-11 07:00:00,2.48,2.496,2.426,2.459,5877863.37,0
2024-03-11 08:00:00,2.459,2.498,2.446,2.495,3251346.17,0
2024-03-11 09:00:00,2.494,2.511,2.471,2.496,3435926.06,0
2024-03-11 10:00:00,2.496,2.513,2.455,2.464,2840425.02,0
2024-03-11 11:00:00,2.464,2.482,2.428,2.432,2655982.82,0
2024-03-11 12:00:00,2.433,2.453,2.425,2.443,3027570.04,0
2024-03-11 13:00:00,2.443,2.446,2.382,2.396,3695326.18,0
2024-03-11 14:00:00,2.396,2.51,2.395,2.461,5613383.75,0
2024-03-11 15:00:00,2.461,2.498,2.442,2.493,3455601.95,0
2024-03-11 16:00:00,2.493,2.504,2.403,2.465,4499253.33,0
2024-03-11 17:00:00,2.465,2.478,2.44,2.452,1558559.12,0
2024-03-11 18:00:00,2.452,2.491,2.445,2.484,1497759.07,0
2024-03-11 19:00:00,2.485,2.491,2.462,2.469,1206355.75,0
2024-03-11 20:00:00,2.469,2.49,2.46,2.479,654352.23,0
2024-03-11 21:00:00,2.478,2.503,2.466,2.499,1384904.73,0
2024-03-11 22:00:00,2.499,2.543,2.493,2.535,2692371.36,0
2024-03-11 23:00:00,2.535,2.597,2.512,2.591,3553482.65,0
2024-03-12 00:00:00,2.591,2.673,2.577,2.602,7187153.91,0
2024-03-12 01:00:00,2.602,2.632,2.547,2.561,5230405.88,0
2024-03-12 02:00:00,2.56,2.561,2.518,2.55,2311362.9,0
2024-03-12 03:00:00,2.55,2.554,2.5,2.505,2383853.42,0
2024-03-12 04:00:00,2.505,2.547,2.48,2.525,2521664.7,0
2024-03-12 05:00:00,2.526,2.528,2.499,2.507,1245683.16,0
2024-03-12 06:00:00,2.508,2.508,2.441,2.473,3566236.71,0
2024-03-12 07:00:00,2.472,2.482,2.444,2.451,1828526.71,0
2024-03-12 08:00:00,2.452,2.464,2.368,2.383,4977356.65,0
2024-03-12 09:00:00,2.382,2.446,2.382,2.423,2775114.77,0
2024-03-12 10:00:00,2.423,2.448,2.409,2.426,1494747.96,0
2024-03-12 11:00:00,2.426,2.451,2.402,2.406,1905321.32,0
2024-03-12 12:00:00,2.406,2.453,2.373,2.439,4171008.65,0
2024-03-12 13:00:00,2.439,2.474,2.426,2.445,3671810.82,0
2024-03-12 14:00:00,2.446,2.468,2.395,2.409,3244530.44,0
2024-03-12 15:00:00,2.41,2.487,2.39,2.456,2792951.48,0
2024-03-12 16:00:00,2.456,2.463,2.367,2.382,4695287.49,0
2024-03-12 17:00:00,2.381,2.426,2.3,2.426,6022796.25,0
2024-03-12 18:00:00,2.426,2.45,2.408,2.446,1572405.49,0
2024-03-12 19:00:00,2.446,2.468,2.433,2.467,1305044.39,0
2024-03-12 20:00:00,2.468,2.47,2.435,2.442,1223004.04,0
2024-03-12 21:00:00,2.441,2.452,2.422,2.44,569640.83,0
2024-03-12 22:00:00,2.441,2.464,2.43,2.458,854654.72,0
2024-03-12 23:00:00,2.459,2.484,2.445,2.48,1019539.97,0
2024-03-13 00:00:00,2.481,2.497,2.463,2.476,1531152.28,0
2024-03-13 01:00:00,2.477,2.492,2.458,2.478,1560547.0,0
2024-03-13 02:00:00,2.478,2.5,2.466,2.497,1508529.44,0
2024-03-13 03:00:00,2.497,2.497,2.471,2.487,1194053.49,0
2024-03-13 04:00:00,2.486,2.486,2.448,2.474,1995993.24,0
2024-03-13 05:00:00,2.474,2.474,2.449,2.465,1418278.63,0
2024-03-13 06:00:00,2.466,2.536,2.459,2.534,3025711.2,0
2024-03-13 07:00:00,2.535,2.535,2.481,2.483,2947379.31,0
2024-03-13 08:00:00,2.482,2.504,2.47,2.497,2465330.66,0
2024-03-13 09:00:00,2.497,2.504,2.475,2.475,1954033.5,0
2024-03-13 10:00:00,2.476,2.505,2.46,2.496,2320164.51,0
2024-03-13 11:00:00,2.496,2.5,2.463,2.468,1271469.8,0
2024-03-13 12:00:00,2.469,2.497,2.461,2.466,2378091.28,0
2024-03-13 13:00:00,2.466,2.478,2.366,2.404,4835733.62,0
2024-03-13 14:00:00,2.404,2.545,2.4,2.497,7302058.8,0
2024-03-13 15:00:00,2.497,2.624,2.484,2.587,10075116.78,0
2024-03-13 16:00:00,2.587,2.606,2.508,2.514,5094278.62,0
2024-03-13 17:00:00,2.514,2.534,2.497,2.527,2819674.6,0
2024-03-13 18:00:00,2.526,2.596,2.521,2.574,2277189.62,0
2024-03-13 19:00:00,2.575,2.606,2.566,2.575,2367532.75,0
2024-03-13 20:00:00,2.575,2.603,2.559,2.585,1694400.02,0
2024-03-13 21:00:00,2.585,2.602,2.558,2.596,1453181.18,0
2024-03-13 22:00:00,2.596,2.67,2.571,2.581,4836004.61,0
2024-03-13 23:00:00,2.582,2.642,2.575,2.629,1756141.45,0
2024-03-14 00:00:00,2.629,2.654,2.584,2.584,3854474.74,0
2024-03-14 01:00:00,2.585,2.6,2.561,2.586,2609269.83,0
2024-03-14 02:00:00,2.587,2.606,2.521,2.525,4131946.53,0
2024-03-14 03:00:00,2.525,2.541,2.503,2.517,3736568.48,0
2024-03-14 04:00:00,2.516,2.52,2.47,2.49,3362021.34,0
2024-03-14 05:00:00,2.49,2.5,2.466,2.472,2023024.67,0
2024-03-14 06:00:00,2.472,2.515,2.467,2.49,1814860.65,0
2024-03-14 07:00:00,2.489,2.489,2.438,2.456,4291417.39,0
2024-03-14 08:00:00,2.455,2.473,2.438,2.461,1875810.97,0
2024-03-14 09:00:00,2.461,2.485,2.443,2.457,2217807.13,0
2024-03-14 10:00:00,2.457,2.457,2.425,2.434,2446708.75,0
2024-03-14 11:00:00,2.434,2.448,2.407,2.446,2433355.34,0
2024-03-14 12:00:00,2.447,2.46,2.4,2.415,3001576.67,0
2024-03-14 13:00:00,2.415,2.429,2.32,2.36,7612853.16,0
2024-03-14 14:00:00,2.36,2.408,2.356,2.38,4651149.57,0
2024-03-14 15:00:00,2.379,2.391,2.338,2.362,4009923.71,0
2024-03-14 16:00:00,2.361,2.395,2.331,2.391,4159804.21,0
2024-03-14 17:00:00,2.391,2.391,2.355,2.382,1968409.11,0
2024-03-14 18:00:00,2.381,2.381,2.31,2.338,2402238.98,0
2024-03-14 19:00:00,2.338,2.35,2.252,2.309,5779760.09,0
2024-03-14 20:00:00,2.309,2.371,2.305,2.353,2840635.72,0
2024-03-14 21:00:00,2.353,2.377,2.336,2.376,1221983.36,0
2024-03-14 22:00:00,2.377,2.391,2.369,2.378,1193210.84,0
2024-03-14 23:00:00,2.377,2.404,2.372,2.389,1284448.15,0
2024-03-15 00:00:00,2.389,2.425,2.379,2.398,1587628.93,0
2024-03-15 01:00:00,2.397,2.401,2.362,2.363,1542179.51,0
2024-03-15 02:00:00,2.362,2.376,2.202,2.247,7710494.3,0
2024-03-15 03:00:00,2.248,2.269,2.07,2.205,10254923.29,0
2024-03-15 04:00:00,2.204,2.239,2.163,2.174,6269916.2,0
2024-03-15 05:00:00,2.173,2.222,2.166,2.172,3193124.02,0
2024-03-15 06:00:00,2.172,2.228,2.171,2.214,3113825.68,0
2024-03-15 07:00:00,2.214,2.237,2.197,2.218,1580355.57,0
2024-03-15 08:00:00,2.217,2.222,2.088,2.088,4736821.76,0
2024-03-15 09:00:00,2.088,2.15,2.002,2.145,7487123.5,0
2024-03-15 10:00:00,2.144,2.147,2.109,2.112,2281359.87,0
2024-03-15 11:00:00,2.111,2.141,2.063,2.136,3236931.87,0
2024-03-15 12:00:00,2.136,2.168,2.113,2.141,2539008.59,0
2024-03-15 13:00:00,2.14,2.168,2.11,2.156,3193314.41,0
2024-03-15 14:00:00,2.156,2.164,2.125,2.16,2236342.94,0
2024-03-15 15:00:00,2.16,2.168,2.13,2.135,1423436.9,0
2024-03-15 16:00:00,2.135,2.155,2.108,2.125,1799713.1,0
2024-03-15 17:00:00,2.126,2.148,2.11,2.136,1250251.36,0
2024-03-15 18:00:00,2.137,2.204,2.137,2.195,1910188.24,0
2024-03-15 19:00:00,2.195,2.218,2.135,2.15,2228974.31,0
2024-03-15 20:00:00,2.149,2.152,2.091,2.104,1944226.21,0
2024-03-15 21:00:00,2.105,2.149,2.1,2.148,648385.6,0
2024-03-15 22:00:00,2.148,2.194,2.142,2.187,1319740.94,0
2024-03-15 23:00:00,2.187,2.206,2.175,2.197,1273387.2,0
2024-03-16 00:00:00,2.197,2.211,2.189,2.195,1636424.92,0
2024-03-16 01:00:00,2.194,2.233,2.19,2.207,1886710.58,0
2024-03-16 02:00:00,2.209,2.226,2.203,2.217,1375178.18,0
2024-03-16 03:00:00,2.219,2.249,2.201,2.238,2088250.08,0
2024-03-16 04:00:00,2.238,2.26,2.214,2.219,2567724.69,0
2024-03-16 05:00:00,2.219,2.243,2.165,2.232,2925051.32,0
2024-03-16 06:00:00,2.232,2.24,2.212,2.219,2037843.51,0
2024-03-16 07:00:00,2.219,2.258,2.212,2.257,1978803.34,0
2024-03-16 08:00:00,2.257,2.258,2.227,2.233,1722376.66,0
2024-03-16 09:00:00,2.233,2.244,2.203,2.21,1647765.18,0
2024-03-16 10:00:00,2.211,2.225,2.195,2.196,1768400.08,0
2024-03-16 11:00:00,2.197,2.213,2.159,2.177,2362371.67,0
2024-03-16 12:00:00,2.177,2.181,2.114,2.12,3284759.9,0
2024-03-16 13:00:00,2.119,2.15,2.088,2.092,2781272.77,0
2024-03-16 14:00:00,2.091,2.116,2.073,2.114,2917630.46,0
2024-03-16 15:00:00,2.113,2.155,2.089,2.145,2466007.33,0
2024-03-16 16:00:00,2.146,2.148,2.103,2.111,1469895.55,0
2024-03-16 17:00:00,2.112,2.121,2.051,2.066,3025510.86,0
2024-03-16 18:00:00,2.067,2.076,2.0,2.034,4276417.7,0
2024-03-16 19:00:00,2.034,2.093,2.033,2.046,2132794.11,0
2024-03-16 20:00:00,2.046,2.081,2.023,2.063,1501259.53,0
2024-03-16 21:00:00,2.064,2.074,2.018,2.04,1206592.89,0
2024-03-16 22:00:00,2.04,2.067,2.024,2.05,988998.63,0
2024-03-16 23:00:00,2.05,2.05,1.984,2.039,2751129.75,0
2024-03-17 00:00:00,2.039,2.075,2.012,2.016,2638975.61,0
2024-03-17 01:00:00,2.017,2.076,2.017,2.076,2007873.93,0
2024-03-17 02:00:00,2.077,2.094,2.062,2.078,1302013.51,0
2024-03-17 03:00:00,2.078,2.093,2.064,2.092,882622.7,0
2024-03-17 04:00:00,2.092,2.092,2.059,2.064,902921.7,0
2024-03-17 05:00:00,2.064,2.074,2.033,2.046,982826.02,0
2024-03-17 06:00:00,2.047,2.056,1.961,1.962,2946965.11,0
2024-03-17 07:00:00,1.962,1.982,1.916,1.964,5066674.85,0
2024-03-17 08:00:00,1.963,2.046,1.96,2.028,3041861.91,0
2024-03-17 09:00:00,2.028,2.049,2.013,2.029,1576031.62,0
2024-03-17 10:00:00,2.03,2.065,2.029,2.056,1459391.78,0
2024-03-17 11:00:00,2.055,2.071,2.041,2.044,1314754.1,0
2024-03-17 12:00:00,2.043,2.062,1.99,2.004,1731301.28,0
2024-03-17 13:00:00,2.003,2.044,2.003,2.038,1511131.33,0
2024-03-17 14:00:00,2.038,2.062,2.016,2.061,2165286.4,0
2024-03-17 15:00:00,2.061,2.107,2.046,2.095,2536092.62,0
2024-03-17 16:00:00,2.094,2.146,2.076,2.088,3005682.21,0
2024-03-17 17:00:00,2.087,2.117,2.077,2.112,1211662.84,0
2024-03-17 18:00:00,2.112,2.115,2.084,2.1,929218.63,0
2024-03-17 19:00:00,2.101,2.117,2.089,2.115,699572.35,0
2024-03-17 20:00:00,2.115,2.118,2.094,2.097,699487.29,0
2024-03-17 21:00:00,2.097,2.112,2.095,2.108,577372.64,0
2024-03-17 22:00:00,2.108,2.144,2.107,2.114,1080568.73,0
2024-03-17 23:00:00,2.113,2.126,2.096,2.116,1003573.33,0
2024-03-18 00:00:00,2.116,2.121,2.05,2.052,1912542.18,0
2024-03-18 01:00:00,2.051,2.091,2.032,2.083,1481268.27,0
2024-03-18 02:00:00,2.083,2.101,2.065,2.075,972932.58,0
2024-03-18 03:00:00,2.075,2.095,2.074,2.081,839995.95,0
2024-03-18 04:00:00,2.081,2.093,2.053,2.083,1098680.35,0
2024-03-18 05:00:00,2.083,2.106,2.068,2.095,909851.52,0
2024-03-18 06:00:00,2.095,2.096,2.078,2.08,968276.64,0
2024-03-18 07:00:00,2.08,2.084,2.055,2.069,1125175.29,0
2024-03-18 08:00:00,2.069,2.07,2.013,2.045,2017654.24,0
2024-03-18 09:00:00,2.045,2.046,1.998,2.005,2610602.36,0
2024-03-18 10:00:00,2.005,2.032,1.991,2.028,1435358.04,0
2024-03-18 11:00:00,2.029,2.057,2.015,2.031,1358556.03,0
2024-03-18 12:00:00,2.032,2.043,2.013,2.035,1822111.52,0
2024-03-18 13:00:00,2.035,2.037,1.964,1.974,3094999.99,0
2024-03-18 14:00:00,1.974,1.984,1.924,1.936,4133019.02,0
2024-03-18 15:00:00,1.936,1.961,1.925,1.958,2834948.34,0
2024-03-18 16:00:00,1.959,1.993,1.933,1.951,1862889.04,0
2024-03-18 17:00:00,1.951,1.952,1.91,1.932,2818389.61,0
2024-03-18 18:00:00,1.932,1.949,1.913,1.915,1366211.33,0
2024-03-18 19:00:00,1.914,1.941,1.906,1.917,1180627.93,0
2024-03-18 20:00:00,1.918,1.944,1.918,1.93,706724.29,0
2024-03-18 21:00:00,1.93,1.967,1.927,1.941,794201.37,0
2024-03-18 22:00:00,1.94,1.945,1.916,1.932,849906.07,0
2024-03-18 23:00:00,1.933,1.959,1.93,1.935,655254.65,0
2024-03-19 00:00:00,1.936,1.97,1.896,1.902,1785729.85,0
2024-03-19 01:00:00,1.903,1.905,1.819,1.858,4160150.92,0
2024-03-19 02:00:00,1.857,1.897,1.85,1.864,2530710.66,0
2024-03-19 03:00:00,1.865,1.882,1.82,1.863,3093329.86,0
2024-03-19 04:00:00,1.862,1.879,1.826,1.829,2260240.77,0
2024-03-19 05:00:00,1.83,1.845,1.802,1.827,2693693.13,0
2024-03-19 06:00:00,1.828,1.849,1.8,1.819,2016904.66,0
2024-03-19 07:00:00,1.82,1.85,1.751,1.849,4276770.96,0
2024-03-19 08:00:00,1.849,1.849,1.765,1.775,3252446.65,0
2024-03-19 09:00:00,1.775,1.847,1.75,1.846,3522859.44,0
2024-03-19 10:00:00,1.846,1.846,1.793,1.82,2081935.74,0
2024-03-19 11:00:00,1.819,1.861,1.8,1.858,1908908.27,0
2024-03-19 12:00:00,1.859,1.893,1.839,1.875,3186601.17,0
2024-03-19 13:00:00,1.874,1.882,1.852,1.87,1624805.45,0
2024-03-19 14:00:00,1.87,2.062,1.834,1.969,10146138.66,0
2024-03-19 15:00:00,1.968,2.074,1.928,2.058,10662768.44,0
2024-03-19 16:00:00,2.058,2.082,2.011,2.021,3615743.15,0
2024-03-19 17:00:00,2.02,2.05,2.011,2.025,1692186.23,0
2024-03-19 18:00:00,2.024,2.026,1.992,2.021,801548.15,0
2024-03-19 19:00:00,2.022,2.05,2.015,2.039,932285.52,0
2024-03-19 20:00:00,2.039,2.046,1.994,2.002,1893629.35,0
2024-03-19 21:00:00,2.001,2.01,1.963,1.976,1129137.71,0
2024-03-19 22:00:00,1.976,1.98,1.9,1.912,1819939.14,0
2024-03-19 23:00:00,1.912,1.929,1.87,1.916,2306313.86,0
2024-03-20 00:00:00,1.916,1.966,1.909,1.963,2330549.12,0
2024-03-20 01:00:00,1.963,1.963,1.901,1.92,1234059.82,0
2024-03-20 02:00:00,1.921,1.971,1.912,1.971,1237501.56,0
2024-03-20 03:00:00,1.97,1.998,1.929,1.931,1786583.21,0
2024-03-20 04:00:00,1.932,1.952,1.891,1.915,2200486.98,0
2024-03-20 05:00:00,1.915,1.929,1.859,1.898,2384251.71,0
2024-03-20 06:00:00,1.897,1.942,1.896,1.921,1293638.88,0
2024-03-20 07:00:00,1.922,1.985,1.916,1.97,1808018.74,0
2024-03-20 08:00:00,1.97,1.993,1.947,1.948,1585107.95,0
2024-03-20 09:00:00,1.947,2.014,1.946,2.006,1813393.14,0
2024-03-20 10:00:00,2.007,2.02,1.981,2.015,1628229.03,0
2024-03-20 11:00:00,2.014,2.046,2.008,2.025,2147849.38,0
2024-03-20 12:00:00,2.025,2.084,2.021,2.058,4011532.15,0
2024-03-20 13:00:00,2.057,2.058,2.024,2.036,2115259.74,0
2024-03-20 14:00:00,2.036,2.062,2.018,2.055,1736827.2,0
2024-03-20 15:00:00,2.056,2.073,1.995,2.01,2919821.07,0
2024-03-20 16:00:00,2.009,2.019,1.929,1.988,4035582.98,0
2024-03-20 17:00:00,1.989,2.052,1.973,2.033,2741676.06,0
2024-03-20 18:00:00,2.033,2.103,2.033,2.096,2525199.79,0
2024-03-20 19:00:00,2.097,2.11,2.076,2.093,1617605.78,0
2024-03-20 20:00:00,2.092,2.147,2.086,2.119,2099957.25,0
2024-03-20 21:00:00,2.12,2.149,2.113,2.146,1085274.73,0
2024-03-20 22:00:00,2.146,2.153,2.13,2.147,1259084.17,0
2024-03-20 23:00:00,2.146,2.153,2.13,2.137,1358307.87,0
2024-03-21 00:00:00,2.136,2.16,2.111,2.14,1520676.75,0
2024-03-21 01:00:00,2.139,2.165,2.135,2.149,1315955.18,0
2024-03-21 02:00:00,2.149,2.166,2.136,2.155,1126597.84,0
2024-03-21 03:00:00,2.155,2.176,2.118,2.124,1725070.92,0
2024-03-21 04:00:00,2.124,2.138,2.093,2.104,1406234.39,0
2024-03-21 05:00:00,2.104,2.123,2.052,2.115,2082680.71,0
2024-03-21 06:00:00,2.114,2.136,2.107,2.127,1330794.08,0
2024-03-21 07:00:00,2.127,2.149,2.12,2.131,1401510.88,0
2024-03-21 08:00:00,2.132,2.181,2.131,2.162,1309364.44,0
2024-03-21 09:00:00,2.162,2.183,2.141,2.148,1878114.14,0
2024-03-21 10:00:00,2.148,2.161,2.132,2.157,1009545.45,0
2024-03-21 11:00:00,2.157,2.167,2.136,2.142,848779.27,0
2024-03-21 12:00:00,2.142,2.166,2.133,2.145,749500.13,0
2024-03-21 13:00:00,2.145,2.156,2.126,2.127,1194806.18,0
2024-03-21 14:00:00,2.127,2.149,2.122,2.137,1112956.01,0
2024-03-21 15:00:00,2.138,2.146,2.1,2.111,1743825.44,0
2024-03-21 16:00:00,2.112,2.146,2.1,2.13,1419377.76,0
2024-03-21 17:00:00,2.13,2.142,2.084,2.092,1335540.65,0
2024-03-21 18:00:00,2.092,2.1,2.05,2.06,1375160.64,0
2024-03-21 19:00:00,2.061,2.093,2.057,2.08,758840.53,0
2024-03-21 20:00:00,2.078,2.11,2.053,2.09,987718.95,0
2024-03-21 21:00:00,2.09,2.102,2.072,2.098,429101.31,0
2024-03-21 22:00:00,2.098,2.114,2.075,2.077,673335.21,0
2024-03-21 23:00:00,2.076,2.093,2.072,2.089,407367.17,0
2024-03-22 00:00:00,2.088,2.107,2.06,2.075,1144278.96,0
2024-03-22 01:00:00,2.075,2.089,2.055,2.056,954964.94,0
2024-03-22 02:00:00,2.056,2.093,2.05,2.088,773751.81,0
2024-03-22 03:00:00,2.088,2.133,2.088,2.122,1549824.04,0
2024-03-22 04:00:00,2.121,2.137,2.108,2.127,954719.61,0
2024-03-22 05:00:00,2.127,2.164,2.121,2.16,1627548.5,0
2024-03-22 06:00:00,2.16,2.161,2.141,2.158,1211480.59,0
2024-03-22 07:00:00,2.159,2.169,2.135,2.145,974716.01,0
2024-03-22 08:00:00,2.145,2.164,2.109,2.117,1678462.96,0
2024-03-22 09:00:00,2.117,2.132,2.11,2.114,1055582.35,0
2024-03-22 10:00:00,2.115,2.119,2.044,2.058,2458411.24,0
2024-03-22 11:00:00,2.058,2.072,2.03,2.035,1909638.24,0
2024-03-22 12:00:00,2.034,2.065,2.022,2.048,1373738.74,0
2024-03-22 13:00:00,2.048,2.055,1.989,1.998,2174881.73,0
2024-03-22 14:00:00,1.997,2.017,1.973,1.986,2083898.98,0
2024-03-22 15:00:00,1.985,2.063,1.981,2.035,2086521.56,0
2024-03-22 16:00:00,2.035,2.035,1.998,2.016,976269.48,0
2024-03-22 17:00:00,2.016,2.041,2.016,2.033,488933.15,0
2024-03-22 18:00:00,2.032,2.043,2.016,2.028,470062.8,0
2024-03-22 19:00:00,2.027,2.042,2.014,2.032,345975.6,0
2024-03-22 20:00:00,2.032,2.034,2.011,2.017,365173.91,0
2024-03-22 21:00:00,2.016,2.018,1.983,2.001,613955.37,0
2024-03-22 22:00:00,2.002,2.011,1.98,2.003,494836.32,0
2024-03-22 23:00:00,2.003,2.036,2.0,2.036,432035.89,0
2024-03-23 00:00:00,2.035,2.036,2.016,2.017,493158.84,0
2024-03-23 01:00:00,2.017,2.062,2.017,2.057,856841.04,0
2024-03-23 02:00:00,2.058,2.065,2.031,2.043,518472.18,0
2024-03-23 03:00:00,2.042,2.043,1.998,2.017,717436.28,0
2024-03-23 04:00:00,2.016,2.04,2.014,2.028,419848.2,0
2024-03-23 05:00:00,2.028,2.032,2.015,2.023,777466.71,0
2024-03-23 06:00:00,2.023,2.039,2.015,2.028,477022.45,0
2024-03-23 07:00:00,2.028,2.052,2.027,2.041,846780.3,0
2024-03-23 08:00:00,2.041,2.051,2.029,2.043,546160.1,0
2024-03-23 09:00:00,2.043,2.044,2.025,2.042,508718.19,0
2024-03-23 10:00:00,2.043,2.06,2.039,2.044,565779.42,0
2024-03-23 11:00:00,2.044,2.054,2.04,2.047,393257.79,0
2024-03-23 12:00:00,2.047,2.068,2.039,2.057,876052.57,0
2024-03-23 13:00:00,2.056,2.068,2.049,2.067,606530.33,0
2024-03-23 14:00:00,2.066,2.102,2.056,2.094,988400.2,0
2024-03-23 15:00:00,2.095,2.11,2.07,2.099,2188546.29,0
2024-03-23 16:00:00,2.1,2.114,2.082,2.102,1054904.2,0
2024-03-23 17:00:00,2.102,2.108,2.091,2.098,379647.83,0
2024-03-23 18:00:00,2.097,2.114,2.093,2.11,412277.99,0
2024-03-23 19:00:00,2.112,2.116,2.092,2.102,478575.43,0
2024-03-23 20:00:00,2.102,2.108,2.09,2.093,250668.23,0
2024-03-23 21:00:00,2.095,2.095,2.082,2.088,346198.63,0
2024-03-23 22:00:00,2.087,2.119,2.087,2.101,663741.3,0
2024-03-23 23:00:00,2.101,2.102,2.066,2.07,518212.76,0
2024-03-24 00:00:00,2.069,2.098,2.069,2.097,380607.73,0
2024-03-24 01:00:00,2.097,2.099,2.077,2.084,459245.92,0
2024-03-24 02:00:00,2.083,2.086,2.066,2.071,483943.95,0
2024-03-24 03:00:00,2.073,2.073,2.04,2.042,836426.56,0
2024-03-24 04:00:00,2.041,2.061,2.034,2.059,1085719.8,0
2024-03-24 05:00:00,2.059,2.075,2.057,2.067,430066.57,0
2024-03-24 06:00:00,2.067,2.067,2.044,2.049,473416.78,0
2024-03-24 07:00:00,2.049,2.065,2.043,2.065,365509.67,0
2024-03-24 08:00:00,2.064,2.095,2.058,2.093,606654.28,0
2024-03-24 09:00:00,2.094,2.094,2.07,2.088,609874.83,0
2024-03-24 10:00:00,2.088,2.149,2.087,2.136,2721303.63,0
2024-03-24 11:00:00,2.136,2.145,2.113,2.141,805942.19,0
2024-03-24 12:00:00,2.141,2.166,2.132,2.158,1736259.78,0
2024-03-24 13:00:00,2.158,2.163,2.126,2.13,1262817.98,0
2024-03-24 14:00:00,2.131,2.153,2.13,2.14,700008.99,0
2024-03-24 15:00:00,2.14,2.151,2.129,2.148,550416.02,0
2024-03-24 16:00:00,2.149,2.154,2.125,2.133,936187.57,0
2024-03-24 17:00:00,2.134,2.142,2.099,2.139,1673579.24,0
2024-03-24 18:00:00,2.139,2.157,2.135,2.15,676114.81,0
2024-03-24 19:00:00,2.15,2.17,2.144,2.164,525019.97,0
2024-03-24 20:00:00,2.163,2.185,2.152,2.181,892103.44,0
2024-03-24 21:00:00,2.182,2.187,2.171,2.178,384180.59,0
2024-03-24 22:00:00,2.178,2.19,2.172,2.187,625859.39,0
2024-03-24 23:00:00,2.188,2.194,2.175,2.188,798875.07,0
2024-03-25 00:00:00,2.188,2.192,2.164,2.169,691306.85,0
2024-03-25 01:00:00,2.169,2.199,2.167,2.175,645849.88,0
2024-03-25 02:00:00,2.175,2.189,2.168,2.18,864932.34,0
2024-03-25 03:00:00,2.179,2.192,2.173,2.189,507892.33,0
2024-03-25 04:00:00,2.189,2.219,2.182,2.213,1383405.28,0
2024-03-25 05:00:00,2.214,2.222,2.196,2.212,942863.95,0
2024-03-25 06:00:00,2.213,2.22,2.18,2.195,863597.53,0
2024-03-25 07:00:00,2.194,2.202,2.158,2.16,957959.6,0
2024-03-25 08:00:00,2.16,2.186,2.159,2.176,812124.48,0
2024-03-25 09:00:00,2.175,2.181,2.156,2.175,1119922.88,0
2024-03-25 10:00:00,2.176,2.193,2.159,2.171,1210541.96,0
2024-03-25 11:00:00,2.171,2.172,2.138,2.144,1375069.18,0
2024-03-25 12:00:00,2.143,2.167,2.142,2.146,1202510.7,0
2024-03-25 13:00:00,2.146,2.171,2.13,2.171,1156756.68,0
2024-03-25 14:00:00,2.17,2.265,2.157,2.233,4748281.59,0
2024-03-25 15:00:00,2.233,2.283,2.228,2.263,3486939.7,0
2024-03-25 16:00:00,2.262,2.306,2.249,2.301,1869751.14,0
2024-03-25 17:00:00,2.302,2.33,2.3,2.308,1750776.63,0
2024-03-25 18:00:00,2.309,2.316,2.295,2.312,839264.36,0
2024-03-25 19:00:00,2.311,2.315,2.283,2.308,1080822.86,0
2024-03-25 20:00:00,2.308,2.324,2.304,2.313,976596.51,0
2024-03-25 21:00:00,2.312,2.315,2.267,2.28,809889.91,0
2024-03-25 22:00:00,2.28,2.303,2.279,2.292,458736.81,0
2024-03-25 23:00:00,2.293,2.295,2.259,2.281,573660.2,0
2024-03-26 00:00:00,2.281,2.314,2.277,2.3,999878.47,0
2024-03-26 01:00:00,2.3,2.329,2.293,2.323,785716.67,0
2024-03-26 02:00:00,2.322,2.35,2.308,2.344,848650.25,0
2024-03-26 03:00:00,2.345,2.36,2.329,2.351,845119.04,0
2024-03-26 04:00:00,2.35,2.361,2.334,2.348,732612.0,0
2024-03-26 05:00:00,2.349,2.369,2.33,2.365,1256237.02,0
2024-03-26 06:00:00,2.365,2.397,2.363,2.394,1811246.94,0
2024-03-26 07:00:00,2.394,2.396,2.346,2.35,1672634.03,0
2024-03-26 08:00:00,2.349,2.376,2.332,2.376,2109608.73,0
2024-03-26 09:00:00,2.376,2.386,2.364,2.369,961956.62,0
2024-03-26 10:00:00,2.369,2.372,2.345,2.348,855112.12,0
2024-03-26 11:00:00,2.348,2.351,2.32,2.323,1073690.41,0
2024-03-26 12:00:00,2.323,2.338,2.305,2.325,1211445.11,0
2024-03-26 13:00:00,2.324,2.33,2.274,2.283,1752445.89,0
2024-03-26 14:00:00,2.282,2.292,2.222,2.273,2322839.64,0
2024-03-26 15:00:00,2.274,2.278,2.237,2.277,1299226.73,0
2024-03-26 16:00:00,2.276,2.29,2.214,2.228,2442668.6,0
2024-03-26 17:00:00,2.228,2.26,2.22,2.251,1110036.73,0
2024-03-26 18:00:00,2.251,2.276,2.25,2.256,636827.31,0
2024-03-26 19:00:00,2.257,2.263,2.241,2.248,483410.38,0
2024-03-26 20:00:00,2.249,2.281,2.249,2.277,655990.93,0
2024-03-26 21:00:00,2.279,2.301,2.274,2.292,539329.81,0
2024-03-26 22:00:00,2.292,2.317,2.262,2.312,844905.85,0
2024-03-26 23:00:00,2.313,2.323,2.301,2.306,584851.14,0
2024-03-27 00:00:00,2.306,2.353,2.295,2.352,1038921.16,0
2024-03-27 01:00:00,2.351,2.356,2.318,2.33,915350.72,0
2024-03-27 02:00:00,2.331,2.335,2.316,2.334,594526.56,0
2024-03-27 03:00:00,2.334,2.404,2.322,2.366,3357931.71,0
2024-03-27 04:00:00,2.366,2.394,2.33,2.34,1446219.78,0
2024-03-27 05:00:00,2.34,2.352,2.316,2.326,1201522.0,0
2024-03-27 06:00:00,2.325,2.327,2.295,2.306,859950.65,0
2024-03-27 07:00:00,2.306,2.313,2.256,2.264,1954022.65,0
2024-03-27 08:00:00,2.265,2.294,2.238,2.244,1366910.65,0
2024-03-27 09:00:00,2.245,2.285,2.223,2.281,1358037.54,0
2024-03-27 10:00:00,2.281,2.291,2.263,2.275,1278611.72,0
2024-03-27 11:00:00,2.275,2.281,2.249,2.262,1322965.78,0
2024-03-27 12:00:00,2.262,2.28,2.25,2.274,1026795.16,0
2024-03-27 13:00:00,2.274,2.341,2.256,2.269,3695894.33,0
2024-03-27 14:00:00,2.269,2.277,2.196,2.266,3875244.85,0
2024-03-27 15:00:00,2.266,2.268,2.209,2.211,1899233.71,0
2024-03-27 16:00:00,2.212,2.24,2.2,2.23,1253966.09,0
2024-03-27 17:00:00,2.229,2.248,2.223,2.23,642663.1,0
2024-03-27 18:00:00,2.23,2.233,2.192,2.193,736696.28,0
2024-03-27 19:00:00,2.194,2.223,2.194,2.218,459229.9,0
2024-03-27 20:00:00,2.219,2.236,2.215,2.22,330045.46,0
2024-03-27 21:00:00,2.221,2.242,2.22,2.224,637431.76,0
2024-03-27 22:00:00,2.224,2.245,2.223,2.243,291396.71,0
2024-03-27 23:00:00,2.243,2.252,2.224,2.236,929194.44,0
2024-03-28 00:00:00,2.235,2.288,2.23,2.265,1622140.19,0
2024-03-28 01:00:00,2.265,2.276,2.239,2.253,807344.58,0
2024-03-28 02:00:00,2.252,2.271,2.221,2.233,962958.16,0
2024-03-28 03:00:00,2.234,2.252,2.207,2.248,1538530.48,0
2024-03-28 04:00:00,2.248,2.278,2.247,2.276,986606.64,0
2024-03-28 05:00:00,2.276,2.317,2.274,2.301,1359586.54,0
2024-03-28 06:00:00,2.301,2.347,2.293,2.32,1564152.22,0
2024-03-28 07:00:00,2.32,2.324,2.3,2.307,867145.67,0
2024-03-28 08:00:00,2.307,2.366,2.3,2.346,2613158.96,0
2024-03-28 09:00:00,2.346,2.369,2.322,2.334,1389911.82,0
2024-03-28 10:00:00,2.335,2.337,2.308,2.312,1268624.54,0
2024-03-28 11:00:00,2.313,2.337,2.288,2.295,1216766.16,0
2024-03-28 12:00:00,2.296,2.307,2.261,2.283,1359181.39,0
2024-03-28 13:00:00,2.284,2.317,2.255,2.3,1885381.56,0
2024-03-28 14:00:00,2.3,2.309,2.274,2.291,1287557.06,0
2024-03-28 15:00:00,2.292,2.3,2.269,2.296,1238471.59,0
2024-03-28 16:00:00,2.296,2.298,2.275,2.285,597895.16,0
2024-03-28 17:00:00,2.285,2.29,2.272,2.278,682553.9,0
2024-03-28 18:00:00,2.278,2.292,2.276,2.286,378452.45,0
2024-03-28 19:00:00,2.287,2.291,2.278,2.279,362931.38,0
2024-03-28 20:00:00,2.279,2.285,2.27,2.27,230092.56,0
2024-03-28 21:00:00,2.27,2.28,2.26,2.261,466202.71,0
2024-03-28 22:00:00,2.262,2.28,2.251,2.279,421151.65,0
2024-03-28 23:00:00,2.279,2.289,2.272,2.277,493061.01,0
2024-03-29 00:00:00,2.278,2.278,2.26,2.269,473108.52,0
2024-03-29 01:00:00,2.27,2.284,2.262,2.265,450108.94,0
2024-03-29 02:00:00,2.265,2.265,2.235,2.244,1034066.35,0
2024-03-29 03:00:00,2.244,2.248,2.211,2.224,1193386.34,0
2024-03-29 04:00:00,2.224,2.24,2.219,2.225,825333.67,0
2024-03-29 05:00:00,2.225,2.237,2.198,2.205,1917345.98,0
2024-03-29 06:00:00,2.205,2.219,2.195,2.214,1041933.62,0
2024-03-29 07:00:00,2.213,2.213,2.161,2.167,2251017.24,0
2024-03-29 08:00:00,2.168,2.191,2.166,2.181,1119928.0,0
2024-03-29 09:00:00,2.182,2.19,2.164,2.169,676011.67,0
2024-03-29 10:00:00,2.169,2.194,2.159,2.189,1016566.66,0
2024-03-29 11:00:00,2.189,2.201,2.185,2.194,721492.6,0
2024-03-29 12:00:00,2.193,2.205,2.183,2.205,935029.71,0
2024-03-29 13:00:00,2.204,2.212,2.188,2.207,652297.62,0
2024-03-29 14:00:00,2.207,2.213,2.19,2.192,650915.11,0
2024-03-29 15:00:00,2.192,2.2,2.145,2.163,1657182.91,0
2024-03-29 16:00:00,2.163,2.183,2.154,2.156,867988.07,0
2024-03-29 17:00:00,2.156,2.175,2.154,2.165,471745.32,0
2024-03-29 18:00:00,2.165,2.173,2.153,2.173,424557.15,0
2024-03-29 19:00:00,2.173,2.179,2.165,2.178,384304.29,0
2024-03-29 20:00:00,2.179,2.18,2.166,2.179,423531.03,0
2024-03-29 21:00:00,2.178,2.18,2.15,2.158,348382.3,0
2024-03-29 22:00:00,2.158,2.182,2.157,2.182,300976.46,0
2024-03-29 23:00:00,2.181,2.186,2.176,2.181,354856.17,0
2024-03-30 00:00:00,2.181,2.186,2.167,2.184,497426.56,0
2024-03-30 01:00:00,2.184,2.193,2.176,2.183,581321.98,0
2024-03-30 02:00:00,2.183,2.189,2.177,2.186,337054.84,0
2024-03-30 03:00:00,2.187,2.192,2.167,2.17,629906.9,0
2024-03-30 04:00:00,2.171,2.191,2.167,2.19,377389.27,0
2024-03-30 05:00:00,2.19,2.201,2.182,2.189,1040344.01,0
2024-03-30 06:00:00,2.19,2.191,2.166,2.175,798412.92,0
2024-03-30 07:00:00,2.175,2.183,2.163,2.164,476079.31,0
2024-03-30 08:00:00,2.164,2.181,2.1,2.138,4074507.57,0
2024-03-30 09:00:00,2.138,2.157,2.133,2.151,703667.21,0
2024-03-30 10:00:00,2.152,2.159,2.142,2.159,554764.78,0
2024-03-30 11:00:00,2.158,2.183,2.152,2.183,622466.48,0
2024-03-30 12:00:00,2.183,2.185,2.163,2.168,788418.29,0
2024-03-30 13:00:00,2.169,2.17,2.151,2.165,472551.66,0
2024-03-30 14:00:00,2.165,2.167,2.146,2.153,641308.23,0
2024-03-30 15:00:00,2.154,2.16,2.146,2.152,539099.0,0
2024-03-30 16:00:00,2.152,2.165,2.144,2.164,639293.75,0
2024-03-30 17:00:00,2.163,2.174,2.146,2.168,905176.42,0
2024-03-30 18:00:00,2.168,2.179,2.156,2.168,379116.84,0
2024-03-30 19:00:00,2.168,2.168,2.141,2.165,307913.75,0
2024-03-30 20:00:00,2.164,2.167,2.151,2.151,301958.49,0
2024-03-30 21:00:00,2.152,2.154,2.117,2.133,467747.22,0
2024-03-30 22:00:00,2.133,2.142,2.123,2.128,518505.56,0
2024-03-30 23:00:00,2.128,2.139,2.116,2.135,366603.15,0
2024-03-31 00:00:00,2.135,2.145,2.121,2.139,301705.03,0
2024-03-31 01:00:00,2.139,2.147,2.126,2.132,651814.66,0
2024-03-31 02:00:00,2.132,2.141,2.128,2.138,355309.05,0
2024-03-31 03:00:00,2.138,2.14,2.123,2.132,366854.26,0
2024-03-31 04:00:00,2.132,2.141,2.125,2.133,442555.91,0
2024-03-31 05:00:00,2.133,2.179,2.13,2.172,1090318.22,0
2024-03-31 06:00:00,2.173,2.191,2.164,2.172,1101011.65,0
2024-03-31 07:00:00,2.173,2.19,2.166,2.17,1059738.97,0
2024-03-31 08:00:00,2.17,2.19,2.168,2.17,601435.1,0
2024-03-31 09:00:00,2.171,2.172,2.156,2.157,630226.65,0
2024-03-31 10:00:00,2.157,2.173,2.152,2.164,881057.45,0
2024-03-31 11:00:00,2.163,2.172,2.161,2.171,225116.17,0
2024-03-31 12:00:00,2.17,2.184,2.167,2.175,546189.63,0
2024-03-31 13:00:00,2.175,2.179,2.161,2.163,378015.24,0
2024-03-31 14:00:00,2.163,2.169,2.156,2.159,431853.12,0
2024-03-31 15:00:00,2.159,2.159,2.149,2.152,523052.15,0
2024-03-31 16:00:00,2.152,2.168,2.151,2.165,298998.8,0
2024-03-31 17:00:00,2.165,2.169,2.159,2.161,318882.88,0
2024-03-31 18:00:00,2.161,2.179,2.155,2.172,349800.7,0
2024-03-31 19:00:00,2.171,2.183,2.157,2.18,372689.8,0
2024-03-31 20:00:00,2.181,2.187,2.169,2.172,277344.5,0
2024-03-31 21:00:00,2.173,2.176,2.16,2.164,276818.69,0
2024-03-31 22:00:00,2.165,2.172,2.161,2.166,284535.12,0
2024-03-31 23:00:00,2.166,2.185,2.161,2.179,481701.21,0
2024-04-01 00:00:00,2.179,2.184,2.16,2.172,743558.52,0
2024-04-01 01:00:00,2.172,2.173,2.152,2.16,680929.11,0
2024-04-01 02:00:00,2.159,2.16,2.145,2.159,529437.3,0
2024-04-01 03:00:00,2.158,2.164,2.144,2.144,652794.05,0
2024-04-01 04:00:00,2.143,2.148,2.124,2.125,1428593.85,0
2024-04-01 05:00:00,2.125,2.132,2.003,2.045,4569872.17,0
2024-04-01 06:00:00,2.044,2.084,2.04,2.063,1895752.79,0
2024-04-01 07:00:00,2.063,2.084,2.062,2.073,862098.43,0
2024-04-01 08:00:00,2.073,2.074,2.038,2.049,1477220.13,0
2024-04-01 09:00:00,2.05,2.063,2.042,2.044,844300.52,0
2024-04-01 10:00:00,2.043,2.049,2.033,2.044,917856.72,0
2024-04-01 11:00:00,2.044,2.052,2.034,2.035,707257.08,0
2024-04-01 12:00:00,2.035,2.068,2.031,2.067,604311.89,0
2024-04-01 13:00:00,2.067,2.078,2.051,2.066,761554.4,0
2024-04-01 14:00:00,2.067,2.073,2.009,2.014,1620323.05,0
2024-04-01 15:00:00,2.014,2.023,1.976,1.983,4391005.87,0
2024-04-01 16:00:00,1.982,2.008,1.978,2.001,1130174.93,0
2024-04-01 17:00:00,2.0,2.006,1.978,2.003,732233.37,0
2024-04-01 18:00:00,2.003,2.006,1.971,2.006,716745.98,0
2024-04-01 19:00:00,2.005,2.02,2.0,2.017,819594.44,0
2024-04-01 20:00:00,2.017,2.031,2.012,2.029,281225.82,0
2024-04-01 21:00:00,2.029,2.033,2.017,2.023,357906.24,0
2024-04-01 22:00:00,2.024,2.047,2.022,2.04,467052.42,0
2024-04-01 23:00:00,2.04,2.048,2.035,2.04,447020.52,0
2024-04-02 00:00:00,2.04,2.046,2.007,2.013,857832.76,0
2024-04-02 01:00:00,2.013,2.035,2.006,2.027,454444.38,0
2024-04-02 02:00:00,2.027,2.027,1.901,1.952,4474980.59,0
2024-04-02 03:00:00,1.952,1.965,1.925,1.938,2223560.17,0
2024-04-02 04:00:00,1.938,1.953,1.929,1.94,955225.86,0
2024-04-02 05:00:00,1.94,1.95,1.92,1.947,1227062.85,0
2024-04-02 06:00:00,1.947,1.965,1.941,1.96,714742.24,0
2024-04-02 07:00:00,1.96,1.961,1.935,1.936,522004.9,0
2024-04-02 08:00:00,1.936,1.943,1.897,1.899,1679781.32,0
2024-04-02 09:00:00,1.9,1.925,1.884,1.909,1738512.81,0
2024-04-02 10:00:00,1.909,1.917,1.893,1.913,1211848.67,0
2024-04-02 11:00:00,1.913,1.923,1.879,1.923,1452172.1,0
2024-04-02 12:00:00,1.922,1.935,1.909,1.918,702899.13,0
2024-04-02 13:00:00,1.917,1.93,1.876,1.924,2370930.85,0
2024-04-02 14:00:00,1.924,1.948,1.909,1.933,1436897.09,0
2024-04-02 15:00:00,1.933,1.95,1.899,1.902,1132763.88,0
2024-04-02 16:00:00,1.903,1.928,1.885,1.921,1524910.11,0
2024-04-02 17:00:00,1.922,1.928,1.91,1.924,588060.23,0
2024-04-02 18:00:00,1.924,1.934,1.91,1.932,543454.69,0
2024-04-02 19:00:00,1.932,1.939,1.924,1.927,428536.0,0
2024-04-02 20:00:00,1.926,1.94,1.92,1.933,792124.31,0
2024-04-02 21:00:00,1.932,1.937,1.906,1.922,545627.72,0
2024-04-02 22:00:00,1.922,1.934,1.914,1.932,325753.7,0
2024-04-02 23:00:00,1.932,1.933,1.905,1.917,679532.41,0
2024-04-03 00:00:00,1.917,1.92,1.85,1.899,1784054.55,0
2024-04-03 01:00:00,1.899,1.936,1.879,1.93,1128233.28,0
2024-04-03 02:00:00,1.93,1.947,1.923,1.934,768358.3,0
2024-04-03 03:00:00,1.934,1.949,1.92,1.945,685988.09,0
2024-04-03 04:00:00,1.945,1.955,1.934,1.952,785500.45,0
2024-04-03 05:00:00,1.952,1.955,1.923,1.936,502963.14,0
2024-04-03 06:00:00,1.936,1.953,1.932,1.951,490899.33,0
2024-04-03 07:00:00,1.951,1.97,1.946,1.951,715759.36,0
2024-04-03 08:00:00,1.95,1.967,1.931,1.961,788635.17,0
2024-04-03 09:00:00,1.961,1.965,1.945,1.95,896342.11,0
2024-04-03 10:00:00,1.95,1.95,1.92,1.932,724534.73,0
2024-04-03 11:00:00,1.931,1.933,1.908,1.919,1272130.52,0
2024-04-03 12:00:00,1.92,1.926,1.907,1.919,1002696.95,0
2024-04-03 13:00:00,1.918,1.922,1.898,1.915,1322440.25,0
2024-04-03 14:00:00,1.916,1.945,1.916,1.941,1169647.17,0
2024-04-03 15:00:00,1.942,1.942,1.903,1.915,998597.95,0
2024-04-03 16:00:00,1.915,1.937,1.909,1.914,1002070.47,0
2024-04-03 17:00:00,1.913,1.927,1.891,1.898,710703.9,0
2024-04-03 18:00:00,1.898,1.914,1.885,1.909,410961.15,0
2024-04-03 19:00:00,1.909,1.911,1.89,1.897,293735.75,0
2024-04-03 20:00:00,1.897,1.898,1.86,1.873,1649739.88,0
2024-04-03 21:00:00,1.872,1.899,1.857,1.895,587095.14,0
2024-04-03 22:00:00,1.896,1.905,1.893,1.903,354758.8,0
2024-04-03 23:00:00,1.902,1.907,1.891,1.894,313811.01,0
2024-04-04 00:00:00,1.893,1.911,1.883,1.911,549114.86,0
2024-04-04 01:00:00,1.91,1.918,1.893,1.899,637853.55,0
2024-04-04 02:00:00,1.899,1.899,1.862,1.877,743355.41,0
2024-04-04 03:00:00,1.876,1.881,1.859,1.861,799284.74,0
2024-04-04 04:00:00,1.862,1.872,1.841,1.869,1034548.84,0
2024-04-04 05:00:00,1.87,1.879,1.865,1.874,496119.69,0
2024-04-04 06:00:00,1.874,1.894,1.872,1.891,477110.02,0
2024-04-04 07:00:00,1.891,1.9,1.886,1.888,759207.08,0
2024-04-04 08:00:00,1.889,1.903,1.882,1.895,499198.66,0
2024-04-04 09:00:00,1.895,1.908,1.894,1.903,525110.74,0
2024-04-04 10:00:00,1.903,1.906,1.892,1.894,535084.85,0
2024-04-04 11:00:00,1.894,1.903,1.884,1.901,674331.06,0
2024-04-04 12:00:00,1.901,1.938,1.899,1.933,1924570.18,0
2024-04-04 13:00:00,1.933,1.953,1.927,1.936,1088250.82,0
2024-04-04 14:00:00,1.936,1.971,1.926,1.958,1247017.05,0
2024-04-04 15:00:00,1.958,1.959,1.942,1.95,583528.32,0
2024-04-04 16:00:00,1.95,1.973,1.946,1.965,1204248.71,0
2024-04-04 17:00:00,1.965,1.98,1.946,1.979,1251485.9,0
2024-04-04 18:00:00,1.979,1.986,1.951,1.951,876651.66,0
2024-04-04 19:00:00,1.952,1.958,1.94,1.941,712430.04,0
2024-04-04 20:00:00,1.941,1.944,1.9,1.925,1210902.37,0
2024-04-04 21:00:00,1.925,1.932,1.907,1.915,356430.25,0
2024-04-04 22:00:00,1.916,1.919,1.903,1.911,344771.97,0
2024-04-04 23:00:00,1.911,1.924,1.909,1.923,208966.81,0
2024-04-05 00:00:00,1.923,1.927,1.912,1.927,393617.77,0
2024-04-05 01:00:00,1.926,1.928,1.898,1.908,468460.88,0
2024-04-05 02:00:00,1.907,1.907,1.86,1.875,1254306.48,0
2024-04-05 03:00:00,1.875,1.905,1.873,1.904,451809.26,0
2024-04-05 04:00:00,1.903,1.903,1.874,1.881,484496.11,0
2024-04-05 05:00:00,1.881,1.885,1.84,1.87,1663113.63,0
2024-04-05 06:00:00,1.871,1.89,1.859,1.866,655356.76,0
2024-04-05 07:00:00,1.865,1.866,1.852,1.857,697989.88,0
2024-04-05 08:00:00,1.857,1.88,1.853,1.863,491623.9,0
2024-04-05 09:00:00,1.862,1.862,1.835,1.848,1069762.1,0
2024-04-05 10:00:00,1.848,1.853,1.823,1.845,817000.95,0
2024-04-05 11:00:00,1.844,1.853,1.813,1.817,997110.5,0
2024-04-05 12:00:00,1.817,1.857,1.802,1.857,2694943.47,0
2024-04-05 13:00:00,1.856,1.875,1.84,1.87,1315030.45,0
2024-04-05 14:00:00,1.87,1.893,1.86,1.891,1091042.77,0
2024-04-05 15:00:00,1.89,1.902,1.875,1.902,662055.48,0
2024-04-05 16:00:00,1.901,1.911,1.89,1.905,775542.09,0
2024-04-05 17:00:00,1.905,1.909,1.888,1.891,332486.84,0
2024-04-05 18:00:00,1.892,1.906,1.885,1.906,326844.54,0
2024-04-05 19:00:00,1.907,1.918,1.901,1.901,263467.94,0
2024-04-05 20:00:00,1.901,1.915,1.901,1.907,176011.12,0
2024-04-05 21:00:00,1.907,1.909,1.892,1.893,149938.76,0
2024-04-05 22:00:00,1.894,1.899,1.888,1.889,173208.62,0
2024-04-05 23:00:00,1.889,1.897,1.885,1.886,200670.17,0
2024-04-06 00:00:00,1.886,1.906,1.878,1.897,381983.36,0
2024-04-06 01:00:00,1.897,1.909,1.892,1.894,326047.86,0
2024-04-06 02:00:00,1.895,1.9,1.883,1.896,204478.0,0
2024-04-06 03:00:00,1.896,1.913,1.896,1.904,273315.2,0
2024-04-06 04:00:00,1.905,1.907,1.896,1.9,220894.68,0
2024-04-06 05:00:00,1.9,1.917,1.898,1.911,279257.77,0
2024-04-06 06:00:00,1.912,1.922,1.909,1.921,329213.66,0
2024-04-06 07:00:00,1.92,1.92,1.9,1.906,345824.79,0
2024-04-06 08:00:00,1.906,1.92,1.905,1.919,444919.6,0
2024-04-06 09:00:00,1.919,1.925,1.905,1.908,397600.32,0
2024-04-06 10:00:00,1.908,1.913,1.901,1.909,366591.63,0
2024-04-06 11:00:00,1.909,1.914,1.901,1.906,243990.72,0
2024-04-06 12:00:00,1.907,1.912,1.897,1.907,362085.23,0
2024-04-06 13:00:00,1.906,1.909,1.896,1.899,211517.02,0
2024-04-06 14:00:00,1.899,1.923,1.898,1.922,345990.19,0
2024-04-06 15:00:00,1.922,1.936,1.914,1.919,653756.48,0
2024-04-06 16:00:00,1.918,1.921,1.907,1.914,302303.17,0
2024-04-06 17:00:00,1.914,1.917,1.907,1.909,271035.09,0
2024-04-06 18:00:00,1.908,1.91,1.903,1.907,143569.96,0
2024-04-06 19:00:00,1.906,1.91,1.904,1.908,130558.24,0
2024-04-06 20:00:00,1.907,1.924,1.905,1.923,179515.23,0
2024-04-06 21:00:00,1.923,1.929,1.908,1.91,155270.9,0
2024-04-06 22:00:00,1.91,1.943,1.908,1.94,381009.51,0
2024-04-06 23:00:00,1.941,1.955,1.929,1.931,933692.17,0
2024-04-07 00:00:00,1.931,1.943,1.924,1.933,500516.31,0
2024-04-07 01:00:00,1.933,1.949,1.933,1.941,614599.06,0
2024-04-07 02:00:00,1.941,1.959,1.939,1.954,589028.11,0
2024-04-07 03:00:00,1.954,1.957,1.946,1.951,419603.44,0
2024-04-07 04:00:00,1.95,1.954,1.934,1.943,334751.04,0
2024-04-07 05:00:00,1.943,1.953,1.942,1.95,259862.44,0
2024-04-07 06:00:00,1.951,1.953,1.936,1.938,543473.17,0
2024-04-07 07:00:00,1.938,1.944,1.934,1.941,326022.21,0
2024-04-07 08:00:00,1.941,1.952,1.937,1.949,368212.8,0
2024-04-07 09:00:00,1.95,1.95,1.934,1.937,263722.83,0
2024-04-07 10:00:00,1.937,1.944,1.933,1.943,289414.19,0
2024-04-07 11:00:00,1.942,1.951,1.942,1.949,276908.41,0
2024-04-07 12:00:00,1.949,1.953,1.939,1.951,273040.69,0
2024-04-07 13:00:00,1.951,1.969,1.95,1.956,715488.93,0
2024-04-07 14:00:00,1.956,1.963,1.943,1.96,500765.02,0
2024-04-07 15:00:00,1.96,1.97,1.943,1.946,677209.49,0
2024-04-07 16:00:00,1.947,1.965,1.944,1.958,697351.07,0
2024-04-07 17:00:00,1.959,1.96,1.947,1.951,304317.39,0
2024-04-07 18:00:00,1.95,1.952,1.926,1.934,795574.33,0
2024-04-07 19:00:00,1.934,1.936,1.921,1.925,297591.79,0
2024-04-07 20:00:00,1.924,1.936,1.924,1.931,340068.93,0
2024-04-07 21:00:00,1.93,1.938,1.921,1.925,583698.57,0
2024-04-07 22:00:00,1.926,1.948,1.917,1.941,392947.02,0
2024-04-07 23:00:00,1.94,1.976,1.939,1.975,614506.44,0
2024-04-08 00:00:00,1.975,1.983,1.948,1.964,826346.82,0
2024-04-08 01:00:00,1.964,1.966,1.947,1.952,450042.33,0
2024-04-08 02:00:00,1.951,1.952,1.929,1.934,642216.98,0
2024-04-08 03:00:00,1.934,1.937,1.92,1.934,472536.74,0
2024-04-08 04:00:00,1.934,1.937,1.925,1.926,340515.73,0
2024-04-08 05:00:00,1.926,1.945,1.926,1.944,325444.21,0
2024-04-08 06:00:00,1.945,1.951,1.94,1.947,575486.72,0
2024-04-08 07:00:00,1.947,1.982,1.947,1.982,1019383.62,0
2024-04-08 08:00:00,1.982,2.027,1.978,2.017,2655527.67,0
2024-04-08 09:00:00,2.017,2.05,2.01,2.03,1793191.41,0
2024-04-08 10:00:00,2.029,2.042,2.016,2.037,914014.16,0
2024-04-08 11:00:00,2.036,2.046,2.031,2.045,723224.58,0
2024-04-08 12:00:00,2.045,2.051,2.014,2.019,1406544.66,0
2024-04-08 13:00:00,2.019,2.044,2.016,2.033,1136939.62,0
2024-04-08 14:00:00,2.033,2.053,2.024,2.053,1549125.41,0
2024-04-08 15:00:00,2.053,2.061,2.029,2.034,1142790.79,0
2024-04-08 16:00:00,2.033,2.06,2.028,2.048,1203499.24,0
2024-04-08 17:00:00,2.048,2.064,2.039,2.054,897074.61,0
2024-04-08 18:00:00,2.053,2.079,2.051,2.061,839460.96,0
2024-04-08 19:00:00,2.06,2.063,2.052,2.055,319797.21,0
2024-04-08 20:00:00,2.056,2.058,2.044,2.046,265474.12,0
2024-04-08 21:00:00,2.047,2.053,2.043,2.053,185913.98,0
2024-04-08 22:00:00,2.052,2.068,2.051,2.066,384048.07,0
2024-04-08 23:00:00,2.066,2.073,2.053,2.054,517828.2,0
2024-04-09 00:00:00,2.055,2.069,2.05,2.061,606584.38,0
2024-04-09 01:00:00,2.062,2.063,2.029,2.041,946024.88,0
2024-04-09 02:00:00,2.042,2.051,2.032,2.041,673366.83,0
2024-04-09 03:00:00,2.042,2.045,2.008,2.023,1081607.93,0
2024-04-09 04:00:00,2.023,2.031,2.006,2.025,679838.57,0
2024-04-09 05:00:00,2.024,2.037,2.019,2.023,703369.72,0
2024-04-09 06:00:00,2.024,2.024,1.974,1.981,2032947.1,0
2024-04-09 07:00:00,1.981,1.995,1.945,1.962,2661042.59,0
2024-04-09 08:00:00,1.961,1.962,1.923,1.958,2644990.05,0
2024-04-09 09:00:00,1.958,1.965,1.939,1.944,1074945.31,0
2024-04-09 10:00:00,1.945,1.961,1.938,1.96,911100.27,0
2024-04-09 11:00:00,1.959,1.968,1.957,1.965,762572.93,0
2024-04-09 12:00:00,1.965,1.97,1.942,1.955,1173896.34,0
2024-04-09 13:00:00,1.955,1.958,1.923,1.925,1593026.14,0
2024-04-09 14:00:00,1.925,1.94,1.883,1.907,3053361.42,0
2024-04-09 15:00:00,1.906,1.908,1.876,1.908,1540982.71,0
2024-04-09 16:00:00,1.908,1.913,1.887,1.892,808041.15,0
2024-04-09 17:00:00,1.891,1.908,1.876,1.904,1145842.24,0
2024-04-09 18:00:00,1.904,1.909,1.898,1.901,315830.61,0
2024-04-09 19:00:00,1.902,1.91,1.894,1.908,251061.34,0
2024-04-09 20:00:00,1.907,1.917,1.907,1.913,291702.09,0
2024-04-09 21:00:00,1.913,1.914,1.893,1.905,273355.09,0
2024-04-09 22:00:00,1.905,1.907,1.895,1.902,107800.79,0
2024-04-09 23:00:00,1.901,1.903,1.866,1.878,1031771.25,0
2024-04-10 00:00:00,1.877,1.896,1.871,1.88,743340.62,0
2024-04-10 01:00:00,1.88,1.881,1.851,1.881,892774.6,0
2024-04-10 02:00:00,1.881,1.895,1.814,1.827,3185515.7,0
2024-04-10 03:00:00,1.826,1.853,1.822,1.853,1551053.85,0
2024-04-10 04:00:00,1.852,1.856,1.841,1.848,545683.82,0
2024-04-10 05:00:00,1.847,1.868,1.846,1.86,721155.54,0
2024-04-10 06:00:00,1.861,1.879,1.857,1.861,642904.58,0
2024-04-10 07:00:00,1.861,1.868,1.853,1.855,425488.98,0
2024-04-10 08:00:00,1.855,1.856,1.834,1.85,1267584.58,0
2024-04-10 09:00:00,1.849,1.856,1.836,1.847,496969.98,0
2024-04-10 10:00:00,1.846,1.849,1.826,1.844,1054162.33,0
2024-04-10 11:00:00,1.843,1.85,1.836,1.845,661201.72,0
2024-04-10 12:00:00,1.846,1.847,1.77,1.814,4989863.14,0
2024-04-10 13:00:00,1.813,1.825,1.793,1.823,2166584.36,0
2024-04-10 14:00:00,1.823,1.865,1.812,1.85,1776242.65,0
2024-04-10 15:00:00,1.849,1.856,1.835,1.849,1012610.18,0
2024-04-10 16:00:00,1.849,1.876,1.842,1.873,1026153.77,0
2024-04-10 17:00:00,1.873,1.882,1.863,1.867,833759.7,0
2024-04-10 18:00:00,1.868,1.868,1.836,1.847,706051.27,0
2024-04-10 19:00:00,1.847,1.869,1.843,1.867,422903.64,0
2024-04-10 20:00:00,1.868,1.873,1.857,1.857,304426.95,0
2024-04-10 21:00:00,1.857,1.863,1.848,1.853,273621.92,0
2024-04-10 22:00:00,1.854,1.883,1.854,1.86,452991.45,0
2024-04-10 23:00:00,1.861,1.865,1.855,1.861,383765.49,0
2024-04-11 00:00:00,1.862,1.864,1.85,1.857,381596.99,0
2024-04-11 01:00:00,1.856,1.858,1.841,1.845,292987.69,0
2024-04-11 02:00:00,1.844,1.884,1.841,1.872,905611.55,0
2024-04-11 03:00:00,1.873,1.883,1.863,1.878,789668.72,0
2024-04-11 04:00:00,1.878,1.88,1.858,1.874,285524.33,0
2024-04-11 05:00:00,1.873,1.874,1.857,1.869,419289.0,0
2024-04-11 06:00:00,1.869,1.886,1.867,1.884,421972.34,0
2024-04-11 07:00:00,1.884,1.911,1.884,1.894,819190.8,0
2024-04-11 08:00:00,1.894,1.919,1.892,1.908,865685.54,0
2024-04-11 09:00:00,1.908,1.908,1.885,1.887,934323.79,0
2024-04-11 10:00:00,1.888,1.897,1.869,1.87,508276.8,0
2024-04-11 11:00:00,1.87,1.876,1.839,1.839,894748.1,0
2024-04-11 12:00:00,1.84,1.875,1.835,1.863,1780536.94,0
2024-04-11 13:00:00,1.863,1.882,1.83,1.855,1670664.89,0
2024-04-11 14:00:00,1.854,1.857,1.828,1.835,1149448.02,0
2024-04-11 15:00:00,1.835,1.845,1.832,1.845,797482.01,0
2024-04-11 16:00:00,1.845,1.851,1.817,1.832,1043731.32,0
2024-04-11 17:00:00,1.832,1.855,1.831,1.848,695006.79,0
2024-04-11 18:00:00,1.848,1.854,1.834,1.84,356287.04,0
2024-04-11 19:00:00,1.84,1.851,1.833,1.845,177586.86,0
2024-04-11 20:00:00,1.844,1.852,1.841,1.847,390792.02,0
2024-04-11 21:00:00,1.846,1.847,1.827,1.83,439363.96,0
2024-04-11 22:00:00,1.83,1.835,1.824,1.827,230107.56,0
2024-04-11 23:00:00,1.827,1.83,1.815,1.826,264728.31,0
2024-04-12 00:00:00,1.826,1.839,1.823,1.838,574376.86,0
2024-04-12 01:00:00,1.837,1.839,1.821,1.823,355389.31,0
2024-04-12 02:00:00,1.823,1.841,1.82,1.838,349871.28,0
2024-04-12 03:00:00,1.838,1.851,1.838,1.847,476337.84,0
2024-04-12 04:00:00,1.847,1.857,1.841,1.855,287096.64,0
2024-04-12 05:00:00,1.854,1.856,1.841,1.845,292445.6,0
2024-04-12 06:00:00,1.845,1.847,1.827,1.836,531751.81,0
2024-04-12 07:00:00,1.837,1.841,1.823,1.826,289657.51,0
2024-04-12 08:00:00,1.826,1.836,1.817,1.823,475847.33,0
2024-04-12 09:00:00,1.823,1.826,1.81,1.818,385722.63,0
2024-04-12 10:00:00,1.817,1.82,1.805,1.82,367327.35,0
2024-04-12 11:00:00,1.819,1.828,1.817,1.822,287890.07,0
2024-04-12 12:00:00,1.822,1.822,1.792,1.794,1141975.98,0
2024-04-12 13:00:00,1.794,1.794,1.75,1.766,2499936.45,0
2024-04-12 14:00:00,1.765,1.772,1.741,1.752,1501156.84,0
2024-04-12 15:00:00,1.751,1.762,1.743,1.752,955548.92,0
2024-04-12 16:00:00,1.751,1.756,1.705,1.719,2555168.49,0
2024-04-12 17:00:00,1.719,1.723,1.538,1.606,8795373.3,0
2024-04-12 18:00:00,1.605,1.619,1.305,1.443,11500080.64,0
2024-04-12 19:00:00,1.443,1.509,1.416,1.483,8853403.44,0
2024-04-12 20:00:00,1.482,1.526,1.475,1.521,2479626.41,0
2024-04-12 21:00:00,1.522,1.54,1.508,1.523,1305690.33,0
2024-04-12 22:00:00,1.523,1.532,1.498,1.509,1129657.93,0
2024-04-12 23:00:00,1.51,1.537,1.498,1.521,959887.2,0
2024-04-13 00:00:00,1.522,1.522,1.484,1.486,1115483.55,0
2024-04-13 01:00:00,1.486,1.486,1.416,1.42,2693109.12,0
2024-04-13 02:00:00,1.421,1.457,1.42,1.44,1614412.54,0
2024-04-13 03:00:00,1.44,1.457,1.427,1.452,1785953.81,0
2024-04-13 04:00:00,1.452,1.498,1.448,1.485,1511880.15,0
2024-04-13 05:00:00,1.485,1.496,1.482,1.488,1070926.68,0
2024-04-13 06:00:00,1.487,1.518,1.487,1.506,988130.3,0
2024-04-13 07:00:00,1.506,1.51,1.485,1.489,948034.72,0
2024-04-13 08:00:00,1.489,1.497,1.471,1.472,873497.8,0
2024-04-13 09:00:00,1.473,1.48,1.468,1.473,816968.93,0
2024-04-13 10:00:00,1.473,1.492,1.47,1.49,647744.64,0
2024-04-13 11:00:00,1.489,1.504,1.469,1.47,998643.29,0
2024-04-13 12:00:00,1.47,1.489,1.461,1.477,1114327.57,0
2024-04-13 13:00:00,1.476,1.485,1.466,1.469,817540.75,0
2024-04-13 14:00:00,1.469,1.476,1.446,1.455,1122729.66,0
2024-04-13 15:00:00,1.456,1.475,1.444,1.45,1088373.82,0
2024-04-13 16:00:00,1.45,1.455,1.398,1.402,2690549.46,0
2024-04-13 17:00:00,1.402,1.402,1.311,1.344,6137401.57,0
2024-04-13 18:00:00,1.343,1.391,1.323,1.387,3928574.06,0
2024-04-13 19:00:00,1.387,1.389,1.25,1.279,4706009.17,0
2024-04-13 20:00:00,1.278,1.47,1.122,1.313,17370802.43,0
2024-04-13 21:00:00,1.314,1.424,1.271,1.407,10435576.16,0
2024-04-13 22:00:00,1.406,1.447,1.336,1.422,6475065.65,0
2024-04-13 23:00:00,1.421,1.477,1.396,1.422,4372788.6,0
2024-04-14 00:00:00,1.421,1.438,1.369,1.384,2502947.09,0
2024-04-14 01:00:00,1.385,1.408,1.367,1.39,1755902.25,0
2024-04-14 02:00:00,1.389,1.401,1.372,1.378,903130.33,0
2024-04-14 03:00:00,1.378,1.386,1.339,1.382,2224030.84,0
2024-04-14 04:00:00,1.383,1.465,1.373,1.463,2555604.98,0
2024-04-14 05:00:00,1.463,1.499,1.44,1.488,2590374.89,0
2024-04-14 06:00:00,1.488,1.496,1.458,1.49,1543159.59,0
2024-04-14 07:00:00,1.49,1.499,1.469,1.497,1128298.27,0
2024-04-14 08:00:00,1.498,1.51,1.475,1.481,1396488.85,0
2024-04-14 09:00:00,1.48,1.487,1.45,1.458,1110335.49,0
2024-04-14 10:00:00,1.458,1.481,1.452,1.469,1018485.31,0
2024-04-14 11:00:00,1.469,1.474,1.425,1.434,1517451.6,0
2024-04-14 12:00:00,1.433,1.459,1.42,1.44,1441624.51,0
2024-04-14 13:00:00,1.439,1.459,1.412,1.412,1710283.09,0
2024-04-14 14:00:00,1.412,1.443,1.394,1.425,2987322.99,0
2024-04-14 15:00:00,1.425,1.447,1.403,1.413,2546470.65,0
2024-04-14 16:00:00,1.413,1.45,1.408,1.422,2165395.42,0
2024-04-14 17:00:00,1.422,1.435,1.362,1.411,5297354.88,0
2024-04-14 18:00:00,1.411,1.46,1.408,1.452,3176526.79,0
2024-04-14 19:00:00,1.451,1.455,1.432,1.438,1056285.12,0
2024-04-14 20:00:00,1.437,1.453,1.417,1.423,1120409.99,0
2024-04-14 21:00:00,1.423,1.436,1.415,1.424,664701.63,0
2024-04-14 22:00:00,1.423,1.505,1.423,1.499,2139425.22,0
2024-04-14 23:00:00,1.499,1.506,1.482,1.485,860050.55,0
2024-04-15 00:00:00,1.484,1.484,1.446,1.455,1085329.51,0
2024-04-15 01:00:00,1.454,1.47,1.438,1.469,675110.88,0
2024-04-15 02:00:00,1.469,1.471,1.439,1.444,680154.67,0
2024-04-15 03:00:00,1.444,1.455,1.429,1.435,1344981.95,0
2024-04-15 04:00:00,1.435,1.442,1.42,1.427,1028409.47,0
2024-04-15 05:00:00,1.427,1.452,1.424,1.449,937720.26,0
2024-04-15 06:00:00,1.45,1.511,1.445,1.505,2391942.81,0
2024-04-15 07:00:00,1.505,1.51,1.484,1.489,1955859.61,0
2024-04-15 08:00:00,1.489,1.499,1.466,1.471,1215971.99,0
2024-04-15 09:00:00,1.471,1.49,1.462,1.478,985291.71,0
2024-04-15 10:00:00,1.479,1.497,1.472,1.493,860368.12,0
2024-04-15 11:00:00,1.493,1.499,1.446,1.452,2300801.76,0
2024-04-15 12:00:00,1.452,1.467,1.45,1.455,1161121.61,0
2024-04-15 13:00:00,1.455,1.466,1.394,1.396,2994425.84,0
2024-04-15 14:00:00,1.396,1.413,1.339,1.343,6219724.85,0
2024-04-15 15:00:00,1.343,1.359,1.323,1.357,4218698.47,0
2024-04-15 16:00:00,1.357,1.372,1.337,1.348,3269515.61,0
2024-04-15 17:00:00,1.348,1.38,1.333,1.352,4146208.61,0
2024-04-15 18:00:00,1.352,1.358,1.298,1.299,5602357.5,0
2024-04-15 19:00:00,1.299,1.344,1.283,1.332,3230480.9,0
2024-04-15 20:00:00,1.333,1.342,1.307,1.313,1324426.03,0
2024-04-15 21:00:00,1.313,1.337,1.299,1.334,1654928.52,0
2024-04-15 22:00:00,1.334,1.365,1.331,1.364,1772986.3,0
2024-04-15 23:00:00,1.364,1.364,1.34,1.346,559786.77,0
2024-04-16 00:00:00,1.346,1.349,1.318,1.328,827361.98,0
2024-04-16 01:00:00,1.327,1.357,1.32,1.33,755001.29,0
2024-04-16 02:00:00,1.33,1.342,1.316,1.333,772876.82,0
2024-04-16 03:00:00,1.333,1.339,1.296,1.304,1261278.72,0
2024-04-16 04:00:00,1.305,1.309,1.261,1.281,2218322.24,0
2024-04-16 05:00:00,1.281,1.299,1.273,1.289,966720.61,0
2024-04-16 06:00:00,1.289,1.327,1.287,1.322,896414.6,0
2024-04-16 07:00:00,1.321,1.352,1.317,1.339,986690.79,0
2024-04-16 08:00:00,1.338,1.338,1.306,1.314,2222576.24,0
2024-04-16 09:00:00,1.314,1.324,1.298,1.301,793035.07,0
2024-04-16 10:00:00,1.3,1.303,1.258,1.292,2698954.28,0
2024-04-16 11:00:00,1.292,1.315,1.287,1.312,1966543.74,0
2024-04-16 12:00:00,1.311,1.311,1.282,1.286,1473027.75,0
2024-04-16 13:00:00,1.286,1.29,1.249,1.265,2840261.83,0
2024-04-16 14:00:00,1.266,1.283,1.243,1.244,1928987.12,0
2024-04-16 15:00:00,1.244,1.257,1.232,1.235,2240224.0,0
2024-04-16 16:00:00,1.235,1.278,1.227,1.277,2671869.68,0
2024-04-16 17:00:00,1.278,1.298,1.269,1.273,1949762.57,0
2024-04-16 18:00:00,1.272,1.29,1.264,1.288,1523704.48,0
2024-04-16 19:00:00,1.289,1.292,1.269,1.275,797852.17,0
2024-04-16 20:00:00,1.274,1.282,1.27,1.274,574873.21,0
2024-04-16 21:00:00,1.274,1.299,1.273,1.292,817439.73,0
2024-04-16 22:00:00,1.291,1.293,1.274,1.281,302379.15,0
2024-04-16 23:00:00,1.282,1.286,1.271,1.272,341564.07,0
2024-04-17 00:00:00,1.273,1.293,1.261,1.283,855953.74,0
2024-04-17 01:00:00,1.283,1.283,1.258,1.274,832993.08,0
2024-04-17 02:00:00,1.274,1.284,1.259,1.273,576708.62,0
2024-04-17 03:00:00,1.273,1.287,1.272,1.285,461674.91,0
2024-04-17 04:00:00,1.285,1.304,1.278,1.3,943697.92,0
2024-04-17 05:00:00,1.3,1.306,1.282,1.285,634756.95,0
2024-04-17 06:00:00,1.285,1.293,1.278,1.282,452503.17,0
2024-04-17 07:00:00,1.282,1.285,1.265,1.278,942765.11,0
2024-04-17 08:00:00,1.278,1.289,1.268,1.274,694327.49,0
2024-04-17 09:00:00,1.274,1.286,1.271,1.279,471894.6,0
2024-04-17 10:00:00,1.28,1.28,1.252,1.255,936810.98,0
2024-04-17 11:00:00,1.255,1.262,1.228,1.23,963715.71,0
2024-04-17 12:00:00,1.229,1.236,1.21,1.226,1437294.2,0
2024-04-17 13:00:00,1.226,1.244,1.223,1.24,1387031.99,0
2024-04-17 14:00:00,1.24,1.24,1.195,1.224,4729932.22,0
2024-04-17 15:00:00,1.224,1.229,1.193,1.201,3333757.19,0
2024-04-17 16:00:00,1.201,1.226,1.183,1.206,2121692.87,0
2024-04-17 17:00:00,1.206,1.239,1.204,1.235,729013.5,0
2024-04-17 18:00:00,1.236,1.279,1.232,1.265,1468000.54,0
2024-04-17 19:00:00,1.265,1.265,1.241,1.252,635958.7,0
2024-04-17 20:00:00,1.253,1.26,1.231,1.231,494303.65,0
2024-04-17 21:00:00,1.232,1.263,1.232,1.25,383760.59,0
2024-04-17 22:00:00,1.249,1.251,1.238,1.243,294144.64,0
2024-04-17 23:00:00,1.243,1.25,1.228,1.231,414131.49,0
2024-04-18 00:00:00,1.23,1.242,1.201,1.229,633611.85,0
2024-04-18 01:00:00,1.23,1.252,1.226,1.246,599129.63,0
2024-04-18 02:00:00,1.247,1.251,1.227,1.241,486786.32,0
2024-04-18 03:00:00,1.241,1.256,1.241,1.244,564931.24,0
2024-04-18 04:00:00,1.244,1.251,1.237,1.237,412513.81,0
2024-04-18 05:00:00,1.237,1.244,1.224,1.226,384889.92,0
2024-04-18 06:00:00,1.226,1.23,1.196,1.206,822569.14,0
2024-04-18 07:00:00,1.206,1.219,1.194,1.201,857258.24,0
2024-04-18 08:00:00,1.201,1.221,1.189,1.214,761085.87,0
2024-04-18 09:00:00,1.215,1.225,1.208,1.223,561960.61,0
2024-04-18 10:00:00,1.222,1.231,1.216,1.228,765815.33,0
2024-04-18 11:00:00,1.228,1.258,1.228,1.247,655979.2,0
2024-04-18 12:00:00,1.247,1.25,1.212,1.227,769830.82,0
2024-04-18 13:00:00,1.228,1.24,1.219,1.24,699678.42,0
2024-04-18 14:00:00,1.241,1.27,1.233,1.267,1463903.35,0
2024-04-18 15:00:00,1.267,1.271,1.249,1.257,704425.77,0
2024-04-18 16:00:00,1.257,1.26,1.236,1.241,991775.93,0
2024-04-18 17:00:00,1.242,1.244,1.225,1.228,569055.0,0
2024-04-18 18:00:00,1.229,1.247,1.217,1.245,363847.74,0
2024-04-18 19:00:00,1.244,1.252,1.243,1.25,266235.88,0
2024-04-18 20:00:00,1.25,1.251,1.239,1.246,294048.0,0
2024-04-18 21:00:00,1.246,1.25,1.241,1.247,238134.38,0
2024-04-18 22:00:00,1.247,1.259,1.242,1.252,179451.74,0
2024-04-18 23:00:00,1.252,1.257,1.249,1.251,124572.52,0
2024-04-19 00:00:00,1.251,1.26,1.237,1.237,358271.17,0
2024-04-19 01:00:00,1.237,1.238,1.185,1.186,1357099.09,0
2024-04-19 02:00:00,1.186,1.19,1.148,1.186,2386252.51,0
2024-04-19 03:00:00,1.186,1.218,1.183,1.207,955020.41,0
2024-04-19 04:00:00,1.207,1.231,1.205,1.222,721651.85,0
2024-04-19 05:00:00,1.221,1.225,1.2,1.208,689158.29,0
2024-04-19 06:00:00,1.208,1.258,1.196,1.254,1189138.87,0
2024-04-19 07:00:00,1.254,1.269,1.236,1.244,1196995.6,0
2024-04-19 08:00:00,1.243,1.266,1.239,1.265,1204552.62,0
2024-04-19 09:00:00,1.264,1.268,1.252,1.266,588897.96,0
2024-04-19 10:00:00,1.265,1.275,1.252,1.259,755538.31,0
2024-04-19 11:00:00,1.259,1.275,1.257,1.264,729374.06,0
2024-04-19 12:00:00,1.265,1.27,1.256,1.259,652181.57,0
2024-04-19 13:00:00,1.258,1.271,1.249,1.269,916867.7,0
2024-04-19 14:00:00,1.27,1.272,1.247,1.258,1177618.65,0
2024-04-19 15:00:00,1.258,1.267,1.25,1.262,741289.26,0
2024-04-19 16:00:00,1.262,1.262,1.236,1.248,1016617.86,0
2024-04-19 17:00:00,1.248,1.253,1.238,1.246,652724.7,0
2024-04-19 18:00:00,1.246,1.247,1.227,1.234,913102.81,0
2024-04-19 19:00:00,1.235,1.244,1.232,1.242,514573.79,0
2024-04-19 20:00:00,1.243,1.243,1.221,1.228,613079.35,0
2024-04-19 21:00:00,1.229,1.239,1.227,1.234,293885.03,0
2024-04-19 22:00:00,1.235,1.241,1.216,1.217,339747.91,0
2024-04-19 23:00:00,1.216,1.217,1.192,1.207,1163424.25,0
2024-04-20 00:00:00,1.207,1.212,1.193,1.196,728506.39,0
2024-04-20 01:00:00,1.195,1.223,1.185,1.219,856156.7,0
2024-04-20 02:00:00,1.218,1.233,1.215,1.223,638502.86,0
2024-04-20 03:00:00,1.223,1.231,1.215,1.231,522832.07,0
2024-04-20 04:00:00,1.231,1.251,1.227,1.243,548424.67,0
2024-04-20 05:00:00,1.243,1.246,1.229,1.23,787675.43,0
2024-04-20 06:00:00,1.23,1.254,1.229,1.248,472356.5,0
2024-04-20 07:00:00,1.249,1.251,1.242,1.246,285845.72,0
2024-04-20 08:00:00,1.246,1.247,1.233,1.237,637587.72,0
2024-04-20 09:00:00,1.238,1.24,1.215,1.225,866433.17,0
2024-04-20 10:00:00,1.226,1.232,1.211,1.219,649330.77,0
2024-04-20 11:00:00,1.218,1.223,1.212,1.215,828137.21,0
2024-04-20 12:00:00,1.215,1.232,1.213,1.227,575310.8,0
2024-04-20 13:00:00,1.227,1.239,1.225,1.235,613406.5,0
2024-04-20 14:00:00,1.234,1.245,1.232,1.242,561826.58,0
2024-04-20 15:00:00,1.242,1.273,1.237,1.273,1181625.12,0
2024-04-20 16:00:00,1.273,1.303,1.263,1.299,1946342.39,0
2024-04-20 17:00:00,1.299,1.339,1.299,1.336,1470233.28,0
2024-04-20 18:00:00,1.336,1.338,1.307,1.322,1321439.85,0
2024-04-20 19:00:00,1.323,1.346,1.317,1.339,803303.87,0
2024-04-20 20:00:00,1.339,1.349,1.33,1.344,517353.29,0
2024-04-20 21:00:00,1.344,1.351,1.339,1.345,336535.39,0
2024-04-20 22:00:00,1.345,1.346,1.327,1.328,329484.76,0
2024-04-20 23:00:00,1.327,1.352,1.327,1.352,490861.23,0
2024-04-21 00:00:00,1.352,1.352,1.319,1.329,734743.31,0
2024-04-21 01:00:00,1.329,1.347,1.329,1.337,325078.38,0
2024-04-21 02:00:00,1.336,1.373,1.336,1.363,621203.04,0
2024-04-21 03:00:00,1.363,1.372,1.349,1.359,412378.9,0
2024-04-21 04:00:00,1.358,1.359,1.338,1.348,1117273.21,0
2024-04-21 05:00:00,1.348,1.358,1.336,1.343,425329.87,0
2024-04-21 06:00:00,1.342,1.35,1.337,1.341,425738.12,0
2024-04-21 07:00:00,1.341,1.348,1.331,1.341,357363.73,0
2024-04-21 08:00:00,1.341,1.349,1.326,1.326,607651.0,0
2024-04-21 09:00:00,1.327,1.33,1.316,1.322,568904.66,0
2024-04-21 10:00:00,1.322,1.333,1.311,1.326,997771.85,0
2024-04-21 11:00:00,1.327,1.339,1.313,1.329,1101433.62,0
2024-04-21 12:00:00,1.329,1.339,1.317,1.321,819038.79,0
2024-04-21 13:00:00,1.32,1.33,1.297,1.305,1078348.67,0
2024-04-21 14:00:00,1.305,1.321,1.304,1.306,656386.5,0
2024-04-21 15:00:00,1.307,1.326,1.307,1.32,370195.93,0
2024-04-21 16:00:00,1.32,1.322,1.287,1.299,1163636.19,0
2024-04-21 17:00:00,1.3,1.306,1.288,1.304,518749.3,0
2024-04-21 18:00:00,1.305,1.307,1.299,1.304,223157.43,0
2024-04-21 19:00:00,1.304,1.315,1.3,1.305,323415.77,0
2024-04-21 20:00:00,1.305,1.319,1.3,1.318,595217.64,0
2024-04-21 21:00:00,1.318,1.328,1.315,1.316,404289.26,0
2024-04-21 22:00:00,1.316,1.328,1.312,1.319,256327.03,0
2024-04-21 23:00:00,1.318,1.318,1.308,1.312,165273.78,0
2024-04-22 00:00:00,1.313,1.334,1.311,1.318,462344.56,0
2024-04-22 01:00:00,1.318,1.334,1.311,1.314,852854.39,0
2024-04-22 02:00:00,1.315,1.323,1.306,1.312,637808.2,0
2024-04-22 03:00:00,1.311,1.35,1.311,1.342,1089185.9,0
2024-04-22 04:00:00,1.342,1.359,1.338,1.352,1071927.89,0
2024-04-22 05:00:00,1.352,1.371,1.349,1.369,720813.08,0
2024-04-22 06:00:00,1.37,1.375,1.364,1.365,699204.18,0
2024-04-22 07:00:00,1.365,1.369,1.333,1.335,1136379.98,0
2024-04-22 08:00:00,1.334,1.344,1.327,1.332,755981.51,0
2024-04-22 09:00:00,1.332,1.352,1.328,1.349,651534.95,0
2024-04-22 10:00:00,1.348,1.355,1.341,1.353,526243.11,0
2024-04-22 11:00:00,1.353,1.353,1.331,1.335,627295.11,0
2024-04-22 12:00:00,1.335,1.341,1.327,1.335,557137.93,0
2024-04-22 13:00:00,1.335,1.347,1.321,1.334,708029.11,0
2024-04-22 14:00:00,1.334,1.339,1.323,1.325,527164.27,0
2024-04-22 15:00:00,1.324,1.331,1.312,1.327,1083680.47,0
2024-04-22 16:00:00,1.327,1.338,1.319,1.325,549170.37,0
2024-04-22 17:00:00,1.325,1.352,1.325,1.344,663893.7,0
2024-04-22 18:00:00,1.343,1.35,1.334,1.335,417612.99,0
2024-04-22 19:00:00,1.335,1.337,1.322,1.331,390341.61,0
2024-04-22 20:00:00,1.331,1.337,1.328,1.334,408084.84,0
2024-04-22 21:00:00,1.335,1.339,1.329,1.337,179060.32,0
2024-04-22 22:00:00,1.337,1.35,1.335,1.348,459729.91,0
2024-04-22 23:00:00,1.348,1.352,1.335,1.337,455670.22,0
2024-04-23 00:00:00,1.337,1.351,1.333,1.35,606728.48,0
2024-04-23 01:00:00,1.35,1.353,1.342,1.344,501539.31,0
2024-04-23 02:00:00,1.343,1.348,1.329,1.331,540977.17,0
2024-04-23 03:00:00,1.331,1.34,1.319,1.32,538212.03,0
2024-04-23 04:00:00,1.321,1.326,1.308,1.313,508899.05,0
2024-04-23 05:00:00,1.312,1.324,1.31,1.32,481629.17,0
2024-04-23 06:00:00,1.32,1.321,1.304,1.309,567261.59,0
2024-04-23 07:00:00,1.309,1.313,1.29,1.299,1308037.41,0
2024-04-23 08:00:00,1.299,1.307,1.291,1.304,455751.26,0
2024-04-23 09:00:00,1.303,1.308,1.296,1.301,293506.65,0
2024-04-23 10:00:00,1.301,1.311,1.301,1.305,325890.81,0
2024-04-23 11:00:00,1.306,1.306,1.293,1.3,488534.6,0
2024-04-23 12:00:00,1.3,1.309,1.295,1.303,396762.59,0
2024-04-23 13:00:00,1.303,1.317,1.298,1.313,500663.53,0
2024-04-23 14:00:00,1.313,1.332,1.31,1.33,1067584.78,0
2024-04-23 15:00:00,1.331,1.332,1.317,1.326,841001.58,0
2024-04-23 16:00:00,1.326,1.349,1.32,1.333,1115721.8,0
2024-04-23 17:00:00,1.333,1.344,1.322,1.339,436567.44,0
2024-04-23 18:00:00,1.339,1.345,1.328,1.336,726574.64,0
2024-04-23 19:00:00,1.336,1.336,1.322,1.335,581641.33,0
2024-04-23 20:00:00,1.335,1.337,1.316,1.328,500702.54,0
2024-04-23 21:00:00,1.328,1.329,1.317,1.319,218019.91,0
2024-04-23 22:00:00,1.318,1.324,1.307,1.309,237979.63,0
2024-04-23 23:00:00,1.309,1.32,1.302,1.316,514616.78,0
2024-04-24 00:00:00,1.317,1.324,1.306,1.32,516925.11,0
2024-04-24 01:00:00,1.321,1.339,1.319,1.336,744106.55,0
2024-04-24 02:00:00,1.335,1.338,1.311,1.324,576294.67,0
2024-04-24 03:00:00,1.324,1.359,1.322,1.343,1080878.8,0
2024-04-24 04:00:00,1.343,1.397,1.338,1.378,1696545.9,0
2024-04-24 05:00:00,1.378,1.379,1.357,1.357,775522.39,0
2024-04-24 06:00:00,1.357,1.359,1.335,1.345,1200773.63,0
2024-04-24 07:00:00,1.345,1.354,1.342,1.345,446520.19,0
2024-04-24 08:00:00,1.344,1.351,1.336,1.341,374166.86,0
2024-04-24 09:00:00,1.341,1.342,1.328,1.339,722900.6,0
2024-04-24 10:00:00,1.34,1.352,1.332,1.351,740641.78,0
2024-04-24 11:00:00,1.351,1.359,1.341,1.359,909226.45,0
2024-04-24 12:00:00,1.358,1.361,1.335,1.338,724655.49,0
2024-04-24 13:00:00,1.338,1.338,1.309,1.312,1289270.89,0
2024-04-24 14:00:00,1.312,1.319,1.272,1.282,2298921.14,0
2024-04-24 15:00:00,1.281,1.282,1.253,1.256,1652561.33,0
2024-04-24 16:00:00,1.256,1.264,1.237,1.249,1148295.39,0
2024-04-24 17:00:00,1.249,1.264,1.247,1.251,723678.75,0
2024-04-24 18:00:00,1.251,1.253,1.228,1.234,694885.67,0
2024-04-24 19:00:00,1.234,1.246,1.222,1.238,758498.99,0
2024-04-24 20:00:00,1.237,1.244,1.223,1.229,672292.03,0
2024-04-24 21:00:00,1.23,1.235,1.222,1.234,603236.92,0
2024-04-24 22:00:00,1.235,1.235,1.198,1.208,865051.76,0
2024-04-24 23:00:00,1.208,1.208,1.19,1.202,1258964.55,0
2024-04-25 00:00:00,1.202,1.213,1.199,1.207,688366.63,0
2024-04-25 01:00:00,1.206,1.215,1.19,1.19,910715.91,0
2024-04-25 02:00:00,1.19,1.199,1.178,1.197,1304703.83,0
2024-04-25 03:00:00,1.196,1.199,1.178,1.179,1456356.64,0
2024-04-25 04:00:00,1.18,1.187,1.156,1.186,2254200.73,0
2024-04-25 05:00:00,1.187,1.191,1.178,1.184,1183434.76,0
2024-04-25 06:00:00,1.184,1.19,1.18,1.183,886655.23,0
2024-04-25 07:00:00,1.183,1.187,1.158,1.163,1697635.46,0
2024-04-25 08:00:00,1.162,1.171,1.152,1.159,1554501.26,0
2024-04-25 09:00:00,1.158,1.17,1.15,1.159,1490524.71,0
2024-04-25 10:00:00,1.158,1.16,1.138,1.147,2015191.92,0
2024-04-25 11:00:00,1.146,1.161,1.144,1.156,1347577.46,0
2024-04-25 12:00:00,1.157,1.172,1.15,1.152,1830281.03,0
2024-04-25 13:00:00,1.151,1.178,1.145,1.174,1708108.71,0
2024-04-25 14:00:00,1.173,1.188,1.159,1.168,1928302.84,0
2024-04-25 15:00:00,1.168,1.2,1.163,1.199,1533757.79,0
2024-04-25 16:00:00,1.198,1.206,1.187,1.198,1348438.14,0
2024-04-25 17:00:00,1.198,1.205,1.185,1.195,822481.37,0
2024-04-25 18:00:00,1.195,1.205,1.19,1.204,644852.61,0
2024-04-25 19:00:00,1.205,1.207,1.197,1.206,665360.37,0
2024-04-25 20:00:00,1.206,1.217,1.2,1.214,739771.61,0
2024-04-25 21:00:00,1.214,1.221,1.203,1.21,955184.15,0
2024-04-25 22:00:00,1.21,1.211,1.194,1.194,419568.19,0
2024-04-25 23:00:00,1.194,1.2,1.188,1.193,593457.21,0
2024-04-26 00:00:00,1.193,1.195,1.17,1.178,1007848.36,0
2024-04-26 01:00:00,1.177,1.181,1.154,1.174,1588962.37,0
2024-04-26 02:00:00,1.174,1.189,1.172,1.183,1075905.35,0
2024-04-26 03:00:00,1.183,1.19,1.17,1.172,786442.81,0
2024-04-26 04:00:00,1.173,1.181,1.164,1.173,670360.04,0
2024-04-26 05:00:00,1.173,1.195,1.171,1.193,703546.41,0
2024-04-26 06:00:00,1.194,1.194,1.182,1.185,581764.49,0
2024-04-26 07:00:00,1.185,1.186,1.17,1.172,912374.29,0
2024-04-26 08:00:00,1.172,1.185,1.171,1.18,621688.83,0
2024-04-26 09:00:00,1.181,1.186,1.174,1.184,597184.35,0
2024-04-26 10:00:00,1.185,1.187,1.166,1.17,1252890.15,0
2024-04-26 11:00:00,1.17,1.182,1.17,1.178,359819.75,0
2024-04-26 12:00:00,1.178,1.195,1.174,1.182,633207.61,0
2024-04-26 13:00:00,1.183,1.191,1.16,1.19,1318420.92,0
2024-04-26 14:00:00,1.19,1.206,1.178,1.181,2376540.89,0
2024-04-26 15:00:00,1.18,1.186,1.158,1.169,1345757.08,0
2024-04-26 16:00:00,1.168,1.174,1.163,1.172,735956.66,0
2024-04-26 17:00:00,1.172,1.177,1.168,1.171,834505.87,0
2024-04-26 18:00:00,1.17,1.179,1.168,1.176,281461.38,0
2024-04-26 19:00:00,1.175,1.176,1.165,1.167,238452.96,0
2024-04-26 20:00:00,1.167,1.176,1.166,1.172,363732.19,0
2024-04-26 21:00:00,1.172,1.175,1.162,1.173,312172.71,0
2024-04-26 22:00:00,1.173,1.174,1.15,1.156,633728.31,0
2024-04-26 23:00:00,1.156,1.166,1.155,1.162,390897.49,0
2024-04-27 00:00:00,1.162,1.17,1.14,1.151,937952.63,0
2024-04-27 01:00:00,1.151,1.151,1.1,1.124,2332503.16,0
2024-04-27 02:00:00,1.124,1.151,1.117,1.142,1131765.16,0
2024-04-27 03:00:00,1.142,1.154,1.142,1.15,527545.87,0
2024-04-27 04:00:00,1.149,1.154,1.143,1.15,912024.26,0
2024-04-27 05:00:00,1.15,1.151,1.14,1.143,438820.59,0
2024-04-27 06:00:00,1.144,1.15,1.13,1.139,796150.18,0
2024-04-27 07:00:00,1.138,1.144,1.134,1.136,560085.6,0
2024-04-27 08:00:00,1.135,1.142,1.132,1.14,492023.17,0
2024-04-27 09:00:00,1.139,1.156,1.139,1.147,634373.92,0
2024-04-27 10:00:00,1.147,1.147,1.129,1.132,615888.29,0
2024-04-27 11:00:00,1.132,1.144,1.125,1.138,612772.21,0
2024-04-27 12:00:00,1.138,1.156,1.135,1.149,1148000.56,0
2024-04-27 13:00:00,1.15,1.17,1.147,1.167,729114.55,0
2024-04-27 14:00:00,1.168,1.177,1.15,1.155,1054964.34,0
2024-04-27 15:00:00,1.154,1.157,1.142,1.147,469947.17,0
2024-04-27 16:00:00,1.147,1.155,1.144,1.152,567402.52,0
2024-04-27 17:00:00,1.151,1.25,1.151,1.243,5092527.88,0
2024-04-27 18:00:00,1.242,1.268,1.211,1.233,4040195.67,0
2024-04-27 19:00:00,1.234,1.241,1.221,1.228,1311113.36,0
2024-04-27 20:00:00,1.228,1.234,1.213,1.223,785870.27,0
2024-04-27 21:00:00,1.223,1.246,1.219,1.239,682764.21,0
2024-04-27 22:00:00,1.239,1.254,1.237,1.245,875817.71,0
2024-04-27 23:00:00,1.246,1.267,1.244,1.256,1033473.77,0
2024-04-28 00:00:00,1.256,1.281,1.255,1.279,1359384.91,0
2024-04-28 01:00:00,1.28,1.301,1.265,1.296,1372944.68,0
2024-04-28 02:00:00,1.296,1.336,1.294,1.318,2739158.44,0
2024-04-28 03:00:00,1.317,1.337,1.306,1.308,1923386.22,0
2024-04-28 04:00:00,1.309,1.314,1.295,1.297,1864626.05,0
2024-04-28 05:00:00,1.296,1.305,1.292,1.302,729421.43,0
2024-04-28 06:00:00,1.302,1.32,1.3,1.309,1095519.63,0
2024-04-28 07:00:00,1.31,1.318,1.303,1.307,853817.55,0
2024-04-28 08:00:00,1.307,1.31,1.277,1.284,1217736.21,0
2024-04-28 09:00:00,1.284,1.293,1.269,1.277,1263039.47,0
2024-04-28 10:00:00,1.277,1.285,1.263,1.278,1043339.93,0
2024-04-28 11:00:00,1.278,1.28,1.263,1.275,937782.36,0
2024-04-28 12:00:00,1.275,1.278,1.263,1.274,754568.22,0
2024-04-28 13:00:00,1.275,1.293,1.27,1.29,1020668.8,0
2024-04-28 14:00:00,1.29,1.295,1.277,1.29,1384428.16,0
2024-04-28 15:00:00,1.289,1.314,1.287,1.299,1498643.28,0
2024-04-28 16:00:00,1.3,1.309,1.287,1.292,1268342.41,0
2024-04-28 17:00:00,1.292,1.294,1.283,1.287,625385.4,0
2024-04-28 18:00:00,1.286,1.302,1.284,1.3,567677.96,0
2024-04-28 19:00:00,1.299,1.302,1.293,1.296,384670.95,0
2024-04-28 20:00:00,1.296,1.298,1.287,1.291,394331.08,0
2024-04-28 21:00:00,1.29,1.299,1.286,1.295,233585.37,0
2024-04-28 22:00:00,1.295,1.299,1.266,1.273,1573077.36,0
2024-04-28 23:00:00,1.272,1.272,1.253,1.26,1010793.48,0
2024-04-29 00:00:00,1.26,1.284,1.256,1.274,800450.06,0
2024-04-29 01:00:00,1.274,1.28,1.262,1.274,497424.43,0
2024-04-29 02:00:00,1.275,1.276,1.236,1.245,1076419.84,0
2024-04-29 03:00:00,1.245,1.249,1.226,1.229,1385011.11,0
2024-04-29 04:00:00,1.228,1.244,1.223,1.237,765187.94,0
2024-04-29 05:00:00,1.238,1.238,1.213,1.23,1359813.56,0
2024-04-29 06:00:00,1.231,1.231,1.187,1.195,2329213.74,0
2024-04-29 07:00:00,1.195,1.204,1.192,1.199,944192.09,0
2024-04-29 08:00:00,1.198,1.202,1.184,1.196,927870.84,0
2024-04-29 09:00:00,1.195,1.204,1.188,1.197,931327.31,0
2024-04-29 10:00:00,1.197,1.208,1.187,1.194,1066330.71,0
2024-04-29 11:00:00,1.194,1.198,1.189,1.19,1109340.4,0
2024-04-29 12:00:00,1.19,1.202,1.176,1.201,1644388.2,0
2024-04-29 13:00:00,1.202,1.207,1.176,1.182,2015576.79,0
2024-04-29 14:00:00,1.181,1.204,1.172,1.198,1240968.96,0
2024-04-29 15:00:00,1.198,1.204,1.189,1.194,2314314.05,0
2024-04-29 16:00:00,1.194,1.196,1.176,1.18,1094512.57,0
2024-04-29 17:00:00,1.18,1.197,1.18,1.197,909735.07,0
2024-04-29 18:00:00,1.196,1.205,1.192,1.199,782791.38,0
2024-04-29 19:00:00,1.198,1.199,1.185,1.193,631126.86,0
2024-04-29 20:00:00,1.193,1.2,1.184,1.188,469454.17,0
2024-04-29 21:00:00,1.188,1.192,1.175,1.19,611324.65,0
2024-04-29 22:00:00,1.19,1.221,1.186,1.216,1491947.35,0
2024-04-29 23:00:00,1.216,1.229,1.211,1.213,746141.35,0
2024-04-30 00:00:00,1.213,1.237,1.206,1.235,1055390.41,0
2024-04-30 01:00:00,1.235,1.24,1.215,1.216,1243910.9,0
2024-04-30 02:00:00,1.216,1.239,1.2,1.236,1627567.69,0
2024-04-30 03:00:00,1.237,1.24,1.225,1.229,916782.39,0
2024-04-30 04:00:00,1.23,1.231,1.211,1.213,410074.27,0
2024-04-30 05:00:00,1.213,1.218,1.191,1.199,1251840.62,0
2024-04-30 06:00:00,1.199,1.206,1.196,1.198,548839.9,0
2024-04-30 07:00:00,1.198,1.2,1.184,1.189,680167.44,0
2024-04-30 08:00:00,1.188,1.191,1.143,1.152,2128318.94,0
2024-04-30 09:00:00,1.151,1.165,1.146,1.156,1328957.38,0
2024-04-30 10:00:00,1.155,1.163,1.146,1.155,926371.94,0
2024-04-30 11:00:00,1.156,1.156,1.133,1.139,1244533.79,0
2024-04-30 12:00:00,1.138,1.158,1.111,1.153,3094364.71,0
2024-04-30 13:00:00,1.152,1.153,1.129,1.136,1265531.61,0
2024-04-30 14:00:00,1.135,1.153,1.129,1.144,1277228.3,0
2024-04-30 15:00:00,1.144,1.149,1.121,1.133,976713.66,0
2024-04-30 16:00:00,1.133,1.136,1.106,1.131,2087787.72,0
2024-04-30 17:00:00,1.13,1.141,1.124,1.136,848473.51,0
2024-04-30 18:00:00,1.135,1.146,1.133,1.145,642308.94,0
2024-04-30 19:00:00,1.145,1.148,1.125,1.135,975598.2,0
2024-04-30 20:00:00,1.136,1.16,1.136,1.15,961457.08,0
2024-04-30 21:00:00,1.15,1.16,1.147,1.157,480060.94,0
2024-04-30 22:00:00,1.158,1.224,1.157,1.21,2760692.22,0
2024-04-30 23:00:00,1.21,1.228,1.198,1.226,1466840.33,0
2024-05-01 00:00:00,1.225,1.235,1.202,1.212,2665269.58,0
2024-05-01 01:00:00,1.212,1.23,1.201,1.22,2014210.87,0
2024-05-01 02:00:00,1.221,1.222,1.2,1.216,1538867.98,0
2024-05-01 03:00:00,1.216,1.222,1.205,1.22,567627.21,0
2024-05-01 04:00:00,1.22,1.256,1.219,1.233,2344198.1,0
2024-05-01 05:00:00,1.234,1.243,1.207,1.21,1728865.73,0
2024-05-01 06:00:00,1.211,1.219,1.185,1.186,1822629.25,0
2024-05-01 07:00:00,1.186,1.188,1.15,1.174,5003352.65,0
2024-05-01 08:00:00,1.174,1.206,1.16,1.198,3596684.22,0
2024-05-01 09:00:00,1.198,1.228,1.198,1.218,3366278.2,0
2024-05-01 10:00:00,1.219,1.229,1.215,1.226,2134202.03,0
2024-05-01 11:00:00,1.226,1.24,1.21,1.237,1750239.49,0
2024-05-01 12:00:00,1.236,1.275,1.228,1.252,4061761.87,0
2024-05-01 13:00:00,1.252,1.256,1.224,1.224,2114074.66,0
2024-05-01 14:00:00,1.225,1.229,1.202,1.218,2195822.63,0
2024-05-01 15:00:00,1.218,1.238,1.204,1.221,1742599.67,0
2024-05-01 16:00:00,1.221,1.233,1.206,1.213,1399334.04,0
2024-05-01 17:00:00,1.212,1.235,1.195,1.22,1846923.84,0
2024-05-01 18:00:00,1.221,1.292,1.221,1.282,3755888.68,0
2024-05-01 19:00:00,1.282,1.292,1.239,1.245,2818914.43,0
2024-05-01 20:00:00,1.246,1.264,1.241,1.247,1033399.02,0
2024-05-01 21:00:00,1.247,1.25,1.234,1.245,561454.46,0
2024-05-01 22:00:00,1.246,1.28,1.246,1.268,927628.04,0
2024-05-01 23:00:00,1.268,1.275,1.262,1.272,708937.97,0
2024-05-02 00:00:00,1.272,1.277,1.249,1.255,645802.92,0
2024-05-02 01:00:00,1.255,1.259,1.237,1.249,882380.52,0
2024-05-02 02:00:00,1.25,1.255,1.234,1.248,631811.52,0
2024-05-02 03:00:00,1.248,1.274,1.247,1.26,509202.17,0
2024-05-02 04:00:00,1.26,1.26,1.221,1.227,963482.62,0
2024-05-02 05:00:00,1.226,1.23,1.209,1.23,1225175.64,0
2024-05-02 06:00:00,1.229,1.242,1.226,1.23,540228.95,0
2024-05-02 07:00:00,1.23,1.248,1.23,1.243,534205.87,0
2024-05-02 08:00:00,1.243,1.27,1.242,1.26,1003777.16,0
2024-05-02 09:00:00,1.261,1.284,1.259,1.278,1010714.83,0
2024-05-02 10:00:00,1.278,1.298,1.274,1.295,1289014.7,0
2024-05-02 11:00:00,1.296,1.315,1.295,1.314,1547689.02,0
2024-05-02 12:00:00,1.313,1.334,1.301,1.301,1693608.54,0
2024-05-02 13:00:00,1.302,1.305,1.284,1.288,1055991.83,0
2024-05-02 14:00:00,1.288,1.308,1.288,1.299,1071029.98,0
2024-05-02 15:00:00,1.299,1.313,1.292,1.295,1077511.41,0
2024-05-02 16:00:00,1.296,1.297,1.276,1.28,1515040.95,0
2024-05-02 17:00:00,1.28,1.291,1.276,1.287,526696.5,0
2024-05-02 18:00:00,1.288,1.301,1.285,1.288,573953.71,0
2024-05-02 19:00:00,1.287,1.289,1.279,1.289,276179.15,0
2024-05-02 20:00:00,1.288,1.291,1.271,1.283,741289.94,0
2024-05-02 21:00:00,1.282,1.304,1.282,1.292,635154.65,0
2024-05-02 22:00:00,1.293,1.301,1.285,1.293,591514.2,0
2024-05-02 23:00:00,1.293,1.294,1.279,1.28,278797.67,0
2024-05-03 00:00:00,1.281,1.285,1.272,1.28,315208.24,0
2024-05-03 01:00:00,1.28,1.305,1.278,1.298,572316.3,0
2024-05-03 02:00:00,1.297,1.312,1.294,1.309,760803.96,0
2024-05-03 03:00:00,1.308,1.321,1.3,1.304,774763.71,0
2024-05-03 04:00:00,1.304,1.308,1.292,1.298,398726.05,0
2024-05-03 05:00:00,1.299,1.308,1.293,1.296,651663.9,0
2024-05-03 06:00:00,1.296,1.302,1.287,1.289,427130.3,0
2024-05-03 07:00:00,1.289,1.304,1.288,1.291,514698.58,0
2024-05-03 08:00:00,1.292,1.324,1.289,1.311,731925.83,0
2024-05-03 09:00:00,1.312,1.321,1.306,1.306,455091.54,0
2024-05-03 10:00:00,1.306,1.313,1.28,1.293,1223699.97,0
2024-05-03 11:00:00,1.292,1.292,1.279,1.283,866510.83,0
2024-05-03 12:00:00,1.283,1.327,1.279,1.32,2069249.9,0
2024-05-03 13:00:00,1.319,1.327,1.304,1.315,1314539.2,0
2024-05-03 14:00:00,1.316,1.316,1.298,1.313,1100805.71,0
2024-05-03 15:00:00,1.314,1.332,1.303,1.322,915332.44,0
2024-05-03 16:00:00,1.323,1.345,1.322,1.335,769707.95,0
2024-05-03 17:00:00,1.335,1.346,1.332,1.334,466658.81,0
2024-05-03 18:00:00,1.334,1.342,1.329,1.338,353404.8,0
2024-05-03 19:00:00,1.338,1.343,1.331,1.342,364126.15,0
2024-05-03 20:00:00,1.342,1.369,1.34,1.358,1283761.15,0
2024-05-03 21:00:00,1.358,1.362,1.343,1.352,477589.44,0
2024-05-03 22:00:00,1.352,1.359,1.345,1.358,312220.37,0
2024-05-03 23:00:00,1.358,1.369,1.354,1.358,612460.89,0
2024-05-04 00:00:00,1.359,1.372,1.347,1.364,603209.37,0
2024-05-04 01:00:00,1.363,1.378,1.361,1.364,548450.3,0
2024-05-04 02:00:00,1.364,1.366,1.342,1.349,867568.27,0
2024-05-04 03:00:00,1.35,1.355,1.345,1.349,455428.95,0
2024-05-04 04:00:00,1.349,1.356,1.34,1.352,579943.77,0
2024-05-04 05:00:00,1.352,1.354,1.343,1.349,349726.6,0
2024-05-04 06:00:00,1.349,1.349,1.341,1.342,266713.37,0
2024-05-04 07:00:00,1.343,1.346,1.337,1.341,361846.32,0
2024-05-04 08:00:00,1.341,1.361,1.34,1.354,582432.28,0
2024-05-04 09:00:00,1.355,1.365,1.352,1.364,422775.21,0
2024-05-04 10:00:00,1.363,1.38,1.36,1.38,572575.27,0
2024-05-04 11:00:00,1.379,1.391,1.363,1.367,1043112.16,0
2024-05-04 12:00:00,1.367,1.375,1.363,1.373,817495.17,0
2024-05-04 13:00:00,1.373,1.375,1.349,1.357,740262.8,0
2024-05-04 14:00:00,1.356,1.359,1.346,1.355,549584.42,0
2024-05-04 15:00:00,1.355,1.368,1.352,1.363,485672.02,0
2024-05-04 16:00:00,1.364,1.365,1.349,1.357,369082.84,0
2024-05-04 17:00:00,1.358,1.359,1.343,1.349,432780.83,0
2024-05-04 18:00:00,1.349,1.359,1.348,1.353,239840.79,0
2024-05-04 19:00:00,1.352,1.36,1.349,1.359,192291.17,0
2024-05-04 20:00:00,1.359,1.363,1.349,1.35,185678.68,0
2024-05-04 21:00:00,1.35,1.352,1.338,1.348,230782.96,0
2024-05-04 22:00:00,1.349,1.35,1.34,1.34,336186.28,0
2024-05-04 23:00:00,1.341,1.348,1.34,1.345,279941.12,0
2024-05-05 00:00:00,1.346,1.352,1.33,1.342,466461.0,0
2024-05-05 01:00:00,1.342,1.343,1.309,1.323,1026755.1,0
2024-05-05 02:00:00,1.323,1.33,1.316,1.317,378979.72,0
2024-05-05 03:00:00,1.316,1.321,1.31,1.317,352268.7,0
2024-05-05 04:00:00,1.318,1.325,1.316,1.321,230030.09,0
2024-05-05 05:00:00,1.321,1.324,1.309,1.312,302078.06,0
2024-05-05 06:00:00,1.311,1.321,1.308,1.319,211623.47,0
2024-05-05 07:00:00,1.317,1.331,1.316,1.325,475329.85,0
2024-05-05 08:00:00,1.326,1.353,1.324,1.343,575069.08,0
2024-05-05 09:00:00,1.343,1.356,1.337,1.347,692312.57,0
2024-05-05 10:00:00,1.347,1.355,1.332,1.34,736928.44,0
2024-05-05 11:00:00,1.339,1.34,1.329,1.335,344965.03,0
2024-05-05 12:00:00,1.335,1.344,1.327,1.331,589934.32,0
2024-05-05 13:00:00,1.331,1.345,1.323,1.344,659068.83,0
2024-05-05 14:00:00,1.344,1.349,1.331,1.348,461499.41,0
2024-05-05 15:00:00,1.348,1.361,1.347,1.352,1022210.43,0
2024-05-05 16:00:00,1.352,1.357,1.342,1.347,686215.39,0
2024-05-05 17:00:00,1.347,1.358,1.341,1.351,403600.89,0
2024-05-05 18:00:00,1.351,1.355,1.339,1.35,613744.77,0
2024-05-05 19:00:00,1.35,1.359,1.345,1.356,283882.62,0
2024-05-05 20:00:00,1.355,1.369,1.351,1.369,601285.5,0
2024-05-05 21:00:00,1.368,1.372,1.356,1.363,489789.34,0
2024-05-05 22:00:00,1.362,1.362,1.352,1.359,273761.52,0
2024-05-05 23:00:00,1.359,1.366,1.357,1.364,229489.31,0
2024-05-06 00:00:00,1.364,1.38,1.36,1.378,523349.1,0
2024-05-06 01:00:00,1.378,1.386,1.367,1.372,494203.31,0
2024-05-06 02:00:00,1.373,1.376,1.361,1.361,430895.6,0
2024-05-06 03:00:00,1.361,1.368,1.349,1.357,407639.13,0
2024-05-06 04:00:00,1.357,1.365,1.352,1.364,245151.47,0
2024-05-06 05:00:00,1.363,1.376,1.357,1.371,494344.51,0
2024-05-06 06:00:00,1.371,1.383,1.368,1.369,1162661.59,0
2024-05-06 07:00:00,1.369,1.385,1.361,1.384,585752.28,0
2024-05-06 08:00:00,1.383,1.419,1.382,1.405,2148679.68,0
2024-05-06 09:00:00,1.405,1.429,1.405,1.423,1151209.78,0
2024-05-06 10:00:00,1.423,1.427,1.368,1.371,2183101.03,0
2024-05-06 11:00:00,1.371,1.388,1.37,1.384,946066.13,0
2024-05-06 12:00:00,1.384,1.388,1.319,1.342,3228536.49,0
2024-05-06 13:00:00,1.341,1.358,1.334,1.356,1288182.26,0
2024-05-06 14:00:00,1.356,1.364,1.331,1.332,1237647.29,0
2024-05-06 15:00:00,1.332,1.347,1.322,1.339,2539997.87,0
2024-05-06 16:00:00,1.339,1.34,1.313,1.316,1475886.9,0
2024-05-06 17:00:00,1.316,1.326,1.306,1.313,1363365.3,0
2024-05-06 18:00:00,1.314,1.328,1.311,1.325,501185.21,0
2024-05-06 19:00:00,1.326,1.326,1.305,1.326,489460.99,0
2024-05-06 20:00:00,1.326,1.334,1.32,1.333,358911.35,0
2024-05-06 21:00:00,1.333,1.335,1.328,1.333,220633.48,0
2024-05-06 22:00:00,1.332,1.332,1.323,1.327,194947.26,0
2024-05-06 23:00:00,1.327,1.328,1.316,1.316,195244.68,0
2024-05-07 00:00:00,1.317,1.328,1.303,1.309,1984407.17,0
2024-05-07 01:00:00,1.309,1.326,1.293,1.324,957296.06,0
2024-05-07 02:00:00,1.323,1.327,1.317,1.318,353057.96,0
2024-05-07 03:00:00,1.318,1.319,1.278,1.287,1592950.2,0
2024-05-07 04:00:00,1.286,1.3,1.285,1.295,397415.85,0
2024-05-07 05:00:00,1.295,1.297,1.279,1.291,505551.52,0
2024-05-07 06:00:00,1.291,1.294,1.279,1.289,615933.83,0
2024-05-07 07:00:00,1.289,1.295,1.284,1.285,492400.7,0
2024-05-07 08:00:00,1.285,1.314,1.281,1.305,950922.97,0
2024-05-07 09:00:00,1.306,1.314,1.303,1.305,582062.39,0
2024-05-07 10:00:00,1.304,1.307,1.288,1.298,786273.75,0
2024-05-07 11:00:00,1.298,1.302,1.274,1.275,931273.59,0
2024-05-07 12:00:00,1.274,1.283,1.271,1.281,858340.34,0
2024-05-07 13:00:00,1.281,1.284,1.258,1.272,807088.39,0
2024-05-07 14:00:00,1.272,1.285,1.262,1.284,759937.71,0
2024-05-07 15:00:00,1.284,1.293,1.274,1.277,1198583.92,0
2024-05-07 16:00:00,1.276,1.284,1.275,1.284,491767.85,0
2024-05-07 17:00:00,1.283,1.283,1.274,1.28,872663.71,0
2024-05-07 18:00:00,1.28,1.28,1.263,1.271,432048.54,0
2024-05-07 19:00:00,1.272,1.272,1.262,1.264,277073.87,0
2024-05-07 20:00:00,1.264,1.271,1.261,1.264,645394.21,0
2024-05-07 21:00:00,1.263,1.268,1.249,1.258,580512.91,0
2024-05-07 22:00:00,1.257,1.259,1.246,1.25,371891.08,0
2024-05-07 23:00:00,1.251,1.251,1.231,1.234,820978.73,0
2024-05-08 00:00:00,1.233,1.237,1.21,1.232,871866.88,0
2024-05-08 01:00:00,1.232,1.236,1.219,1.222,330684.27,0
2024-05-08 02:00:00,1.223,1.233,1.222,1.23,293379.32,0
2024-05-08 03:00:00,1.229,1.24,1.225,1.237,269322.09,0
2024-05-08 04:00:00,1.237,1.244,1.226,1.235,317312.08,0
2024-05-08 05:00:00,1.235,1.241,1.228,1.233,342205.23,0
2024-05-08 06:00:00,1.233,1.236,1.219,1.232,816809.08,0
2024-05-08 07:00:00,1.231,1.238,1.22,1.226,412430.63,0
2024-05-08 08:00:00,1.226,1.239,1.22,1.239,571935.79,0
2024-05-08 09:00:00,1.239,1.241,1.226,1.239,413687.5,0
2024-05-08 10:00:00,1.239,1.26,1.238,1.255,914611.39,0
2024-05-08 11:00:00,1.255,1.26,1.241,1.243,521173.5,0
2024-05-08 12:00:00,1.242,1.272,1.241,1.272,789809.76,0
2024-05-08 13:00:00,1.271,1.275,1.254,1.272,1233281.95,0
2024-05-08 14:00:00,1.272,1.285,1.265,1.277,797768.11,0
2024-05-08 15:00:00,1.278,1.279,1.253,1.26,912379.94,0
2024-05-08 16:00:00,1.26,1.268,1.246,1.268,540788.31,0
2024-05-08 17:00:00,1.268,1.276,1.266,1.27,590500.36,0
2024-05-08 18:00:00,1.27,1.278,1.261,1.262,400084.36,0
2024-05-08 19:00:00,1.262,1.265,1.248,1.258,413465.45,0
2024-05-08 20:00:00,1.258,1.264,1.221,1.234,875484.0,0
2024-05-08 21:00:00,1.234,1.243,1.228,1.241,425463.78,0
2024-05-08 22:00:00,1.24,1.243,1.23,1.232,323932.28,0
2024-05-08 23:00:00,1.233,1.236,1.226,1.232,372895.02,0
2024-05-09 00:00:00,1.232,1.255,1.23,1.253,335792.31,0
2024-05-09 01:00:00,1.252,1.258,1.244,1.254,431978.7,0
2024-05-09 02:00:00,1.254,1.263,1.245,1.257,503027.53,0
2024-05-09 03:00:00,1.257,1.26,1.251,1.252,299037.33,0
2024-05-09 04:00:00,1.251,1.259,1.25,1.25,239378.24,0
2024-05-09 05:00:00,1.25,1.256,1.248,1.251,267547.43,0
2024-05-09 06:00:00,1.251,1.262,1.251,1.255,322757.24,0
2024-05-09 07:00:00,1.254,1.254,1.233,1.238,292444.55,0
2024-05-09 08:00:00,1.238,1.251,1.234,1.251,304170.07,0
2024-05-09 09:00:00,1.251,1.253,1.221,1.231,762118.15,0
2024-05-09 10:00:00,1.23,1.231,1.211,1.212,557431.03,0
2024-05-09 11:00:00,1.213,1.235,1.212,1.227,550362.67,0
2024-05-09 12:00:00,1.228,1.243,1.225,1.235,233587.73,0
2024-05-09 13:00:00,1.235,1.238,1.211,1.222,723939.0,0
2024-05-09 14:00:00,1.223,1.234,1.22,1.233,500147.77,0
2024-05-09 15:00:00,1.233,1.25,1.231,1.246,832165.17,0
2024-05-09 16:00:00,1.246,1.256,1.228,1.23,511680.73,0
2024-05-09 17:00:00,1.229,1.239,1.226,1.23,414160.65,0
2024-05-09 18:00:00,1.231,1.248,1.231,1.246,349770.05,0
2024-05-09 19:00:00,1.247,1.255,1.245,1.253,251594.11,0
2024-05-09 20:00:00,1.253,1.256,1.244,1.249,302350.6,0
2024-05-09 21:00:00,1.248,1.255,1.247,1.253,253167.47,0
2024-05-09 22:00:00,1.252,1.276,1.251,1.274,557065.21,0
2024-05-09 23:00:00,1.274,1.275,1.261,1.263,451535.42,0
2024-05-10 00:00:00,1.263,1.265,1.258,1.264,259118.9,0
2024-05-10 01:00:00,1.264,1.273,1.258,1.271,266050.26,0
2024-05-10 02:00:00,1.27,1.27,1.263,1.267,180946.34,0
2024-05-10 03:00:00,1.267,1.267,1.26,1.265,274331.83,0
2024-05-10 04:00:00,1.265,1.271,1.261,1.268,250107.14,0
2024-05-10 05:00:00,1.268,1.27,1.259,1.263,186522.65,0
2024-05-10 06:00:00,1.263,1.273,1.261,1.271,206655.99,0
2024-05-10 07:00:00,1.272,1.288,1.264,1.285,938130.44,0
2024-05-10 08:00:00,1.285,1.288,1.275,1.279,252628.53,0
2024-05-10 09:00:00,1.279,1.279,1.271,1.274,229235.68,0
2024-05-10 10:00:00,1.274,1.276,1.27,1.274,186626.12,0
2024-05-10 11:00:00,1.275,1.277,1.266,1.276,320839.47,0
2024-05-10 12:00:00,1.276,1.277,1.263,1.266,298141.23,0
2024-05-10 13:00:00,1.266,1.271,1.26,1.264,349182.22,0
2024-05-10 14:00:00,1.264,1.267,1.206,1.219,1926400.28,0
2024-05-10 15:00:00,1.219,1.231,1.211,1.216,1159755.89,0
2024-05-10 16:00:00,1.216,1.225,1.196,1.216,1289588.63,0
2024-05-10 17:00:00,1.215,1.219,1.196,1.202,863511.88,0
2024-05-10 18:00:00,1.201,1.213,1.197,1.211,297964.07,0
2024-05-10 19:00:00,1.211,1.216,1.2,1.206,204732.59,0
2024-05-10 20:00:00,1.205,1.211,1.19,1.199,445739.05,0
2024-05-10 21:00:00,1.198,1.213,1.196,1.209,316039.21,0
2024-05-10 22:00:00,1.208,1.209,1.196,1.203,513487.49,0
2024-05-10 23:00:00,1.202,1.212,1.202,1.206,255424.11,0
2024-05-11 00:00:00,1.206,1.215,1.202,1.209,268409.86,0
2024-05-11 01:00:00,1.208,1.247,1.208,1.215,1081691.83,0
2024-05-11 02:00:00,1.216,1.217,1.21,1.214,286222.66,0
2024-05-11 03:00:00,1.214,1.221,1.21,1.215,221110.27,0
2024-05-11 04:00:00,1.215,1.215,1.21,1.212,115835.0,0
2024-05-11 05:00:00,1.211,1.221,1.21,1.216,101002.4,0
2024-05-11 06:00:00,1.216,1.226,1.214,1.217,224267.83,0
2024-05-11 07:00:00,1.218,1.224,1.215,1.222,174665.46,0
2024-05-11 08:00:00,1.222,1.224,1.215,1.216,199070.29,0
2024-05-11 09:00:00,1.217,1.219,1.207,1.213,242179.22,0
2024-05-11 10:00:00,1.213,1.213,1.201,1.206,260845.33,0
2024-05-11 11:00:00,1.207,1.208,1.196,1.204,365695.65,0
2024-05-11 12:00:00,1.205,1.211,1.203,1.209,265262.04,0
2024-05-11 13:00:00,1.21,1.226,1.207,1.224,380320.71,0
2024-05-11 14:00:00,1.224,1.226,1.218,1.223,257654.97,0
2024-05-11 15:00:00,1.223,1.241,1.218,1.231,656354.52,0
2024-05-11 16:00:00,1.23,1.241,1.229,1.239,308060.65,0
2024-05-11 17:00:00,1.239,1.243,1.232,1.233,219813.69,0
2024-05-11 18:00:00,1.234,1.245,1.232,1.242,286416.29,0
2024-05-11 19:00:00,1.241,1.247,1.237,1.245,233352.18,0
2024-05-11 20:00:00,1.245,1.246,1.229,1.236,261524.17,0
2024-05-11 21:00:00,1.236,1.236,1.225,1.228,224242.48,0
2024-05-11 22:00:00,1.229,1.233,1.225,1.227,181363.13,0
2024-05-11 23:00:00,1.226,1.229,1.216,1.222,117445.3,0
2024-05-12 00:00:00,1.222,1.231,1.221,1.227,157746.27,0
2024-05-12 01:00:00,1.228,1.232,1.224,1.227,93005.58,0
2024-05-12 02:00:00,1.226,1.228,1.221,1.222,142215.26,0
2024-05-12 03:00:00,1.222,1.223,1.217,1.221,201624.81,0
2024-05-12 04:00:00,1.221,1.226,1.219,1.226,182160.88,0
2024-05-12 05:00:00,1.226,1.226,1.22,1.22,197249.67,0
2024-05-12 06:00:00,1.221,1.222,1.215,1.217,128848.63,0
2024-05-12 07:00:00,1.216,1.22,1.205,1.211,420953.31,0
2024-05-12 08:00:00,1.21,1.217,1.204,1.215,276546.88,0
2024-05-12 09:00:00,1.216,1.219,1.205,1.21,279925.03,0
2024-05-12 10:00:00,1.21,1.226,1.207,1.216,429411.35,0
2024-05-12 11:00:00,1.216,1.221,1.212,1.216,165648.13,0
2024-05-12 12:00:00,1.217,1.217,1.21,1.215,224845.45,0
2024-05-12 13:00:00,1.215,1.22,1.212,1.22,232578.17,0
2024-05-12 14:00:00,1.22,1.221,1.209,1.211,169094.51,0
2024-05-12 15:00:00,1.211,1.224,1.207,1.219,304901.52,0
2024-05-12 16:00:00,1.219,1.229,1.212,1.212,343151.83,0
2024-05-12 17:00:00,1.212,1.216,1.208,1.214,123943.78,0
2024-05-12 18:00:00,1.214,1.216,1.209,1.21,165640.81,0
2024-05-12 19:00:00,1.21,1.212,1.205,1.211,314255.74,0
2024-05-12 20:00:00,1.211,1.212,1.205,1.205,94477.72,0
2024-05-12 21:00:00,1.205,1.208,1.195,1.204,422803.24,0
2024-05-12 22:00:00,1.204,1.205,1.2,1.203,139347.34,0
2024-05-12 23:00:00,1.203,1.206,1.193,1.198,212285.99,0
2024-05-13 00:00:00,1.198,1.199,1.183,1.185,541380.61,0
2024-05-13 01:00:00,1.185,1.186,1.156,1.169,965240.73,0
2024-05-13 02:00:00,1.168,1.173,1.133,1.142,1269839.38,0
2024-05-13 03:00:00,1.142,1.147,1.123,1.147,820844.06,0
2024-05-13 04:00:00,1.147,1.15,1.141,1.148,329834.07,0
2024-05-13 05:00:00,1.149,1.165,1.147,1.156,453389.46,0
2024-05-13 06:00:00,1.157,1.186,1.155,1.186,463485.11,0
2024-05-13 07:00:00,1.185,1.211,1.185,1.208,783826.28,0
2024-05-13 08:00:00,1.209,1.217,1.205,1.208,702197.15,0
2024-05-13 09:00:00,1.209,1.218,1.203,1.21,428018.89,0
2024-05-13 10:00:00,1.209,1.218,1.194,1.203,808161.9,0
2024-05-13 11:00:00,1.203,1.205,1.193,1.2,397437.54,0
2024-05-13 12:00:00,1.201,1.202,1.189,1.196,555519.98,0
2024-05-13 13:00:00,1.196,1.2,1.184,1.185,589974.63,0
2024-05-13 14:00:00,1.185,1.197,1.181,1.182,601541.22,0
2024-05-13 15:00:00,1.181,1.194,1.18,1.188,459066.96,0
2024-05-13 16:00:00,1.187,1.208,1.185,1.202,699746.51,0
2024-05-13 17:00:00,1.202,1.203,1.18,1.184,672108.98,0
2024-05-13 18:00:00,1.184,1.185,1.174,1.182,413353.45,0
2024-05-13 19:00:00,1.183,1.188,1.181,1.183,321479.23,0
2024-05-13 20:00:00,1.183,1.185,1.179,1.181,179216.51,0
2024-05-13 21:00:00,1.181,1.187,1.18,1.185,109147.66,0
2024-05-13 22:00:00,1.186,1.188,1.176,1.177,232509.12,0
2024-05-13 23:00:00,1.176,1.185,1.176,1.181,443649.09,0
2024-05-14 00:00:00,1.181,1.189,1.175,1.179,366886.77,0
2024-05-14 01:00:00,1.179,1.183,1.165,1.167,623098.42,0
2024-05-14 02:00:00,1.167,1.17,1.156,1.166,702559.25,0
2024-05-14 03:00:00,1.166,1.173,1.157,1.163,422342.36,0
2024-05-14 04:00:00,1.162,1.171,1.161,1.168,296051.61,0
2024-05-14 05:00:00,1.168,1.179,1.166,1.169,577614.36,0
2024-05-14 06:00:00,1.168,1.169,1.138,1.156,1366948.16,0
2024-05-14 07:00:00,1.157,1.159,1.151,1.157,612195.05,0
2024-05-14 08:00:00,1.157,1.158,1.14,1.145,771061.44,0
2024-05-14 09:00:00,1.145,1.15,1.142,1.144,546403.09,0
2024-05-14 10:00:00,1.145,1.151,1.142,1.147,829037.29,0
2024-05-14 11:00:00,1.147,1.149,1.138,1.143,554833.5,0
2024-05-14 12:00:00,1.143,1.161,1.136,1.144,1783292.28,0
2024-05-14 13:00:00,1.143,1.161,1.139,1.148,1084943.85,0
2024-05-14 14:00:00,1.148,1.159,1.134,1.144,1354177.27,0
2024-05-14 15:00:00,1.144,1.157,1.137,1.148,866963.48,0
2024-05-14 16:00:00,1.148,1.15,1.137,1.146,1053926.49,0
2024-05-14 17:00:00,1.146,1.151,1.134,1.147,1004155.38,0
2024-05-14 18:00:00,1.147,1.164,1.145,1.16,615515.13,0
2024-05-14 19:00:00,1.16,1.182,1.158,1.167,615596.65,0
2024-05-14 20:00:00,1.167,1.17,1.161,1.17,434682.87,0
2024-05-14 21:00:00,1.17,1.179,1.16,1.162,459757.88,0
2024-05-14 22:00:00,1.161,1.163,1.149,1.157,283356.47,0
2024-05-14 23:00:00,1.157,1.157,1.147,1.152,194776.1,0
2024-05-15 00:00:00,1.152,1.16,1.141,1.147,500883.92,0
2024-05-15 01:00:00,1.146,1.166,1.146,1.159,445229.14,0
2024-05-15 02:00:00,1.159,1.171,1.157,1.167,473142.84,0
2024-05-15 03:00:00,1.168,1.174,1.167,1.171,540194.51,0
2024-05-15 04:00:00,1.171,1.173,1.166,1.168,389503.47,0
2024-05-15 05:00:00,1.168,1.17,1.16,1.166,307302.8,0
2024-05-15 06:00:00,1.166,1.174,1.158,1.163,420082.57,0
2024-05-15 07:00:00,1.163,1.166,1.156,1.16,343890.51,0
2024-05-15 08:00:00,1.161,1.163,1.151,1.155,548428.95,0
2024-05-15 09:00:00,1.155,1.165,1.142,1.158,976790.12,0
2024-05-15 10:00:00,1.158,1.167,1.154,1.159,537288.55,0
2024-05-15 11:00:00,1.158,1.162,1.137,1.138,1268109.52,0
2024-05-15 12:00:00,1.138,1.176,1.133,1.172,2552148.67,0
2024-05-15 13:00:00,1.171,1.173,1.151,1.155,1714595.69,0
2024-05-15 14:00:00,1.155,1.164,1.154,1.162,1436412.73,0
2024-05-15 15:00:00,1.162,1.167,1.157,1.16,1047835.95,0
2024-05-15 16:00:00,1.161,1.166,1.142,1.15,1656006.31,0
2024-05-15 17:00:00,1.15,1.151,1.135,1.14,1457386.71,0
2024-05-15 18:00:00,1.139,1.148,1.128,1.147,1279326.67,0
2024-05-15 19:00:00,1.147,1.168,1.143,1.168,1229663.41,0
2024-05-15 20:00:00,1.167,1.177,1.16,1.164,1362576.53,0
2024-05-15 21:00:00,1.164,1.169,1.159,1.161,833191.52,0
2024-05-15 22:00:00,1.161,1.165,1.159,1.16,582059.91,0
2024-05-15 23:00:00,1.16,1.19,1.158,1.188,1450467.0,0
2024-05-16 00:00:00,1.188,1.198,1.175,1.192,1784923.87,0
2024-05-16 01:00:00,1.192,1.194,1.169,1.173,711764.65,0
2024-05-16 02:00:00,1.173,1.179,1.162,1.167,1099229.91,0
2024-05-16 03:00:00,1.167,1.18,1.16,1.172,839872.23,0
2024-05-16 04:00:00,1.173,1.18,1.167,1.167,691531.89,0
2024-05-16 05:00:00,1.167,1.168,1.159,1.165,1244428.26,0
2024-05-16 06:00:00,1.164,1.172,1.16,1.172,502631.32,0
2024-05-16 07:00:00,1.172,1.181,1.166,1.167,1058806.57,0
2024-05-16 08:00:00,1.168,1.177,1.159,1.161,1197086.88,0
2024-05-16 09:00:00,1.161,1.162,1.15,1.16,1012357.18,0
2024-05-16 10:00:00,1.161,1.164,1.141,1.146,1414501.37,0
2024-05-16 11:00:00,1.146,1.151,1.14,1.147,1082097.69,0
2024-05-16 12:00:00,1.146,1.146,1.125,1.129,1808283.57,0
2024-05-16 13:00:00,1.129,1.134,1.11,1.132,2338751.45,0
2024-05-16 14:00:00,1.132,1.132,1.088,1.095,2912593.32,0
2024-05-16 15:00:00,1.095,1.109,1.093,1.108,1261079.02,0
2024-05-16 16:00:00,1.108,1.108,1.091,1.095,1192341.96,0
2024-05-16 17:00:00,1.096,1.099,1.072,1.089,2262841.36,0
2024-05-16 18:00:00,1.089,1.097,1.085,1.091,970139.85,0
2024-05-16 19:00:00,1.09,1.1,1.086,1.094,658459.1,0
2024-05-16 20:00:00,1.093,1.094,1.077,1.089,898363.86,0
2024-05-16 21:00:00,1.09,1.108,1.089,1.102,654349.52,0
2024-05-16 22:00:00,1.102,1.106,1.092,1.102,578414.11,0
2024-05-16 23:00:00,1.103,1.109,1.098,1.104,623321.12,0
2024-05-17 00:00:00,1.104,1.107,1.095,1.103,486894.9,0
2024-05-17 01:00:00,1.102,1.102,1.084,1.097,733506.57,0
2024-05-17 02:00:00,1.097,1.109,1.095,1.104,578331.25,0
2024-05-17 03:00:00,1.104,1.111,1.101,1.102,583601.22,0
2024-05-17 04:00:00,1.102,1.11,1.102,1.106,488772.14,0
2024-05-17 05:00:00,1.105,1.118,1.105,1.116,445524.36,0
2024-05-17 06:00:00,1.116,1.119,1.104,1.116,807146.43,0
2024-05-17 07:00:00,1.116,1.145,1.112,1.138,2284504.12,0
2024-05-17 08:00:00,1.139,1.144,1.124,1.132,1413381.79,0
2024-05-17 09:00:00,1.132,1.138,1.125,1.132,992006.85,0
2024-05-17 10:00:00,1.131,1.133,1.123,1.127,788043.09,0
2024-05-17 11:00:00,1.127,1.136,1.123,1.132,571433.02,0
2024-05-17 12:00:00,1.132,1.158,1.131,1.15,1293727.63,0
2024-05-17 13:00:00,1.15,1.153,1.124,1.131,1123897.25,0
2024-05-17 14:00:00,1.131,1.149,1.131,1.149,781992.86,0
2024-05-17 15:00:00,1.148,1.161,1.14,1.161,1502907.96,0
2024-05-17 16:00:00,1.161,1.175,1.157,1.159,1560555.81,0
2024-05-17 17:00:00,1.158,1.165,1.146,1.149,1088229.75,0
2024-05-17 18:00:00,1.148,1.152,1.135,1.15,1015365.2,0
2024-05-17 19:00:00,1.15,1.153,1.145,1.152,381302.92,0
2024-05-17 20:00:00,1.152,1.166,1.148,1.163,537025.64,0
2024-05-17 21:00:00,1.163,1.171,1.157,1.161,363779.56,0
2024-05-17 22:00:00,1.16,1.17,1.159,1.168,419552.93,0
2024-05-17 23:00:00,1.168,1.168,1.151,1.153,278376.51,0
2024-05-18 00:00:00,1.154,1.163,1.152,1.154,575936.57,0
2024-05-18 01:00:00,1.154,1.161,1.147,1.156,585141.38,0
2024-05-18 02:00:00,1.156,1.163,1.144,1.154,586523.29,0
2024-05-18 03:00:00,1.153,1.17,1.153,1.17,512394.37,0
2024-05-18 04:00:00,1.169,1.176,1.165,1.172,634818.71,0
2024-05-18 05:00:00,1.172,1.175,1.159,1.159,355769.54,0
2024-05-18 06:00:00,1.16,1.161,1.15,1.155,426402.05,0
2024-05-18 07:00:00,1.155,1.158,1.149,1.151,797776.07,0
2024-05-18 08:00:00,1.152,1.162,1.15,1.161,441314.66,0
2024-05-18 09:00:00,1.16,1.162,1.153,1.16,548032.49,0
2024-05-18 10:00:00,1.16,1.161,1.145,1.152,931757.39,0
2024-05-18 11:00:00,1.152,1.154,1.146,1.15,622038.95,0
2024-05-18 12:00:00,1.15,1.151,1.139,1.139,736026.12,0
2024-05-18 13:00:00,1.14,1.142,1.128,1.133,1342490.39,0
2024-05-18 14:00:00,1.133,1.14,1.126,1.135,784140.05,0
2024-05-18 15:00:00,1.136,1.143,1.131,1.142,601730.49,0
2024-05-18 16:00:00,1.141,1.15,1.131,1.134,784998.04,0
2024-05-18 17:00:00,1.135,1.141,1.134,1.14,421870.15,0
2024-05-18 18:00:00,1.139,1.146,1.139,1.144,339469.67,0
2024-05-18 19:00:00,1.144,1.149,1.142,1.146,613498.13,0
2024-05-18 20:00:00,1.146,1.159,1.145,1.157,674833.23,0
2024-05-18 21:00:00,1.157,1.164,1.15,1.152,578545.01,0
2024-05-18 22:00:00,1.152,1.155,1.146,1.147,312264.88,0
2024-05-18 23:00:00,1.148,1.158,1.145,1.154,347728.85,0
2024-05-19 00:00:00,1.155,1.155,1.144,1.144,372314.5,0
2024-05-19 01:00:00,1.145,1.15,1.14,1.141,282960.21,0
2024-05-19 02:00:00,1.142,1.161,1.138,1.156,852706.21,0
2024-05-19 03:00:00,1.156,1.164,1.145,1.146,755095.19,0
2024-05-19 04:00:00,1.146,1.147,1.134,1.14,682975.85,0
2024-05-19 05:00:00,1.14,1.141,1.125,1.125,626825.3,0
2024-05-19 06:00:00,1.125,1.129,1.118,1.121,953482.97,0
2024-05-19 07:00:00,1.121,1.129,1.12,1.129,402987.28,0
2024-05-19 08:00:00,1.128,1.128,1.116,1.116,497143.96,0
2024-05-19 09:00:00,1.117,1.123,1.113,1.123,828388.32,0
2024-05-19 10:00:00,1.123,1.135,1.12,1.123,1006013.39,0
2024-05-19 11:00:00,1.124,1.124,1.103,1.114,1071579.77,0
2024-05-19 12:00:00,1.114,1.114,1.087,1.091,1365972.53,0
2024-05-19 13:00:00,1.091,1.095,1.08,1.094,1293039.44,0
2024-05-19 14:00:00,1.093,1.094,1.074,1.079,1399343.84,0
2024-05-19 15:00:00,1.079,1.083,1.067,1.075,1106640.0,0
2024-05-19 16:00:00,1.075,1.075,1.039,1.046,2439685.71,0
2024-05-19 17:00:00,1.045,1.058,1.042,1.056,1139479.24,0
2024-05-19 18:00:00,1.056,1.056,1.048,1.052,574341.63,0
2024-05-19 19:00:00,1.052,1.065,1.05,1.06,809478.5,0
2024-05-19 20:00:00,1.059,1.065,1.056,1.065,733899.5,0
2024-05-19 21:00:00,1.064,1.068,1.05,1.057,883196.12,0
2024-05-19 22:00:00,1.057,1.058,1.052,1.057,298508.71,0
2024-05-19 23:00:00,1.056,1.059,1.052,1.056,391770.51,0
2024-05-20 00:00:00,1.056,1.056,1.042,1.049,1047438.56,0
2024-05-20 01:00:00,1.05,1.053,1.02,1.042,2131652.8,0
2024-05-20 02:00:00,1.041,1.062,1.039,1.058,1604340.06,0
2024-05-20 03:00:00,1.058,1.067,1.056,1.063,855091.69,0
2024-05-20 04:00:00,1.062,1.085,1.061,1.08,2225786.54,0
2024-05-20 05:00:00,1.08,1.096,1.079,1.087,1778398.14,0
2024-05-20 06:00:00,1.087,1.088,1.056,1.062,940298.89,0
2024-05-20 07:00:00,1.062,1.089,1.06,1.08,853244.89,0
2024-05-20 08:00:00,1.081,1.087,1.08,1.085,707843.1,0
2024-05-20 09:00:00,1.084,1.09,1.082,1.086,825342.79,0
2024-05-20 10:00:00,1.085,1.103,1.084,1.087,812577.47,0
2024-05-20 11:00:00,1.087,1.095,1.076,1.081,1152644.95,0
2024-05-20 12:00:00,1.081,1.087,1.076,1.085,538460.96,0
2024-05-20 13:00:00,1.084,1.092,1.074,1.084,1126407.87,0
2024-05-20 14:00:00,1.084,1.085,1.071,1.078,678979.63,0
2024-05-20 15:00:00,1.079,1.095,1.075,1.095,820948.01,0
2024-05-20 16:00:00,1.095,1.099,1.082,1.09,1294444.98,0
2024-05-20 17:00:00,1.09,1.096,1.082,1.09,986580.54,0
2024-05-20 18:00:00,1.09,1.105,1.089,1.097,851338.46,0
2024-05-20 19:00:00,1.098,1.178,1.088,1.156,6746900.1,0
2024-05-20 20:00:00,1.156,1.179,1.142,1.16,3604716.14,0
2024-05-20 21:00:00,1.16,1.18,1.146,1.179,2098291.82,0
2024-05-20 22:00:00,1.179,1.189,1.171,1.172,2200239.14,0
2024-05-20 23:00:00,1.172,1.219,1.167,1.209,4042259.07,0
2024-05-21 00:00:00,1.209,1.252,1.204,1.235,2547600.32,0
2024-05-21 01:00:00,1.235,1.239,1.188,1.227,2650358.62,0
2024-05-21 02:00:00,1.227,1.238,1.215,1.216,1651621.08,0
2024-05-21 03:00:00,1.216,1.233,1.211,1.222,1374745.24,0
2024-05-21 04:00:00,1.222,1.226,1.203,1.203,1029798.97,0
2024-05-21 05:00:00,1.204,1.225,1.196,1.224,1466310.17,0
2024-05-21 06:00:00,1.223,1.229,1.203,1.208,1640617.09,0
2024-05-21 07:00:00,1.208,1.22,1.2,1.218,739068.24,0
2024-05-21 08:00:00,1.219,1.238,1.215,1.231,2084387.38,0
2024-05-21 09:00:00,1.231,1.252,1.219,1.248,2344303.23,0
2024-05-21 10:00:00,1.249,1.264,1.238,1.242,2329699.56,0
2024-05-21 11:00:00,1.242,1.281,1.241,1.261,2472909.33,0
2024-05-21 12:00:00,1.262,1.272,1.246,1.248,3023641.13,0
2024-05-21 13:00:00,1.247,1.266,1.242,1.244,2124755.66,0
2024-05-21 14:00:00,1.244,1.251,1.211,1.219,3343290.77,0
2024-05-21 15:00:00,1.22,1.232,1.203,1.21,1658385.73,0
2024-05-21 16:00:00,1.21,1.239,1.207,1.226,2288799.61,0
2024-05-21 17:00:00,1.226,1.233,1.22,1.23,1191562.68,0
2024-05-21 18:00:00,1.229,1.234,1.218,1.225,1170700.38,0
2024-05-21 19:00:00,1.224,1.226,1.198,1.21,1981670.17,0
2024-05-21 20:00:00,1.21,1.247,1.21,1.239,1617308.51,0
2024-05-21 21:00:00,1.238,1.24,1.224,1.231,635307.68,0
2024-05-21 22:00:00,1.23,1.249,1.228,1.246,652091.98,0
2024-05-21 23:00:00,1.245,1.266,1.238,1.26,880731.48,0
2024-05-22 00:00:00,1.259,1.279,1.242,1.246,1437091.28,0
2024-05-22 01:00:00,1.246,1.254,1.237,1.241,784897.52,0
2024-05-22 02:00:00,1.24,1.247,1.229,1.238,677297.75,0
2024-05-22 03:00:00,1.237,1.241,1.231,1.234,891719.54,0
2024-05-22 04:00:00,1.233,1.251,1.215,1.229,1907282.13,0
2024-05-22 05:00:00,1.229,1.239,1.222,1.234,859310.29,0
2024-05-22 06:00:00,1.234,1.243,1.231,1.232,1039726.7,0
2024-05-22 07:00:00,1.233,1.237,1.223,1.225,761344.38,0
2024-05-22 08:00:00,1.225,1.233,1.219,1.221,805610.64,0
2024-05-22 09:00:00,1.221,1.222,1.21,1.213,974278.47,0
2024-05-22 10:00:00,1.212,1.219,1.208,1.211,1316919.69,0
2024-05-22 11:00:00,1.212,1.215,1.202,1.203,813073.78,0
2024-05-22 12:00:00,1.203,1.21,1.175,1.178,3860563.9,0
2024-05-22 13:00:00,1.178,1.191,1.178,1.184,1785617.22,0
2024-05-22 14:00:00,1.184,1.206,1.175,1.205,1997151.69,0
2024-05-22 15:00:00,1.204,1.245,1.197,1.235,2231515.27,0
2024-05-22 16:00:00,1.235,1.236,1.217,1.229,1366427.97,0
2024-05-22 17:00:00,1.228,1.248,1.206,1.217,1954049.37,0
2024-05-22 18:00:00,1.217,1.218,1.194,1.202,1434034.49,0
2024-05-22 19:00:00,1.202,1.209,1.2,1.202,559736.64,0
2024-05-22 20:00:00,1.203,1.223,1.197,1.205,1049982.41,0
2024-05-22 21:00:00,1.204,1.216,1.195,1.215,587554.89,0
2024-05-22 22:00:00,1.214,1.216,1.196,1.202,588211.33,0
2024-05-22 23:00:00,1.201,1.213,1.196,1.213,629579.25,0
2024-05-23 00:00:00,1.213,1.222,1.205,1.214,1113096.25,0
2024-05-23 01:00:00,1.214,1.215,1.199,1.204,1321101.32,0
2024-05-23 02:00:00,1.204,1.207,1.196,1.2,637099.9,0
2024-05-23 03:00:00,1.201,1.228,1.199,1.224,819536.3,0
2024-05-23 04:00:00,1.224,1.247,1.209,1.233,869432.32,0
2024-05-23 05:00:00,1.233,1.242,1.214,1.221,1738284.15,0
2024-05-23 06:00:00,1.22,1.239,1.215,1.235,832883.26,0
2024-05-23 07:00:00,1.235,1.249,1.23,1.241,1257809.77,0
2024-05-23 08:00:00,1.241,1.244,1.224,1.232,1114551.81,0
2024-05-23 09:00:00,1.233,1.257,1.23,1.235,1698598.83,0
2024-05-23 10:00:00,1.235,1.247,1.218,1.221,1403741.44,0
2024-05-23 11:00:00,1.222,1.271,1.221,1.267,2613625.3,0
2024-05-23 12:00:00,1.267,1.292,1.234,1.269,5965557.55,0
2024-05-23 13:00:00,1.269,1.282,1.195,1.222,5769043.52,0
2024-05-23 14:00:00,1.221,1.249,1.217,1.224,2366707.82,0
2024-05-23 15:00:00,1.224,1.248,1.218,1.239,1830597.53,0
2024-05-23 16:00:00,1.239,1.242,1.218,1.223,1293767.93,0
2024-05-23 17:00:00,1.223,1.229,1.206,1.208,1027945.6,0
2024-05-23 18:00:00,1.209,1.224,1.183,1.218,2566345.75,0
2024-05-23 19:00:00,1.218,1.233,1.205,1.219,1339366.13,0
2024-05-23 20:00:00,1.219,1.223,1.15,1.219,4949896.46,0
2024-05-23 21:00:00,1.218,1.274,1.216,1.268,5477002.71,0
2024-05-23 22:00:00,1.268,1.271,1.242,1.246,1322143.42,0
2024-05-23 23:00:00,1.247,1.248,1.22,1.233,912072.09,0
2024-05-24 00:00:00,1.233,1.246,1.218,1.241,1341621.53,0
2024-05-24 01:00:00,1.241,1.267,1.236,1.263,1187272.95,0
2024-05-24 02:00:00,1.264,1.264,1.24,1.25,1193014.92,0
2024-05-24 03:00:00,1.25,1.282,1.247,1.267,2151474.63,0
2024-05-24 04:00:00,1.267,1.292,1.266,1.277,1577418.06,0
2024-05-24 05:00:00,1.276,1.287,1.243,1.248,2029765.1,0
2024-05-24 06:00:00,1.248,1.252,1.213,1.215,2129141.39,0
2024-05-24 07:00:00,1.215,1.229,1.203,1.227,1734663.69,0
2024-05-24 08:00:00,1.228,1.229,1.197,1.217,1570542.19,0
2024-05-24 09:00:00,1.217,1.22,1.2,1.215,1168337.44,0
2024-05-24 10:00:00,1.215,1.223,1.202,1.208,1297519.16,0
2024-05-24 11:00:00,1.208,1.217,1.202,1.207,742907.38,0
2024-05-24 12:00:00,1.206,1.214,1.2,1.207,761765.23,0
2024-05-24 13:00:00,1.207,1.211,1.193,1.195,653806.31,0
2024-05-24 14:00:00,1.195,1.21,1.188,1.206,1579419.98,0
2024-05-24 15:00:00,1.205,1.218,1.201,1.206,925085.87,0
2024-05-24 16:00:00,1.206,1.208,1.189,1.195,1366066.07,0
2024-05-24 17:00:00,1.195,1.209,1.193,1.207,598827.69,0
2024-05-24 18:00:00,1.207,1.214,1.201,1.205,775678.8,0
2024-05-24 19:00:00,1.204,1.213,1.202,1.212,403242.41,0
2024-05-24 20:00:00,1.211,1.219,1.211,1.218,411832.14,0
2024-05-24 21:00:00,1.218,1.221,1.208,1.218,493537.93,0
2024-05-24 22:00:00,1.218,1.221,1.213,1.221,376624.0,0
2024-05-24 23:00:00,1.22,1.223,1.214,1.219,372184.68,0
2024-05-25 00:00:00,1.219,1.219,1.205,1.212,523542.45,0
2024-05-25 01:00:00,1.212,1.218,1.209,1.214,539498.02,0
2024-05-25 02:00:00,1.214,1.216,1.208,1.213,385956.92,0
2024-05-25 03:00:00,1.214,1.249,1.214,1.249,1331945.96,0
2024-05-25 04:00:00,1.249,1.261,1.234,1.238,2004068.62,0
2024-05-25 05:00:00,1.237,1.241,1.232,1.234,887348.19,0
2024-05-25 06:00:00,1.234,1.255,1.23,1.251,685110.87,0
2024-05-25 07:00:00,1.251,1.26,1.241,1.247,898684.74,0
2024-05-25 08:00:00,1.248,1.255,1.241,1.255,558677.19,0
2024-05-25 09:00:00,1.254,1.257,1.244,1.249,410387.98,0
2024-05-25 10:00:00,1.249,1.258,1.244,1.255,501759.44,0
2024-05-25 11:00:00,1.254,1.256,1.232,1.24,838069.54,0
2024-05-25 12:00:00,1.241,1.258,1.234,1.258,817777.41,0
2024-05-25 13:00:00,1.259,1.261,1.242,1.245,729085.52,0
2024-05-25 14:00:00,1.245,1.256,1.243,1.254,694074.75,0
2024-05-25 15:00:00,1.254,1.275,1.254,1.269,1181245.71,0
2024-05-25 16:00:00,1.268,1.278,1.261,1.276,914582.63,0
2024-05-25 17:00:00,1.276,1.282,1.264,1.271,694269.61,0
2024-05-25 18:00:00,1.271,1.271,1.262,1.266,272514.53,0
2024-05-25 19:00:00,1.266,1.271,1.261,1.264,282263.28,0
2024-05-25 20:00:00,1.265,1.269,1.255,1.26,508976.99,0
2024-05-25 21:00:00,1.26,1.269,1.251,1.255,347888.65,0
2024-05-25 22:00:00,1.255,1.257,1.248,1.25,363704.05,0
2024-05-25 23:00:00,1.25,1.257,1.247,1.25,225991.7,0
2024-05-26 00:00:00,1.251,1.263,1.247,1.257,337081.15,0
2024-05-26 01:00:00,1.257,1.269,1.256,1.264,419483.28,0
2024-05-26 02:00:00,1.264,1.268,1.244,1.251,606928.36,0
2024-05-26 03:00:00,1.25,1.255,1.241,1.255,544180.57,0
2024-05-26 04:00:00,1.254,1.256,1.238,1.239,498242.38,0
2024-05-26 05:00:00,1.239,1.249,1.236,1.249,777429.81,0
2024-05-26 06:00:00,1.248,1.276,1.244,1.267,1053051.65,0
2024-05-26 07:00:00,1.267,1.279,1.243,1.245,1994533.86,0
2024-05-26 08:00:00,1.244,1.251,1.24,1.244,896801.41,0
2024-05-26 09:00:00,1.244,1.251,1.23,1.238,842318.15,0
2024-05-26 10:00:00,1.237,1.251,1.237,1.251,511538.96,0
2024-05-26 11:00:00,1.251,1.269,1.251,1.259,1465910.21,0
2024-05-26 12:00:00,1.26,1.26,1.241,1.243,954701.07,0
2024-05-26 13:00:00,1.244,1.249,1.233,1.241,878522.24,0
2024-05-26 14:00:00,1.24,1.26,1.237,1.26,862419.22,0
2024-05-26 15:00:00,1.26,1.285,1.251,1.261,2300854.74,0
2024-05-26 16:00:00,1.262,1.269,1.25,1.265,1054324.42,0
2024-05-26 17:00:00,1.264,1.273,1.251,1.252,692404.33,0
2024-05-26 18:00:00,1.252,1.252,1.244,1.252,607798.12,0
2024-05-26 19:00:00,1.253,1.266,1.252,1.266,389013.94,0
2024-05-26 20:00:00,1.265,1.267,1.254,1.257,373207.14,0
2024-05-26 21:00:00,1.257,1.257,1.241,1.254,434560.77,0
2024-05-26 22:00:00,1.255,1.267,1.253,1.264,268373.55,0
2024-05-26 23:00:00,1.263,1.271,1.253,1.257,319508.57,0
2024-05-27 00:00:00,1.258,1.275,1.252,1.275,492784.3,0
2024-05-27 01:00:00,1.274,1.301,1.268,1.3,1399045.38,0
2024-05-27 02:00:00,1.299,1.325,1.296,1.301,2559588.93,0
2024-05-27 03:00:00,1.301,1.32,1.298,1.313,1298595.51,0
2024-05-27 04:00:00,1.313,1.316,1.301,1.304,841482.9,0
2024-05-27 05:00:00,1.304,1.304,1.285,1.302,1131226.0,0
2024-05-27 06:00:00,1.301,1.302,1.285,1.288,640181.76,0
2024-05-27 07:00:00,1.288,1.304,1.287,1.296,814299.31,0
2024-05-27 08:00:00,1.296,1.324,1.293,1.316,1629378.61,0
2024-05-27 09:00:00,1.317,1.326,1.306,1.315,1636183.9,0
2024-05-27 10:00:00,1.315,1.319,1.302,1.311,947283.76,0
2024-05-27 11:00:00,1.311,1.32,1.29,1.295,1005839.01,0
2024-05-27 12:00:00,1.296,1.304,1.293,1.303,593734.8,0
2024-05-27 13:00:00,1.302,1.324,1.296,1.319,1610564.86,0
2024-05-27 14:00:00,1.318,1.32,1.305,1.316,1380604.32,0
2024-05-27 15:00:00,1.316,1.321,1.308,1.314,1272130.88,0
2024-05-27 16:00:00,1.314,1.334,1.31,1.325,1441888.68,0
2024-05-27 17:00:00,1.324,1.334,1.303,1.303,1258996.49,0
2024-05-27 18:00:00,1.304,1.321,1.302,1.315,1029518.66,0
2024-05-27 19:00:00,1.316,1.321,1.295,1.298,1287223.05,0
2024-05-27 20:00:00,1.299,1.332,1.296,1.318,1060806.71,0
2024-05-27 21:00:00,1.318,1.322,1.301,1.309,629421.96,0
2024-05-27 22:00:00,1.309,1.316,1.304,1.311,528661.72,0
2024-05-27 23:00:00,1.31,1.316,1.302,1.311,596223.84,0
2024-05-28 00:00:00,1.311,1.311,1.29,1.297,1671369.41,0
2024-05-28 01:00:00,1.296,1.305,1.269,1.275,2108114.55,0
2024-05-28 02:00:00,1.274,1.287,1.265,1.283,1739586.44,0
2024-05-28 03:00:00,1.282,1.285,1.254,1.265,1564694.09,0
2024-05-28 04:00:00,1.265,1.267,1.234,1.244,1878552.76,0
2024-05-28 05:00:00,1.245,1.258,1.242,1.258,878960.83,0
2024-05-28 06:00:00,1.258,1.26,1.242,1.25,1262027.26,0
2024-05-28 07:00:00,1.25,1.254,1.243,1.249,576955.63,0
2024-05-28 08:00:00,1.249,1.26,1.247,1.255,860805.01,0
2024-05-28 09:00:00,1.255,1.267,1.25,1.26,859918.08,0
2024-05-28 10:00:00,1.259,1.278,1.258,1.27,1182216.58,0
2024-05-28 11:00:00,1.269,1.276,1.262,1.268,704091.68,0
2024-05-28 12:00:00,1.268,1.268,1.255,1.257,729939.66,0
2024-05-28 13:00:00,1.257,1.267,1.243,1.25,1495304.18,0
2024-05-28 14:00:00,1.25,1.256,1.237,1.244,1484964.05,0
2024-05-28 15:00:00,1.244,1.26,1.238,1.259,1617172.92,0
2024-05-28 16:00:00,1.258,1.262,1.231,1.236,1314754.3,0
2024-05-28 17:00:00,1.236,1.246,1.235,1.236,899171.2,0
2024-05-28 18:00:00,1.236,1.245,1.219,1.234,1522491.15,0
2024-05-28 19:00:00,1.234,1.25,1.233,1.248,717106.55,0
2024-05-28 20:00:00,1.247,1.252,1.241,1.245,560606.23,0
2024-05-28 21:00:00,1.244,1.25,1.239,1.241,399212.35,0
2024-05-28 22:00:00,1.242,1.251,1.242,1.245,368459.02,0
2024-05-28 23:00:00,1.246,1.253,1.244,1.248,399377.13,0
2024-05-29 00:00:00,1.249,1.258,1.242,1.244,547847.28,0
2024-05-29 01:00:00,1.245,1.251,1.235,1.235,711947.43,0
2024-05-29 02:00:00,1.235,1.245,1.227,1.239,1130152.63,0
2024-05-29 03:00:00,1.24,1.253,1.239,1.249,878392.27,0
2024-05-29 04:00:00,1.248,1.259,1.247,1.258,881191.41,0
2024-05-29 05:00:00,1.257,1.27,1.254,1.264,1869371.35,0
2024-05-29 06:00:00,1.264,1.27,1.252,1.256,818989.79,0
2024-05-29 07:00:00,1.255,1.256,1.235,1.236,1078853.65,0
2024-05-29 08:00:00,1.237,1.24,1.22,1.231,1684150.14,0
2024-05-29 09:00:00,1.23,1.237,1.219,1.228,1104781.03,0
2024-05-29 10:00:00,1.229,1.236,1.226,1.236,711544.24,0
2024-05-29 11:00:00,1.235,1.236,1.222,1.226,550907.79,0
2024-05-29 12:00:00,1.225,1.233,1.213,1.226,1039492.99,0
2024-05-29 13:00:00,1.226,1.235,1.208,1.219,2404226.19,0
2024-05-29 14:00:00,1.218,1.224,1.209,1.217,1130247.69,0
2024-05-29 15:00:00,1.217,1.224,1.207,1.21,762812.66,0
2024-05-29 16:00:00,1.21,1.224,1.201,1.222,1095969.32,0
2024-05-29 17:00:00,1.223,1.223,1.208,1.218,676130.18,0
2024-05-29 18:00:00,1.218,1.224,1.214,1.218,487801.02,0
2024-05-29 19:00:00,1.219,1.222,1.207,1.21,446730.15,0
2024-05-29 20:00:00,1.21,1.212,1.205,1.208,536861.22,0
2024-05-29 21:00:00,1.207,1.215,1.201,1.213,477522.07,0
2024-05-29 22:00:00,1.212,1.234,1.207,1.227,627817.14,0
2024-05-29 23:00:00,1.227,1.23,1.214,1.215,455972.93,0
2024-05-30 00:00:00,1.216,1.226,1.215,1.216,623353.03,0
2024-05-30 01:00:00,1.217,1.227,1.21,1.224,606267.69,0
2024-05-30 02:00:00,1.224,1.232,1.223,1.228,568029.38,0
2024-05-30 03:00:00,1.228,1.235,1.226,1.233,525003.88,0
2024-05-30 04:00:00,1.234,1.236,1.224,1.225,432246.1,0
2024-05-30 05:00:00,1.226,1.226,1.22,1.221,595766.66,0
2024-05-30 06:00:00,1.222,1.223,1.199,1.204,1943907.68,0
2024-05-30 07:00:00,1.204,1.208,1.181,1.191,1290189.4,0
2024-05-30 08:00:00,1.19,1.199,1.172,1.197,3186085.17,0
2024-05-30 09:00:00,1.197,1.205,1.19,1.205,559295.07,0
2024-05-30 10:00:00,1.204,1.211,1.198,1.205,587295.77,0
2024-05-30 11:00:00,1.205,1.218,1.205,1.209,489680.17,0
2024-05-30 12:00:00,1.209,1.227,1.204,1.226,951907.59,0
2024-05-30 13:00:00,1.225,1.234,1.221,1.229,1109403.33,0
2024-05-30 14:00:00,1.23,1.235,1.215,1.216,684166.03,0
2024-05-30 15:00:00,1.217,1.224,1.213,1.215,1186805.43,0
2024-05-30 16:00:00,1.215,1.222,1.214,1.22,383683.28,0
2024-05-30 17:00:00,1.22,1.23,1.215,1.224,512602.9,0
2024-05-30 18:00:00,1.224,1.227,1.215,1.224,335690.71,0
2024-05-30 19:00:00,1.224,1.226,1.205,1.21,572388.67,0
2024-05-30 20:00:00,1.209,1.209,1.192,1.196,961145.69,0
2024-05-30 21:00:00,1.195,1.199,1.19,1.199,219355.1,0
2024-05-30 22:00:00,1.199,1.199,1.182,1.189,1511693.01,0
2024-05-30 23:00:00,1.188,1.192,1.185,1.186,166961.15,0
2024-05-31 00:00:00,1.187,1.189,1.18,1.186,542955.4,0
2024-05-31 01:00:00,1.187,1.193,1.18,1.183,466176.62,0
2024-05-31 02:00:00,1.183,1.191,1.183,1.189,304935.39,0
2024-05-31 03:00:00,1.19,1.196,1.186,1.196,549252.01,0
2024-05-31 04:00:00,1.196,1.197,1.186,1.188,448296.64,0
2024-05-31 05:00:00,1.188,1.189,1.171,1.182,778436.17,0
2024-05-31 06:00:00,1.182,1.196,1.176,1.18,2106226.78,0
2024-05-31 07:00:00,1.179,1.192,1.178,1.18,2099762.44,0
2024-05-31 08:00:00,1.181,1.185,1.178,1.18,399299.34,0
2024-05-31 09:00:00,1.18,1.182,1.173,1.18,537664.91,0
2024-05-31 10:00:00,1.18,1.19,1.179,1.187,705507.05,0
2024-05-31 11:00:00,1.187,1.196,1.184,1.193,397393.48,0
2024-05-31 12:00:00,1.192,1.207,1.192,1.199,866031.63,0
2024-05-31 13:00:00,1.2,1.204,1.184,1.185,887862.81,0
2024-05-31 14:00:00,1.185,1.19,1.177,1.184,707293.0,0
2024-05-31 15:00:00,1.183,1.189,1.166,1.167,816223.66,0
2024-05-31 16:00:00,1.167,1.18,1.156,1.178,1356753.29,0
2024-05-31 17:00:00,1.178,1.185,1.174,1.182,690887.68,0
2024-05-31 18:00:00,1.181,1.184,1.177,1.181,377213.18,0
2024-05-31 19:00:00,1.181,1.188,1.179,1.184,286096.04,0
2024-05-31 20:00:00,1.184,1.193,1.182,1.188,270348.99,0
2024-05-31 21:00:00,1.187,1.191,1.183,1.184,230187.62,0
2024-05-31 22:00:00,1.185,1.187,1.18,1.18,240821.73,0
2024-05-31 23:00:00,1.18,1.184,1.176,1.176,450838.12,0
2024-06-01 00:00:00,1.177,1.18,1.173,1.177,316645.28,0
2024-06-01 01:00:00,1.178,1.181,1.17,1.174,438838.48,0
2024-06-01 02:00:00,1.173,1.179,1.172,1.177,300357.34,0
2024-06-01 03:00:00,1.177,1.18,1.175,1.177,167402.18,0
2024-06-01 04:00:00,1.177,1.177,1.172,1.175,135992.85,0
2024-06-01 05:00:00,1.174,1.177,1.169,1.171,312785.08,0
2024-06-01 06:00:00,1.171,1.173,1.163,1.167,598982.07,0
2024-06-01 07:00:00,1.168,1.169,1.16,1.162,490484.94,0
2024-06-01 08:00:00,1.162,1.17,1.161,1.17,324950.76,0
2024-06-01 09:00:00,1.17,1.171,1.164,1.166,323754.16,0
2024-06-01 10:00:00,1.167,1.168,1.158,1.159,330242.63,0
2024-06-01 11:00:00,1.159,1.164,1.157,1.162,318062.2,0
2024-06-01 12:00:00,1.162,1.172,1.161,1.169,613314.53,0
2024-06-01 13:00:00,1.169,1.178,1.167,1.173,732687.01,0
2024-06-01 14:00:00,1.173,1.178,1.171,1.175,326718.92,0
2024-06-01 15:00:00,1.174,1.181,1.172,1.174,455306.44,0
2024-06-01 16:00:00,1.174,1.177,1.169,1.169,330029.83,0
2024-06-01 17:00:00,1.169,1.173,1.165,1.172,336024.53,0
2024-06-01 18:00:00,1.172,1.173,1.167,1.17,174593.98,0
2024-06-01 19:00:00,1.169,1.175,1.168,1.171,424165.99,0
2024-06-01 20:00:00,1.171,1.174,1.167,1.172,680250.61,0
2024-06-01 21:00:00,1.171,1.18,1.169,1.176,368955.68,0
2024-06-01 22:00:00,1.176,1.183,1.176,1.18,311490.0,0
2024-06-01 23:00:00,1.181,1.181,1.17,1.172,415720.66,0
2024-06-02 00:00:00,1.172,1.184,1.171,1.184,379466.72,0
2024-06-02 01:00:00,1.184,1.189,1.178,1.185,888093.68,0
2024-06-02 02:00:00,1.186,1.193,1.181,1.184,685450.83,0
2024-06-02 03:00:00,1.185,1.191,1.184,1.189,357054.74,0
2024-06-02 04:00:00,1.19,1.196,1.188,1.193,401751.56,0
2024-06-02 05:00:00,1.194,1.194,1.183,1.185,368588.71,0
2024-06-02 06:00:00,1.185,1.196,1.183,1.192,714196.24,0
2024-06-02 07:00:00,1.192,1.2,1.182,1.186,1066036.83,0
2024-06-02 08:00:00,1.187,1.214,1.183,1.212,1799786.43,0
2024-06-02 09:00:00,1.213,1.217,1.191,1.198,1939492.09,0
2024-06-02 10:00:00,1.198,1.202,1.189,1.201,741474.02,0
2024-06-02 11:00:00,1.2,1.211,1.192,1.21,761643.27,0
2024-06-02 12:00:00,1.21,1.214,1.196,1.202,1121706.24,0
2024-06-02 13:00:00,1.203,1.209,1.197,1.207,608567.63,0
2024-06-02 14:00:00,1.207,1.216,1.205,1.216,1382742.51,0
2024-06-02 15:00:00,1.215,1.234,1.211,1.233,1383882.11,0
2024-06-02 16:00:00,1.233,1.243,1.219,1.226,2541355.91,0
2024-06-02 17:00:00,1.226,1.228,1.207,1.211,1582145.45,0
2024-06-02 18:00:00,1.211,1.234,1.197,1.232,1579633.78,0
2024-06-02 19:00:00,1.232,1.245,1.224,1.242,1180709.15,0
2024-06-02 20:00:00,1.242,1.245,1.227,1.232,905267.6,0
2024-06-02 21:00:00,1.232,1.237,1.223,1.227,468627.61,0
2024-06-02 22:00:00,1.228,1.236,1.217,1.222,521517.23,0
2024-06-02 23:00:00,1.221,1.229,1.214,1.219,587286.29,0
2024-06-03 00:00:00,1.219,1.223,1.191,1.206,1059693.75,0
2024-06-03 01:00:00,1.206,1.229,1.199,1.228,1235054.01,0
2024-06-03 02:00:00,1.228,1.246,1.226,1.236,2280696.63,0
2024-06-03 03:00:00,1.236,1.238,1.226,1.228,768595.07,0
2024-06-03 04:00:00,1.228,1.236,1.218,1.228,1401692.47,0
2024-06-03 05:00:00,1.228,1.245,1.227,1.238,952449.27,0
2024-06-03 06:00:00,1.238,1.254,1.235,1.246,919100.61,0
2024-06-03 07:00:00,1.247,1.253,1.239,1.24,774140.88,0
2024-06-03 08:00:00,1.24,1.246,1.236,1.238,606241.06,0
2024-06-03 09:00:00,1.238,1.239,1.23,1.232,914131.04,0
2024-06-03 10:00:00,1.231,1.236,1.221,1.222,655038.98,0
2024-06-03 11:00:00,1.222,1.228,1.219,1.225,537480.97,0
2024-06-03 12:00:00,1.226,1.232,1.223,1.232,583034.06,0
2024-06-03 13:00:00,1.231,1.238,1.227,1.227,641161.65,0
2024-06-03 14:00:00,1.227,1.232,1.203,1.21,1310212.45,0
2024-06-03 15:00:00,1.21,1.225,1.209,1.222,767929.22,0
2024-06-03 16:00:00,1.221,1.223,1.208,1.216,555357.14,0
2024-06-03 17:00:00,1.216,1.219,1.211,1.216,346834.59,0
2024-06-03 18:00:00,1.217,1.226,1.216,1.22,373434.44,0
2024-06-03 19:00:00,1.221,1.222,1.212,1.216,410913.28,0
2024-06-03 20:00:00,1.217,1.217,1.21,1.212,240835.39,0
2024-06-03 21:00:00,1.212,1.215,1.206,1.21,137722.57,0
2024-06-03 22:00:00,1.208,1.209,1.204,1.207,277032.49,0
2024-06-03 23:00:00,1.206,1.209,1.196,1.2,664996.73,0
2024-06-04 00:00:00,1.201,1.208,1.191,1.207,639535.49,0
2024-06-04 01:00:00,1.207,1.22,1.203,1.219,655843.28,0
2024-06-04 02:00:00,1.219,1.222,1.211,1.216,338298.0,0
2024-06-04 03:00:00,1.216,1.235,1.216,1.226,866675.03,0
2024-06-04 04:00:00,1.225,1.227,1.213,1.215,545345.92,0
2024-06-04 05:00:00,1.215,1.222,1.212,1.214,515638.14,0
2024-06-04 06:00:00,1.214,1.216,1.205,1.205,465440.34,0
2024-06-04 07:00:00,1.205,1.209,1.201,1.207,430031.94,0
2024-06-04 08:00:00,1.208,1.238,1.201,1.235,1929357.32,0
2024-06-04 09:00:00,1.234,1.252,1.226,1.23,2984276.85,0
2024-06-04 10:00:00,1.231,1.269,1.227,1.266,1751861.44,0
2024-06-04 11:00:00,1.266,1.271,1.244,1.251,1881200.46,0
2024-06-04 12:00:00,1.251,1.258,1.237,1.244,1525149.5,0
2024-06-04 13:00:00,1.245,1.297,1.243,1.265,4921009.08,0
2024-06-04 14:00:00,1.265,1.369,1.263,1.349,11805556.25,0
2024-06-04 15:00:00,1.349,1.359,1.319,1.336,10274147.49,0
2024-06-04 16:00:00,1.336,1.342,1.306,1.319,6435005.84,0
2024-06-04 17:00:00,1.319,1.329,1.313,1.325,1709559.54,0
2024-06-04 18:00:00,1.326,1.337,1.316,1.328,1660059.44,0
2024-06-04 19:00:00,1.328,1.341,1.32,1.329,1462331.79,0
2024-06-04 20:00:00,1.329,1.341,1.323,1.331,916982.92,0
2024-06-04 21:00:00,1.331,1.335,1.318,1.321,668943.57,0
2024-06-04 22:00:00,1.32,1.336,1.314,1.315,1611517.54,0
2024-06-04 23:00:00,1.315,1.316,1.293,1.293,1782645.76,0
2024-06-05 00:00:00,1.295,1.305,1.284,1.301,1609969.05,0
2024-06-05 01:00:00,1.302,1.33,1.3,1.32,1573744.54,0
2024-06-05 02:00:00,1.32,1.327,1.305,1.319,1288432.95,0
2024-06-05 03:00:00,1.318,1.337,1.314,1.331,1260519.62,0
2024-06-05 04:00:00,1.33,1.359,1.327,1.345,2604524.55,0
2024-06-05 05:00:00,1.345,1.358,1.336,1.348,2240410.68,0
2024-06-05 06:00:00,1.347,1.379,1.346,1.373,2646511.82,0
2024-06-05 07:00:00,1.373,1.39,1.356,1.368,2458916.19,0
2024-06-05 08:00:00,1.368,1.381,1.353,1.367,1960845.69,0
2024-06-05 09:00:00,1.367,1.38,1.362,1.379,1802070.54,0
2024-06-05 10:00:00,1.378,1.399,1.367,1.37,2770553.85,0
2024-06-05 11:00:00,1.37,1.399,1.358,1.395,1947193.25,0
2024-06-05 12:00:00,1.395,1.398,1.358,1.363,3299249.28,0
2024-06-05 13:00:00,1.363,1.366,1.324,1.331,6453010.88,0
2024-06-05 14:00:00,1.33,1.341,1.32,1.341,2070115.13,0
2024-06-05 15:00:00,1.34,1.353,1.332,1.337,1843777.65,0
2024-06-05 16:00:00,1.337,1.347,1.325,1.329,1219229.55,0
2024-06-05 17:00:00,1.329,1.347,1.325,1.345,736028.26,0
2024-06-05 18:00:00,1.345,1.355,1.34,1.344,734537.0,0
2024-06-05 19:00:00,1.344,1.344,1.334,1.34,801153.34,0
2024-06-05 20:00:00,1.34,1.346,1.336,1.337,514620.88,0
2024-06-05 21:00:00,1.338,1.34,1.333,1.335,291067.74,0
2024-06-05 22:00:00,1.335,1.337,1.324,1.329,600903.79,0
2024-06-05 23:00:00,1.328,1.334,1.326,1.332,491062.07,0
2024-06-06 00:00:00,1.332,1.336,1.324,1.329,679614.5,0
2024-06-06 01:00:00,1.329,1.335,1.322,1.334,724935.0,0
2024-06-06 02:00:00,1.333,1.336,1.325,1.328,795993.58,0
2024-06-06 03:00:00,1.327,1.331,1.311,1.317,1306377.45,0
2024-06-06 04:00:00,1.317,1.324,1.311,1.321,826601.98,0
2024-06-06 05:00:00,1.321,1.322,1.308,1.31,835206.64,0
2024-06-06 06:00:00,1.31,1.315,1.301,1.311,1308540.83,0
2024-06-06 07:00:00,1.31,1.322,1.304,1.319,928076.09,0
2024-06-06 08:00:00,1.318,1.32,1.304,1.309,822513.97,0
2024-06-06 09:00:00,1.309,1.312,1.304,1.308,995085.46,0
2024-06-06 10:00:00,1.308,1.311,1.301,1.309,607303.02,0
2024-06-06 11:00:00,1.309,1.316,1.304,1.315,1220392.52,0
2024-06-06 12:00:00,1.314,1.318,1.299,1.301,1673730.85,0
2024-06-06 13:00:00,1.3,1.308,1.294,1.299,1498482.28,0
2024-06-06 14:00:00,1.299,1.306,1.297,1.304,1319091.22,0
2024-06-06 15:00:00,1.304,1.313,1.302,1.304,901815.38,0
2024-06-06 16:00:00,1.304,1.309,1.292,1.301,1197872.02,0
2024-06-06 17:00:00,1.3,1.312,1.297,1.302,1191160.66,0
2024-06-06 18:00:00,1.303,1.303,1.297,1.301,720643.79,0
2024-06-06 19:00:00,1.301,1.301,1.275,1.281,1538720.72,0
2024-06-06 20:00:00,1.281,1.293,1.262,1.292,1841606.54,0
2024-06-06 21:00:00,1.293,1.294,1.285,1.291,717908.59,0
2024-06-06 22:00:00,1.291,1.295,1.288,1.293,371316.31,0
2024-06-06 23:00:00,1.293,1.294,1.288,1.29,436436.89,0
2024-06-07 00:00:00,1.29,1.303,1.29,1.301,632320.89,0
2024-06-07 01:00:00,1.3,1.302,1.291,1.295,591532.28,0
2024-06-07 02:00:00,1.296,1.299,1.283,1.288,920133.19,0
2024-06-07 03:00:00,1.288,1.306,1.286,1.306,845747.81,0
2024-06-07 04:00:00,1.305,1.318,1.302,1.309,1018788.32,0
2024-06-07 05:00:00,1.309,1.327,1.307,1.317,1261728.26,0
2024-06-07 06:00:00,1.317,1.338,1.317,1.337,1418318.56,0
2024-06-07 07:00:00,1.337,1.337,1.317,1.321,892106.45,0
2024-06-07 08:00:00,1.32,1.328,1.315,1.317,723003.53,0
2024-06-07 09:00:00,1.318,1.33,1.314,1.329,632363.9,0
2024-06-07 10:00:00,1.329,1.335,1.312,1.324,1454298.33,0
2024-06-07 11:00:00,1.323,1.332,1.315,1.328,1045005.25,0
2024-06-07 12:00:00,1.328,1.329,1.286,1.317,3282562.38,0
2024-06-07 13:00:00,1.318,1.331,1.311,1.33,2395158.88,0
2024-06-07 14:00:00,1.329,1.351,1.322,1.344,1637266.17,0
2024-06-07 15:00:00,1.344,1.346,1.31,1.319,1352319.93,0
2024-06-07 16:00:00,1.318,1.327,1.304,1.307,1130753.06,0
2024-06-07 17:00:00,1.306,1.306,1.269,1.27,1684245.2,0
2024-06-07 18:00:00,1.269,1.273,1.057,1.162,19831144.52,0
2024-06-07 19:00:00,1.161,1.207,1.14,1.205,5219918.87,0
2024-06-07 20:00:00,1.205,1.214,1.187,1.212,1750394.59,0
2024-06-07 21:00:00,1.211,1.214,1.203,1.207,762392.89,0
2024-06-07 22:00:00,1.206,1.213,1.202,1.208,644364.06,0
2024-06-07 23:00:00,1.208,1.211,1.204,1.205,537846.7,0
2024-06-08 00:00:00,1.206,1.212,1.199,1.203,1459732.57,0
2024-06-08 01:00:00,1.202,1.21,1.201,1.203,1178789.08,0
2024-06-08 02:00:00,1.202,1.208,1.194,1.2,631382.26,0
2024-06-08 03:00:00,1.201,1.205,1.196,1.2,632980.99,0
2024-06-08 04:00:00,1.2,1.202,1.189,1.189,700320.56,0
2024-06-08 05:00:00,1.19,1.192,1.182,1.187,848256.94,0
2024-06-08 06:00:00,1.186,1.19,1.183,1.185,624338.28,0
2024-06-08 07:00:00,1.184,1.194,1.183,1.191,704796.45,0
2024-06-08 08:00:00,1.191,1.192,1.178,1.18,911111.5,0
2024-06-08 09:00:00,1.18,1.182,1.165,1.173,1231190.37,0
2024-06-08 10:00:00,1.173,1.176,1.162,1.171,980492.05,0
2024-06-08 11:00:00,1.171,1.174,1.142,1.149,1484705.3,0
2024-06-08 12:00:00,1.148,1.158,1.137,1.143,2424872.81,0
2024-06-08 13:00:00,1.143,1.153,1.121,1.151,3381402.14,0
2024-06-08 14:00:00,1.15,1.158,1.14,1.152,1395578.07,0
2024-06-08 15:00:00,1.152,1.153,1.14,1.143,884701.48,0
2024-06-08 16:00:00,1.142,1.144,1.122,1.13,1823274.28,0
2024-06-08 17:00:00,1.13,1.138,1.113,1.133,1461138.14,0
2024-06-08 18:00:00,1.132,1.142,1.128,1.13,796554.77,0
2024-06-08 19:00:00,1.13,1.134,1.119,1.129,806776.55,0
2024-06-08 20:00:00,1.129,1.132,1.12,1.122,606567.13,0
2024-06-08 21:00:00,1.122,1.129,1.117,1.125,610655.73,0
2024-06-08 22:00:00,1.126,1.13,1.116,1.128,806429.06,0
2024-06-08 23:00:00,1.128,1.136,1.126,1.13,626755.69,0
2024-06-09 00:00:00,1.129,1.134,1.128,1.131,422926.24,0
2024-06-09 01:00:00,1.131,1.145,1.13,1.145,617298.48,0
2024-06-09 02:00:00,1.144,1.144,1.114,1.117,928045.22,0
2024-06-09 03:00:00,1.117,1.124,1.115,1.123,532623.83,0
2024-06-09 04:00:00,1.122,1.132,1.121,1.122,506384.33,0
2024-06-09 05:00:00,1.123,1.139,1.116,1.132,613626.73,0
2024-06-09 06:00:00,1.131,1.138,1.127,1.135,820911.28,0
2024-06-09 07:00:00,1.135,1.141,1.133,1.134,491119.54,0
2024-06-09 08:00:00,1.135,1.137,1.13,1.136,439448.68,0
2024-06-09 09:00:00,1.136,1.154,1.132,1.152,1096902.69,0
2024-06-09 10:00:00,1.152,1.157,1.145,1.153,594413.75,0
2024-06-09 11:00:00,1.152,1.175,1.152,1.163,760988.66,0
2024-06-09 12:00:00,1.163,1.171,1.151,1.169,880021.11,0
2024-06-09 13:00:00,1.169,1.175,1.159,1.174,870555.79,0
2024-06-09 14:00:00,1.174,1.18,1.163,1.178,701632.38,0
2024-06-09 15:00:00,1.178,1.184,1.171,1.174,782855.78,0
2024-06-09 16:00:00,1.173,1.189,1.17,1.188,881889.41,0
2024-06-09 17:00:00,1.189,1.191,1.18,1.182,514547.04,0
2024-06-09 18:00:00,1.182,1.188,1.177,1.18,489419.53,0
2024-06-09 19:00:00,1.179,1.185,1.175,1.178,626667.82,0
2024-06-09 20:00:00,1.179,1.179,1.164,1.169,550453.25,0
2024-06-09 21:00:00,1.169,1.174,1.163,1.174,227484.43,0
2024-06-09 22:00:00,1.173,1.176,1.17,1.174,200764.5,0
2024-06-09 23:00:00,1.174,1.174,1.167,1.168,207083.06,0
2024-06-10 00:00:00,1.169,1.173,1.162,1.169,400218.7,0
2024-06-10 01:00:00,1.169,1.169,1.161,1.162,415102.92,0
2024-06-10 02:00:00,1.163,1.163,1.15,1.153,528721.93,0
2024-06-10 03:00:00,1.152,1.153,1.138,1.144,867516.14,0
2024-06-10 04:00:00,1.143,1.149,1.137,1.147,462725.3,0
2024-06-10 05:00:00,1.148,1.148,1.132,1.134,580398.38,0
2024-06-10 06:00:00,1.134,1.139,1.121,1.127,895329.44,0
2024-06-10 07:00:00,1.127,1.129,1.107,1.11,1342302.43,0
2024-06-10 08:00:00,1.11,1.13,1.11,1.125,1132835.03,0
2024-06-10 09:00:00,1.124,1.141,1.121,1.14,908969.67,0
2024-06-10 10:00:00,1.14,1.141,1.13,1.135,526533.89,0
2024-06-10 11:00:00,1.136,1.137,1.122,1.124,476486.04,0
2024-06-10 12:00:00,1.124,1.131,1.121,1.128,1177511.19,0
2024-06-10 13:00:00,1.128,1.137,1.124,1.132,1035646.0,0
2024-06-10 14:00:00,1.131,1.144,1.126,1.138,814487.6,0
2024-06-10 15:00:00,1.138,1.154,1.135,1.144,1128880.08,0
2024-06-10 16:00:00,1.144,1.145,1.125,1.135,1004253.43,0
2024-06-10 17:00:00,1.136,1.136,1.13,1.134,491223.25,0
2024-06-10 18:00:00,1.133,1.135,1.123,1.129,571109.54,0
2024-06-10 19:00:00,1.128,1.13,1.112,1.119,974754.21,0
2024-06-10 20:00:00,1.119,1.122,1.107,1.119,1120698.57,0
2024-06-10 21:00:00,1.119,1.122,1.112,1.121,293081.61,0
2024-06-10 22:00:00,1.121,1.123,1.113,1.117,631453.2,0
2024-06-10 23:00:00,1.117,1.121,1.112,1.119,329988.63,0
2024-06-11 00:00:00,1.118,1.124,1.114,1.118,400874.84,0
2024-06-11 01:00:00,1.118,1.124,1.077,1.091,3158228.32,0
2024-06-11 02:00:00,1.091,1.101,1.07,1.097,3704533.02,0
2024-06-11 03:00:00,1.097,1.102,1.091,1.095,1168476.93,0
2024-06-11 04:00:00,1.095,1.097,1.075,1.087,1717382.28,0
2024-06-11 05:00:00,1.087,1.089,1.074,1.087,993015.17,0
2024-06-11 06:00:00,1.088,1.089,1.068,1.077,1074900.3,0
2024-06-11 07:00:00,1.077,1.087,1.073,1.082,1064068.84,0
2024-06-11 08:00:00,1.082,1.094,1.081,1.09,1115586.44,0
2024-06-11 09:00:00,1.09,1.091,1.075,1.081,1004638.6,0
2024-06-11 10:00:00,1.08,1.092,1.079,1.085,687976.88,0
2024-06-11 11:00:00,1.085,1.086,1.077,1.078,448998.46,0
2024-06-11 12:00:00,1.079,1.083,1.066,1.067,1436889.93,0
2024-06-11 13:00:00,1.067,1.081,1.052,1.058,1890888.39,0
2024-06-11 14:00:00,1.058,1.068,1.054,1.065,980094.34,0
2024-06-11 15:00:00,1.065,1.067,1.032,1.048,3225975.06,0
2024-06-11 16:00:00,1.048,1.064,1.037,1.041,1199453.41,0
2024-06-11 17:00:00,1.041,1.048,1.03,1.043,1263584.15,0
2024-06-11 18:00:00,1.042,1.05,1.038,1.047,707161.67,0
2024-06-11 19:00:00,1.047,1.052,1.038,1.05,583433.21,0
2024-06-11 20:00:00,1.049,1.052,1.041,1.045,553019.82,0
2024-06-11 21:00:00,1.045,1.046,1.041,1.046,243874.22,0
2024-06-11 22:00:00,1.045,1.046,1.037,1.039,256183.67,0
2024-06-11 23:00:00,1.039,1.042,1.031,1.035,293773.6,0
2024-06-12 00:00:00,1.036,1.037,1.015,1.022,803451.96,0
2024-06-12 01:00:00,1.022,1.027,0.99,1.008,2284615.64,0
2024-06-12 02:00:00,1.008,1.027,1.004,1.024,829855.38,0
2024-06-12 03:00:00,1.024,1.04,1.024,1.039,527715.47,0
2024-06-12 04:00:00,1.038,1.047,1.036,1.04,556736.98,0
2024-06-12 05:00:00,1.039,1.039,1.031,1.036,420751.28,0
2024-06-12 06:00:00,1.035,1.043,1.034,1.034,571618.38,0
2024-06-12 07:00:00,1.034,1.045,1.033,1.044,481790.8,0
2024-06-12 08:00:00,1.044,1.051,1.036,1.04,636656.33,0
2024-06-12 09:00:00,1.039,1.051,1.033,1.051,570351.77,0
2024-06-12 10:00:00,1.05,1.062,1.05,1.058,737861.13,0
2024-06-12 11:00:00,1.058,1.059,1.04,1.044,666042.63,0
2024-06-12 12:00:00,1.043,1.099,1.041,1.09,3460762.29,0
2024-06-12 13:00:00,1.09,1.108,1.08,1.083,1781976.81,0
2024-06-12 14:00:00,1.084,1.097,1.08,1.091,1071898.81,0
2024-06-12 15:00:00,1.091,1.098,1.088,1.092,731776.37,0
2024-06-12 16:00:00,1.093,1.102,1.081,1.09,1079345.21,0
2024-06-12 17:00:00,1.089,1.105,1.087,1.104,512459.54,0
2024-06-12 18:00:00,1.104,1.104,1.071,1.075,3291020.97,0
2024-06-12 19:00:00,1.075,1.093,1.046,1.053,2368401.06,0
2024-06-12 20:00:00,1.053,1.073,1.047,1.069,918452.14,0
2024-06-12 21:00:00,1.069,1.075,1.066,1.074,412591.58,0
2024-06-12 22:00:00,1.074,1.074,1.067,1.072,279652.7,0
2024-06-12 23:00:00,1.072,1.074,1.065,1.071,228175.41,0
2024-06-13 00:00:00,1.072,1.072,1.061,1.068,433538.91,0
2024-06-13 01:00:00,1.068,1.072,1.058,1.059,294980.05,0
2024-06-13 02:00:00,1.059,1.061,1.033,1.033,975181.67,0
2024-06-13 03:00:00,1.034,1.035,1.007,1.022,2555957.69,0
2024-06-13 04:00:00,1.022,1.037,1.021,1.031,522788.69,0
2024-06-13 05:00:00,1.031,1.036,1.029,1.031,410736.68,0
2024-06-13 06:00:00,1.032,1.033,1.014,1.018,978012.1,0
2024-06-13 07:00:00,1.017,1.025,1.013,1.022,534485.14,0
2024-06-13 08:00:00,1.021,1.026,1.017,1.02,326570.83,0
2024-06-13 09:00:00,1.02,1.022,1.007,1.014,507513.83,0
2024-06-13 10:00:00,1.013,1.023,1.003,1.02,837807.14,0
2024-06-13 11:00:00,1.019,1.022,1.011,1.013,493560.43,0
2024-06-13 12:00:00,1.014,1.046,1.004,1.012,1608718.84,0
2024-06-13 13:00:00,1.012,1.029,1.007,1.014,802711.46,0
2024-06-13 14:00:00,1.013,1.028,1.007,1.02,774053.26,0
2024-06-13 15:00:00,1.021,1.024,0.985,0.992,2426359.91,0
2024-06-13 16:00:00,0.991,1.012,0.976,1.012,1666645.46,0
2024-06-13 17:00:00,1.012,1.016,1.003,1.01,770086.83,0
2024-06-13 18:00:00,1.01,1.016,1.007,1.012,432817.1,0
2024-06-13 19:00:00,1.012,1.013,1.001,1.002,365479.96,0
2024-06-13 20:00:00,1.002,1.005,0.993,0.995,329429.78,0
2024-06-13 21:00:00,0.995,0.998,0.977,0.998,922447.06,0
2024-06-13 22:00:00,0.999,0.999,0.987,0.991,390377.37,0
2024-06-13 23:00:00,0.991,0.995,0.98,0.987,613015.25,0
2024-06-14 00:00:00,0.988,0.991,0.966,0.977,1240045.2,0
2024-06-14 01:00:00,0.978,0.987,0.961,0.985,1290126.89,0
2024-06-14 02:00:00,0.985,0.997,0.983,0.996,697402.2,0
2024-06-14 03:00:00,0.996,0.999,0.985,0.987,737091.57,0
2024-06-14 04:00:00,0.988,0.991,0.979,0.983,490175.79,0
2024-06-14 05:00:00,0.984,1.002,0.983,1.0,681831.48,0
2024-06-14 06:00:00,1.001,1.01,0.996,1.005,574270.27,0
2024-06-14 07:00:00,1.005,1.009,1.003,1.004,385945.01,0
2024-06-14 08:00:00,1.004,1.01,1.001,1.009,363371.89,0
2024-06-14 09:00:00,1.009,1.009,1.0,1.002,331771.71,0
2024-06-14 10:00:00,1.002,1.005,0.998,1.002,477300.39,0
2024-06-14 11:00:00,1.002,1.009,0.998,1.005,638142.76,0
2024-06-14 12:00:00,1.008,1.01,0.998,1.0,559397.62,0
2024-06-14 13:00:00,1.0,1.009,0.999,1.004,567592.96,0
2024-06-14 14:00:00,1.004,1.004,0.973,0.987,1695591.11,0
2024-06-14 15:00:00,0.987,0.994,0.969,0.975,1006691.35,0
2024-06-14 16:00:00,0.974,0.977,0.901,0.936,5768616.48,0
2024-06-14 17:00:00,0.935,0.946,0.925,0.934,1450202.29,0
2024-06-14 18:00:00,0.933,0.935,0.917,0.926,1450283.69,0
2024-06-14 19:00:00,0.926,0.933,0.922,0.931,819808.66,0
2024-06-14 20:00:00,0.93,0.938,0.928,0.933,837991.12,0
2024-06-14 21:00:00,0.933,0.963,0.931,0.955,942999.78,0
2024-06-14 22:00:00,0.955,0.956,0.94,0.947,625716.82,0
2024-06-14 23:00:00,0.946,0.948,0.94,0.943,346012.73,0
2024-06-15 00:00:00,0.944,0.953,0.94,0.948,615120.62,0
2024-06-15 01:00:00,0.949,0.958,0.938,0.938,604296.9,0
2024-06-15 02:00:00,0.939,0.949,0.938,0.947,336365.59,0
2024-06-15 03:00:00,0.947,0.953,0.945,0.953,268912.05,0
2024-06-15 04:00:00,0.952,0.955,0.948,0.954,257886.2,0
2024-06-15 05:00:00,0.953,0.961,0.953,0.956,548305.85,0
2024-06-15 06:00:00,0.956,0.975,0.956,0.97,1130942.94,0
2024-06-15 07:00:00,0.97,0.977,0.965,0.965,512229.78,0
2024-06-15 08:00:00,0.966,0.969,0.963,0.965,290411.56,0
2024-06-15 09:00:00,0.965,0.968,0.956,0.957,578887.37,0
2024-06-15 10:00:00,0.957,0.962,0.956,0.962,382105.86,0
2024-06-15 11:00:00,0.962,0.964,0.958,0.96,396819.93,0
2024-06-15 12:00:00,0.961,0.964,0.955,0.962,529744.36,0
2024-06-15 13:00:00,0.962,0.966,0.957,0.962,588133.8,0
2024-06-15 14:00:00,0.962,0.962,0.95,0.957,1118055.28,0
2024-06-15 15:00:00,0.957,0.966,0.95,0.954,814043.36,0
2024-06-15 16:00:00,0.954,0.957,0.946,0.947,714696.65,0
2024-06-15 17:00:00,0.947,0.948,0.933,0.939,802030.23,0
2024-06-15 18:00:00,0.939,0.942,0.932,0.935,521878.87,0
2024-06-15 19:00:00,0.935,0.937,0.927,0.935,375753.02,0
2024-06-15 20:00:00,0.935,0.937,0.923,0.928,525423.7,0
2024-06-15 21:00:00,0.928,0.935,0.928,0.933,391616.44,0
2024-06-15 22:00:00,0.932,0.933,0.928,0.931,383990.17,0
2024-06-15 23:00:00,0.931,0.936,0.93,0.934,298419.67,0
2024-06-16 00:00:00,0.934,0.936,0.926,0.927,251157.18,0
2024-06-16 01:00:00,0.926,0.927,0.916,0.922,714403.7,0
2024-06-16 02:00:00,0.922,0.928,0.92,0.923,288187.5,0
2024-06-16 03:00:00,0.923,0.925,0.919,0.924,304737.97,0
2024-06-16 04:00:00,0.923,0.925,0.911,0.92,650115.84,0
2024-06-16 05:00:00,0.919,0.938,0.918,0.936,624336.69,0
2024-06-16 06:00:00,0.936,0.943,0.933,0.939,403984.61,0
2024-06-16 07:00:00,0.939,0.942,0.934,0.937,355387.21,0
2024-06-16 08:00:00,0.936,0.939,0.931,0.931,256660.88,0
2024-06-16 09:00:00,0.932,0.939,0.927,0.937,442475.65,0
2024-06-16 10:00:00,0.937,0.943,0.934,0.943,402918.05,0
2024-06-16 11:00:00,0.942,0.942,0.934,0.937,285042.09,0
2024-06-16 12:00:00,0.936,0.945,0.935,0.942,425948.59,0
2024-06-16 13:00:00,0.943,0.945,0.935,0.94,871972.72,0
2024-06-16 14:00:00,0.94,0.949,0.932,0.934,1062057.86,0
2024-06-16 15:00:00,0.933,0.938,0.932,0.937,529751.14,0
2024-06-16 16:00:00,0.937,0.938,0.933,0.935,589695.64,0
2024-06-16 17:00:00,0.935,0.937,0.928,0.929,536586.08,0
2024-06-16 18:00:00,0.929,0.934,0.928,0.931,310201.99,0
2024-06-16 19:00:00,0.931,0.935,0.93,0.934,314587.03,0
2024-06-16 20:00:00,0.934,0.936,0.931,0.933,198930.32,0
2024-06-16 21:00:00,0.933,0.933,0.928,0.93,175160.16,0
2024-06-16 22:00:00,0.93,0.948,0.93,0.938,915558.19,0
2024-06-16 23:00:00,0.938,0.941,0.933,0.935,348315.73,0
2024-06-17 00:00:00,0.936,0.943,0.928,0.935,420371.16,0
2024-06-17 01:00:00,0.934,0.935,0.918,0.924,814750.47,0
2024-06-17 02:00:00,0.923,0.923,0.898,0.911,1440361.15,0
2024-06-17 03:00:00,0.912,0.913,0.899,0.902,1256701.83,0
2024-06-17 04:00:00,0.903,0.904,0.892,0.902,1457240.08,0
2024-06-17 05:00:00,0.902,0.909,0.889,0.893,1022167.49,0
2024-06-17 06:00:00,0.893,0.897,0.878,0.881,1598998.71,0
2024-06-17 07:00:00,0.881,0.883,0.862,0.872,2221556.12,0
2024-06-17 08:00:00,0.873,0.874,0.846,0.851,2820304.98,0
2024-06-17 09:00:00,0.85,0.86,0.824,0.831,2964499.5,0
2024-06-17 10:00:00,0.83,0.851,0.812,0.85,6216576.61,0
2024-06-17 11:00:00,0.85,0.856,0.844,0.851,1597977.64,0
2024-06-17 12:00:00,0.851,0.857,0.839,0.84,1823014.6,0
2024-06-17 13:00:00,0.84,0.846,0.825,0.831,1933900.51,0
2024-06-17 14:00:00,0.83,0.841,0.828,0.834,1645801.77,0
2024-06-17 15:00:00,0.834,0.838,0.815,0.817,1928017.0,0
2024-06-17 16:00:00,0.816,0.839,0.787,0.818,6298153.18,0
2024-06-17 17:00:00,0.817,0.829,0.817,0.827,2068009.53,0
2024-06-17 18:00:00,0.827,0.849,0.825,0.847,1606137.2,0
2024-06-17 19:00:00,0.847,0.85,0.834,0.835,776299.52,0
2024-06-17 20:00:00,0.836,0.837,0.809,0.813,1308069.01,0
2024-06-17 21:00:00,0.814,0.822,0.802,0.814,695818.48,0
2024-06-17 22:00:00,0.814,0.817,0.806,0.808,485350.19,0
2024-06-17 23:00:00,0.808,0.809,0.791,0.795,1044618.63,0
2024-06-18 00:00:00,0.795,0.803,0.76,0.781,3436212.93,0
2024-06-18 01:00:00,0.78,0.787,0.664,0.719,10834148.99,0
2024-06-18 02:00:00,0.718,0.745,0.706,0.741,4658697.41,0
2024-06-18 03:00:00,0.741,0.749,0.735,0.749,1812798.12,0
2024-06-18 04:00:00,0.748,0.753,0.742,0.744,1264429.6,0
2024-06-18 05:00:00,0.744,0.75,0.744,0.745,813591.93,0
2024-06-18 06:00:00,0.746,0.761,0.746,0.749,1802064.58,0
2024-06-18 07:00:00,0.749,0.758,0.748,0.75,1226877.11,0
2024-06-18 08:00:00,0.75,0.752,0.745,0.748,1173213.77,0
2024-06-18 09:00:00,0.747,0.753,0.744,0.747,1416198.57,0
2024-06-18 10:00:00,0.747,0.747,0.737,0.738,1316089.25,0
2024-06-18 11:00:00,0.738,0.741,0.715,0.732,2242009.84,0
2024-06-18 12:00:00,0.732,0.735,0.715,0.732,2885819.14,0
2024-06-18 13:00:00,0.732,0.732,0.71,0.711,2270378.18,0
2024-06-18 14:00:00,0.711,0.744,0.703,0.729,3201670.67,0
2024-06-18 15:00:00,0.729,0.742,0.724,0.73,2064822.63,0
2024-06-18 16:00:00,0.73,0.73,0.711,0.722,1465569.5,0
2024-06-18 17:00:00,0.722,0.727,0.708,0.711,1228168.88,0
2024-06-18 18:00:00,0.711,0.721,0.705,0.706,1126465.93,0
2024-06-18 19:00:00,0.707,0.719,0.701,0.718,1529782.43,0
2024-06-18 20:00:00,0.718,0.732,0.711,0.728,1625046.84,0
2024-06-18 21:00:00,0.728,0.74,0.725,0.736,888177.5,0
2024-06-18 22:00:00,0.736,0.741,0.73,0.735,477759.93,0
2024-06-18 23:00:00,0.735,0.74,0.733,0.736,528773.62,0
2024-06-19 00:00:00,0.736,0.737,0.719,0.731,848441.71,0
2024-06-19 01:00:00,0.731,0.756,0.73,0.74,2350437.11,0
2024-06-19 02:00:00,0.741,0.756,0.74,0.748,1634544.82,0
2024-06-19 03:00:00,0.748,0.754,0.742,0.746,2112392.27,0
2024-06-19 04:00:00,0.746,0.755,0.744,0.744,1595226.43,0
2024-06-19 05:00:00,0.744,0.748,0.738,0.741,976460.83,0
2024-06-19 06:00:00,0.741,0.749,0.739,0.746,1185060.02,0
2024-06-19 07:00:00,0.746,0.749,0.735,0.738,1114060.35,0
2024-06-19 08:00:00,0.738,0.74,0.723,0.726,1673041.21,0
2024-06-19 09:00:00,0.726,0.73,0.719,0.723,859631.77,0
2024-06-19 10:00:00,0.723,0.731,0.715,0.729,1134396.03,0
2024-06-19 11:00:00,0.729,0.731,0.711,0.719,1496595.47,0
2024-06-19 12:00:00,0.718,0.729,0.716,0.723,1239590.19,0
2024-06-19 13:00:00,0.723,0.725,0.715,0.715,1764841.82,0
2024-06-19 14:00:00,0.715,0.715,0.7,0.703,2796485.61,0
2024-06-19 15:00:00,0.703,0.717,0.702,0.715,1477693.59,0
2024-06-19 16:00:00,0.715,0.725,0.714,0.717,1146237.26,0
2024-06-19 17:00:00,0.717,0.736,0.717,0.726,1464704.35,0
2024-06-19 18:00:00,0.725,0.727,0.719,0.722,1560292.57,0
2024-06-19 19:00:00,0.722,0.726,0.72,0.724,486758.1,0
2024-06-19 20:00:00,0.723,0.728,0.719,0.725,870328.26,0
2024-06-19 21:00:00,0.724,0.736,0.724,0.733,633766.95,0
2024-06-19 22:00:00,0.733,0.743,0.732,0.733,757167.97,0
2024-06-19 23:00:00,0.733,0.738,0.727,0.732,745416.61,0
2024-06-20 00:00:00,0.732,0.736,0.721,0.731,1176446.16,0
2024-06-20 01:00:00,0.731,0.751,0.73,0.739,1574781.89,0
2024-06-20 02:00:00,0.74,0.74,0.731,0.736,1101592.61,0
2024-06-20 03:00:00,0.736,0.737,0.73,0.733,775384.79,0
2024-06-20 04:00:00,0.733,0.741,0.724,0.74,611956.24,0
2024-06-20 05:00:00,0.741,0.747,0.737,0.745,1257540.4,0
2024-06-20 06:00:00,0.744,0.752,0.74,0.742,1622666.18,0
2024-06-20 07:00:00,0.742,0.758,0.742,0.756,1550763.86,0
2024-06-20 08:00:00,0.756,0.756,0.743,0.748,1013507.24,0
2024-06-20 09:00:00,0.749,0.751,0.741,0.744,1063235.31,0
2024-06-20 10:00:00,0.744,0.746,0.734,0.746,839463.43,0
2024-06-20 11:00:00,0.745,0.757,0.735,0.736,1589033.49,0
2024-06-20 12:00:00,0.737,0.744,0.732,0.732,1832168.89,0
2024-06-20 13:00:00,0.733,0.734,0.715,0.717,2415540.76,0
2024-06-20 14:00:00,0.717,0.719,0.7,0.714,1990329.86,0
2024-06-20 15:00:00,0.713,0.717,0.704,0.704,1324468.51,0
2024-06-20 16:00:00,0.704,0.723,0.695,0.722,1677559.99,0
2024-06-20 17:00:00,0.722,0.746,0.717,0.745,1742192.07,0
2024-06-20 18:00:00,0.745,0.745,0.732,0.738,750729.91,0
2024-06-20 19:00:00,0.738,0.738,0.729,0.733,559136.28,0
2024-06-20 20:00:00,0.734,0.739,0.731,0.736,495335.22,0
2024-06-20 21:00:00,0.736,0.741,0.731,0.732,470675.55,0
2024-06-20 22:00:00,0.732,0.735,0.727,0.729,363250.52,0
2024-06-20 23:00:00,0.729,0.73,0.722,0.725,360214.17,0
2024-06-21 00:00:00,0.724,0.726,0.712,0.715,659663.24,0
2024-06-21 01:00:00,0.716,0.734,0.715,0.734,650538.78,0
2024-06-21 02:00:00,0.734,0.738,0.728,0.732,707768.48,0
2024-06-21 03:00:00,0.732,0.736,0.724,0.73,531307.21,0
2024-06-21 04:00:00,0.731,0.739,0.728,0.737,333787.25,0
2024-06-21 05:00:00,0.737,0.738,0.729,0.731,406230.5,0
2024-06-21 06:00:00,0.73,0.733,0.724,0.733,908533.21,0
2024-06-21 07:00:00,0.733,0.744,0.714,0.716,1723945.55,0
2024-06-21 08:00:00,0.716,0.721,0.702,0.708,1718208.68,0
2024-06-21 09:00:00,0.707,0.741,0.706,0.732,1732633.86,0
2024-06-21 10:00:00,0.733,0.74,0.727,0.728,1357644.47,0
2024-06-21 11:00:00,0.729,0.735,0.725,0.73,881396.09,0
2024-06-21 12:00:00,0.73,0.737,0.722,0.727,1081006.58,0
2024-06-21 13:00:00,0.727,0.728,0.716,0.719,694805.0,0
2024-06-21 14:00:00,0.719,0.74,0.715,0.736,1171075.17,0
2024-06-21 15:00:00,0.737,0.741,0.717,0.722,1379514.87,0
2024-06-21 16:00:00,0.722,0.729,0.718,0.721,891535.47,0
2024-06-21 17:00:00,0.72,0.725,0.709,0.714,1816680.04,0
2024-06-21 18:00:00,0.715,0.732,0.713,0.731,1084384.65,0
2024-06-21 19:00:00,0.732,0.735,0.726,0.729,765855.62,0
2024-06-21 20:00:00,0.729,0.736,0.726,0.727,430336.47,0
2024-06-21 21:00:00,0.727,0.73,0.716,0.724,309303.13,0
2024-06-21 22:00:00,0.723,0.726,0.721,0.722,162733.87,0
2024-06-21 23:00:00,0.721,0.722,0.718,0.719,198425.43,0
2024-06-22 00:00:00,0.719,0.719,0.704,0.71,465142.84,0
2024-06-22 01:00:00,0.709,0.715,0.708,0.712,342990.11,0
2024-06-22 02:00:00,0.711,0.716,0.71,0.712,229508.95,0
2024-06-22 03:00:00,0.713,0.716,0.707,0.713,490535.49,0
2024-06-22 04:00:00,0.714,0.714,0.708,0.712,490513.22,0
2024-06-22 05:00:00,0.712,0.719,0.708,0.715,444462.72,0
2024-06-22 06:00:00,0.715,0.718,0.713,0.716,289360.95,0
2024-06-22 07:00:00,0.715,0.717,0.707,0.709,560023.52,0
2024-06-22 08:00:00,0.71,0.711,0.704,0.709,426489.35,0
2024-06-22 09:00:00,0.708,0.715,0.707,0.709,754329.01,0
2024-06-22 10:00:00,0.709,0.71,0.706,0.71,1007475.16,0
2024-06-22 11:00:00,0.71,0.713,0.707,0.711,435653.51,0
2024-06-22 12:00:00,0.711,0.715,0.709,0.711,468891.06,0
2024-06-22 13:00:00,0.71,0.714,0.708,0.712,257073.06,0
2024-06-22 14:00:00,0.712,0.724,0.71,0.721,568361.23,0
2024-06-22 15:00:00,0.721,0.733,0.718,0.731,522464.45,0
2024-06-22 16:00:00,0.73,0.736,0.726,0.731,548042.99,0
2024-06-22 17:00:00,0.732,0.737,0.722,0.723,549194.8,0
2024-06-22 18:00:00,0.722,0.727,0.719,0.724,324966.32,0
2024-06-22 19:00:00,0.724,0.725,0.722,0.723,261740.84,0
2024-06-22 20:00:00,0.724,0.725,0.719,0.721,361850.3,0
2024-06-22 21:00:00,0.72,0.724,0.719,0.724,108006.3,0
2024-06-22 22:00:00,0.723,0.724,0.717,0.722,159119.44,0
2024-06-22 23:00:00,0.721,0.726,0.719,0.719,183826.86,0
2024-06-23 00:00:00,0.72,0.733,0.717,0.731,564197.97,0
2024-06-23 01:00:00,0.731,0.739,0.731,0.736,498773.58,0
2024-06-23 02:00:00,0.737,0.746,0.734,0.745,477772.94,0
2024-06-23 03:00:00,0.746,0.75,0.741,0.743,500615.23,0
2024-06-23 04:00:00,0.743,0.746,0.738,0.744,628171.09,0
2024-06-23 05:00:00,0.744,0.749,0.736,0.737,965820.05,0
2024-06-23 06:00:00,0.737,0.741,0.736,0.739,371919.16,0
2024-06-23 07:00:00,0.74,0.743,0.735,0.737,495193.66,0
2024-06-23 08:00:00,0.737,0.74,0.735,0.738,360652.4,0
2024-06-23 09:00:00,0.738,0.743,0.734,0.738,472254.41,0
2024-06-23 10:00:00,0.738,0.739,0.728,0.729,439784.41,0
2024-06-23 11:00:00,0.729,0.73,0.726,0.728,229676.38,0
2024-06-23 12:00:00,0.728,0.733,0.726,0.732,275072.0,0
2024-06-23 13:00:00,0.732,0.733,0.72,0.723,452134.93,0
2024-06-23 14:00:00,0.723,0.723,0.709,0.711,975202.09,0
2024-06-23 15:00:00,0.71,0.715,0.707,0.711,449040.02,0
2024-06-23 16:00:00,0.712,0.713,0.699,0.703,831501.66,0
2024-06-23 17:00:00,0.702,0.711,0.701,0.708,540299.96,0
2024-06-23 18:00:00,0.707,0.712,0.707,0.709,213141.07,0
2024-06-23 19:00:00,0.709,0.711,0.705,0.709,133415.53,0
2024-06-23 20:00:00,0.709,0.709,0.686,0.704,964352.09,0
2024-06-23 21:00:00,0.704,0.709,0.702,0.706,334292.62,0
2024-06-23 22:00:00,0.706,0.706,0.692,0.696,655500.94,0
2024-06-23 23:00:00,0.697,0.698,0.691,0.697,479597.12,0
2024-06-24 00:00:00,0.697,0.704,0.695,0.704,708222.78,0
2024-06-24 01:00:00,0.703,0.705,0.696,0.703,451067.28,0
2024-06-24 02:00:00,0.703,0.707,0.687,0.694,639677.31,0
2024-06-24 03:00:00,0.694,0.703,0.693,0.695,403831.56,0
2024-06-24 04:00:00,0.695,0.696,0.69,0.695,419726.06,0
2024-06-24 05:00:00,0.695,0.696,0.665,0.673,1854317.53,0
2024-06-24 06:00:00,0.672,0.68,0.672,0.679,934950.76,0
2024-06-24 07:00:00,0.679,0.683,0.674,0.679,917854.09,0
2024-06-24 08:00:00,0.679,0.684,0.671,0.679,994648.07,0
2024-06-24 09:00:00,0.679,0.681,0.632,0.677,4079317.22,0
2024-06-24 10:00:00,0.676,0.686,0.673,0.679,1545104.47,0
2024-06-24 11:00:00,0.68,0.684,0.668,0.676,1201135.04,0
2024-06-24 12:00:00,0.675,0.687,0.674,0.683,1094614.8,0
2024-06-24 13:00:00,0.682,0.693,0.676,0.693,889544.54,0
2024-06-24 14:00:00,0.693,0.698,0.688,0.696,1443572.97,0
2024-06-24 15:00:00,0.696,0.704,0.681,0.688,1248818.8,0
2024-06-24 16:00:00,0.688,0.694,0.682,0.689,1065762.14,0
2024-06-24 17:00:00,0.688,0.704,0.685,0.703,1957613.62,0
2024-06-24 18:00:00,0.703,0.711,0.696,0.705,1190322.03,0
2024-06-24 19:00:00,0.704,0.708,0.692,0.697,1204869.07,0
2024-06-24 20:00:00,0.698,0.705,0.69,0.704,1342334.81,0
2024-06-24 21:00:00,0.704,0.726,0.704,0.724,1017285.35,0
2024-06-24 22:00:00,0.724,0.73,0.721,0.722,408141.83,0
2024-06-24 23:00:00,0.722,0.735,0.722,0.73,457824.49,0
2024-06-25 00:00:00,0.73,0.738,0.727,0.735,474924.79,0
2024-06-25 01:00:00,0.735,0.735,0.723,0.724,1338546.5,0
2024-06-25 02:00:00,0.724,0.728,0.72,0.724,471086.87,0
2024-06-25 03:00:00,0.724,0.738,0.723,0.729,807729.81,0
2024-06-25 04:00:00,0.729,0.731,0.724,0.729,385943.42,0
2024-06-25 05:00:00,0.729,0.73,0.718,0.722,909107.54,0
2024-06-25 06:00:00,0.722,0.723,0.716,0.72,289420.09,0
2024-06-25 07:00:00,0.72,0.723,0.715,0.716,374230.95,0
2024-06-25 08:00:00,0.716,0.72,0.711,0.714,280683.27,0
2024-06-25 09:00:00,0.714,0.726,0.713,0.724,605264.26,0
2024-06-25 10:00:00,0.723,0.728,0.72,0.726,701196.33,0
2024-06-25 11:00:00,0.726,0.732,0.725,0.73,336937.42,0
2024-06-25 12:00:00,0.73,0.736,0.726,0.727,425053.46,0
2024-06-25 13:00:00,0.728,0.735,0.728,0.733,440714.04,0
2024-06-25 14:00:00,0.733,0.75,0.731,0.748,1157910.56,0
2024-06-25 15:00:00,0.749,0.762,0.744,0.757,893887.23,0
2024-06-25 16:00:00,0.756,0.757,0.742,0.744,885567.18,0
2024-06-25 17:00:00,0.744,0.751,0.743,0.743,367293.81,0
2024-06-25 18:00:00,0.743,0.747,0.74,0.746,409622.57,0
2024-06-25 19:00:00,0.746,0.748,0.739,0.741,276104.38,0
2024-06-25 20:00:00,0.741,0.741,0.736,0.738,173548.11,0
2024-06-25 21:00:00,0.738,0.739,0.731,0.731,214663.23,0
2024-06-25 22:00:00,0.731,0.732,0.724,0.726,361352.53,0
2024-06-25 23:00:00,0.726,0.726,0.72,0.723,335691.83,0
2024-06-26 00:00:00,0.723,0.725,0.715,0.718,449652.1,0
2024-06-26 01:00:00,0.717,0.733,0.715,0.731,766923.04,0
2024-06-26 02:00:00,0.732,0.735,0.725,0.726,452221.06,0
2024-06-26 03:00:00,0.726,0.728,0.716,0.719,734308.98,0
2024-06-26 04:00:00,0.718,0.72,0.713,0.713,496301.21,0
2024-06-26 05:00:00,0.713,0.716,0.707,0.712,422057.17,0
2024-06-26 06:00:00,0.712,0.714,0.71,0.713,309777.66,0
2024-06-26 07:00:00,0.713,0.72,0.71,0.718,684455.46,0
2024-06-26 08:00:00,0.718,0.719,0.711,0.712,420238.32,0
2024-06-26 09:00:00,0.712,0.713,0.706,0.712,496831.13,0
2024-06-26 10:00:00,0.712,0.714,0.709,0.71,395776.81,0
2024-06-26 11:00:00,0.711,0.712,0.706,0.711,608857.24,0
2024-06-26 12:00:00,0.71,0.714,0.709,0.709,372304.37,0
2024-06-26 13:00:00,0.71,0.716,0.707,0.716,691825.71,0
2024-06-26 14:00:00,0.716,0.719,0.704,0.71,785065.75,0
2024-06-26 15:00:00,0.709,0.709,0.698,0.703,591816.13,0
2024-06-26 16:00:00,0.704,0.704,0.694,0.696,615615.31,0
2024-06-26 17:00:00,0.695,0.696,0.68,0.69,1190880.36,0
2024-06-26 18:00:00,0.689,0.691,0.682,0.69,372925.38,0
2024-06-26 19:00:00,0.689,0.703,0.688,0.702,271904.74,0
2024-06-26 20:00:00,0.702,0.713,0.698,0.708,620759.4,0
2024-06-26 21:00:00,0.708,0.711,0.705,0.709,252502.83,0
2024-06-26 22:00:00,0.708,0.709,0.698,0.702,199083.83,0
2024-06-26 23:00:00,0.702,0.703,0.7,0.701,166493.14,0
2024-06-27 00:00:00,0.702,0.702,0.696,0.701,336183.08,0
2024-06-27 01:00:00,0.7,0.705,0.696,0.702,713976.39,0
2024-06-27 02:00:00,0.702,0.709,0.699,0.705,424577.72,0
2024-06-27 03:00:00,0.705,0.705,0.694,0.697,531561.14,0
2024-06-27 04:00:00,0.697,0.699,0.694,0.697,379061.25,0
2024-06-27 05:00:00,0.697,0.698,0.687,0.687,356172.29,0
2024-06-27 06:00:00,0.687,0.688,0.681,0.687,663570.32,0
2024-06-27 07:00:00,0.686,0.687,0.681,0.682,365920.98,0
2024-06-27 08:00:00,0.682,0.69,0.682,0.689,227343.2,0
2024-06-27 09:00:00,0.69,0.706,0.689,0.703,834612.06,0
2024-06-27 10:00:00,0.704,0.711,0.697,0.698,465759.01,0
2024-06-27 11:00:00,0.698,0.699,0.695,0.696,452419.29,0
2024-06-27 12:00:00,0.696,0.709,0.696,0.709,781316.18,0
2024-06-27 13:00:00,0.708,0.725,0.707,0.716,1911179.02,0
2024-06-27 14:00:00,0.717,0.726,0.714,0.714,1091977.34,0
2024-06-27 15:00:00,0.715,0.718,0.71,0.717,824238.05,0
2024-06-27 16:00:00,0.717,0.721,0.712,0.714,539342.48,0
2024-06-27 17:00:00,0.713,0.72,0.713,0.717,257712.01,0
2024-06-27 18:00:00,0.716,0.72,0.714,0.719,267902.97,0
2024-06-27 19:00:00,0.72,0.72,0.714,0.716,202391.34,0
2024-06-27 20:00:00,0.716,0.716,0.712,0.713,164158.87,0
2024-06-27 21:00:00,0.713,0.716,0.711,0.715,181717.2,0
2024-06-27 22:00:00,0.715,0.716,0.711,0.713,203045.98,0
2024-06-27 23:00:00,0.713,0.714,0.708,0.71,149840.79,0
2024-06-28 00:00:00,0.709,0.709,0.701,0.703,256504.83,0
2024-06-28 01:00:00,0.702,0.731,0.701,0.722,955552.89,0
2024-06-28 02:00:00,0.721,0.725,0.71,0.711,431380.53,0
2024-06-28 03:00:00,0.71,0.717,0.71,0.714,183866.73,0
2024-06-28 04:00:00,0.713,0.714,0.706,0.711,226115.9,0
2024-06-28 05:00:00,0.71,0.711,0.703,0.705,227352.97,0
2024-06-28 06:00:00,0.704,0.709,0.703,0.708,195066.12,0
2024-06-28 07:00:00,0.708,0.711,0.703,0.708,350793.72,0
2024-06-28 08:00:00,0.707,0.713,0.704,0.711,249784.98,0
2024-06-28 09:00:00,0.712,0.714,0.706,0.712,327041.77,0
2024-06-28 10:00:00,0.712,0.714,0.71,0.711,574412.54,0
2024-06-28 11:00:00,0.711,0.712,0.706,0.707,407550.04,0
2024-06-28 12:00:00,0.708,0.717,0.701,0.702,794742.54,0
2024-06-28 13:00:00,0.703,0.709,0.693,0.7,946392.38,0
2024-06-28 14:00:00,0.701,0.704,0.687,0.693,1167880.34,0
2024-06-28 15:00:00,0.692,0.698,0.687,0.692,1001586.09,0
2024-06-28 16:00:00,0.692,0.693,0.676,0.684,1232028.37,0
2024-06-28 17:00:00,0.683,0.684,0.666,0.675,1095537.02,0
2024-06-28 18:00:00,0.675,0.675,0.669,0.671,606983.47,0
2024-06-28 19:00:00,0.671,0.673,0.664,0.67,464899.8,0
2024-06-28 20:00:00,0.671,0.675,0.667,0.668,534538.68,0
2024-06-28 21:00:00,0.667,0.667,0.656,0.665,656676.64,0
2024-06-28 22:00:00,0.665,0.665,0.657,0.659,617143.39,0
2024-06-28 23:00:00,0.659,0.659,0.656,0.657,693308.23,0
2024-06-29 00:00:00,0.657,0.66,0.652,0.658,576847.97,0
2024-06-29 01:00:00,0.657,0.667,0.657,0.667,374389.24,0
2024-06-29 02:00:00,0.667,0.668,0.662,0.663,359686.24,0
2024-06-29 03:00:00,0.662,0.665,0.661,0.663,211044.74,0
2024-06-29 04:00:00,0.663,0.664,0.66,0.661,210512.23,0
2024-06-29 05:00:00,0.661,0.664,0.654,0.659,703160.58,0
2024-06-29 06:00:00,0.658,0.661,0.656,0.661,238613.45,0
2024-06-29 07:00:00,0.661,0.67,0.661,0.669,557720.65,0
2024-06-29 08:00:00,0.669,0.674,0.666,0.669,462607.68,0
2024-06-29 09:00:00,0.669,0.672,0.667,0.671,328129.92,0
2024-06-29 10:00:00,0.671,0.68,0.671,0.677,517839.82,0
2024-06-29 11:00:00,0.677,0.682,0.676,0.679,525667.39,0
2024-06-29 12:00:00,0.679,0.686,0.674,0.674,724269.68,0
2024-06-29 13:00:00,0.674,0.677,0.671,0.674,303749.67,0
2024-06-29 14:00:00,0.674,0.678,0.671,0.673,391221.79,0
2024-06-29 15:00:00,0.672,0.681,0.669,0.681,370136.97,0
2024-06-29 16:00:00,0.681,0.681,0.671,0.672,251735.42,0
2024-06-29 17:00:00,0.673,0.673,0.668,0.67,233539.81,0
2024-06-29 18:00:00,0.669,0.672,0.666,0.669,309004.6,0
2024-06-29 19:00:00,0.669,0.669,0.66,0.666,235425.13,0
2024-06-29 20:00:00,0.666,0.667,0.66,0.662,229583.03,0
2024-06-29 21:00:00,0.661,0.663,0.656,0.66,388256.81,0
2024-06-29 22:00:00,0.66,0.66,0.647,0.649,555806.01,0
2024-06-29 23:00:00,0.649,0.653,0.648,0.653,239574.15,0
2024-06-30 00:00:00,0.652,0.658,0.649,0.655,521700.94,0
2024-06-30 01:00:00,0.655,0.656,0.645,0.649,806528.5,0
2024-06-30 02:00:00,0.648,0.649,0.639,0.642,1215447.21,0
2024-06-30 03:00:00,0.641,0.644,0.64,0.644,589471.97,0
2024-06-30 04:00:00,0.644,0.647,0.64,0.647,311211.95,0
2024-06-30 05:00:00,0.647,0.648,0.641,0.642,293971.66,0
2024-06-30 06:00:00,0.641,0.647,0.641,0.647,759295.06,0
2024-06-30 07:00:00,0.647,0.661,0.646,0.658,1200226.38,0
2024-06-30 08:00:00,0.658,0.667,0.655,0.664,1044549.3,0
2024-06-30 09:00:00,0.663,0.669,0.661,0.663,618533.68,0
2024-06-30 10:00:00,0.664,0.675,0.664,0.667,348173.95,0
2024-06-30 11:00:00,0.668,0.672,0.665,0.666,299183.45,0
2024-06-30 12:00:00,0.667,0.671,0.661,0.664,440685.59,0
2024-06-30 13:00:00,0.665,0.668,0.661,0.668,447048.17,0
2024-06-30 14:00:00,0.667,0.672,0.665,0.668,466642.7,0
2024-06-30 15:00:00,0.668,0.674,0.668,0.671,550363.16,0
2024-06-30 16:00:00,0.67,0.673,0.664,0.665,327350.09,0
2024-06-30 17:00:00,0.666,0.684,0.665,0.682,778888.53,0
2024-06-30 18:00:00,0.682,0.691,0.677,0.685,639034.97,0
2024-06-30 19:00:00,0.685,0.686,0.677,0.678,373891.76,0
2024-06-30 20:00:00,0.679,0.682,0.677,0.679,533572.56,0
2024-06-30 21:00:00,0.678,0.679,0.671,0.674,260169.49,0
2024-06-30 22:00:00,0.674,0.692,0.674,0.691,510596.0,0
2024-06-30 23:00:00,0.691,0.693,0.687,0.689,343997.14,0
2024-07-01 00:00:00,0.69,0.691,0.685,0.687,502464.2,0
2024-07-01 01:00:00,0.687,0.704,0.685,0.699,915393.03,0
2024-07-01 02:00:00,0.699,0.701,0.694,0.699,582151.93,0
2024-07-01 03:00:00,0.699,0.701,0.692,0.695,210131.72,0
2024-07-01 04:00:00,0.694,0.699,0.692,0.696,287747.66,0
2024-07-01 05:00:00,0.696,0.697,0.69,0.695,386560.16,0
2024-07-01 06:00:00,0.695,0.697,0.69,0.696,382374.79,0
2024-07-01 07:00:00,0.695,0.7,0.694,0.695,230806.02,0
2024-07-01 08:00:00,0.695,0.698,0.685,0.693,653395.97,0
2024-07-01 09:00:00,0.693,0.695,0.685,0.689,533164.88,0
2024-07-01 10:00:00,0.69,0.691,0.68,0.684,583395.65,0
2024-07-01 11:00:00,0.683,0.684,0.676,0.679,789012.33,0
2024-07-01 12:00:00,0.679,0.681,0.675,0.678,992549.52,0
2024-07-01 13:00:00,0.678,0.682,0.669,0.671,896020.91,0
2024-07-01 14:00:00,0.672,0.673,0.659,0.668,2569840.57,0
2024-07-01 15:00:00,0.667,0.671,0.66,0.665,808517.8,0
2024-07-01 16:00:00,0.666,0.673,0.664,0.673,611644.15,0
2024-07-01 17:00:00,0.673,0.68,0.671,0.679,572567.6,0
2024-07-01 18:00:00,0.678,0.686,0.673,0.673,654107.96,0
2024-07-01 19:00:00,0.674,0.675,0.671,0.672,414812.06,0
2024-07-01 20:00:00,0.672,0.673,0.66,0.667,604631.88,0
2024-07-01 21:00:00,0.666,0.668,0.66,0.66,321304.08,0
2024-07-01 22:00:00,0.661,0.662,0.648,0.654,705362.49,0
2024-07-01 23:00:00,0.654,0.657,0.651,0.652,314491.9,0
2024-07-02 00:00:00,0.652,0.653,0.641,0.647,625471.25,0
2024-07-02 01:00:00,0.647,0.648,0.643,0.645,489562.42,0
2024-07-02 02:00:00,0.645,0.645,0.637,0.642,811817.16,0
2024-07-02 03:00:00,0.642,0.648,0.639,0.643,592507.17,0
2024-07-02 04:00:00,0.643,0.645,0.64,0.641,851636.73,0
2024-07-02 05:00:00,0.641,0.649,0.64,0.648,545193.01,0
2024-07-02 06:00:00,0.649,0.65,0.644,0.645,415588.19,0
2024-07-02 07:00:00,0.645,0.646,0.635,0.637,944916.93,0
2024-07-02 08:00:00,0.637,0.643,0.63,0.64,1231455.48,0
2024-07-02 09:00:00,0.641,0.643,0.637,0.639,535215.46,0
2024-07-02 10:00:00,0.639,0.643,0.635,0.638,666408.88,0
2024-07-02 11:00:00,0.638,0.639,0.634,0.635,903751.95,0
2024-07-02 12:00:00,0.635,0.647,0.633,0.643,1005911.22,0
2024-07-02 13:00:00,0.643,0.65,0.636,0.64,1231868.02,0
2024-07-02 14:00:00,0.64,0.644,0.634,0.64,1785731.01,0
2024-07-02 15:00:00,0.64,0.643,0.634,0.638,678449.41,0
2024-07-02 16:00:00,0.638,0.639,0.625,0.627,1643980.94,0
2024-07-02 17:00:00,0.626,0.627,0.61,0.614,2737215.75,0
2024-07-02 18:00:00,0.615,0.629,0.611,0.628,1603348.54,0
2024-07-02 19:00:00,0.627,0.635,0.626,0.628,980340.28,0
2024-07-02 20:00:00,0.628,0.63,0.623,0.628,432570.19,0
2024-07-02 21:00:00,0.628,0.638,0.627,0.633,515720.02,0
2024-07-02 22:00:00,0.633,0.635,0.627,0.635,353374.23,0
2024-07-02 23:00:00,0.636,0.639,0.635,0.637,367947.31,0
2024-07-03 00:00:00,0.637,0.642,0.635,0.64,568862.49,0
2024-07-03 01:00:00,0.639,0.641,0.632,0.636,967415.04,0
2024-07-03 02:00:00,0.636,0.638,0.628,0.637,995318.75,0
2024-07-03 03:00:00,0.637,0.639,0.625,0.632,1134235.89,0
2024-07-03 04:00:00,0.632,0.632,0.622,0.625,806152.97,0
2024-07-03 05:00:00,0.624,0.637,0.621,0.637,733952.97,0
2024-07-03 06:00:00,0.636,0.645,0.633,0.644,1057971.16,0
2024-07-03 07:00:00,0.644,0.647,0.637,0.643,906796.65,0
2024-07-03 08:00:00,0.642,0.645,0.636,0.638,1037227.43,0
2024-07-03 09:00:00,0.639,0.644,0.638,0.639,596707.91,0
2024-07-03 10:00:00,0.639,0.64,0.621,0.638,2317484.09,0
2024-07-03 11:00:00,0.638,0.64,0.626,0.626,1151370.25,0
2024-07-03 12:00:00,0.626,0.63,0.617,0.627,2765848.68,0
2024-07-03 13:00:00,0.627,0.647,0.622,0.646,2042907.03,0
2024-07-03 14:00:00,0.647,0.648,0.64,0.642,1348395.13,0
2024-07-03 15:00:00,0.642,0.651,0.64,0.641,2156858.86,0
2024-07-03 16:00:00,0.641,0.642,0.628,0.636,1813500.13,0
2024-07-03 17:00:00,0.635,0.638,0.622,0.624,807545.99,0
2024-07-03 18:00:00,0.624,0.628,0.616,0.62,991812.25,0
2024-07-03 19:00:00,0.62,0.622,0.606,0.616,1952620.21,0
2024-07-03 20:00:00,0.615,0.621,0.61,0.612,975666.65,0
2024-07-03 21:00:00,0.612,0.621,0.608,0.62,1086772.76,0
2024-07-03 22:00:00,0.62,0.628,0.616,0.625,527659.47,0
2024-07-03 23:00:00,0.625,0.626,0.618,0.622,655598.22,0
2024-07-04 00:00:00,0.622,0.624,0.613,0.614,409795.92,0
2024-07-04 01:00:00,0.613,0.614,0.579,0.591,7491185.69,0
2024-07-04 02:00:00,0.591,0.607,0.582,0.604,3693746.29,0
2024-07-04 03:00:00,0.604,0.611,0.599,0.61,800438.89,0
2024-07-04 04:00:00,0.611,0.612,0.605,0.61,747497.64,0
2024-07-04 05:00:00,0.611,0.611,0.605,0.605,321818.52,0
2024-07-04 06:00:00,0.605,0.607,0.592,0.597,1158677.33,0
2024-07-04 07:00:00,0.597,0.598,0.588,0.592,1236326.32,0
2024-07-04 08:00:00,0.592,0.603,0.585,0.601,2699272.61,0
2024-07-04 09:00:00,0.601,0.605,0.592,0.598,1527447.92,0
2024-07-04 10:00:00,0.599,0.599,0.589,0.596,1669394.61,0
2024-07-04 11:00:00,0.595,0.599,0.588,0.59,922480.52,0
2024-07-04 12:00:00,0.591,0.593,0.573,0.574,1671479.65,0
2024-07-04 13:00:00,0.575,0.581,0.564,0.579,2970247.23,0
2024-07-04 14:00:00,0.579,0.58,0.567,0.575,1373394.31,0
2024-07-04 15:00:00,0.575,0.582,0.568,0.581,774124.63,0
2024-07-04 16:00:00,0.581,0.581,0.567,0.575,723032.31,0
2024-07-04 17:00:00,0.575,0.576,0.568,0.569,646994.6,0
2024-07-04 18:00:00,0.569,0.571,0.559,0.565,965521.57,0
2024-07-04 19:00:00,0.565,0.571,0.56,0.56,602143.58,0
2024-07-04 20:00:00,0.561,0.568,0.557,0.568,529579.94,0
2024-07-04 21:00:00,0.567,0.571,0.564,0.57,555288.98,0
2024-07-04 22:00:00,0.57,0.571,0.557,0.557,777756.3,0
2024-07-04 23:00:00,0.557,0.557,0.526,0.533,3798240.42,0
2024-07-05 00:00:00,0.533,0.534,0.495,0.518,10124443.06,0
2024-07-05 01:00:00,0.518,0.521,0.496,0.515,3439100.87,0
2024-07-05 02:00:00,0.515,0.515,0.45,0.467,8905924.63,0
2024-07-05 03:00:00,0.467,0.481,0.455,0.472,14748449.35,0
2024-07-05 04:00:00,0.471,0.494,0.461,0.487,7787852.0,0
2024-07-05 05:00:00,0.487,0.499,0.484,0.495,3868478.88,0
2024-07-05 06:00:00,0.495,0.496,0.484,0.491,2493797.74,0
2024-07-05 07:00:00,0.491,0.499,0.489,0.498,2149366.81,0
2024-07-05 08:00:00,0.498,0.498,0.473,0.474,2272444.58,0
2024-07-05 09:00:00,0.475,0.488,0.472,0.487,3441553.41,0
2024-07-05 10:00:00,0.487,0.497,0.484,0.488,2295677.52,0
2024-07-05 11:00:00,0.488,0.5,0.486,0.497,1770867.1,0
2024-07-05 12:00:00,0.498,0.51,0.493,0.504,4113621.17,0
2024-07-05 13:00:00,0.504,0.514,0.5,0.507,1957127.11,0
2024-07-05 14:00:00,0.507,0.507,0.495,0.501,1730234.88,0
2024-07-05 15:00:00,0.5,0.511,0.498,0.507,2640660.02,0
2024-07-05 16:00:00,0.507,0.513,0.503,0.504,1470316.01,0
2024-07-05 17:00:00,0.504,0.512,0.501,0.509,1028923.46,0
2024-07-05 18:00:00,0.509,0.517,0.505,0.516,868467.83,0
2024-07-05 19:00:00,0.516,0.522,0.511,0.514,837220.86,0
2024-07-05 20:00:00,0.514,0.516,0.511,0.513,797095.57,0
2024-07-05 21:00:00,0.513,0.514,0.508,0.512,634548.16,0
2024-07-05 22:00:00,0.512,0.519,0.509,0.515,904343.97,0
2024-07-05 23:00:00,0.514,0.52,0.51,0.514,655397.73,0
2024-07-06 00:00:00,0.513,0.532,0.51,0.518,1821922.98,0
2024-07-06 01:00:00,0.518,0.518,0.508,0.508,1000384.04,0
2024-07-06 02:00:00,0.509,0.518,0.502,0.514,1018686.03,0
2024-07-06 03:00:00,0.513,0.514,0.508,0.51,441357.01,0
2024-07-06 04:00:00,0.511,0.513,0.504,0.506,988125.27,0
2024-07-06 05:00:00,0.507,0.509,0.503,0.505,717830.24,0
2024-07-06 06:00:00,0.505,0.516,0.504,0.512,802393.78,0
2024-07-06 07:00:00,0.512,0.52,0.51,0.516,908544.05,0
2024-07-06 08:00:00,0.516,0.52,0.513,0.515,719116.91,0
2024-07-06 09:00:00,0.514,0.522,0.51,0.521,1350020.56,0
2024-07-06 10:00:00,0.522,0.529,0.52,0.527,856967.23,0
2024-07-06 11:00:00,0.527,0.531,0.524,0.528,966511.17,0
2024-07-06 12:00:00,0.527,0.535,0.525,0.531,884814.86,0
2024-07-06 13:00:00,0.531,0.54,0.529,0.537,1048903.03,0
2024-07-06 14:00:00,0.536,0.548,0.534,0.541,1226899.92,0
2024-07-06 15:00:00,0.541,0.553,0.54,0.549,1596087.08,0
2024-07-06 16:00:00,0.549,0.574,0.541,0.565,5007751.49,0
2024-07-06 17:00:00,0.564,0.569,0.56,0.562,1766596.61,0
2024-07-06 18:00:00,0.562,0.566,0.558,0.563,1407279.64,0
2024-07-06 19:00:00,0.563,0.568,0.562,0.566,539526.39,0
2024-07-06 20:00:00,0.565,0.572,0.564,0.569,569195.76,0
2024-07-06 21:00:00,0.57,0.586,0.568,0.581,1839222.05,0
2024-07-06 22:00:00,0.581,0.585,0.571,0.575,1056789.1,0
2024-07-06 23:00:00,0.575,0.575,0.569,0.573,470379.46,0
2024-07-07 00:00:00,0.573,0.573,0.564,0.565,786186.21,0
2024-07-07 01:00:00,0.565,0.566,0.554,0.562,1249676.32,0
2024-07-07 02:00:00,0.562,0.568,0.561,0.567,674546.25,0
2024-07-07 03:00:00,0.566,0.566,0.556,0.56,628800.13,0
2024-07-07 04:00:00,0.56,0.562,0.548,0.55,755283.4,0
2024-07-07 05:00:00,0.549,0.554,0.546,0.553,893285.5,0
2024-07-07 06:00:00,0.554,0.557,0.552,0.554,471697.39,0
2024-07-07 07:00:00,0.553,0.565,0.548,0.553,2805666.31,0
2024-07-07 08:00:00,0.553,0.556,0.55,0.555,602157.34,0
2024-07-07 09:00:00,0.555,0.559,0.55,0.555,685404.15,0
2024-07-07 10:00:00,0.555,0.56,0.552,0.555,689303.83,0
2024-07-07 11:00:00,0.555,0.561,0.554,0.56,444606.3,0
2024-07-07 12:00:00,0.559,0.565,0.556,0.561,914288.28,0
2024-07-07 13:00:00,0.56,0.56,0.543,0.546,1797455.1,0
2024-07-07 14:00:00,0.546,0.549,0.538,0.544,1161356.12,0
2024-07-07 15:00:00,0.543,0.55,0.542,0.545,703483.13,0
2024-07-07 16:00:00,0.545,0.555,0.544,0.554,1062194.39,0
2024-07-07 17:00:00,0.554,0.56,0.549,0.558,720069.48,0
2024-07-07 18:00:00,0.558,0.562,0.556,0.557,496260.64,0
2024-07-07 19:00:00,0.557,0.561,0.554,0.558,541141.73,0
2024-07-07 20:00:00,0.558,0.563,0.555,0.556,551577.8,0
2024-07-07 21:00:00,0.556,0.556,0.539,0.547,865185.04,0
2024-07-07 22:00:00,0.547,0.55,0.539,0.54,378296.3,0
2024-07-07 23:00:00,0.54,0.545,0.533,0.537,641743.47,0
2024-07-08 00:00:00,0.536,0.543,0.522,0.523,2629324.67,0
2024-07-08 01:00:00,0.524,0.53,0.514,0.53,2500058.64,0
2024-07-08 02:00:00,0.53,0.543,0.526,0.539,1573687.55,0
2024-07-08 03:00:00,0.539,0.547,0.534,0.54,721784.44,0
2024-07-08 04:00:00,0.54,0.558,0.537,0.556,1369617.89,0
2024-07-08 05:00:00,0.557,0.564,0.553,0.561,1234168.2,0
2024-07-08 06:00:00,0.56,0.569,0.555,0.561,1276755.07,0
2024-07-08 07:00:00,0.562,0.562,0.547,0.558,1783129.09,0
2024-07-08 08:00:00,0.559,0.587,0.556,0.584,2828467.76,0
2024-07-08 09:00:00,0.585,0.593,0.578,0.583,2749570.92,0
2024-07-08 10:00:00,0.583,0.596,0.579,0.587,3081656.97,0
2024-07-08 11:00:00,0.587,0.617,0.587,0.608,3856853.53,0
2024-07-08 12:00:00,0.608,0.613,0.597,0.599,2463887.14,0
2024-07-08 13:00:00,0.599,0.599,0.585,0.592,1671107.74,0
2024-07-08 14:00:00,0.592,0.6,0.572,0.593,6238637.54,0
2024-07-08 15:00:00,0.592,0.599,0.587,0.589,3067870.44,0
2024-07-08 16:00:00,0.588,0.598,0.583,0.587,2460661.47,0
2024-07-08 17:00:00,0.588,0.59,0.58,0.587,1535266.17,0
2024-07-08 18:00:00,0.587,0.594,0.582,0.591,965957.94,0
2024-07-08 19:00:00,0.591,0.599,0.59,0.594,525609.03,0
2024-07-08 20:00:00,0.594,0.6,0.59,0.593,738355.09,0
2024-07-08 21:00:00,0.592,0.603,0.588,0.602,641524.72,0
2024-07-08 22:00:00,0.602,0.61,0.6,0.605,464333.79,0
2024-07-08 23:00:00,0.605,0.609,0.602,0.605,419430.15,0
2024-07-09 00:00:00,0.604,0.606,0.596,0.603,817292.85,0
2024-07-09 01:00:00,0.603,0.616,0.592,0.599,1882561.32,0
2024-07-09 02:00:00,0.599,0.601,0.591,0.6,957414.43,0
2024-07-09 03:00:00,0.6,0.601,0.59,0.595,676542.56,0
2024-07-09 04:00:00,0.595,0.597,0.591,0.596,524038.63,0
2024-07-09 05:00:00,0.597,0.602,0.595,0.599,421046.75,0
2024-07-09 06:00:00,0.599,0.605,0.596,0.597,486502.61,0
2024-07-09 07:00:00,0.597,0.599,0.592,0.596,424397.71,0
2024-07-09 08:00:00,0.595,0.598,0.588,0.592,807017.27,0
2024-07-09 09:00:00,0.591,0.595,0.589,0.591,610027.09,0
2024-07-09 10:00:00,0.59,0.593,0.588,0.59,849009.25,0
2024-07-09 11:00:00,0.59,0.591,0.585,0.588,648439.87,0
2024-07-09 12:00:00,0.588,0.589,0.582,0.584,575865.93,0
2024-07-09 13:00:00,0.584,0.587,0.581,0.585,954726.7,0
2024-07-09 14:00:00,0.585,0.597,0.581,0.586,3722924.44,0
2024-07-09 15:00:00,0.586,0.588,0.581,0.586,1084526.15,0
2024-07-09 16:00:00,0.587,0.593,0.584,0.589,989156.29,0
2024-07-09 17:00:00,0.59,0.595,0.586,0.586,918955.16,0
2024-07-09 18:00:00,0.586,0.597,0.584,0.595,743379.43,0
2024-07-09 19:00:00,0.595,0.596,0.591,0.594,450815.33,0
2024-07-09 20:00:00,0.594,0.605,0.592,0.602,534892.38,0
2024-07-09 21:00:00,0.602,0.605,0.596,0.6,546535.29,0
2024-07-09 22:00:00,0.6,0.607,0.595,0.599,545319.86,0
2024-07-09 23:00:00,0.599,0.606,0.597,0.602,701812.89,0
2024-07-10 00:00:00,0.602,0.603,0.592,0.593,835763.66,0
2024-07-10 01:00:00,0.593,0.607,0.59,0.598,977750.97,0
2024-07-10 02:00:00,0.598,0.603,0.591,0.598,838920.39,0
2024-07-10 03:00:00,0.598,0.602,0.594,0.6,429522.45,0
2024-07-10 04:00:00,0.6,0.608,0.598,0.606,2225005.37,0
2024-07-10 05:00:00,0.605,0.607,0.595,0.598,851098.3,0
2024-07-10 06:00:00,0.599,0.601,0.592,0.597,1792707.42,0
2024-07-10 07:00:00,0.598,0.599,0.584,0.589,1180888.98,0
2024-07-10 08:00:00,0.589,0.591,0.584,0.587,1213781.24,0
2024-07-10 09:00:00,0.587,0.589,0.578,0.583,889683.74,0
2024-07-10 10:00:00,0.584,0.591,0.581,0.587,682319.16,0
2024-07-10 11:00:00,0.587,0.589,0.583,0.585,733992.78,0
2024-07-10 12:00:00,0.584,0.595,0.581,0.589,1748560.6,0
2024-07-10 13:00:00,0.589,0.595,0.587,0.592,1067867.24,0
2024-07-10 14:00:00,0.592,0.597,0.587,0.592,776870.88,0
2024-07-10 15:00:00,0.592,0.606,0.59,0.601,861688.94,0
2024-07-10 16:00:00,0.601,0.61,0.594,0.597,1018462.97,0
2024-07-10 17:00:00,0.596,0.597,0.59,0.593,801538.32,0
2024-07-10 18:00:00,0.592,0.598,0.592,0.595,283555.66,0
2024-07-10 19:00:00,0.596,0.598,0.593,0.597,112342.73,0
2024-07-10 20:00:00,0.598,0.6,0.593,0.598,284934.3,0
2024-07-10 21:00:00,0.598,0.599,0.59,0.591,522027.3,0
2024-07-10 22:00:00,0.591,0.597,0.59,0.597,200254.34,0
2024-07-10 23:00:00,0.596,0.598,0.595,0.597,232167.88,0
2024-07-11 00:00:00,0.596,0.601,0.594,0.601,272372.82,0
2024-07-11 01:00:00,0.6,0.603,0.59,0.602,731067.69,0
2024-07-11 02:00:00,0.602,0.603,0.594,0.596,359527.48,0
2024-07-11 03:00:00,0.596,0.597,0.583,0.589,689132.61,0
2024-07-11 04:00:00,0.589,0.591,0.587,0.589,313550.61,0
2024-07-11 05:00:00,0.589,0.593,0.587,0.591,353623.62,0
2024-07-11 06:00:00,0.591,0.598,0.59,0.598,379571.09,0
2024-07-11 07:00:00,0.597,0.605,0.595,0.603,583308.17,0
2024-07-11 08:00:00,0.603,0.605,0.597,0.598,411586.18,0
2024-07-11 09:00:00,0.597,0.6,0.593,0.599,430707.38,0
2024-07-11 10:00:00,0.599,0.603,0.591,0.594,508456.78,0
2024-07-11 11:00:00,0.594,0.596,0.59,0.595,678121.16,0
2024-07-11 12:00:00,0.595,0.608,0.591,0.597,3454826.22,0
2024-07-11 13:00:00,0.597,0.598,0.588,0.596,1286476.8,0
2024-07-11 14:00:00,0.596,0.597,0.583,0.59,1294509.47,0
2024-07-11 15:00:00,0.591,0.594,0.58,0.583,898974.08,0
2024-07-11 16:00:00,0.584,0.589,0.576,0.588,1032001.11,0
2024-07-11 17:00:00,0.588,0.589,0.583,0.584,405641.61,0
2024-07-11 18:00:00,0.584,0.589,0.583,0.588,407261.62,0
2024-07-11 19:00:00,0.588,0.589,0.58,0.581,406638.94,0
2024-07-11 20:00:00,0.581,0.582,0.567,0.572,1853434.77,0
2024-07-11 21:00:00,0.572,0.574,0.563,0.567,818798.28,0
2024-07-11 22:00:00,0.567,0.567,0.559,0.561,628177.24,0
2024-07-11 23:00:00,0.56,0.562,0.558,0.561,512449.66,0
2024-07-12 00:00:00,0.561,0.572,0.56,0.567,566515.71,0
2024-07-12 01:00:00,0.567,0.57,0.554,0.565,1161932.12,0
2024-07-12 02:00:00,0.564,0.568,0.563,0.567,506980.05,0
2024-07-12 03:00:00,0.566,0.567,0.561,0.565,567453.29,0
2024-07-12 04:00:00,0.564,0.566,0.559,0.563,423028.86,0
2024-07-12 05:00:00,0.564,0.565,0.56,0.561,468934.01,0
2024-07-12 06:00:00,0.562,0.565,0.56,0.564,364707.83,0
2024-07-12 07:00:00,0.564,0.568,0.556,0.559,1031496.56,0
2024-07-12 08:00:00,0.559,0.561,0.555,0.56,573088.0,0
2024-07-12 09:00:00,0.56,0.561,0.548,0.551,764429.19,0
2024-07-12 10:00:00,0.551,0.553,0.54,0.541,1318485.47,0
2024-07-12 11:00:00,0.541,0.544,0.539,0.543,1116496.77,0
2024-07-12 12:00:00,0.543,0.546,0.54,0.543,1575519.12,0
2024-07-12 13:00:00,0.543,0.56,0.543,0.556,1684642.14,0
2024-07-12 14:00:00,0.556,0.558,0.55,0.551,1029608.67,0
2024-07-12 15:00:00,0.552,0.565,0.551,0.563,1590786.41,0
2024-07-12 16:00:00,0.562,0.563,0.555,0.559,522113.1,0
2024-07-12 17:00:00,0.559,0.562,0.556,0.558,612263.61,0
2024-07-12 18:00:00,0.558,0.562,0.553,0.559,1020986.0,0
2024-07-12 19:00:00,0.558,0.56,0.551,0.552,1102419.19,0
2024-07-12 20:00:00,0.552,0.554,0.546,0.553,621702.2,0
2024-07-12 21:00:00,0.552,0.554,0.551,0.553,208060.65,0
2024-07-12 22:00:00,0.552,0.554,0.55,0.554,229092.47,0
2024-07-12 23:00:00,0.553,0.556,0.552,0.556,255915.33,0
2024-07-13 00:00:00,0.557,0.562,0.556,0.561,260949.65,0
2024-07-13 01:00:00,0.561,0.567,0.559,0.562,427548.37,0
2024-07-13 02:00:00,0.562,0.563,0.557,0.56,313712.8,0
2024-07-13 03:00:00,0.56,0.567,0.559,0.562,300982.52,0
2024-07-13 04:00:00,0.563,0.563,0.559,0.561,249732.45,0
2024-07-13 05:00:00,0.561,0.573,0.559,0.573,541386.07,0
2024-07-13 06:00:00,0.572,0.574,0.567,0.567,644713.47,0
2024-07-13 07:00:00,0.568,0.573,0.566,0.57,594288.5,0
2024-07-13 08:00:00,0.569,0.569,0.562,0.564,315119.16,0
2024-07-13 09:00:00,0.564,0.57,0.563,0.569,591818.68,0
2024-07-13 10:00:00,0.568,0.577,0.564,0.571,2924653.43,0
2024-07-13 11:00:00,0.571,0.571,0.567,0.569,216527.83,0
2024-07-13 12:00:00,0.569,0.576,0.568,0.573,630350.95,0
2024-07-13 13:00:00,0.573,0.575,0.566,0.566,551892.11,0
2024-07-13 14:00:00,0.566,0.568,0.563,0.566,415481.21,0
2024-07-13 15:00:00,0.565,0.568,0.563,0.566,295953.48,0
2024-07-13 16:00:00,0.565,0.571,0.565,0.566,295771.36,0
2024-07-13 17:00:00,0.565,0.567,0.563,0.565,244264.99,0
2024-07-13 18:00:00,0.565,0.566,0.56,0.563,237658.65,0
2024-07-13 19:00:00,0.562,0.566,0.561,0.564,184400.25,0
2024-07-13 20:00:00,0.564,0.566,0.555,0.562,1588985.3,0
2024-07-13 21:00:00,0.562,0.562,0.556,0.557,393589.68,0
2024-07-13 22:00:00,0.558,0.567,0.552,0.566,1868047.33,0
2024-07-13 23:00:00,0.567,0.573,0.56,0.562,1798383.16,0
2024-07-14 00:00:00,0.562,0.566,0.557,0.565,957569.41,0
2024-07-14 01:00:00,0.565,0.573,0.563,0.57,827387.54,0
2024-07-14 02:00:00,0.571,0.572,0.561,0.563,414864.91,0
2024-07-14 03:00:00,0.564,0.567,0.561,0.563,348228.74,0
2024-07-14 04:00:00,0.563,0.574,0.562,0.571,1075773.13,0
2024-07-14 05:00:00,0.571,0.575,0.566,0.574,1060969.14,0
2024-07-14 06:00:00,0.575,0.576,0.568,0.57,626690.69,0
2024-07-14 07:00:00,0.569,0.575,0.567,0.573,756892.26,0
2024-07-14 08:00:00,0.573,0.576,0.571,0.572,631088.86,0
2024-07-14 09:00:00,0.573,0.578,0.569,0.574,466908.88,0
2024-07-14 10:00:00,0.574,0.574,0.564,0.566,523194.64,0
2024-07-14 11:00:00,0.566,0.567,0.563,0.563,292648.95,0
2024-07-14 12:00:00,0.564,0.564,0.551,0.553,956292.24,0
2024-07-14 13:00:00,0.553,0.556,0.549,0.552,950494.78,0
2024-07-14 14:00:00,0.551,0.559,0.55,0.556,976140.45,0
2024-07-14 15:00:00,0.557,0.565,0.555,0.565,1112991.69,0
2024-07-14 16:00:00,0.564,0.569,0.562,0.569,573348.13,0
2024-07-14 17:00:00,0.568,0.57,0.563,0.568,470087.74,0
2024-07-14 18:00:00,0.567,0.579,0.567,0.574,876165.41,0
2024-07-14 19:00:00,0.574,0.575,0.568,0.57,267219.7,0
2024-07-14 20:00:00,0.57,0.575,0.567,0.572,343868.48,0
2024-07-14 21:00:00,0.572,0.586,0.57,0.586,756223.75,0
2024-07-14 22:00:00,0.586,0.596,0.585,0.594,1434361.54,0
2024-07-14 23:00:00,0.594,0.596,0.589,0.592,1005907.96,0
2024-07-15 00:00:00,0.592,0.6,0.59,0.595,1593413.74,0
2024-07-15 01:00:00,0.595,0.597,0.588,0.59,1190450.08,0
2024-07-15 02:00:00,0.59,0.596,0.587,0.593,1123029.59,0
2024-07-15 03:00:00,0.592,0.613,0.59,0.609,2927235.13,0
2024-07-15 04:00:00,0.609,0.628,0.607,0.624,2791003.96,0
2024-07-15 05:00:00,0.624,0.625,0.613,0.617,3263380.83,0
2024-07-15 06:00:00,0.617,0.623,0.616,0.62,1413225.13,0
2024-07-15 07:00:00,0.62,0.627,0.618,0.619,1724040.58,0
2024-07-15 08:00:00,0.619,0.626,0.614,0.615,1563597.04,0
2024-07-15 09:00:00,0.616,0.616,0.608,0.609,1372198.98,0
2024-07-15 10:00:00,0.609,0.61,0.601,0.602,735198.3,0
2024-07-15 11:00:00,0.602,0.605,0.598,0.599,876453.41,0
2024-07-15 12:00:00,0.599,0.606,0.598,0.605,845261.49,0
2024-07-15 13:00:00,0.605,0.609,0.597,0.602,1494845.38,0
2024-07-15 14:00:00,0.602,0.603,0.596,0.601,3058215.1,0
2024-07-15 15:00:00,0.601,0.604,0.592,0.599,2882487.82,0
2024-07-15 16:00:00,0.599,0.604,0.596,0.598,1905577.08,0
2024-07-15 17:00:00,0.598,0.6,0.589,0.589,2310024.24,0
2024-07-15 18:00:00,0.589,0.594,0.584,0.591,1498095.13,0
2024-07-15 19:00:00,0.591,0.596,0.586,0.587,3257164.41,0
2024-07-15 20:00:00,0.587,0.605,0.587,0.597,2360098.75,0
2024-07-15 21:00:00,0.598,0.608,0.597,0.603,1374418.54,0
2024-07-15 22:00:00,0.604,0.618,0.602,0.608,2493247.28,0
2024-07-15 23:00:00,0.608,0.619,0.605,0.616,1608485.86,0
2024-07-16 00:00:00,0.616,0.625,0.613,0.619,2896409.93,0
2024-07-16 01:00:00,0.619,0.629,0.616,0.628,1693422.23,0
2024-07-16 02:00:00,0.628,0.629,0.617,0.619,1495727.39,0
2024-07-16 03:00:00,0.619,0.628,0.615,0.627,865474.91,0
2024-07-16 04:00:00,0.627,0.628,0.607,0.61,3062200.33,0
2024-07-16 05:00:00,0.61,0.612,0.592,0.597,2891043.8,0
2024-07-16 06:00:00,0.597,0.602,0.584,0.587,2366572.77,0
2024-07-16 07:00:00,0.587,0.593,0.582,0.585,3473128.99,0
2024-07-16 08:00:00,0.585,0.59,0.573,0.582,2312808.7,0
2024-07-16 09:00:00,0.583,0.59,0.579,0.585,1627683.74,0
2024-07-16 10:00:00,0.585,0.595,0.582,0.593,3031889.25,0
2024-07-16 11:00:00,0.594,0.595,0.587,0.593,1043301.43,0
2024-07-16 12:00:00,0.593,0.598,0.585,0.588,2639464.86,0
2024-07-16 13:00:00,0.587,0.595,0.586,0.592,1769049.67,0
2024-07-16 14:00:00,0.592,0.601,0.59,0.596,2217321.35,0
2024-07-16 15:00:00,0.596,0.621,0.596,0.619,3777838.05,0
2024-07-16 16:00:00,0.619,0.624,0.607,0.619,5857549.04,0
2024-07-16 17:00:00,0.619,0.628,0.611,0.623,4441738.23,0
2024-07-16 18:00:00,0.623,0.633,0.616,0.62,3699291.42,0
2024-07-16 19:00:00,0.62,0.625,0.617,0.622,1332930.72,0
2024-07-16 20:00:00,0.621,0.623,0.618,0.619,990444.38,0
2024-07-16 21:00:00,0.619,0.622,0.614,0.615,510044.19,0
2024-07-16 22:00:00,0.614,0.616,0.606,0.611,1025838.34,0
2024-07-16 23:00:00,0.612,0.622,0.609,0.618,1366756.08,0
2024-07-17 00:00:00,0.618,0.632,0.616,0.631,1563378.8,0
2024-07-17 01:00:00,0.631,0.644,0.631,0.635,2867531.54,0
2024-07-17 02:00:00,0.635,0.646,0.633,0.637,1302626.09,0
2024-07-17 03:00:00,0.637,0.638,0.626,0.634,1209037.94,0
2024-07-17 04:00:00,0.633,0.642,0.63,0.641,947077.92,0
2024-07-17 05:00:00,0.641,0.65,0.64,0.645,1558630.67,0
2024-07-17 06:00:00,0.645,0.65,0.636,0.643,1519643.35,0
2024-07-17 07:00:00,0.642,0.645,0.634,0.637,1455076.69,0
2024-07-17 08:00:00,0.637,0.638,0.627,0.629,2770956.34,0
2024-07-17 09:00:00,0.629,0.639,0.628,0.638,879230.36,0
2024-07-17 10:00:00,0.637,0.646,0.633,0.636,2087465.99,0
2024-07-17 11:00:00,0.636,0.637,0.617,0.622,4358040.29,0
2024-07-17 12:00:00,0.621,0.625,0.614,0.615,2293203.53,0
2024-07-17 13:00:00,0.615,0.627,0.611,0.623,2683020.52,0
2024-07-17 14:00:00,0.623,0.625,0.615,0.621,2314776.96,0
2024-07-17 15:00:00,0.621,0.627,0.614,0.614,1660628.07,0
2024-07-17 16:00:00,0.615,0.618,0.594,0.603,3027614.6,0
2024-07-17 17:00:00,0.604,0.61,0.594,0.598,4199033.4,0
2024-07-17 18:00:00,0.597,0.601,0.596,0.599,1799729.24,0
2024-07-17 19:00:00,0.599,0.602,0.595,0.598,1686028.76,0
2024-07-17 20:00:00,0.597,0.603,0.596,0.598,861310.22,0
2024-07-17 21:00:00,0.597,0.597,0.589,0.593,1561796.63,0
2024-07-17 22:00:00,0.592,0.595,0.587,0.592,1849804.36,0
2024-07-17 23:00:00,0.591,0.592,0.587,0.591,1726836.46,0
2024-07-18 00:00:00,0.59,0.599,0.586,0.597,1880648.19,0
2024-07-18 01:00:00,0.597,0.607,0.596,0.605,2160916.04,0
2024-07-18 02:00:00,0.605,0.607,0.593,0.6,2207478.68,0
2024-07-18 03:00:00,0.599,0.608,0.596,0.606,1603105.86,0
2024-07-18 04:00:00,0.605,0.606,0.598,0.601,1379147.4,0
2024-07-18 05:00:00,0.601,0.609,0.596,0.606,1739317.72,0
2024-07-18 06:00:00,0.605,0.612,0.599,0.603,3057593.37,0
2024-07-18 07:00:00,0.603,0.606,0.597,0.6,2490336.07,0
2024-07-18 08:00:00,0.6,0.608,0.591,0.597,4583975.41,0
2024-07-18 09:00:00,0.597,0.602,0.595,0.6,1584158.38,0
2024-07-18 10:00:00,0.599,0.599,0.59,0.596,1366673.98,0
2024-07-18 11:00:00,0.597,0.599,0.593,0.599,1735891.97,0
2024-07-18 12:00:00,0.598,0.604,0.598,0.599,1849257.02,0
2024-07-18 13:00:00,0.6,0.604,0.588,0.591,2712247.62,0
2024-07-18 14:00:00,0.592,0.594,0.576,0.582,2670172.91,0
2024-07-18 15:00:00,0.582,0.583,0.567,0.569,3813930.38,0
2024-07-18 16:00:00,0.569,0.576,0.558,0.576,3211140.88,0
2024-07-18 17:00:00,0.576,0.577,0.569,0.57,1211231.86,0
2024-07-18 18:00:00,0.57,0.572,0.565,0.566,932891.87,0
2024-07-18 19:00:00,0.567,0.569,0.561,0.566,986522.36,0
2024-07-18 20:00:00,0.566,0.569,0.562,0.568,519904.67,0
2024-07-18 21:00:00,0.568,0.57,0.566,0.569,280072.66,0
2024-07-18 22:00:00,0.569,0.577,0.565,0.574,1153267.8,0
2024-07-18 23:00:00,0.574,0.577,0.572,0.574,524912.16,0
2024-07-19 00:00:00,0.573,0.574,0.562,0.564,1832474.15,0
2024-07-19 01:00:00,0.564,0.565,0.553,0.562,2001762.64,0
2024-07-19 02:00:00,0.562,0.567,0.557,0.56,918476.09,0
2024-07-19 03:00:00,0.56,0.573,0.559,0.573,1794493.78,0
2024-07-19 04:00:00,0.573,0.575,0.568,0.571,880277.76,0
2024-07-19 05:00:00,0.57,0.575,0.567,0.571,1477256.52,0
2024-07-19 06:00:00,0.572,0.581,0.571,0.575,1694318.93,0
2024-07-19 07:00:00,0.575,0.575,0.557,0.557,4255258.52,0
2024-07-19 08:00:00,0.558,0.56,0.551,0.557,3689439.62,0
2024-07-19 09:00:00,0.557,0.562,0.551,0.552,1323593.11,0
2024-07-19 10:00:00,0.552,0.56,0.552,0.555,1207367.48,0
2024-07-19 11:00:00,0.556,0.56,0.555,0.558,641644.7,0
2024-07-19 12:00:00,0.559,0.563,0.556,0.561,731620.11,0
2024-07-19 13:00:00,0.561,0.572,0.555,0.569,2112976.03,0
2024-07-19 14:00:00,0.569,0.582,0.568,0.578,4360443.0,0
2024-07-19 15:00:00,0.577,0.583,0.573,0.579,1797517.06,0
2024-07-19 16:00:00,0.579,0.589,0.579,0.585,2043010.76,0
2024-07-19 17:00:00,0.585,0.588,0.582,0.587,1185648.44,0
2024-07-19 18:00:00,0.587,0.59,0.584,0.589,703844.09,0
2024-07-19 19:00:00,0.589,0.593,0.584,0.589,2297331.11,0
2024-07-19 20:00:00,0.589,0.594,0.586,0.589,1669181.98,0
2024-07-19 21:00:00,0.589,0.593,0.587,0.587,597389.11,0
2024-07-19 22:00:00,0.587,0.589,0.586,0.587,505030.47,0
2024-07-19 23:00:00,0.587,0.59,0.583,0.587,565310.65,0
2024-07-20 00:00:00,0.587,0.589,0.577,0.581,920736.97,0
2024-07-20 01:00:00,0.581,0.586,0.579,0.582,611961.13,0
2024-07-20 02:00:00,0.582,0.589,0.581,0.588,723081.75,0
2024-07-20 03:00:00,0.588,0.595,0.588,0.588,1118519.09,0
2024-07-20 04:00:00,0.588,0.594,0.585,0.592,1071469.31,0
2024-07-20 05:00:00,0.593,0.593,0.585,0.591,737094.62,0
2024-07-20 06:00:00,0.591,0.596,0.591,0.591,567908.91,0
2024-07-20 07:00:00,0.591,0.596,0.59,0.593,718593.78,0
2024-07-20 08:00:00,0.594,0.597,0.589,0.591,871577.2,0
2024-07-20 09:00:00,0.591,0.594,0.586,0.592,719225.77,0
2024-07-20 10:00:00,0.592,0.595,0.586,0.588,931230.83,0
2024-07-20 11:00:00,0.589,0.59,0.581,0.583,712424.8,0
2024-07-20 12:00:00,0.583,0.587,0.582,0.584,801311.27,0
2024-07-20 13:00:00,0.583,0.586,0.575,0.583,1671646.97,0
2024-07-20 14:00:00,0.583,0.605,0.582,0.603,3242152.34,0
2024-07-20 15:00:00,0.604,0.611,0.599,0.604,3342423.13,0
2024-07-20 16:00:00,0.603,0.608,0.595,0.599,1558288.7,0
2024-07-20 17:00:00,0.599,0.611,0.597,0.606,2411274.04,0
2024-07-20 18:00:00,0.606,0.61,0.601,0.607,718475.83,0
2024-07-20 19:00:00,0.608,0.611,0.602,0.603,718987.61,0
2024-07-20 20:00:00,0.603,0.612,0.603,0.607,856177.1,0
2024-07-20 21:00:00,0.608,0.608,0.599,0.608,764222.83,0
2024-07-20 22:00:00,0.607,0.61,0.604,0.607,859903.1,0
2024-07-20 23:00:00,0.606,0.609,0.605,0.607,626271.78,0
2024-07-21 00:00:00,0.607,0.609,0.599,0.6,902172.89,0
2024-07-21 01:00:00,0.6,0.609,0.599,0.607,537695.15,0
2024-07-21 02:00:00,0.607,0.607,0.602,0.606,489265.03,0
2024-07-21 03:00:00,0.605,0.615,0.605,0.611,1520848.16,0
2024-07-21 04:00:00,0.61,0.613,0.603,0.603,1105833.27,0
2024-07-21 05:00:00,0.603,0.604,0.597,0.601,746599.33,0
2024-07-21 06:00:00,0.601,0.603,0.592,0.593,765882.62,0
2024-07-21 07:00:00,0.593,0.595,0.587,0.594,860732.44,0
2024-07-21 08:00:00,0.593,0.6,0.593,0.598,472629.11,0
2024-07-21 09:00:00,0.599,0.604,0.595,0.604,801778.26,0
2024-07-21 10:00:00,0.604,0.604,0.596,0.598,712877.05,0
2024-07-21 11:00:00,0.598,0.602,0.593,0.596,872568.91,0
2024-07-21 12:00:00,0.597,0.599,0.593,0.598,670661.74,0
2024-07-21 13:00:00,0.597,0.601,0.59,0.592,908998.9,0
2024-07-21 14:00:00,0.592,0.6,0.586,0.599,1352119.55,0
2024-07-21 15:00:00,0.599,0.602,0.593,0.594,992035.47,0
2024-07-21 16:00:00,0.594,0.603,0.593,0.602,1001475.23,0
2024-07-21 17:00:00,0.602,0.603,0.582,0.587,1635804.36,0
2024-07-21 18:00:00,0.587,0.59,0.561,0.579,5446042.65,0
2024-07-21 19:00:00,0.578,0.589,0.575,0.589,765220.32,0
2024-07-21 20:00:00,0.589,0.605,0.588,0.603,1268917.87,0
2024-07-21 21:00:00,0.603,0.611,0.602,0.61,968464.77,0
2024-07-21 22:00:00,0.61,0.615,0.608,0.609,954381.14,0
2024-07-21 23:00:00,0.609,0.614,0.608,0.614,491831.38,0
2024-07-22 00:00:00,0.614,0.624,0.612,0.617,1904583.84,0
2024-07-22 01:00:00,0.617,0.622,0.611,0.612,1171003.66,0
2024-07-22 02:00:00,0.613,0.622,0.611,0.621,908973.6,0
2024-07-22 03:00:00,0.62,0.621,0.613,0.613,600829.43,0
2024-07-22 04:00:00,0.614,0.619,0.61,0.612,1008052.83,0
2024-07-22 05:00:00,0.612,0.612,0.599,0.603,1836586.31,0
2024-07-22 06:00:00,0.603,0.605,0.591,0.599,2126950.63,0
2024-07-22 07:00:00,0.599,0.599,0.586,0.588,1587678.07,0
2024-07-22 08:00:00,0.587,0.59,0.582,0.585,1100773.94,0
2024-07-22 09:00:00,0.586,0.588,0.582,0.586,908500.5,0
2024-07-22 10:00:00,0.585,0.594,0.584,0.589,1142478.25,0
2024-07-22 11:00:00,0.59,0.601,0.589,0.6,1311582.46,0
2024-07-22 12:00:00,0.601,0.609,0.598,0.603,1406979.8,0
2024-07-22 13:00:00,0.602,0.609,0.589,0.591,1628996.25,0
2024-07-22 14:00:00,0.59,0.594,0.583,0.589,1638949.18,0
2024-07-22 15:00:00,0.588,0.594,0.585,0.589,864704.74,0
2024-07-22 16:00:00,0.589,0.598,0.587,0.592,1022806.44,0
2024-07-22 17:00:00,0.592,0.597,0.59,0.594,467591.35,0
2024-07-22 18:00:00,0.594,0.598,0.59,0.592,478283.5,0
2024-07-22 19:00:00,0.592,0.6,0.591,0.598,461203.14,0
2024-07-22 20:00:00,0.599,0.602,0.594,0.595,512757.32,0
2024-07-22 21:00:00,0.594,0.595,0.584,0.586,584855.48,0
2024-07-22 22:00:00,0.586,0.586,0.573,0.576,1099544.52,0
2024-07-22 23:00:00,0.576,0.579,0.569,0.577,755746.4,0
2024-07-23 00:00:00,0.577,0.589,0.574,0.588,1232948.78,0
2024-07-23 01:00:00,0.588,0.611,0.586,0.603,3332129.67,0
2024-07-23 02:00:00,0.604,0.614,0.6,0.609,1535105.05,0
2024-07-23 03:00:00,0.609,0.613,0.603,0.605,787456.1,0
2024-07-23 04:00:00,0.605,0.612,0.59,0.592,2324702.17,0
2024-07-23 05:00:00,0.592,0.594,0.583,0.589,1322943.87,0
2024-07-23 06:00:00,0.59,0.601,0.585,0.591,1683650.18,0
2024-07-23 07:00:00,0.592,0.603,0.588,0.602,1594696.07,0
2024-07-23 08:00:00,0.602,0.631,0.601,0.626,5803307.8,0
2024-07-23 09:00:00,0.626,0.637,0.62,0.628,4421195.58,0
2024-07-23 10:00:00,0.628,0.652,0.618,0.638,18414024.16,0
2024-07-23 11:00:00,0.637,0.64,0.624,0.631,5300233.47,0
2024-07-23 12:00:00,0.63,0.633,0.613,0.623,3319648.33,0
2024-07-23 13:00:00,0.623,0.633,0.602,0.609,7657600.53,0
2024-07-23 14:00:00,0.609,0.617,0.604,0.613,4092675.31,0
2024-07-23 15:00:00,0.613,0.614,0.595,0.596,2837890.27,0
2024-07-23 16:00:00,0.596,0.598,0.576,0.577,4351435.35,0
2024-07-23 17:00:00,0.577,0.586,0.575,0.585,2366421.59,0
2024-07-23 18:00:00,0.585,0.588,0.578,0.58,1095184.36,0
2024-07-23 19:00:00,0.581,0.588,0.577,0.578,2133376.06,0
2024-07-23 20:00:00,0.579,0.585,0.577,0.579,1370821.47,0
2024-07-23 21:00:00,0.579,0.599,0.578,0.58,3130655.61,0
2024-07-23 22:00:00,0.58,0.581,0.571,0.579,1417635.3,0
2024-07-23 23:00:00,0.579,0.582,0.571,0.574,1168586.11,0
2024-07-24 00:00:00,0.574,0.577,0.562,0.563,2076610.86,0
2024-07-24 01:00:00,0.563,0.57,0.56,0.562,1443873.7,0
2024-07-24 02:00:00,0.562,0.569,0.56,0.568,914574.33,0
2024-07-24 03:00:00,0.568,0.572,0.564,0.571,1455445.75,0
2024-07-24 04:00:00,0.571,0.571,0.564,0.565,579097.05,0
2024-07-24 05:00:00,0.565,0.567,0.561,0.566,626206.42,0
2024-07-24 06:00:00,0.566,0.571,0.565,0.569,581982.2,0
2024-07-24 07:00:00,0.57,0.571,0.566,0.57,674351.11,0
2024-07-24 08:00:00,0.57,0.583,0.568,0.582,1398740.43,0
2024-07-24 09:00:00,0.582,0.585,0.576,0.581,1166424.62,0
2024-07-24 10:00:00,0.581,0.584,0.577,0.579,1647450.6,0
2024-07-24 11:00:00,0.58,0.581,0.575,0.575,909532.88,0
2024-07-24 12:00:00,0.575,0.578,0.567,0.569,1573677.34,0
2024-07-24 13:00:00,0.568,0.575,0.568,0.569,1365551.31,0
2024-07-24 14:00:00,0.569,0.58,0.567,0.572,1815767.96,0
2024-07-24 15:00:00,0.572,0.574,0.561,0.564,1846202.25,0
2024-07-24 16:00:00,0.565,0.568,0.557,0.568,1495707.03,0
2024-07-24 17:00:00,0.568,0.573,0.567,0.569,746935.33,0
2024-07-24 18:00:00,0.569,0.57,0.556,0.558,1271311.56,0
2024-07-24 19:00:00,0.558,0.56,0.553,0.555,1214037.08,0
2024-07-24 20:00:00,0.555,0.56,0.554,0.559,447902.69,0
2024-07-24 21:00:00,0.559,0.559,0.54,0.549,2310021.84,0
2024-07-24 22:00:00,0.548,0.549,0.538,0.539,1144547.24,0
2024-07-24 23:00:00,0.539,0.54,0.534,0.537,1500341.84,0
2024-07-25 00:00:00,0.537,0.539,0.531,0.534,1206294.33,0
2024-07-25 01:00:00,0.535,0.535,0.503,0.519,8712072.26,0
2024-07-25 02:00:00,0.518,0.522,0.508,0.516,2025025.18,0
2024-07-25 03:00:00,0.515,0.517,0.512,0.514,1904128.28,0
2024-07-25 04:00:00,0.514,0.523,0.508,0.523,3017419.76,0
2024-07-25 05:00:00,0.523,0.525,0.518,0.519,1240974.93,0
2024-07-25 06:00:00,0.52,0.524,0.517,0.523,859816.89,0
2024-07-25 07:00:00,0.522,0.523,0.518,0.52,1147528.57,0
2024-07-25 08:00:00,0.52,0.523,0.516,0.522,848513.2,0
2024-07-25 09:00:00,0.522,0.524,0.518,0.522,666979.34,0
2024-07-25 10:00:00,0.521,0.522,0.514,0.518,746849.69,0
2024-07-25 11:00:00,0.518,0.523,0.516,0.521,771590.09,0
2024-07-25 12:00:00,0.521,0.526,0.513,0.517,2520745.35,0
2024-07-25 13:00:00,0.517,0.524,0.515,0.519,1981717.69,0
2024-07-25 14:00:00,0.519,0.53,0.511,0.529,2131717.01,0
2024-07-25 15:00:00,0.529,0.532,0.517,0.52,1898438.61,0
2024-07-25 16:00:00,0.52,0.526,0.515,0.52,1145361.1,0
2024-07-25 17:00:00,0.519,0.522,0.516,0.518,639171.19,0
2024-07-25 18:00:00,0.518,0.519,0.499,0.504,2091672.87,0
2024-07-25 19:00:00,0.504,0.51,0.497,0.505,2196911.23,0
2024-07-25 20:00:00,0.506,0.51,0.495,0.51,1715725.95,0
2024-07-25 21:00:00,0.51,0.518,0.509,0.516,1437162.38,0
2024-07-25 22:00:00,0.517,0.519,0.513,0.514,479463.28,0
2024-07-25 23:00:00,0.514,0.516,0.511,0.513,494643.25,0
2024-07-26 00:00:00,0.512,0.515,0.507,0.513,881470.06,0
2024-07-26 01:00:00,0.513,0.519,0.512,0.516,878041.76,0
2024-07-26 02:00:00,0.516,0.526,0.516,0.526,994709.45,0
2024-07-26 03:00:00,0.525,0.53,0.521,0.522,779930.54,0
2024-07-26 04:00:00,0.522,0.526,0.52,0.525,820516.66,0
2024-07-26 05:00:00,0.525,0.528,0.522,0.528,575924.43,0
2024-07-26 06:00:00,0.528,0.535,0.527,0.532,626936.77,0
2024-07-26 07:00:00,0.532,0.536,0.527,0.528,980766.78,0
2024-07-26 08:00:00,0.528,0.534,0.528,0.531,809539.63,0
2024-07-26 09:00:00,0.531,0.536,0.529,0.532,882181.18,0
2024-07-26 10:00:00,0.532,0.533,0.528,0.531,607456.04,0
2024-07-26 11:00:00,0.53,0.532,0.527,0.531,388055.14,0
2024-07-26 12:00:00,0.531,0.531,0.524,0.526,881288.97,0
2024-07-26 13:00:00,0.526,0.533,0.523,0.533,1327637.92,0
2024-07-26 14:00:00,0.532,0.533,0.522,0.525,1501145.24,0
2024-07-26 15:00:00,0.526,0.533,0.525,0.53,1324626.21,0
2024-07-26 16:00:00,0.53,0.534,0.529,0.53,1328081.85,0
2024-07-26 17:00:00,0.531,0.533,0.529,0.532,366443.49,0
2024-07-26 18:00:00,0.532,0.536,0.531,0.536,661970.13,0
2024-07-26 19:00:00,0.536,0.539,0.535,0.537,490898.74,0
2024-07-26 20:00:00,0.537,0.538,0.531,0.532,617626.06,0
2024-07-26 21:00:00,0.532,0.537,0.531,0.535,400594.6,0
2024-07-26 22:00:00,0.535,0.54,0.535,0.539,407800.9,0
2024-07-26 23:00:00,0.539,0.54,0.536,0.538,318214.59,0
2024-07-27 00:00:00,0.538,0.54,0.534,0.536,671013.97,0
2024-07-27 01:00:00,0.536,0.536,0.531,0.532,455975.56,0
2024-07-27 02:00:00,0.532,0.536,0.53,0.535,411102.15,0
2024-07-27 03:00:00,0.536,0.537,0.53,0.531,305152.37,0
2024-07-27 04:00:00,0.532,0.534,0.531,0.532,138376.48,0
2024-07-27 05:00:00,0.531,0.536,0.531,0.533,540005.97,0
2024-07-27 06:00:00,0.533,0.535,0.533,0.534,463200.78,0
2024-07-27 07:00:00,0.535,0.54,0.533,0.536,422229.65,0
2024-07-27 08:00:00,0.535,0.539,0.533,0.535,546030.96,0
2024-07-27 09:00:00,0.535,0.541,0.532,0.54,474111.09,0
2024-07-27 10:00:00,0.54,0.54,0.536,0.539,464542.72,0
2024-07-27 11:00:00,0.539,0.541,0.534,0.54,335281.97,0
2024-07-27 12:00:00,0.54,0.544,0.54,0.542,432486.72,0
2024-07-27 13:00:00,0.542,0.548,0.542,0.546,746356.85,0
2024-07-27 14:00:00,0.546,0.549,0.538,0.543,1135317.66,0
2024-07-27 15:00:00,0.542,0.543,0.527,0.533,1231926.17,0
2024-07-27 16:00:00,0.533,0.538,0.53,0.533,770991.89,0
2024-07-27 17:00:00,0.533,0.536,0.53,0.531,888855.54,0
2024-07-27 18:00:00,0.531,0.536,0.528,0.53,594412.67,0
2024-07-27 19:00:00,0.529,0.536,0.524,0.534,812176.75,0
2024-07-27 20:00:00,0.534,0.535,0.519,0.533,2087150.5,0
2024-07-27 21:00:00,0.533,0.548,0.532,0.544,1323966.58,0
2024-07-27 22:00:00,0.544,0.548,0.541,0.544,386554.45,0
2024-07-27 23:00:00,0.545,0.545,0.537,0.537,405701.02,0
2024-07-28 00:00:00,0.537,0.537,0.529,0.535,890199.66,0
2024-07-28 01:00:00,0.534,0.539,0.533,0.536,359895.29,0
2024-07-28 02:00:00,0.537,0.537,0.532,0.535,342670.97,0
2024-07-28 03:00:00,0.535,0.536,0.532,0.532,312885.07,0
2024-07-28 04:00:00,0.532,0.533,0.522,0.523,570963.05,0
2024-07-28 05:00:00,0.523,0.525,0.519,0.524,593579.57,0
2024-07-28 06:00:00,0.525,0.527,0.524,0.525,212576.91,0
2024-07-28 07:00:00,0.525,0.526,0.522,0.526,192540.07,0
2024-07-28 08:00:00,0.525,0.528,0.523,0.525,361771.57,0
2024-07-28 09:00:00,0.525,0.528,0.524,0.527,253559.38,0
2024-07-28 10:00:00,0.528,0.531,0.527,0.529,199567.06,0
2024-07-28 11:00:00,0.53,0.532,0.528,0.529,291197.76,0
2024-07-28 12:00:00,0.529,0.531,0.526,0.53,352718.57,0
2024-07-28 13:00:00,0.529,0.531,0.527,0.529,299691.94,0
2024-07-28 14:00:00,0.529,0.53,0.521,0.523,744355.59,0
2024-07-28 15:00:00,0.523,0.529,0.52,0.527,1946407.92,0
2024-07-28 16:00:00,0.527,0.53,0.527,0.528,302873.15,0
2024-07-28 17:00:00,0.528,0.529,0.525,0.528,502636.04,0
2024-07-28 18:00:00,0.528,0.532,0.526,0.531,322141.67,0
2024-07-28 19:00:00,0.53,0.531,0.526,0.526,191690.07,0
2024-07-28 20:00:00,0.527,0.527,0.523,0.524,785721.96,0
2024-07-28 21:00:00,0.523,0.524,0.52,0.521,722644.95,0
2024-07-28 22:00:00,0.521,0.524,0.515,0.523,1815545.35,0
2024-07-28 23:00:00,0.522,0.525,0.521,0.524,382163.19,0
2024-07-29 00:00:00,0.524,0.536,0.522,0.532,1660251.39,0
2024-07-29 01:00:00,0.532,0.537,0.529,0.53,929605.94,0
2024-07-29 02:00:00,0.53,0.543,0.528,0.543,1111779.0,0
2024-07-29 03:00:00,0.542,0.545,0.537,0.539,693136.09,0
2024-07-29 04:00:00,0.539,0.542,0.536,0.54,584343.74,0
2024-07-29 05:00:00,0.54,0.543,0.538,0.541,429057.35,0
2024-07-29 06:00:00,0.542,0.545,0.54,0.54,705173.33,0
2024-07-29 07:00:00,0.54,0.543,0.54,0.541,652068.69,0
2024-07-29 08:00:00,0.541,0.543,0.536,0.538,721117.6,0
2024-07-29 09:00:00,0.538,0.542,0.536,0.542,1206494.12,0
2024-07-29 10:00:00,0.541,0.552,0.54,0.547,2535577.65,0
2024-07-29 11:00:00,0.547,0.553,0.544,0.549,1027468.5,0
2024-07-29 12:00:00,0.55,0.553,0.545,0.551,1385013.79,0
2024-07-29 13:00:00,0.55,0.554,0.543,0.546,1357013.1,0
2024-07-29 14:00:00,0.546,0.547,0.537,0.54,1234034.69,0
2024-07-29 15:00:00,0.539,0.541,0.529,0.531,1355625.36,0
2024-07-29 16:00:00,0.531,0.532,0.521,0.522,2529728.32,0
2024-07-29 17:00:00,0.522,0.533,0.522,0.531,1100827.82,0
2024-07-29 18:00:00,0.531,0.535,0.526,0.528,799561.56,0
2024-07-29 19:00:00,0.528,0.529,0.524,0.526,316451.61,0
2024-07-29 20:00:00,0.526,0.526,0.521,0.524,528165.32,0
2024-07-29 21:00:00,0.524,0.524,0.518,0.523,490532.04,0
2024-07-29 22:00:00,0.523,0.525,0.516,0.517,477054.95,0
2024-07-29 23:00:00,0.517,0.519,0.511,0.513,891584.74,0
2024-07-30 00:00:00,0.513,0.516,0.505,0.515,1393712.3,0
2024-07-30 01:00:00,0.514,0.522,0.51,0.512,658458.48,0
2024-07-30 02:00:00,0.512,0.514,0.508,0.513,882641.18,0
2024-07-30 03:00:00,0.513,0.517,0.513,0.516,695051.89,0
2024-07-30 04:00:00,0.517,0.517,0.512,0.514,755189.91,0
2024-07-30 05:00:00,0.515,0.516,0.509,0.511,818074.16,0
2024-07-30 06:00:00,0.511,0.518,0.509,0.516,737908.19,0
2024-07-30 07:00:00,0.517,0.522,0.516,0.52,627427.72,0
2024-07-30 08:00:00,0.52,0.522,0.516,0.517,600766.55,0
2024-07-30 09:00:00,0.516,0.518,0.513,0.515,555753.81,0
2024-07-30 10:00:00,0.515,0.517,0.511,0.514,545986.12,0
2024-07-30 11:00:00,0.513,0.516,0.51,0.512,740025.51,0
2024-07-30 12:00:00,0.512,0.514,0.506,0.513,1109841.6,0
2024-07-30 13:00:00,0.513,0.515,0.505,0.507,686966.03,0
2024-07-30 14:00:00,0.507,0.507,0.495,0.498,2708034.2,0
2024-07-30 15:00:00,0.497,0.503,0.494,0.503,1291100.92,0
2024-07-30 16:00:00,0.502,0.502,0.496,0.498,889516.45,0
2024-07-30 17:00:00,0.498,0.498,0.487,0.49,1758765.07,0
2024-07-30 18:00:00,0.49,0.491,0.482,0.488,1754373.97,0
2024-07-30 19:00:00,0.488,0.488,0.481,0.485,1725324.97,0
2024-07-30 20:00:00,0.485,0.491,0.481,0.489,1079840.94,0
2024-07-30 21:00:00,0.488,0.492,0.486,0.491,1013143.35,0
2024-07-30 22:00:00,0.491,0.491,0.487,0.489,470431.2,0
2024-07-30 23:00:00,0.489,0.494,0.489,0.49,588146.46,0
2024-07-31 00:00:00,0.49,0.496,0.488,0.494,907036.89,0
2024-07-31 01:00:00,0.494,0.496,0.493,0.494,722335.71,0
2024-07-31 02:00:00,0.494,0.497,0.492,0.493,579783.81,0
2024-07-31 03:00:00,0.493,0.496,0.491,0.491,548086.05,0
2024-07-31 04:00:00,0.491,0.493,0.486,0.489,997548.92,0
2024-07-31 05:00:00,0.489,0.495,0.485,0.493,782448.94,0
2024-07-31 06:00:00,0.494,0.5,0.493,0.498,1524665.84,0
2024-07-31 07:00:00,0.498,0.5,0.493,0.493,713750.08,0
2024-07-31 08:00:00,0.493,0.496,0.491,0.493,1302467.82,0
2024-07-31 09:00:00,0.493,0.494,0.491,0.492,650901.72,0
2024-07-31 10:00:00,0.492,0.494,0.487,0.487,1051762.73,0
2024-07-31 11:00:00,0.487,0.49,0.486,0.488,558382.58,0
2024-07-31 12:00:00,0.488,0.493,0.486,0.488,929034.6,0
2024-07-31 13:00:00,0.488,0.499,0.488,0.496,1003066.26,0
2024-07-31 14:00:00,0.495,0.5,0.491,0.493,1417626.92,0
2024-07-31 15:00:00,0.493,0.494,0.488,0.489,1166056.63,0
2024-07-31 16:00:00,0.488,0.492,0.483,0.488,1283321.42,0
2024-07-31 17:00:00,0.487,0.495,0.486,0.49,727467.46,0
2024-07-31 18:00:00,0.49,0.496,0.485,0.495,1996066.1,0
2024-07-31 19:00:00,0.495,0.497,0.483,0.488,1923504.76,0
2024-07-31 20:00:00,0.487,0.487,0.473,0.476,3617018.55,0
2024-07-31 21:00:00,0.475,0.479,0.471,0.478,1414299.57,0
2024-07-31 22:00:00,0.477,0.479,0.464,0.467,2202815.8,0
2024-07-31 23:00:00,0.467,0.467,0.457,0.464,1902403.51,0
2024-08-01 00:00:00,0.464,0.471,0.462,0.471,1244087.86,0
2024-08-01 01:00:00,0.471,0.472,0.465,0.469,715985.62,0
2024-08-01 02:00:00,0.469,0.471,0.465,0.469,929094.75,0
2024-08-01 03:00:00,0.469,0.472,0.465,0.47,849028.31,0
2024-08-01 04:00:00,0.469,0.47,0.458,0.461,1231730.1,0
2024-08-01 05:00:00,0.461,0.468,0.457,0.467,980548.48,0
2024-08-01 06:00:00,0.467,0.468,0.458,0.458,1728894.02,0
2024-08-01 07:00:00,0.458,0.462,0.457,0.461,949269.6,0
2024-08-01 08:00:00,0.461,0.468,0.461,0.466,418710.61,0
2024-08-01 09:00:00,0.467,0.469,0.465,0.467,457462.5,0
2024-08-01 10:00:00,0.466,0.472,0.466,0.472,590796.5,0
2024-08-01 11:00:00,0.472,0.473,0.468,0.473,606007.64,0
2024-08-01 12:00:00,0.473,0.478,0.472,0.475,780640.77,0
2024-08-01 13:00:00,0.474,0.475,0.469,0.471,573442.8,0
2024-08-01 14:00:00,0.472,0.472,0.458,0.458,1350178.12,0
2024-08-01 15:00:00,0.458,0.462,0.453,0.459,2516187.28,0
2024-08-01 16:00:00,0.458,0.459,0.44,0.449,3971310.34,0
2024-08-01 17:00:00,0.448,0.449,0.431,0.442,7964772.49,0
2024-08-01 18:00:00,0.443,0.443,0.424,0.437,3966601.44,0
2024-08-01 19:00:00,0.437,0.445,0.435,0.443,1150010.83,0
2024-08-01 20:00:00,0.443,0.456,0.442,0.456,1333591.68,0
2024-08-01 21:00:00,0.456,0.463,0.454,0.458,1460020.19,0
2024-08-01 22:00:00,0.457,0.47,0.457,0.467,1465014.82,0
2024-08-01 23:00:00,0.468,0.469,0.464,0.468,568518.25,0
2024-08-02 00:00:00,0.467,0.471,0.464,0.464,1056601.01,0
2024-08-02 01:00:00,0.465,0.466,0.46,0.46,837518.0,0
2024-08-02 02:00:00,0.459,0.46,0.449,0.453,1331671.56,0
2024-08-02 03:00:00,0.453,0.458,0.451,0.456,825201.53,0
2024-08-02 04:00:00,0.456,0.458,0.454,0.455,1019514.43,0
2024-08-02 05:00:00,0.455,0.455,0.443,0.445,1090015.28,0
2024-08-02 06:00:00,0.444,0.448,0.437,0.446,1323286.78,0
2024-08-02 07:00:00,0.446,0.45,0.442,0.447,1417821.9,0
2024-08-02 08:00:00,0.447,0.449,0.442,0.449,867444.23,0
2024-08-02 09:00:00,0.449,0.451,0.447,0.45,870095.58,0
2024-08-02 10:00:00,0.45,0.452,0.447,0.452,620551.57,0
2024-08-02 11:00:00,0.452,0.457,0.45,0.452,641080.76,0
2024-08-02 12:00:00,0.451,0.456,0.447,0.452,2337575.66,0
2024-08-02 13:00:00,0.453,0.457,0.444,0.452,2798758.09,0
2024-08-02 14:00:00,0.453,0.454,0.429,0.43,4380351.13,0
2024-08-02 15:00:00,0.43,0.432,0.415,0.427,7067605.85,0
2024-08-02 16:00:00,0.427,0.428,0.417,0.423,2740976.15,0
2024-08-02 17:00:00,0.423,0.426,0.419,0.421,1425481.69,0
2024-08-02 18:00:00,0.421,0.421,0.41,0.414,2587635.43,0
2024-08-02 19:00:00,0.414,0.418,0.41,0.416,1877011.67,0
2024-08-02 20:00:00,0.416,0.422,0.412,0.418,2122401.74,0
2024-08-02 21:00:00,0.418,0.418,0.407,0.412,2107028.8,0
2024-08-02 22:00:00,0.413,0.413,0.407,0.41,1729918.52,0
2024-08-02 23:00:00,0.411,0.414,0.407,0.41,1771269.06,0
2024-08-03 00:00:00,0.409,0.414,0.404,0.406,1621933.16,0
2024-08-03 01:00:00,0.406,0.411,0.398,0.411,3637562.11,0
2024-08-03 02:00:00,0.411,0.416,0.409,0.41,1233857.26,0
2024-08-03 03:00:00,0.41,0.414,0.409,0.413,994974.07,0
2024-08-03 04:00:00,0.413,0.414,0.41,0.412,1097783.45,0
2024-08-03 05:00:00,0.412,0.419,0.412,0.418,1018948.65,0
2024-08-03 06:00:00,0.418,0.422,0.417,0.42,1286122.8,0
2024-08-03 07:00:00,0.42,0.421,0.416,0.417,800541.08,0
2024-08-03 08:00:00,0.416,0.417,0.413,0.417,829088.87,0
2024-08-03 09:00:00,0.416,0.42,0.415,0.42,660649.2,0
2024-08-03 10:00:00,0.419,0.422,0.419,0.421,477717.01,0
2024-08-03 11:00:00,0.421,0.422,0.418,0.419,729220.46,0
2024-08-03 12:00:00,0.419,0.427,0.419,0.425,840193.11,0
2024-08-03 13:00:00,0.425,0.425,0.421,0.424,756531.57,0
2024-08-03 14:00:00,0.423,0.429,0.423,0.425,1368624.13,0
2024-08-03 15:00:00,0.424,0.427,0.413,0.413,1884644.86,0
2024-08-03 16:00:00,0.413,0.419,0.405,0.41,5661455.53,0
2024-08-03 17:00:00,0.41,0.411,0.395,0.398,4365765.22,0
2024-08-03 18:00:00,0.398,0.4,0.386,0.388,3308722.85,0
2024-08-03 19:00:00,0.388,0.397,0.387,0.392,1962478.27,0
2024-08-03 20:00:00,0.391,0.408,0.39,0.403,1836281.32,0
2024-08-03 21:00:00,0.403,0.41,0.401,0.406,1424514.63,0
2024-08-03 22:00:00,0.405,0.406,0.402,0.405,622736.38,0
2024-08-03 23:00:00,0.404,0.408,0.402,0.405,1381625.41,0
2024-08-04 00:00:00,0.404,0.406,0.403,0.406,605229.33,0
2024-08-04 01:00:00,0.406,0.406,0.397,0.402,926056.83,0
2024-08-04 02:00:00,0.402,0.41,0.402,0.407,1282519.95,0
2024-08-04 03:00:00,0.408,0.408,0.403,0.404,523154.84,0
2024-08-04 04:00:00,0.405,0.408,0.401,0.402,636015.86,0
2024-08-04 05:00:00,0.402,0.406,0.401,0.405,513745.15,0
2024-08-04 06:00:00,0.405,0.408,0.404,0.405,588511.19,0
2024-08-04 07:00:00,0.406,0.407,0.399,0.401,717263.69,0
2024-08-04 08:00:00,0.401,0.407,0.397,0.404,1817379.18,0
2024-08-04 09:00:00,0.403,0.408,0.402,0.406,1111319.83,0
2024-08-04 10:00:00,0.406,0.407,0.403,0.406,461385.77,0
2024-08-04 11:00:00,0.407,0.408,0.403,0.404,479111.68,0
2024-08-04 12:00:00,0.404,0.408,0.403,0.408,602754.52,0
2024-08-04 13:00:00,0.408,0.411,0.405,0.406,1458764.02,0
2024-08-04 14:00:00,0.407,0.408,0.39,0.393,3046054.03,0
2024-08-04 15:00:00,0.393,0.393,0.387,0.389,3073070.09,0
2024-08-04 16:00:00,0.388,0.391,0.379,0.381,3482386.54,0
2024-08-04 17:00:00,0.38,0.386,0.371,0.384,5234087.86,0
2024-08-04 18:00:00,0.384,0.393,0.378,0.393,3024542.55,0
2024-08-04 19:00:00,0.393,0.409,0.388,0.406,3919182.28,0
2024-08-04 20:00:00,0.406,0.414,0.404,0.413,2082808.51,0
2024-08-04 21:00:00,0.413,0.415,0.409,0.411,929329.48,0
2024-08-04 22:00:00,0.41,0.417,0.408,0.411,2109502.63,0
2024-08-04 23:00:00,0.411,0.412,0.399,0.4,2028071.47,0
2024-08-05 00:00:00,0.4,0.405,0.377,0.382,8610623.07,0
2024-08-05 01:00:00,0.381,0.383,0.331,0.351,25073961.77,0
2024-08-05 02:00:00,0.352,0.356,0.34,0.354,6799048.37,0
2024-08-05 03:00:00,0.354,0.354,0.344,0.346,3639047.77,0
2024-08-05 04:00:00,0.347,0.358,0.345,0.35,2911485.26,0
2024-08-05 05:00:00,0.35,0.356,0.337,0.347,8951978.25,0
2024-08-05 06:00:00,0.347,0.35,0.314,0.338,13365179.49,0
2024-08-05 07:00:00,0.337,0.363,0.336,0.355,6051974.25,0
2024-08-05 08:00:00,0.355,0.355,0.343,0.347,4664048.04,0
2024-08-05 09:00:00,0.347,0.349,0.337,0.344,3706595.49,0
2024-08-05 10:00:00,0.343,0.344,0.329,0.335,5362149.0,0
2024-08-05 11:00:00,0.335,0.336,0.323,0.335,6080620.69,0
2024-08-05 12:00:00,0.335,0.339,0.323,0.326,6625134.19,0
2024-08-05 13:00:00,0.326,0.347,0.319,0.346,7473681.11,0
2024-08-05 14:00:00,0.347,0.362,0.346,0.356,6300925.23,0
2024-08-05 15:00:00,0.357,0.363,0.353,0.357,3693604.72,0
2024-08-05 16:00:00,0.356,0.362,0.351,0.352,4258276.07,0
2024-08-05 17:00:00,0.352,0.36,0.35,0.355,2557207.49,0
2024-08-05 18:00:00,0.354,0.356,0.346,0.347,2048356.35,0
2024-08-05 19:00:00,0.347,0.354,0.347,0.352,3226308.24,0
2024-08-05 20:00:00,0.352,0.359,0.352,0.356,2117619.9,0
2024-08-05 21:00:00,0.357,0.362,0.353,0.355,1853914.37,0
2024-08-05 22:00:00,0.355,0.358,0.35,0.354,2783220.37,0
2024-08-05 23:00:00,0.354,0.359,0.349,0.35,1585293.28,0
2024-08-06 00:00:00,0.349,0.369,0.349,0.368,3647279.34,0
2024-08-06 01:00:00,0.367,0.374,0.364,0.369,2738487.76,0
2024-08-06 02:00:00,0.369,0.372,0.366,0.37,1924565.71,0
2024-08-06 03:00:00,0.369,0.37,0.366,0.366,1406799.88,0
2024-08-06 04:00:00,0.367,0.372,0.364,0.372,1133574.42,0
2024-08-06 05:00:00,0.372,0.379,0.37,0.378,1605360.58,0
2024-08-06 06:00:00,0.377,0.384,0.376,0.381,3912689.72,0
2024-08-06 07:00:00,0.381,0.384,0.377,0.384,1819816.8,0
2024-08-06 08:00:00,0.383,0.385,0.371,0.374,2174249.22,0
2024-08-06 09:00:00,0.374,0.377,0.37,0.376,2522886.32,0
2024-08-06 10:00:00,0.376,0.376,0.369,0.373,1458161.36,0
2024-08-06 11:00:00,0.374,0.378,0.371,0.375,1525534.22,0
2024-08-06 12:00:00,0.375,0.379,0.37,0.373,2352018.19,0
2024-08-06 13:00:00,0.372,0.376,0.368,0.373,3312891.35,0
2024-08-06 14:00:00,0.374,0.391,0.374,0.386,4109733.05,0
2024-08-06 15:00:00,0.387,0.389,0.378,0.386,3147758.28,0
2024-08-06 16:00:00,0.386,0.389,0.38,0.383,2794537.08,0
2024-08-06 17:00:00,0.383,0.385,0.374,0.377,4783794.88,0
2024-08-06 18:00:00,0.378,0.382,0.376,0.379,1573197.1,0
2024-08-06 19:00:00,0.378,0.38,0.374,0.376,1544382.8,0
2024-08-06 20:00:00,0.376,0.377,0.372,0.374,2194673.74,0
2024-08-06 21:00:00,0.375,0.377,0.372,0.375,821376.37,0
2024-08-06 22:00:00,0.376,0.381,0.371,0.375,2325411.41,0
2024-08-06 23:00:00,0.374,0.377,0.368,0.372,2160606.91,0
2024-08-07 00:00:00,0.372,0.375,0.366,0.373,2524853.11,0
2024-08-07 01:00:00,0.373,0.38,0.366,0.379,2305096.93,0
2024-08-07 02:00:00,0.379,0.385,0.375,0.377,1811835.83,0
2024-08-07 03:00:00,0.378,0.381,0.376,0.378,1269902.25,0
2024-08-07 04:00:00,0.378,0.384,0.377,0.378,1387977.71,0
2024-08-07 05:00:00,0.379,0.381,0.374,0.374,1625277.88,0
2024-08-07 06:00:00,0.375,0.376,0.372,0.375,954201.55,0
2024-08-07 07:00:00,0.374,0.377,0.372,0.376,1289777.62,0
2024-08-07 08:00:00,0.376,0.38,0.374,0.378,1372426.54,0
2024-08-07 09:00:00,0.379,0.381,0.375,0.378,1636764.12,0
2024-08-07 10:00:00,0.378,0.382,0.374,0.375,1435089.92,0
2024-08-07 11:00:00,0.375,0.375,0.368,0.368,1932989.72,0
2024-08-07 12:00:00,0.369,0.374,0.367,0.372,1782381.16,0
2024-08-07 13:00:00,0.372,0.376,0.368,0.37,2001576.91,0
2024-08-07 14:00:00,0.369,0.372,0.354,0.357,4258770.97,0
2024-08-07 15:00:00,0.358,0.362,0.353,0.357,2310549.39,0
2024-08-07 16:00:00,0.357,0.358,0.351,0.353,2240036.55,0
2024-08-07 17:00:00,0.353,0.356,0.348,0.352,2235611.01,0
2024-08-07 18:00:00,0.352,0.354,0.347,0.348,1793527.98,0
2024-08-07 19:00:00,0.349,0.35,0.345,0.347,1569025.88,0
2024-08-07 20:00:00,0.347,0.352,0.341,0.347,2823993.98,0
2024-08-07 21:00:00,0.347,0.349,0.343,0.347,1454643.11,0
2024-08-07 22:00:00,0.346,0.348,0.34,0.348,1983320.75,0
2024-08-07 23:00:00,0.348,0.349,0.344,0.346,846089.31,0
2024-08-08 00:00:00,0.346,0.348,0.339,0.344,1539496.82,0
2024-08-08 01:00:00,0.345,0.367,0.344,0.365,2832110.58,0
2024-08-08 02:00:00,0.365,0.373,0.365,0.369,1246363.98,0
2024-08-08 03:00:00,0.37,0.372,0.365,0.366,627041.82,0
2024-08-08 04:00:00,0.366,0.371,0.365,0.366,716924.93,0
2024-08-08 05:00:00,0.366,0.373,0.366,0.37,797105.48,0
2024-08-08 06:00:00,0.37,0.373,0.368,0.37,948258.25,0
2024-08-08 07:00:00,0.37,0.371,0.365,0.367,827927.98,0
2024-08-08 08:00:00,0.367,0.371,0.366,0.37,686242.29,0
2024-08-08 09:00:00,0.37,0.372,0.367,0.37,671495.92,0
2024-08-08 10:00:00,0.371,0.375,0.369,0.372,824053.53,0
2024-08-08 11:00:00,0.373,0.375,0.371,0.372,533000.5,0
2024-08-08 12:00:00,0.373,0.389,0.37,0.378,2317725.78,0
2024-08-08 13:00:00,0.379,0.38,0.368,0.372,2086729.77,0
2024-08-08 14:00:00,0.372,0.381,0.371,0.38,1661246.07,0
2024-08-08 15:00:00,0.38,0.383,0.375,0.378,2111715.56,0
2024-08-08 16:00:00,0.378,0.389,0.377,0.387,2297334.88,0
2024-08-08 17:00:00,0.387,0.388,0.381,0.381,1291445.79,0
2024-08-08 18:00:00,0.382,0.384,0.38,0.383,366986.84,0
2024-08-08 19:00:00,0.383,0.385,0.381,0.384,562157.15,0
2024-08-08 20:00:00,0.384,0.386,0.382,0.385,367403.6,0
2024-08-08 21:00:00,0.385,0.395,0.383,0.394,878421.81,0
2024-08-08 22:00:00,0.394,0.402,0.391,0.4,1829334.21,0
2024-08-08 23:00:00,0.4,0.402,0.395,0.396,1957123.87,0
2024-08-09 00:00:00,0.396,0.399,0.393,0.396,1749174.24,0
2024-08-09 01:00:00,0.396,0.397,0.394,0.396,975810.97,0
2024-08-09 02:00:00,0.396,0.398,0.392,0.392,813009.99,0
2024-08-09 03:00:00,0.392,0.394,0.391,0.392,468499.39,0
2024-08-09 04:00:00,0.393,0.394,0.383,0.384,814815.31,0
2024-08-09 05:00:00,0.383,0.388,0.381,0.387,764052.35,0
2024-08-09 06:00:00,0.387,0.389,0.385,0.388,672871.87,0
2024-08-09 07:00:00,0.388,0.389,0.382,0.382,696109.47,0
2024-08-09 08:00:00,0.383,0.387,0.382,0.386,828744.51,0
2024-08-09 09:00:00,0.385,0.388,0.382,0.384,510908.41,0
2024-08-09 10:00:00,0.383,0.385,0.379,0.382,749409.6,0
2024-08-09 11:00:00,0.382,0.383,0.379,0.382,549517.39,0
2024-08-09 12:00:00,0.382,0.383,0.377,0.38,843371.6,0
2024-08-09 13:00:00,0.379,0.381,0.372,0.378,1168422.48,0
2024-08-09 14:00:00,0.377,0.384,0.371,0.378,1919885.72,0
2024-08-09 15:00:00,0.378,0.379,0.373,0.373,972581.43,0
2024-08-09 16:00:00,0.373,0.379,0.373,0.378,894398.54,0
2024-08-09 17:00:00,0.378,0.38,0.376,0.379,456234.36,0
2024-08-09 18:00:00,0.378,0.382,0.376,0.379,754746.21,0
2024-08-09 19:00:00,0.379,0.381,0.377,0.38,370081.73,0
2024-08-09 20:00:00,0.379,0.382,0.378,0.379,347983.45,0
2024-08-09 21:00:00,0.378,0.381,0.375,0.381,607244.13,0
2024-08-09 22:00:00,0.381,0.384,0.378,0.381,797613.19,0
2024-08-09 23:00:00,0.381,0.384,0.378,0.383,567337.08,0
2024-08-10 00:00:00,0.383,0.387,0.378,0.379,1476644.91,0
2024-08-10 01:00:00,0.378,0.382,0.377,0.38,609322.36,0
2024-08-10 02:00:00,0.38,0.383,0.379,0.382,461659.63,0
2024-08-10 03:00:00,0.381,0.382,0.379,0.381,301808.22,0
2024-08-10 04:00:00,0.38,0.383,0.378,0.38,276868.25,0
2024-08-10 05:00:00,0.379,0.383,0.378,0.381,314067.77,0
2024-08-10 06:00:00,0.382,0.386,0.381,0.384,489019.95,0
2024-08-10 07:00:00,0.385,0.39,0.384,0.389,684763.91,0
2024-08-10 08:00:00,0.389,0.389,0.383,0.383,555447.32,0
2024-08-10 09:00:00,0.383,0.4,0.383,0.4,1665592.96,0
2024-08-10 10:00:00,0.4,0.403,0.395,0.397,2413354.78,0
2024-08-10 11:00:00,0.397,0.409,0.396,0.403,3728989.66,0
2024-08-10 12:00:00,0.403,0.404,0.397,0.399,772378.35,0
2024-08-10 13:00:00,0.398,0.4,0.394,0.394,1138054.84,0
2024-08-10 14:00:00,0.394,0.397,0.391,0.394,1104011.83,0
2024-08-10 15:00:00,0.394,0.4,0.394,0.396,776004.36,0
2024-08-10 16:00:00,0.396,0.4,0.394,0.396,795580.63,0
2024-08-10 17:00:00,0.397,0.399,0.394,0.399,667465.7,0
2024-08-10 18:00:00,0.399,0.399,0.395,0.397,792349.47,0
2024-08-10 19:00:00,0.397,0.4,0.395,0.398,770086.29,0
2024-08-10 20:00:00,0.397,0.399,0.395,0.398,331761.82,0
2024-08-10 21:00:00,0.397,0.4,0.394,0.396,414787.2,0
2024-08-10 22:00:00,0.396,0.397,0.394,0.396,256107.97,0
2024-08-10 23:00:00,0.396,0.398,0.394,0.396,319393.48,0
2024-08-11 00:00:00,0.396,0.399,0.395,0.397,598909.63,0
2024-08-11 01:00:00,0.398,0.399,0.395,0.397,480636.81,0
2024-08-11 02:00:00,0.397,0.399,0.395,0.397,267856.27,0
2024-08-11 03:00:00,0.398,0.401,0.397,0.399,822034.96,0
2024-08-11 04:00:00,0.399,0.4,0.395,0.396,459902.77,0
2024-08-11 05:00:00,0.395,0.4,0.394,0.399,301459.76,0
2024-08-11 06:00:00,0.398,0.4,0.396,0.398,342268.84,0
2024-08-11 07:00:00,0.398,0.401,0.398,0.399,385492.57,0
2024-08-11 08:00:00,0.399,0.405,0.399,0.401,567115.44,0
2024-08-11 09:00:00,0.401,0.408,0.399,0.401,1409683.46,0
2024-08-11 10:00:00,0.401,0.402,0.398,0.398,491275.46,0
2024-08-11 11:00:00,0.398,0.398,0.389,0.391,1902463.74,0
2024-08-11 12:00:00,0.392,0.393,0.384,0.388,1160749.2,0
2024-08-11 13:00:00,0.387,0.39,0.383,0.389,908325.38,0
2024-08-11 14:00:00,0.389,0.39,0.382,0.384,701843.38,0
2024-08-11 15:00:00,0.384,0.384,0.378,0.379,1086177.6,0
2024-08-11 16:00:00,0.379,0.383,0.378,0.38,579436.2,0
2024-08-11 17:00:00,0.381,0.383,0.379,0.381,230226.82,0
2024-08-11 18:00:00,0.38,0.381,0.378,0.381,351749.36,0
2024-08-11 19:00:00,0.38,0.38,0.371,0.373,733640.64,0
2024-08-11 20:00:00,0.373,0.373,0.366,0.367,1475720.45,0
2024-08-11 21:00:00,0.367,0.37,0.363,0.37,587247.48,0
2024-08-11 22:00:00,0.369,0.372,0.361,0.366,1029781.02,0
2024-08-11 23:00:00,0.365,0.365,0.362,0.362,419145.7,0
2024-08-12 00:00:00,0.363,0.367,0.361,0.365,873309.99,0
2024-08-12 01:00:00,0.365,0.368,0.362,0.367,753928.05,0
2024-08-12 02:00:00,0.366,0.368,0.364,0.368,611403.93,0
2024-08-12 03:00:00,0.367,0.369,0.365,0.366,490229.75,0
2024-08-12 04:00:00,0.367,0.369,0.365,0.365,393076.39,0
2024-08-12 05:00:00,0.366,0.367,0.363,0.366,463624.0,0
2024-08-12 06:00:00,0.366,0.367,0.361,0.362,815608.81,0
2024-08-12 07:00:00,0.362,0.369,0.355,0.366,1856476.36,0
2024-08-12 08:00:00,0.366,0.378,0.366,0.368,2313908.41,0
2024-08-12 09:00:00,0.369,0.374,0.368,0.374,828480.0,0
2024-08-12 10:00:00,0.374,0.387,0.371,0.385,2046453.71,0
2024-08-12 11:00:00,0.385,0.397,0.384,0.395,2172882.1,0
2024-08-12 12:00:00,0.396,0.397,0.389,0.396,1697326.69,0
2024-08-12 13:00:00,0.396,0.397,0.375,0.379,3194436.02,0
2024-08-12 14:00:00,0.379,0.403,0.374,0.402,4329264.91,0
2024-08-12 15:00:00,0.402,0.412,0.398,0.409,5088334.88,0
2024-08-12 16:00:00,0.409,0.413,0.404,0.406,3023890.96,0
2024-08-12 17:00:00,0.406,0.409,0.402,0.403,1237837.52,0
2024-08-12 18:00:00,0.403,0.406,0.397,0.398,835275.9,0
2024-08-12 19:00:00,0.398,0.405,0.398,0.402,862547.66,0
2024-08-12 20:00:00,0.402,0.408,0.401,0.404,1109489.64,0
2024-08-12 21:00:00,0.404,0.406,0.4,0.402,608829.36,0
2024-08-12 22:00:00,0.402,0.405,0.401,0.403,540590.22,0
2024-08-12 23:00:00,0.403,0.414,0.403,0.408,1076214.71,0
2024-08-13 00:00:00,0.408,0.41,0.403,0.406,1231281.6,0
2024-08-13 01:00:00,0.407,0.415,0.406,0.414,1196442.72,0
2024-08-13 02:00:00,0.413,0.414,0.405,0.408,1000437.61,0
2024-08-13 03:00:00,0.408,0.408,0.397,0.398,1143038.8,0
2024-08-13 04:00:00,0.398,0.401,0.395,0.401,527325.41,0
2024-08-13 05:00:00,0.4,0.404,0.397,0.399,456756.66,0
2024-08-13 06:00:00,0.399,0.403,0.396,0.403,521414.23,0
2024-08-13 07:00:00,0.403,0.403,0.398,0.399,487304.06,0
2024-08-13 08:00:00,0.4,0.4,0.392,0.394,672014.31,0
2024-08-13 09:00:00,0.393,0.393,0.388,0.39,987772.11,0
2024-08-13 10:00:00,0.39,0.391,0.386,0.387,690717.37,0
2024-08-13 11:00:00,0.387,0.388,0.383,0.386,647758.45,0
2024-08-13 12:00:00,0.387,0.391,0.385,0.39,1065414.01,0
2024-08-13 13:00:00,0.39,0.396,0.386,0.395,968845.96,0
2024-08-13 14:00:00,0.395,0.397,0.386,0.395,1782362.92,0
2024-08-13 15:00:00,0.396,0.399,0.393,0.395,593585.31,0
2024-08-13 16:00:00,0.394,0.41,0.394,0.409,1514981.04,0
2024-08-13 17:00:00,0.409,0.41,0.404,0.408,1018970.44,0
2024-08-13 18:00:00,0.408,0.408,0.401,0.402,824847.21,0
2024-08-13 19:00:00,0.401,0.402,0.396,0.402,649273.4,0
2024-08-13 20:00:00,0.401,0.402,0.398,0.401,275737.94,0
2024-08-13 21:00:00,0.401,0.404,0.4,0.404,294995.86,0
2024-08-13 22:00:00,0.403,0.405,0.402,0.403,365802.56,0
2024-08-13 23:00:00,0.404,0.404,0.4,0.403,450787.33,0
2024-08-14 00:00:00,0.403,0.404,0.401,0.403,288925.55,0
2024-08-14 01:00:00,0.404,0.405,0.398,0.399,454723.3,0
2024-08-14 02:00:00,0.399,0.402,0.398,0.401,324020.66,0
2024-08-14 03:00:00,0.401,0.403,0.399,0.4,446544.47,0
2024-08-14 04:00:00,0.399,0.403,0.398,0.4,436996.59,0
2024-08-14 05:00:00,0.399,0.405,0.398,0.4,805603.78,0
2024-08-14 06:00:00,0.399,0.408,0.397,0.405,2540641.64,0
2024-08-14 07:00:00,0.404,0.405,0.4,0.403,934097.09,0
2024-08-14 08:00:00,0.404,0.405,0.401,0.402,371119.29,0
2024-08-14 09:00:00,0.402,0.406,0.401,0.405,663634.51,0
2024-08-14 10:00:00,0.405,0.413,0.404,0.41,968157.84,0
2024-08-14 11:00:00,0.41,0.413,0.406,0.41,949862.92,0
2024-08-14 12:00:00,0.409,0.423,0.406,0.408,3045143.03,0
2024-08-14 13:00:00,0.407,0.409,0.397,0.399,1847736.8,0
2024-08-14 14:00:00,0.398,0.4,0.393,0.398,1675619.82,0
2024-08-14 15:00:00,0.398,0.408,0.396,0.404,1323303.42,0
2024-08-14 16:00:00,0.403,0.413,0.4,0.411,1542909.85,0
2024-08-14 17:00:00,0.411,0.412,0.402,0.403,2653439.76,0
2024-08-14 18:00:00,0.404,0.404,0.398,0.4,524244.29,0
2024-08-14 19:00:00,0.399,0.405,0.399,0.405,585700.57,0
2024-08-14 20:00:00,0.406,0.409,0.402,0.406,585452.07,0
2024-08-14 21:00:00,0.406,0.409,0.404,0.405,406801.88,0
2024-08-14 22:00:00,0.404,0.407,0.399,0.406,511790.69,0
2024-08-14 23:00:00,0.406,0.409,0.402,0.402,1963840.01,0
2024-08-15 00:00:00,0.402,0.405,0.4,0.401,620075.34,0
2024-08-15 01:00:00,0.401,0.401,0.391,0.393,962766.52,0
2024-08-15 02:00:00,0.392,0.395,0.387,0.389,1440511.19,0
2024-08-15 03:00:00,0.389,0.392,0.388,0.39,378547.72,0
2024-08-15 04:00:00,0.39,0.39,0.386,0.389,458580.76,0
2024-08-15 05:00:00,0.389,0.39,0.385,0.386,539835.77,0
2024-08-15 06:00:00,0.386,0.388,0.382,0.383,857988.92,0
2024-08-15 07:00:00,0.383,0.386,0.381,0.384,1070685.1,0
2024-08-15 08:00:00,0.383,0.384,0.379,0.383,633326.32,0
2024-08-15 09:00:00,0.382,0.385,0.381,0.383,590968.92,0
2024-08-15 10:00:00,0.383,0.383,0.378,0.382,514601.46,0
2024-08-15 11:00:00,0.382,0.387,0.382,0.386,544040.99,0
2024-08-15 12:00:00,0.386,0.393,0.384,0.386,1193828.58,0
2024-08-15 13:00:00,0.387,0.396,0.384,0.392,1541693.99,0
2024-08-15 14:00:00,0.392,0.394,0.384,0.386,933380.01,0
2024-08-15 15:00:00,0.385,0.387,0.381,0.383,911969.07,0
2024-08-15 16:00:00,0.383,0.385,0.375,0.377,1309703.69,0
2024-08-15 17:00:00,0.378,0.378,0.365,0.366,1848106.21,0
2024-08-15 18:00:00,0.366,0.366,0.356,0.36,3525555.94,0
2024-08-15 19:00:00,0.359,0.362,0.356,0.36,1805982.4,0
2024-08-15 20:00:00,0.36,0.36,0.354,0.358,1297255.7,0
2024-08-15 21:00:00,0.357,0.361,0.355,0.36,849510.89,0
2024-08-15 22:00:00,0.36,0.368,0.357,0.365,828218.05,0
2024-08-15 23:00:00,0.364,0.369,0.363,0.365,303467.81,0
2024-08-16 00:00:00,0.365,0.375,0.364,0.372,2433830.88,0
2024-08-16 01:00:00,0.372,0.373,0.368,0.372,565691.12,0
2024-08-16 02:00:00,0.371,0.377,0.369,0.371,522778.03,0
2024-08-16 03:00:00,0.371,0.372,0.368,0.368,278088.31,0
2024-08-16 04:00:00,0.368,0.369,0.366,0.369,459670.21,0
2024-08-16 05:00:00,0.369,0.37,0.366,0.367,278108.33,0
2024-08-16 06:00:00,0.366,0.373,0.366,0.371,590778.29,0
2024-08-16 07:00:00,0.371,0.372,0.367,0.37,401445.31,0
2024-08-16 08:00:00,0.369,0.371,0.366,0.366,258709.84,0
2024-08-16 09:00:00,0.366,0.367,0.364,0.365,571848.98,0
2024-08-16 10:00:00,0.365,0.367,0.361,0.362,857061.12,0
2024-08-16 11:00:00,0.362,0.363,0.358,0.36,762376.19,0
2024-08-16 12:00:00,0.359,0.363,0.349,0.354,3125813.65,0
2024-08-16 13:00:00,0.354,0.366,0.354,0.361,2631753.48,0
2024-08-16 14:00:00,0.361,0.362,0.348,0.351,1879068.76,0
2024-08-16 15:00:00,0.351,0.354,0.346,0.35,1468148.23,0
2024-08-16 16:00:00,0.349,0.355,0.349,0.351,1601447.92,0
2024-08-16 17:00:00,0.351,0.358,0.346,0.358,2154233.41,0
2024-08-16 18:00:00,0.358,0.361,0.354,0.356,1461889.56,0
2024-08-16 19:00:00,0.356,0.359,0.355,0.356,832026.31,0
2024-08-16 20:00:00,0.356,0.36,0.355,0.355,577693.59,0
2024-08-16 21:00:00,0.356,0.356,0.353,0.355,342690.31,0
2024-08-16 22:00:00,0.355,0.356,0.352,0.352,164931.39,0
2024-08-16 23:00:00,0.352,0.355,0.351,0.355,589813.55,0
2024-08-17 00:00:00,0.354,0.355,0.351,0.353,540335.42,0
2024-08-17 01:00:00,0.353,0.356,0.353,0.354,286934.26,0
2024-08-17 02:00:00,0.353,0.356,0.351,0.351,616411.1,0
2024-08-17 03:00:00,0.352,0.353,0.349,0.351,562896.31,0
2024-08-17 04:00:00,0.352,0.355,0.351,0.354,470511.98,0
2024-08-17 05:00:00,0.353,0.358,0.353,0.356,1440490.77,0
2024-08-17 06:00:00,0.356,0.359,0.353,0.354,234406.97,0
2024-08-17 07:00:00,0.354,0.356,0.352,0.354,402806.98,0
2024-08-17 08:00:00,0.354,0.356,0.352,0.355,553771.23,0
2024-08-17 09:00:00,0.355,0.358,0.353,0.356,670203.55,0
2024-08-17 10:00:00,0.355,0.357,0.35,0.351,2279477.94,0
2024-08-17 11:00:00,0.351,0.353,0.35,0.352,557562.66,0
2024-08-17 12:00:00,0.351,0.355,0.35,0.354,1013781.25,0
2024-08-17 13:00:00,0.354,0.358,0.352,0.355,1312412.06,0
2024-08-17 14:00:00,0.355,0.359,0.355,0.358,1043140.86,0
2024-08-17 15:00:00,0.358,0.362,0.357,0.36,1583771.98,0
2024-08-17 16:00:00,0.36,0.365,0.359,0.364,966213.32,0
2024-08-17 17:00:00,0.364,0.368,0.359,0.36,1609457.1,0
2024-08-17 18:00:00,0.36,0.36,0.358,0.359,220511.97,0
2024-08-17 19:00:00,0.358,0.36,0.356,0.359,360174.7,0
2024-08-17 20:00:00,0.359,0.36,0.358,0.359,202848.63,0
2024-08-17 21:00:00,0.359,0.361,0.358,0.361,297579.08,0
2024-08-17 22:00:00,0.361,0.363,0.359,0.359,221355.76,0
2024-08-17 23:00:00,0.36,0.364,0.36,0.363,374869.89,0
2024-08-18 00:00:00,0.362,0.364,0.36,0.363,325082.41,0
2024-08-18 01:00:00,0.362,0.364,0.361,0.361,196450.8,0
2024-08-18 02:00:00,0.362,0.367,0.361,0.367,504356.25,0
2024-08-18 03:00:00,0.368,0.368,0.362,0.363,459845.16,0
2024-08-18 04:00:00,0.362,0.363,0.36,0.363,589706.18,0
2024-08-18 05:00:00,0.362,0.364,0.359,0.359,560374.43,0
2024-08-18 06:00:00,0.36,0.364,0.359,0.363,402309.15,0
2024-08-18 07:00:00,0.364,0.364,0.359,0.36,410362.38,0
2024-08-18 08:00:00,0.361,0.363,0.36,0.362,270639.61,0
2024-08-18 09:00:00,0.361,0.365,0.355,0.361,3548477.0,0
2024-08-18 10:00:00,0.362,0.367,0.361,0.365,1340319.13,0
2024-08-18 11:00:00,0.365,0.366,0.362,0.365,890139.14,0
2024-08-18 12:00:00,0.365,0.37,0.363,0.368,903699.94,0
2024-08-18 13:00:00,0.367,0.37,0.365,0.366,674946.89,0
2024-08-18 14:00:00,0.365,0.368,0.364,0.366,814353.75,0
2024-08-18 15:00:00,0.366,0.369,0.363,0.367,391653.39,0
2024-08-18 16:00:00,0.367,0.37,0.366,0.367,455779.11,0
2024-08-18 17:00:00,0.367,0.367,0.362,0.363,350896.25,0
2024-08-18 18:00:00,0.363,0.365,0.362,0.364,139191.49,0
2024-08-18 19:00:00,0.364,0.367,0.363,0.366,201905.36,0
2024-08-18 20:00:00,0.366,0.369,0.366,0.367,271800.3,0
2024-08-18 21:00:00,0.368,0.369,0.364,0.364,331548.37,0
2024-08-18 22:00:00,0.365,0.37,0.365,0.367,268383.79,0
2024-08-18 23:00:00,0.367,0.367,0.358,0.359,975156.01,0
2024-08-19 00:00:00,0.359,0.359,0.353,0.353,859249.62,0
2024-08-19 01:00:00,0.354,0.362,0.354,0.359,342781.09,0
2024-08-19 02:00:00,0.358,0.367,0.358,0.366,1205255.54,0
2024-08-19 03:00:00,0.366,0.367,0.362,0.365,335557.58,0
2024-08-19 04:00:00,0.364,0.365,0.361,0.361,569712.01,0
2024-08-19 05:00:00,0.361,0.362,0.357,0.357,318346.26,0
2024-08-19 06:00:00,0.358,0.363,0.356,0.36,374890.47,0
2024-08-19 07:00:00,0.36,0.363,0.358,0.36,657299.11,0
2024-08-19 08:00:00,0.36,0.363,0.358,0.361,1237672.5,0
2024-08-19 09:00:00,0.362,0.368,0.359,0.36,1506032.6,0
2024-08-19 10:00:00,0.36,0.362,0.355,0.355,1462579.86,0
2024-08-19 11:00:00,0.355,0.36,0.354,0.359,904502.79,0
2024-08-19 12:00:00,0.359,0.361,0.354,0.355,1585914.63,0
2024-08-19 13:00:00,0.355,0.361,0.353,0.353,1447801.48,0
2024-08-19 14:00:00,0.353,0.356,0.349,0.353,1212397.54,0
2024-08-19 15:00:00,0.353,0.356,0.351,0.352,838517.26,0
2024-08-19 16:00:00,0.352,0.353,0.342,0.344,1430533.62,0
2024-08-19 17:00:00,0.344,0.364,0.344,0.353,2785498.32,0
2024-08-19 18:00:00,0.353,0.355,0.349,0.353,833424.58,0
2024-08-19 19:00:00,0.353,0.361,0.352,0.356,1020737.17,0
2024-08-19 20:00:00,0.356,0.362,0.356,0.359,648265.32,0
2024-08-19 21:00:00,0.359,0.36,0.356,0.356,396301.98,0
2024-08-19 22:00:00,0.357,0.359,0.356,0.359,484701.79,0
2024-08-19 23:00:00,0.359,0.361,0.357,0.36,517226.1,0
2024-08-20 00:00:00,0.36,0.368,0.357,0.364,1490139.96,0
2024-08-20 01:00:00,0.364,0.368,0.361,0.362,1180692.04,0
2024-08-20 02:00:00,0.362,0.363,0.359,0.36,682720.52,0
2024-08-20 03:00:00,0.36,0.362,0.358,0.358,517136.99,0
2024-08-20 04:00:00,0.359,0.362,0.357,0.361,873410.56,0
2024-08-20 05:00:00,0.361,0.367,0.361,0.364,1249434.94,0
2024-08-20 06:00:00,0.364,0.365,0.361,0.364,827652.11,0
2024-08-20 07:00:00,0.364,0.369,0.362,0.364,2742633.48,0
2024-08-20 08:00:00,0.365,0.366,0.361,0.361,1038784.77,0
2024-08-20 09:00:00,0.361,0.363,0.359,0.361,1477570.3,0
2024-08-20 10:00:00,0.361,0.366,0.36,0.361,1587856.32,0
2024-08-20 11:00:00,0.361,0.363,0.357,0.359,899335.79,0
2024-08-20 12:00:00,0.359,0.361,0.357,0.357,739077.59,0
2024-08-20 13:00:00,0.357,0.359,0.351,0.357,1892398.12,0
2024-08-20 14:00:00,0.357,0.358,0.346,0.347,5587951.0,0
2024-08-20 15:00:00,0.347,0.349,0.342,0.346,2483157.26,0
2024-08-20 16:00:00,0.346,0.349,0.343,0.348,1519098.45,0
2024-08-20 17:00:00,0.347,0.35,0.346,0.349,887949.8,0
2024-08-20 18:00:00,0.35,0.352,0.348,0.351,758327.47,0
2024-08-20 19:00:00,0.352,0.355,0.35,0.353,744088.12,0
2024-08-20 20:00:00,0.354,0.357,0.354,0.354,503255.38,0
2024-08-20 21:00:00,0.354,0.355,0.351,0.352,409731.58,0
2024-08-20 22:00:00,0.352,0.356,0.352,0.354,415858.47,0
2024-08-20 23:00:00,0.355,0.355,0.351,0.352,313582.18,0
2024-08-21 00:00:00,0.352,0.354,0.348,0.348,728018.09,0
2024-08-21 01:00:00,0.348,0.351,0.347,0.35,742895.71,0
2024-08-21 02:00:00,0.351,0.355,0.349,0.352,2754343.85,0
2024-08-21 03:00:00,0.353,0.355,0.349,0.351,2932827.89,0
2024-08-21 04:00:00,0.35,0.352,0.35,0.352,301501.79,0
2024-08-21 05:00:00,0.352,0.354,0.351,0.354,309972.92,0
2024-08-21 06:00:00,0.354,0.358,0.353,0.356,644960.92,0
2024-08-21 07:00:00,0.357,0.359,0.356,0.359,498932.36,0
2024-08-21 08:00:00,0.358,0.36,0.355,0.356,845688.79,0
2024-08-21 09:00:00,0.356,0.356,0.352,0.354,689216.26,0
2024-08-21 10:00:00,0.354,0.357,0.353,0.356,614567.87,0
2024-08-21 11:00:00,0.356,0.357,0.353,0.354,1044607.48,0
2024-08-21 12:00:00,0.354,0.355,0.351,0.352,598829.65,0
2024-08-21 13:00:00,0.353,0.355,0.345,0.355,1428404.85,0
2024-08-21 14:00:00,0.355,0.358,0.349,0.35,2351341.26,0
2024-08-21 15:00:00,0.35,0.354,0.349,0.354,527999.77,0
2024-08-21 16:00:00,0.353,0.36,0.352,0.358,770310.03,0
2024-08-21 17:00:00,0.359,0.364,0.357,0.361,1842459.03,0
2024-08-21 18:00:00,0.361,0.369,0.361,0.368,2139735.67,0
2024-08-21 19:00:00,0.369,0.371,0.365,0.369,1868416.92,0
2024-08-21 20:00:00,0.369,0.373,0.368,0.369,1002759.58,0
2024-08-21 21:00:00,0.369,0.375,0.369,0.373,1535329.04,0
2024-08-21 22:00:00,0.373,0.375,0.371,0.373,737048.49,0
2024-08-21 23:00:00,0.373,0.375,0.37,0.372,551045.73,0
2024-08-22 00:00:00,0.372,0.376,0.372,0.374,1182622.81,0
2024-08-22 01:00:00,0.375,0.378,0.374,0.377,678803.46,0
2024-08-22 02:00:00,0.377,0.378,0.368,0.371,1812808.51,0
2024-08-22 03:00:00,0.37,0.372,0.368,0.371,711411.05,0
2024-08-22 04:00:00,0.372,0.372,0.369,0.372,1205314.73,0
2024-08-22 05:00:00,0.371,0.372,0.368,0.37,267823.38,0
2024-08-22 06:00:00,0.369,0.372,0.367,0.37,1882026.46,0
2024-08-22 07:00:00,0.37,0.374,0.369,0.372,1297077.64,0
2024-08-22 08:00:00,0.372,0.374,0.37,0.37,1408936.68,0
2024-08-22 09:00:00,0.371,0.373,0.368,0.368,1566178.32,0
2024-08-22 10:00:00,0.369,0.374,0.367,0.374,711114.37,0
2024-08-22 11:00:00,0.374,0.375,0.371,0.373,985403.86,0
2024-08-22 12:00:00,0.373,0.373,0.365,0.366,977255.08,0
2024-08-22 13:00:00,0.366,0.369,0.365,0.369,692778.8,0
2024-08-22 14:00:00,0.369,0.369,0.363,0.365,1178910.51,0
2024-08-22 15:00:00,0.366,0.37,0.361,0.363,1145687.53,0
2024-08-22 16:00:00,0.364,0.368,0.363,0.366,619211.47,0
2024-08-22 17:00:00,0.366,0.369,0.364,0.366,416428.49,0
2024-08-22 18:00:00,0.365,0.37,0.364,0.367,407578.67,0
2024-08-22 19:00:00,0.367,0.369,0.365,0.365,618777.56,0
2024-08-22 20:00:00,0.365,0.369,0.365,0.369,903886.75,0
2024-08-22 21:00:00,0.369,0.369,0.366,0.367,416773.45,0
2024-08-22 22:00:00,0.367,0.368,0.366,0.366,225180.78,0
2024-08-22 23:00:00,0.366,0.367,0.364,0.364,404721.85,0
2024-08-23 00:00:00,0.364,0.372,0.363,0.371,913443.98,0
2024-08-23 01:00:00,0.37,0.373,0.368,0.37,872626.34,0
2024-08-23 02:00:00,0.371,0.373,0.37,0.37,489391.38,0
2024-08-23 03:00:00,0.37,0.374,0.37,0.373,412273.88,0
2024-08-23 04:00:00,0.372,0.375,0.37,0.373,1108014.39,0
2024-08-23 05:00:00,0.373,0.382,0.373,0.381,1404274.76,0
2024-08-23 06:00:00,0.381,0.384,0.378,0.383,870441.36,0
2024-08-23 07:00:00,0.383,0.385,0.381,0.382,670980.6,0
2024-08-23 08:00:00,0.381,0.383,0.381,0.382,861563.98,0
2024-08-23 09:00:00,0.383,0.385,0.379,0.382,964606.68,0
2024-08-23 10:00:00,0.381,0.382,0.378,0.379,843920.21,0
2024-08-23 11:00:00,0.378,0.379,0.374,0.374,917386.01,0
2024-08-23 12:00:00,0.374,0.382,0.374,0.38,1156599.61,0
2024-08-23 13:00:00,0.38,0.381,0.377,0.378,612011.36,0
2024-08-23 14:00:00,0.379,0.405,0.378,0.388,9481593.52,0
2024-08-23 15:00:00,0.388,0.393,0.386,0.389,1792332.65,0
2024-08-23 16:00:00,0.389,0.399,0.389,0.397,1652510.05,0
2024-08-23 17:00:00,0.397,0.405,0.395,0.404,1974205.7,0
2024-08-23 18:00:00,0.404,0.409,0.402,0.405,2617015.3,0
2024-08-23 19:00:00,0.405,0.41,0.404,0.41,1701481.27,0
2024-08-23 20:00:00,0.41,0.417,0.41,0.412,2324228.81,0
2024-08-23 21:00:00,0.412,0.416,0.411,0.414,999050.66,0
2024-08-23 22:00:00,0.414,0.421,0.413,0.416,1943827.38,0
2024-08-23 23:00:00,0.415,0.417,0.411,0.413,1075090.32,0
2024-08-24 00:00:00,0.413,0.418,0.413,0.415,901658.82,0
2024-08-24 01:00:00,0.415,0.416,0.408,0.41,1228589.3,0
2024-08-24 02:00:00,0.41,0.413,0.409,0.411,462838.42,0
2024-08-24 03:00:00,0.412,0.415,0.41,0.412,946199.84,0
2024-08-24 04:00:00,0.413,0.417,0.413,0.414,756750.16,0
2024-08-24 05:00:00,0.414,0.418,0.414,0.418,858542.03,0
2024-08-24 06:00:00,0.418,0.425,0.417,0.417,1789951.91,0
2024-08-24 07:00:00,0.417,0.423,0.417,0.421,1196702.91,0
2024-08-24 08:00:00,0.42,0.421,0.415,0.419,1136115.96,0
2024-08-24 09:00:00,0.419,0.421,0.414,0.421,1421768.22,0
2024-08-24 10:00:00,0.421,0.422,0.416,0.419,1173269.93,0
2024-08-24 11:00:00,0.418,0.424,0.417,0.418,1944333.04,0
2024-08-24 12:00:00,0.418,0.422,0.415,0.416,1860134.09,0
2024-08-24 13:00:00,0.417,0.418,0.412,0.417,3017858.34,0
2024-08-24 14:00:00,0.416,0.418,0.413,0.418,996576.12,0
2024-08-24 15:00:00,0.418,0.419,0.413,0.415,1407639.15,0
2024-08-24 16:00:00,0.414,0.427,0.414,0.425,2008849.78,0
2024-08-24 17:00:00,0.425,0.43,0.42,0.421,1425476.05,0
2024-08-24 18:00:00,0.421,0.425,0.418,0.423,1157004.56,0
2024-08-24 19:00:00,0.423,0.426,0.422,0.422,491293.73,0
2024-08-24 20:00:00,0.422,0.426,0.419,0.42,451613.75,0
2024-08-24 21:00:00,0.42,0.42,0.406,0.408,2195638.89,0
2024-08-24 22:00:00,0.408,0.412,0.406,0.41,1152052.5,0
2024-08-24 23:00:00,0.41,0.418,0.41,0.417,850816.62,0
2024-08-25 00:00:00,0.417,0.418,0.408,0.409,1425754.67,0
2024-08-25 01:00:00,0.408,0.412,0.4,0.405,1625527.45,0
2024-08-25 02:00:00,0.405,0.412,0.404,0.411,589685.78,0
2024-08-25 03:00:00,0.411,0.412,0.405,0.409,1477149.54,0
2024-08-25 04:00:00,0.41,0.413,0.404,0.412,1046629.74,0
2024-08-25 05:00:00,0.411,0.413,0.408,0.409,455627.58,0
2024-08-25 06:00:00,0.409,0.41,0.403,0.404,678910.96,0
2024-08-25 07:00:00,0.404,0.404,0.395,0.399,1589509.52,0
2024-08-25 08:00:00,0.399,0.404,0.395,0.402,897379.82,0
2024-08-25 09:00:00,0.402,0.405,0.4,0.405,1079628.01,0
2024-08-25 10:00:00,0.405,0.406,0.402,0.404,707795.62,0
2024-08-25 11:00:00,0.403,0.409,0.403,0.408,920330.65,0
2024-08-25 12:00:00,0.408,0.411,0.406,0.408,609288.17,0
2024-08-25 13:00:00,0.408,0.415,0.407,0.41,974567.49,0
2024-08-25 14:00:00,0.41,0.412,0.406,0.408,759486.39,0
2024-08-25 15:00:00,0.408,0.415,0.407,0.411,833142.14,0
2024-08-25 16:00:00,0.41,0.414,0.407,0.408,555388.77,0
2024-08-25 17:00:00,0.408,0.412,0.407,0.411,502692.03,0
2024-08-25 18:00:00,0.41,0.412,0.408,0.409,364881.18,0
2024-08-25 19:00:00,0.409,0.411,0.408,0.411,373917.58,0
2024-08-25 20:00:00,0.41,0.419,0.41,0.416,1444908.47,0
2024-08-25 21:00:00,0.416,0.421,0.415,0.419,1280472.28,0
2024-08-25 22:00:00,0.419,0.422,0.416,0.419,642456.64,0
2024-08-25 23:00:00,0.419,0.421,0.412,0.415,1055172.64,0
2024-08-26 00:00:00,0.414,0.42,0.412,0.415,897058.94,0
2024-08-26 01:00:00,0.415,0.415,0.404,0.404,1344198.45,0
2024-08-26 02:00:00,0.404,0.407,0.402,0.406,657606.84,0
2024-08-26 03:00:00,0.406,0.408,0.404,0.408,343949.04,0
2024-08-26 04:00:00,0.407,0.411,0.405,0.409,625587.28,0
2024-08-26 05:00:00,0.409,0.41,0.404,0.407,247545.73,0
2024-08-26 06:00:00,0.407,0.407,0.401,0.402,747414.94,0
2024-08-26 07:00:00,0.402,0.405,0.399,0.402,692296.73,0
2024-08-26 08:00:00,0.402,0.406,0.401,0.401,428185.81,0
2024-08-26 09:00:00,0.402,0.408,0.397,0.408,821594.12,0
2024-08-26 10:00:00,0.408,0.41,0.405,0.406,480620.1,0
2024-08-26 11:00:00,0.406,0.408,0.401,0.402,772929.44,0
2024-08-26 12:00:00,0.402,0.403,0.39,0.393,1391170.98,0
2024-08-26 13:00:00,0.393,0.399,0.391,0.398,984924.3,0
2024-08-26 14:00:00,0.398,0.401,0.395,0.398,1668292.26,0
2024-08-26 15:00:00,0.398,0.399,0.392,0.393,1284481.07,0
2024-08-26 16:00:00,0.393,0.398,0.392,0.394,1375172.9,0
2024-08-26 17:00:00,0.394,0.396,0.384,0.385,1807166.61,0
2024-08-26 18:00:00,0.384,0.388,0.379,0.385,1496390.33,0
2024-08-26 19:00:00,0.386,0.387,0.382,0.383,546768.21,0
2024-08-26 20:00:00,0.384,0.388,0.38,0.386,467151.5,0
2024-08-26 21:00:00,0.386,0.386,0.379,0.382,512346.73,0
2024-08-26 22:00:00,0.381,0.389,0.379,0.388,2451215.97,0
2024-08-26 23:00:00,0.388,0.389,0.383,0.383,2248439.73,0
2024-08-27 00:00:00,0.383,0.388,0.383,0.384,631697.75,0
2024-08-27 01:00:00,0.383,0.39,0.382,0.388,875126.76,0
2024-08-27 02:00:00,0.387,0.392,0.385,0.387,342471.98,0
2024-08-27 03:00:00,0.387,0.39,0.385,0.39,380449.16,0
2024-08-27 04:00:00,0.389,0.393,0.388,0.391,260227.94,0
2024-08-27 05:00:00,0.391,0.398,0.39,0.397,421778.67,0
2024-08-27 06:00:00,0.398,0.399,0.385,0.387,2033714.89,0
2024-08-27 07:00:00,0.387,0.391,0.386,0.386,388353.8,0
2024-08-27 08:00:00,0.387,0.388,0.381,0.384,858375.7,0
2024-08-27 09:00:00,0.384,0.386,0.381,0.383,1184162.1,0
2024-08-27 10:00:00,0.384,0.384,0.375,0.378,1283721.27,0
2024-08-27 11:00:00,0.377,0.382,0.376,0.381,713488.22,0
2024-08-27 12:00:00,0.381,0.382,0.376,0.382,991714.79,0
2024-08-27 13:00:00,0.382,0.386,0.379,0.382,1127011.03,0
2024-08-27 14:00:00,0.382,0.388,0.378,0.384,1139857.12,0
2024-08-27 15:00:00,0.384,0.39,0.382,0.388,834056.43,0
2024-08-27 16:00:00,0.387,0.395,0.385,0.39,1173108.45,0
2024-08-27 17:00:00,0.39,0.393,0.387,0.391,528178.76,0
2024-08-27 18:00:00,0.39,0.391,0.387,0.389,330185.4,0
2024-08-27 19:00:00,0.389,0.39,0.385,0.386,272392.18,0
2024-08-27 20:00:00,0.386,0.386,0.382,0.382,201909.92,0
2024-08-27 21:00:00,0.382,0.383,0.363,0.37,2398597.68,0
2024-08-27 22:00:00,0.37,0.37,0.355,0.367,2723018.82,0
2024-08-27 23:00:00,0.367,0.367,0.361,0.364,2380205.61,0
2024-08-28 00:00:00,0.364,0.364,0.357,0.362,896953.67,0
2024-08-28 01:00:00,0.361,0.363,0.355,0.361,1290582.24,0
2024-08-28 02:00:00,0.361,0.361,0.356,0.36,652617.25,0
2024-08-28 03:00:00,0.36,0.363,0.359,0.362,711591.49,0
2024-08-28 04:00:00,0.361,0.362,0.358,0.36,558044.85,0
2024-08-28 05:00:00,0.359,0.362,0.358,0.36,470100.86,0
2024-08-28 06:00:00,0.36,0.361,0.358,0.36,468068.11,0
2024-08-28 07:00:00,0.36,0.361,0.352,0.352,1387497.13,0
2024-08-28 08:00:00,0.353,0.361,0.35,0.359,1112910.01,0
2024-08-28 09:00:00,0.359,0.373,0.356,0.373,2051156.23,0
2024-08-28 10:00:00,0.372,0.374,0.368,0.37,1778754.45,0
2024-08-28 11:00:00,0.369,0.374,0.369,0.369,737607.11,0
2024-08-28 12:00:00,0.369,0.373,0.368,0.369,518878.33,0
2024-08-28 13:00:00,0.37,0.371,0.361,0.362,1054510.57,0
2024-08-28 14:00:00,0.362,0.372,0.361,0.367,1750342.75,0
2024-08-28 15:00:00,0.367,0.367,0.351,0.358,1801011.71,0
2024-08-28 16:00:00,0.357,0.357,0.344,0.356,3677327.92,0
2024-08-28 17:00:00,0.355,0.36,0.354,0.355,1713390.32,0
2024-08-28 18:00:00,0.354,0.363,0.352,0.362,893973.77,0
2024-08-28 19:00:00,0.363,0.366,0.357,0.357,1122303.45,0
2024-08-28 20:00:00,0.358,0.364,0.354,0.36,1633718.46,0
2024-08-28 21:00:00,0.36,0.361,0.356,0.357,566130.72,0
2024-08-28 22:00:00,0.356,0.356,0.351,0.356,536341.41,0
2024-08-28 23:00:00,0.355,0.359,0.353,0.357,799981.51,0
2024-08-29 00:00:00,0.357,0.361,0.356,0.361,628944.77,0
2024-08-29 01:00:00,0.36,0.363,0.356,0.359,331985.59,0
2024-08-29 02:00:00,0.359,0.363,0.358,0.363,281674.11,0
2024-08-29 03:00:00,0.362,0.363,0.36,0.361,277303.75,0
2024-08-29 04:00:00,0.361,0.363,0.359,0.361,285475.96,0
2024-08-29 05:00:00,0.361,0.368,0.36,0.367,359543.71,0
2024-08-29 06:00:00,0.367,0.372,0.366,0.369,751966.89,0
2024-08-29 07:00:00,0.368,0.375,0.368,0.374,702207.41,0
2024-08-29 08:00:00,0.374,0.377,0.372,0.373,904351.05,0
2024-08-29 09:00:00,0.373,0.377,0.373,0.375,628413.74,0
2024-08-29 10:00:00,0.375,0.38,0.374,0.376,733425.45,0
2024-08-29 11:00:00,0.376,0.38,0.372,0.375,1041449.3,0
2024-08-29 12:00:00,0.375,0.38,0.374,0.376,730882.27,0
2024-08-29 13:00:00,0.377,0.379,0.373,0.377,727913.82,0
2024-08-29 14:00:00,0.378,0.378,0.373,0.373,447473.26,0
2024-08-29 15:00:00,0.374,0.377,0.372,0.373,460506.94,0
2024-08-29 16:00:00,0.374,0.376,0.369,0.37,414838.56,0
2024-08-29 17:00:00,0.37,0.372,0.369,0.371,273039.7,0
2024-08-29 18:00:00,0.371,0.371,0.355,0.356,1193042.57,0
2024-08-29 19:00:00,0.356,0.361,0.353,0.358,646441.73,0
2024-08-29 20:00:00,0.358,0.361,0.357,0.36,517298.83,0
2024-08-29 21:00:00,0.361,0.361,0.355,0.356,362413.31,0
2024-08-29 22:00:00,0.356,0.359,0.352,0.358,674422.78,0
2024-08-29 23:00:00,0.357,0.359,0.356,0.359,197377.99,0
2024-08-30 00:00:00,0.358,0.362,0.357,0.359,573512.86,0
2024-08-30 01:00:00,0.36,0.361,0.355,0.359,555275.08,0
2024-08-30 02:00:00,0.358,0.36,0.356,0.358,464071.19,0
2024-08-30 03:00:00,0.357,0.358,0.353,0.356,659774.76,0
2024-08-30 04:00:00,0.356,0.36,0.355,0.357,202011.45,0
2024-08-30 05:00:00,0.357,0.358,0.353,0.355,258802.83,0
2024-08-30 06:00:00,0.356,0.36,0.354,0.36,373536.32,0
2024-08-30 07:00:00,0.36,0.363,0.358,0.36,321778.96,0
2024-08-30 08:00:00,0.36,0.365,0.358,0.364,304947.43,0
2024-08-30 09:00:00,0.363,0.368,0.362,0.365,637645.3,0
2024-08-30 10:00:00,0.365,0.366,0.361,0.363,558178.43,0
2024-08-30 11:00:00,0.362,0.366,0.361,0.361,753354.54,0
2024-08-30 12:00:00,0.361,0.368,0.36,0.365,940002.67,0
2024-08-30 13:00:00,0.365,0.367,0.358,0.364,840197.12,0
2024-08-30 14:00:00,0.364,0.367,0.35,0.351,1189480.2,0
2024-08-30 15:00:00,0.351,0.353,0.341,0.342,2307653.54,0
2024-08-30 16:00:00,0.342,0.346,0.337,0.345,2086651.61,0
2024-08-30 17:00:00,0.346,0.349,0.343,0.348,775517.29,0
2024-08-30 18:00:00,0.349,0.362,0.348,0.361,1152701.38,0
2024-08-30 19:00:00,0.36,0.361,0.355,0.355,478453.66,0
2024-08-30 20:00:00,0.355,0.359,0.355,0.359,309228.88,0
2024-08-30 21:00:00,0.358,0.361,0.358,0.36,285326.43,0
2024-08-30 22:00:00,0.359,0.364,0.358,0.363,262699.02,0
2024-08-30 23:00:00,0.363,0.366,0.362,0.364,256936.51,0
2024-08-31 00:00:00,0.365,0.371,0.365,0.367,846997.53,0
2024-08-31 01:00:00,0.368,0.368,0.365,0.365,358136.68,0
2024-08-31 02:00:00,0.365,0.366,0.363,0.364,268538.82,0
2024-08-31 03:00:00,0.365,0.366,0.363,0.364,276129.93,0
2024-08-31 04:00:00,0.365,0.366,0.363,0.363,169685.66,0
2024-08-31 05:00:00,0.364,0.364,0.361,0.361,152813.91,0
2024-08-31 06:00:00,0.361,0.363,0.36,0.361,224228.72,0
2024-08-31 07:00:00,0.361,0.362,0.359,0.36,152324.56,0
2024-08-31 08:00:00,0.36,0.362,0.354,0.354,376656.53,0
2024-08-31 09:00:00,0.354,0.357,0.352,0.355,421685.9,0
2024-08-31 10:00:00,0.356,0.365,0.355,0.361,2189421.46,0
2024-08-31 11:00:00,0.361,0.364,0.361,0.361,426363.36,0
2024-08-31 12:00:00,0.361,0.363,0.359,0.361,350015.67,0
2024-08-31 13:00:00,0.362,0.364,0.359,0.36,422802.51,0
2024-08-31 14:00:00,0.359,0.363,0.358,0.36,404468.99,0
2024-08-31 15:00:00,0.36,0.361,0.358,0.36,208162.42,0
2024-08-31 16:00:00,0.36,0.36,0.355,0.357,313265.46,0
2024-08-31 17:00:00,0.356,0.358,0.353,0.355,635957.78,0
2024-08-31 18:00:00,0.355,0.359,0.354,0.356,473276.71,0
2024-08-31 19:00:00,0.355,0.356,0.354,0.354,291904.35,0
2024-08-31 20:00:00,0.355,0.357,0.353,0.355,235375.88,0
2024-08-31 21:00:00,0.356,0.359,0.355,0.358,181100.57,0
2024-08-31 22:00:00,0.358,0.359,0.357,0.357,235283.47,0
2024-08-31 23:00:00,0.358,0.358,0.356,0.357,106457.42,0
2024-09-01 00:00:00,0.356,0.358,0.354,0.355,213647.34,0
2024-09-01 01:00:00,0.355,0.356,0.349,0.349,305503.25,0
2024-09-01 02:00:00,0.349,0.351,0.346,0.351,406719.12,0
2024-09-01 03:00:00,0.351,0.352,0.349,0.351,238683.9,0
2024-09-01 04:00:00,0.351,0.354,0.35,0.352,283832.38,0
2024-09-01 05:00:00,0.352,0.363,0.348,0.35,4269066.93,0
2024-09-01 06:00:00,0.35,0.356,0.349,0.356,417948.28,0
2024-09-01 07:00:00,0.356,0.36,0.353,0.359,499272.16,0
2024-09-01 08:00:00,0.36,0.363,0.358,0.36,692004.94,0
2024-09-01 09:00:00,0.36,0.363,0.358,0.36,630455.01,0
2024-09-01 10:00:00,0.36,0.36,0.356,0.357,472925.8,0
2024-09-01 11:00:00,0.357,0.36,0.356,0.36,409304.62,0
2024-09-01 12:00:00,0.36,0.363,0.357,0.357,471421.24,0
2024-09-01 13:00:00,0.357,0.36,0.351,0.359,1253845.95,0
2024-09-01 14:00:00,0.358,0.359,0.35,0.356,1545273.04,0
2024-09-01 15:00:00,0.356,0.365,0.354,0.365,1764555.85,0
2024-09-01 16:00:00,0.365,0.369,0.359,0.36,1424302.97,0
2024-09-01 17:00:00,0.359,0.363,0.354,0.356,1091997.91,0
2024-09-01 18:00:00,0.356,0.369,0.355,0.369,1226363.26,0
2024-09-01 19:00:00,0.369,0.374,0.364,0.37,1657978.92,0
2024-09-01 20:00:00,0.371,0.375,0.369,0.371,645618.54,0
2024-09-01 21:00:00,0.371,0.372,0.364,0.367,347909.73,0
2024-09-01 22:00:00,0.368,0.368,0.35,0.351,1419203.85,0
2024-09-01 23:00:00,0.351,0.358,0.351,0.357,1174570.61,0
2024-09-02 00:00:00,0.356,0.367,0.355,0.365,2259905.51,0
2024-09-02 01:00:00,0.365,0.369,0.362,0.363,1607224.75,0
2024-09-02 02:00:00,0.362,0.367,0.356,0.358,1084803.62,0
2024-09-02 03:00:00,0.358,0.362,0.356,0.362,641572.46,0
2024-09-02 04:00:00,0.362,0.363,0.353,0.353,931879.42,0
2024-09-02 05:00:00,0.354,0.362,0.353,0.359,889792.88,0
2024-09-02 06:00:00,0.358,0.361,0.356,0.357,406278.47,0
2024-09-02 07:00:00,0.357,0.358,0.344,0.345,3211814.78,0
2024-09-02 08:00:00,0.346,0.361,0.345,0.351,5704085.62,0
2024-09-02 09:00:00,0.352,0.363,0.35,0.363,2201274.71,0
2024-09-02 10:00:00,0.362,0.379,0.361,0.379,4116916.89,0
2024-09-02 11:00:00,0.379,0.379,0.37,0.37,1676602.01,0
2024-09-02 12:00:00,0.37,0.374,0.367,0.368,1640678.6,0
2024-09-02 13:00:00,0.368,0.371,0.362,0.365,1529357.71,0
2024-09-02 14:00:00,0.365,0.372,0.362,0.369,1734434.0,0
2024-09-02 15:00:00,0.37,0.376,0.367,0.371,1698393.21,0
2024-09-02 16:00:00,0.372,0.376,0.367,0.368,1006458.26,0
2024-09-02 17:00:00,0.367,0.371,0.366,0.369,663431.86,0
2024-09-02 18:00:00,0.369,0.373,0.366,0.369,1583028.01,0
2024-09-02 19:00:00,0.369,0.372,0.367,0.372,533450.45,0
2024-09-02 20:00:00,0.372,0.382,0.371,0.379,1800713.64,0
2024-09-02 21:00:00,0.379,0.382,0.376,0.378,1112307.81,0
2024-09-02 22:00:00,0.377,0.382,0.375,0.381,1254280.35,0
2024-09-02 23:00:00,0.381,0.382,0.38,0.38,453634.73,0
2024-09-03 00:00:00,0.38,0.38,0.376,0.38,509045.6,0
2024-09-03 01:00:00,0.38,0.382,0.377,0.381,395743.93,0
2024-09-03 02:00:00,0.38,0.386,0.38,0.381,910868.54,0
2024-09-03 03:00:00,0.381,0.384,0.379,0.379,507200.63,0
2024-09-03 04:00:00,0.38,0.38,0.374,0.376,629044.63,0
2024-09-03 05:00:00,0.376,0.378,0.375,0.377,571497.25,0
2024-09-03 06:00:00,0.378,0.378,0.374,0.376,591796.37,0
2024-09-03 07:00:00,0.376,0.38,0.375,0.379,513962.07,0
2024-09-03 08:00:00,0.38,0.38,0.37,0.37,1190061.09,0
2024-09-03 09:00:00,0.371,0.377,0.371,0.376,993158.28,0
2024-09-03 10:00:00,0.377,0.383,0.376,0.379,1103040.65,0
2024-09-03 11:00:00,0.378,0.382,0.378,0.381,535026.92,0
2024-09-03 12:00:00,0.382,0.384,0.38,0.381,763610.6,0
2024-09-03 13:00:00,0.381,0.382,0.37,0.372,1292474.87,0
2024-09-03 14:00:00,0.373,0.374,0.367,0.371,1100712.85,0
2024-09-03 15:00:00,0.37,0.372,0.363,0.365,2217218.29,0
2024-09-03 16:00:00,0.364,0.369,0.363,0.367,1000508.75,0
2024-09-03 17:00:00,0.367,0.374,0.367,0.371,612782.24,0
2024-09-03 18:00:00,0.37,0.373,0.368,0.371,505438.59,0
2024-09-03 19:00:00,0.371,0.374,0.369,0.37,707619.23,0
2024-09-03 20:00:00,0.371,0.373,0.369,0.371,405319.9,0
2024-09-03 21:00:00,0.37,0.371,0.366,0.368,413191.2,0
2024-09-03 22:00:00,0.367,0.368,0.365,0.365,315264.89,0
2024-09-03 23:00:00,0.366,0.366,0.361,0.361,540000.06,0
2024-09-04 00:00:00,0.361,0.366,0.355,0.355,1386603.37,0
2024-09-04 01:00:00,0.356,0.357,0.34,0.356,5046752.23,0
2024-09-04 02:00:00,0.356,0.361,0.354,0.357,1037061.54,0
2024-09-04 03:00:00,0.357,0.365,0.357,0.364,1011576.34,0
2024-09-04 04:00:00,0.365,0.372,0.365,0.372,1988058.52,0
2024-09-04 05:00:00,0.372,0.374,0.367,0.368,1393533.26,0
2024-09-04 06:00:00,0.369,0.372,0.365,0.365,1353367.22,0
2024-09-04 07:00:00,0.365,0.384,0.365,0.38,3917457.62,0
2024-09-04 08:00:00,0.38,0.389,0.38,0.385,7729990.17,0
2024-09-04 09:00:00,0.385,0.387,0.381,0.385,3200400.89,0
2024-09-04 10:00:00,0.385,0.386,0.379,0.382,2671157.68,0
2024-09-04 11:00:00,0.382,0.388,0.381,0.385,3323739.79,0
2024-09-04 12:00:00,0.385,0.388,0.381,0.384,2776156.99,0
2024-09-04 13:00:00,0.384,0.393,0.379,0.386,6572744.76,0
2024-09-04 14:00:00,0.386,0.396,0.38,0.392,8141033.91,0
2024-09-04 15:00:00,0.393,0.395,0.385,0.395,4117829.14,0
2024-09-04 16:00:00,0.395,0.42,0.392,0.405,14752462.55,0
2024-09-04 17:00:00,0.404,0.408,0.396,0.396,2444451.16,0
2024-09-04 18:00:00,0.396,0.397,0.39,0.392,4780167.96,0
2024-09-04 19:00:00,0.391,0.407,0.39,0.405,5395958.14,0
2024-09-04 20:00:00,0.405,0.408,0.405,0.406,3076071.73,0
2024-09-04 21:00:00,0.407,0.411,0.402,0.409,2286940.33,0
2024-09-04 22:00:00,0.409,0.412,0.403,0.405,1100351.52,0
2024-09-04 23:00:00,0.405,0.409,0.399,0.402,1270293.31,0
2024-09-05 00:00:00,0.401,0.407,0.399,0.401,1364266.44,0
2024-09-05 01:00:00,0.401,0.408,0.401,0.406,1049877.9,0
2024-09-05 02:00:00,0.406,0.407,0.398,0.398,1305321.53,0
2024-09-05 03:00:00,0.398,0.399,0.391,0.391,2435004.59,0
2024-09-05 04:00:00,0.392,0.397,0.39,0.396,1392413.9,0
2024-09-05 05:00:00,0.395,0.396,0.391,0.394,512065.31,0
2024-09-05 06:00:00,0.394,0.4,0.388,0.398,3676579.44,0
2024-09-05 07:00:00,0.398,0.413,0.398,0.408,5595819.74,0
2024-09-05 08:00:00,0.409,0.411,0.401,0.403,1626934.65,0
2024-09-05 09:00:00,0.402,0.405,0.4,0.402,1186569.99,0
2024-09-05 10:00:00,0.402,0.404,0.399,0.401,951811.73,0
2024-09-05 11:00:00,0.401,0.403,0.397,0.4,1138984.74,0
2024-09-05 12:00:00,0.4,0.402,0.397,0.4,1703594.72,0
2024-09-05 13:00:00,0.4,0.402,0.396,0.399,1842036.97,0
2024-09-05 14:00:00,0.399,0.402,0.392,0.392,2133901.11,0
2024-09-05 15:00:00,0.393,0.399,0.388,0.394,2492478.82,0
2024-09-05 16:00:00,0.394,0.397,0.393,0.395,1262828.53,0
2024-09-05 17:00:00,0.395,0.4,0.393,0.4,643947.12,0
2024-09-05 18:00:00,0.399,0.402,0.396,0.398,851986.79,0
2024-09-05 19:00:00,0.398,0.399,0.39,0.392,757785.67,0
2024-09-05 20:00:00,0.392,0.396,0.388,0.389,2093798.62,0
2024-09-05 21:00:00,0.389,0.393,0.389,0.392,414155.72,0
2024-09-05 22:00:00,0.392,0.396,0.389,0.395,446039.65,0
2024-09-05 23:00:00,0.395,0.397,0.393,0.394,403626.89,0
2024-09-06 00:00:00,0.394,0.396,0.391,0.394,983601.27,0
2024-09-06 01:00:00,0.393,0.399,0.39,0.397,1031636.8,0
2024-09-06 02:00:00,0.397,0.401,0.395,0.395,1712313.31,0
2024-09-06 03:00:00,0.395,0.398,0.393,0.393,1206923.05,0
2024-09-06 04:00:00,0.393,0.394,0.39,0.39,948992.17,0
2024-09-06 05:00:00,0.391,0.393,0.388,0.389,1199641.85,0
2024-09-06 06:00:00,0.389,0.39,0.387,0.389,1406054.87,0
2024-09-06 07:00:00,0.388,0.389,0.379,0.388,4007329.82,0
2024-09-06 08:00:00,0.388,0.395,0.387,0.387,1479811.13,0
2024-09-06 09:00:00,0.388,0.394,0.386,0.392,1361440.41,0
2024-09-06 10:00:00,0.392,0.412,0.391,0.41,7748243.25,0
2024-09-06 11:00:00,0.409,0.411,0.402,0.403,4577154.52,0
2024-09-06 12:00:00,0.403,0.406,0.392,0.401,8916583.12,0
2024-09-06 13:00:00,0.401,0.409,0.391,0.392,6942455.69,0
2024-09-06 14:00:00,0.392,0.395,0.385,0.394,7042251.41,0
2024-09-06 15:00:00,0.393,0.406,0.388,0.402,13564696.02,0
2024-09-06 16:00:00,0.402,0.403,0.395,0.398,3765926.47,0
2024-09-06 17:00:00,0.397,0.403,0.393,0.395,3959314.73,0
2024-09-06 18:00:00,0.394,0.403,0.39,0.39,4040557.14,0
2024-09-06 19:00:00,0.39,0.396,0.388,0.391,2842747.19,0
2024-09-06 20:00:00,0.391,0.394,0.381,0.381,4950076.44,0
2024-09-06 21:00:00,0.381,0.396,0.378,0.396,3084612.87,0
2024-09-06 22:00:00,0.396,0.404,0.395,0.398,1959287.01,0
2024-09-06 23:00:00,0.399,0.405,0.397,0.401,1251145.28,0
2024-09-07 00:00:00,0.402,0.409,0.401,0.406,2151454.88,0
2024-09-07 01:00:00,0.406,0.408,0.4,0.404,1137817.74,0
2024-09-07 02:00:00,0.404,0.409,0.402,0.408,1647992.99,0
2024-09-07 03:00:00,0.408,0.417,0.406,0.417,4375769.12,0
2024-09-07 04:00:00,0.417,0.423,0.413,0.422,4453505.1,0
2024-09-07 05:00:00,0.422,0.426,0.41,0.416,4732618.44,0
2024-09-07 06:00:00,0.416,0.43,0.413,0.428,6536334.61,0
2024-09-07 07:00:00,0.429,0.442,0.421,0.44,11502211.72,0
2024-09-07 08:00:00,0.44,0.445,0.436,0.44,9897011.98,0
2024-09-07 09:00:00,0.439,0.44,0.427,0.433,6556159.72,0
2024-09-07 10:00:00,0.432,0.44,0.431,0.436,4825662.63,0
2024-09-07 11:00:00,0.436,0.44,0.432,0.435,3329610.68,0
2024-09-07 12:00:00,0.434,0.442,0.433,0.438,2901400.63,0
2024-09-07 13:00:00,0.438,0.444,0.436,0.441,3601919.04,0
2024-09-07 14:00:00,0.442,0.444,0.438,0.443,2543741.49,0
2024-09-07 15:00:00,0.442,0.447,0.434,0.435,3751779.17,0
2024-09-07 16:00:00,0.435,0.437,0.424,0.424,4223328.97,0
2024-09-07 17:00:00,0.424,0.427,0.421,0.425,3516248.36,0
2024-09-07 18:00:00,0.425,0.429,0.422,0.425,2263923.13,0
2024-09-07 19:00:00,0.426,0.435,0.425,0.432,2143791.61,0
2024-09-07 20:00:00,0.432,0.433,0.428,0.429,1319684.54,0
2024-09-07 21:00:00,0.429,0.431,0.426,0.426,908732.97,0
2024-09-07 22:00:00,0.427,0.428,0.424,0.426,1195254.88,0
2024-09-07 23:00:00,0.426,0.429,0.424,0.428,1303736.47,0
2024-09-08 00:00:00,0.428,0.428,0.423,0.425,848972.24,0
2024-09-08 01:00:00,0.424,0.429,0.424,0.428,1018565.96,0
2024-09-08 02:00:00,0.428,0.431,0.423,0.425,1531705.43,0
2024-09-08 03:00:00,0.425,0.444,0.424,0.433,7279549.49,0
2024-09-08 04:00:00,0.434,0.439,0.429,0.439,2790033.57,0
2024-09-08 05:00:00,0.439,0.442,0.431,0.436,2086226.27,0
2024-09-08 06:00:00,0.437,0.439,0.433,0.436,1785955.42,0
2024-09-08 07:00:00,0.436,0.442,0.436,0.44,1817789.93,0
2024-09-08 08:00:00,0.44,0.441,0.435,0.437,1927830.95,0
2024-09-08 09:00:00,0.437,0.441,0.436,0.437,1691718.34,0
2024-09-08 10:00:00,0.437,0.442,0.433,0.434,1527321.89,0
2024-09-08 11:00:00,0.434,0.442,0.431,0.439,2569756.27,0
2024-09-08 12:00:00,0.438,0.442,0.433,0.434,2496666.72,0
2024-09-08 13:00:00,0.434,0.437,0.429,0.435,2950389.06,0
2024-09-08 14:00:00,0.435,0.437,0.429,0.432,2237690.73,0
2024-09-08 15:00:00,0.432,0.433,0.421,0.422,3116736.06,0
2024-09-08 16:00:00,0.421,0.425,0.418,0.422,3429674.34,0
2024-09-08 17:00:00,0.421,0.43,0.421,0.426,1669805.38,0
2024-09-08 18:00:00,0.425,0.427,0.422,0.424,1328866.83,0
2024-09-08 19:00:00,0.425,0.426,0.422,0.423,1015900.89,0
2024-09-08 20:00:00,0.423,0.426,0.422,0.424,697672.75,0
2024-09-08 21:00:00,0.424,0.429,0.423,0.426,705145.3,0
2024-09-08 22:00:00,0.426,0.442,0.425,0.429,4773676.67,0
2024-09-08 23:00:00,0.428,0.435,0.427,0.435,1288276.02,0
2024-09-09 00:00:00,0.434,0.436,0.426,0.43,1421785.74,0
2024-09-09 01:00:00,0.43,0.432,0.424,0.428,1904097.01,0
2024-09-09 02:00:00,0.428,0.429,0.424,0.427,1402888.24,0
2024-09-09 03:00:00,0.427,0.427,0.419,0.425,1283238.74,0
2024-09-09 04:00:00,0.425,0.427,0.417,0.418,1980282.74,0
2024-09-09 05:00:00,0.418,0.42,0.413,0.416,2558521.78,0
2024-09-09 06:00:00,0.416,0.421,0.415,0.421,1283169.54,0
2024-09-09 07:00:00,0.421,0.423,0.418,0.422,992168.18,0
2024-09-09 08:00:00,0.422,0.425,0.42,0.421,1714723.96,0
2024-09-09 09:00:00,0.422,0.425,0.418,0.418,1471157.35,0
2024-09-09 10:00:00,0.419,0.424,0.418,0.423,1517179.17,0
2024-09-09 11:00:00,0.422,0.428,0.421,0.425,1715873.78,0
2024-09-09 12:00:00,0.425,0.43,0.423,0.427,3156606.25,0
2024-09-09 13:00:00,0.427,0.43,0.422,0.423,2231582.69,0
2024-09-09 14:00:00,0.423,0.425,0.408,0.411,4282545.67,0
2024-09-09 15:00:00,0.411,0.416,0.409,0.414,2658758.96,0
2024-09-09 16:00:00,0.415,0.426,0.413,0.423,5626589.23,0
2024-09-09 17:00:00,0.423,0.425,0.418,0.422,3348899.7,0
2024-09-09 18:00:00,0.422,0.427,0.422,0.424,2096728.18,0
2024-09-09 19:00:00,0.423,0.428,0.422,0.428,1318477.81,0
2024-09-09 20:00:00,0.428,0.429,0.423,0.426,1976747.46,0
2024-09-09 21:00:00,0.426,0.438,0.426,0.428,3642238.34,0
2024-09-09 22:00:00,0.428,0.433,0.427,0.432,2405333.68,0
2024-09-09 23:00:00,0.431,0.437,0.43,0.432,2378277.54,0
2024-09-10 00:00:00,0.433,0.434,0.426,0.43,1462203.08,0
2024-09-10 01:00:00,0.43,0.431,0.42,0.422,1489820.38,0
2024-09-10 02:00:00,0.422,0.422,0.418,0.42,833319.02,0
2024-09-10 03:00:00,0.42,0.42,0.413,0.415,862691.5,0
2024-09-10 04:00:00,0.415,0.416,0.411,0.413,3392579.75,0
2024-09-10 05:00:00,0.414,0.419,0.413,0.419,2156502.09,0
2024-09-10 06:00:00,0.418,0.418,0.411,0.412,1319933.22,0
2024-09-10 07:00:00,0.412,0.416,0.411,0.413,2167026.18,0
2024-09-10 08:00:00,0.413,0.416,0.41,0.411,2515054.05,0
2024-09-10 09:00:00,0.41,0.414,0.408,0.41,3870611.52,0
2024-09-10 10:00:00,0.41,0.411,0.402,0.408,6619796.35,0
2024-09-10 11:00:00,0.408,0.408,0.406,0.408,1253088.89,0
2024-09-10 12:00:00,0.408,0.408,0.394,0.396,11200645.12,0
2024-09-10 13:00:00,0.396,0.397,0.388,0.39,6801616.26,0
2024-09-10 14:00:00,0.39,0.395,0.389,0.393,5784942.51,0
2024-09-10 15:00:00,0.393,0.398,0.391,0.392,4723898.65,0
2024-09-10 16:00:00,0.392,0.396,0.391,0.395,1947819.49,0
2024-09-10 17:00:00,0.394,0.401,0.394,0.4,2620958.55,0
2024-09-10 18:00:00,0.4,0.406,0.399,0.401,4365205.19,0
2024-09-10 19:00:00,0.401,0.403,0.4,0.4,2140520.81,0
2024-09-10 20:00:00,0.401,0.405,0.4,0.401,2541866.68,0
2024-09-10 21:00:00,0.401,0.403,0.399,0.399,1134690.06,0
2024-09-10 22:00:00,0.4,0.404,0.399,0.402,1207113.72,0
2024-09-10 23:00:00,0.402,0.404,0.399,0.4,1039937.7,0
2024-09-11 00:00:00,0.399,0.4,0.395,0.395,1997682.24,0
2024-09-11 01:00:00,0.396,0.397,0.387,0.391,6273527.43,0
2024-09-11 02:00:00,0.39,0.395,0.39,0.392,2755395.38,0
2024-09-11 03:00:00,0.391,0.392,0.387,0.389,2186519.48,0
2024-09-11 04:00:00,0.388,0.389,0.381,0.385,4904046.45,0
2024-09-11 05:00:00,0.385,0.385,0.38,0.385,3167089.64,0
2024-09-11 06:00:00,0.385,0.387,0.383,0.386,2251999.65,0
2024-09-11 07:00:00,0.386,0.388,0.385,0.386,1135418.33,0
2024-09-11 08:00:00,0.386,0.387,0.384,0.385,993508.94,0
2024-09-11 09:00:00,0.385,0.389,0.384,0.385,1751356.69,0
2024-09-11 10:00:00,0.385,0.386,0.38,0.384,1795686.72,0
2024-09-11 11:00:00,0.384,0.386,0.383,0.385,1743546.41,0
2024-09-11 12:00:00,0.384,0.389,0.383,0.386,4352422.83,0
2024-09-11 13:00:00,0.387,0.39,0.378,0.379,6670925.96,0
2024-09-11 14:00:00,0.379,0.382,0.375,0.378,5506055.19,0
2024-09-11 15:00:00,0.378,0.385,0.377,0.383,4187527.5,0
2024-09-11 16:00:00,0.382,0.388,0.382,0.386,3261604.01,0
2024-09-11 17:00:00,0.386,0.388,0.385,0.386,2143423.99,0
2024-09-11 18:00:00,0.386,0.388,0.382,0.384,1160733.12,0
2024-09-11 19:00:00,0.383,0.386,0.382,0.385,1130920.74,0
2024-09-11 20:00:00,0.385,0.387,0.384,0.385,1355863.21,0
2024-09-11 21:00:00,0.386,0.386,0.384,0.385,594564.45,0
2024-09-11 22:00:00,0.384,0.387,0.384,0.386,507400.24,0
2024-09-11 23:00:00,0.386,0.386,0.383,0.384,744565.76,0
2024-09-12 00:00:00,0.384,0.389,0.384,0.384,1849132.91,0
2024-09-12 01:00:00,0.385,0.39,0.384,0.389,1883389.84,0
2024-09-12 02:00:00,0.39,0.393,0.387,0.388,2177637.81,0
2024-09-12 03:00:00,0.389,0.39,0.387,0.389,949523.69,0
2024-09-12 04:00:00,0.389,0.394,0.387,0.389,1762020.15,0
2024-09-12 05:00:00,0.389,0.39,0.387,0.388,1519739.72,0
2024-09-12 06:00:00,0.388,0.391,0.387,0.389,1596320.86,0
2024-09-12 07:00:00,0.389,0.393,0.389,0.392,966216.04,0
2024-09-12 08:00:00,0.391,0.394,0.39,0.392,851284.1,0
2024-09-12 09:00:00,0.391,0.394,0.389,0.393,892771.27,0
2024-09-12 10:00:00,0.392,0.395,0.392,0.392,1077883.47,0
2024-09-12 11:00:00,0.392,0.395,0.392,0.392,1017624.81,0
2024-09-12 12:00:00,0.393,0.395,0.388,0.392,2774052.09,0
2024-09-12 13:00:00,0.392,0.396,0.391,0.394,2038156.69,0
2024-09-12 14:00:00,0.394,0.4,0.391,0.391,3632028.6,0
2024-09-12 15:00:00,0.39,0.396,0.389,0.391,2684321.07,0
2024-09-12 16:00:00,0.391,0.398,0.39,0.398,1367557.66,0
2024-09-12 17:00:00,0.398,0.4,0.396,0.398,1002353.3,0
2024-09-12 18:00:00,0.398,0.4,0.394,0.397,976897.09,0
2024-09-12 19:00:00,0.396,0.398,0.395,0.395,1323290.96,0
2024-09-12 20:00:00,0.395,0.397,0.394,0.397,473632.21,0
2024-09-12 21:00:00,0.397,0.399,0.395,0.397,1064728.46,0
2024-09-12 22:00:00,0.397,0.402,0.396,0.4,724955.53,0
2024-09-12 23:00:00,0.4,0.403,0.399,0.403,411264.83,0
2024-09-13 00:00:00,0.403,0.405,0.399,0.4,984141.93,0
2024-09-13 01:00:00,0.4,0.4,0.396,0.399,804833.49,0
2024-09-13 02:00:00,0.399,0.4,0.397,0.397,754956.59,0
2024-09-13 03:00:00,0.397,0.4,0.397,0.399,875868.78,0
2024-09-13 04:00:00,0.399,0.4,0.395,0.396,797201.27,0
2024-09-13 05:00:00,0.396,0.4,0.396,0.399,843135.9,0
2024-09-13 06:00:00,0.399,0.399,0.395,0.396,988668.82,0
2024-09-13 07:00:00,0.395,0.4,0.395,0.398,748646.82,0
2024-09-13 08:00:00,0.399,0.399,0.394,0.395,863042.18,0
2024-09-13 09:00:00,0.395,0.4,0.395,0.398,1264918.52,0
2024-09-13 10:00:00,0.397,0.4,0.396,0.4,1427740.74,0
2024-09-13 11:00:00,0.399,0.402,0.394,0.395,1286768.8,0
2024-09-13 12:00:00,0.395,0.397,0.392,0.396,2393521.84,0
2024-09-13 13:00:00,0.395,0.399,0.393,0.399,1784303.19,0
2024-09-13 14:00:00,0.398,0.402,0.397,0.4,3437699.08,0
2024-09-13 15:00:00,0.4,0.411,0.4,0.408,4398861.27,0
2024-09-13 16:00:00,0.409,0.413,0.406,0.409,4309965.59,0
2024-09-13 17:00:00,0.41,0.413,0.408,0.409,1772110.77,0
2024-09-13 18:00:00,0.408,0.412,0.408,0.411,1657464.91,0
2024-09-13 19:00:00,0.411,0.412,0.409,0.41,890270.64,0
2024-09-13 20:00:00,0.409,0.411,0.407,0.408,337949.72,0
2024-09-13 21:00:00,0.408,0.413,0.408,0.411,892423.22,0
2024-09-13 22:00:00,0.412,0.414,0.41,0.411,1045587.57,0
2024-09-13 23:00:00,0.411,0.411,0.408,0.409,714669.73,0
2024-09-14 00:00:00,0.41,0.412,0.407,0.409,1000610.53,0
2024-09-14 01:00:00,0.41,0.412,0.407,0.407,1144150.64,0
2024-09-14 02:00:00,0.408,0.409,0.405,0.405,1048444.34,0
2024-09-14 03:00:00,0.406,0.408,0.405,0.407,1088017.47,0
2024-09-14 04:00:00,0.407,0.407,0.403,0.403,554857.69,0
2024-09-14 05:00:00,0.404,0.405,0.399,0.4,1215479.14,0
2024-09-14 06:00:00,0.399,0.402,0.399,0.4,838380.13,0
2024-09-14 07:00:00,0.4,0.402,0.398,0.4,696952.75,0
2024-09-14 08:00:00,0.4,0.402,0.399,0.399,1526287.26,0
2024-09-14 09:00:00,0.4,0.401,0.399,0.4,985315.64,0
2024-09-14 10:00:00,0.4,0.401,0.395,0.395,1191176.27,0
2024-09-14 11:00:00,0.395,0.396,0.392,0.395,1203441.55,0
2024-09-14 12:00:00,0.395,0.4,0.394,0.398,1251028.11,0
2024-09-14 13:00:00,0.398,0.401,0.397,0.4,741374.47,0
2024-09-14 14:00:00,0.4,0.402,0.398,0.401,1592226.84,0
2024-09-14 15:00:00,0.401,0.402,0.399,0.401,892220.7,0
2024-09-14 16:00:00,0.401,0.402,0.398,0.399,1000892.26,0
2024-09-14 17:00:00,0.4,0.4,0.396,0.397,474623.33,0
2024-09-14 18:00:00,0.397,0.399,0.393,0.397,2334284.4,0
2024-09-14 19:00:00,0.398,0.398,0.395,0.396,633341.35,0
2024-09-14 20:00:00,0.396,0.399,0.395,0.398,729877.0,0
2024-09-14 21:00:00,0.398,0.399,0.397,0.397,370415.51,0
2024-09-14 22:00:00,0.396,0.4,0.396,0.399,407307.41,0
2024-09-14 23:00:00,0.399,0.401,0.399,0.4,292765.76,0
2024-09-15 00:00:00,0.4,0.402,0.399,0.4,644251.39,0
2024-09-15 01:00:00,0.4,0.407,0.4,0.406,1647989.5,0
2024-09-15 02:00:00,0.405,0.408,0.403,0.406,331650.79,0
2024-09-15 03:00:00,0.407,0.408,0.403,0.403,729262.6,0
2024-09-15 04:00:00,0.404,0.405,0.401,0.402,951475.64,0
2024-09-15 05:00:00,0.401,0.403,0.4,0.402,356201.97,0
2024-09-15 06:00:00,0.401,0.407,0.401,0.404,1928882.15,0
2024-09-15 07:00:00,0.404,0.404,0.401,0.402,782611.06,0
2024-09-15 08:00:00,0.403,0.404,0.401,0.402,657832.27,0
2024-09-15 09:00:00,0.402,0.403,0.4,0.402,488282.04,0
2024-09-15 10:00:00,0.401,0.402,0.397,0.4,687175.97,0
2024-09-15 11:00:00,0.4,0.401,0.397,0.401,589093.69,0
2024-09-15 12:00:00,0.4,0.403,0.399,0.402,705530.04,0
2024-09-15 13:00:00,0.403,0.406,0.401,0.403,1080716.13,0
2024-09-15 14:00:00,0.402,0.403,0.397,0.401,1176890.09,0
2024-09-15 15:00:00,0.401,0.403,0.398,0.399,1224351.94,0
2024-09-15 16:00:00,0.399,0.4,0.393,0.393,1182639.77,0
2024-09-15 17:00:00,0.393,0.395,0.39,0.395,1391403.1,0
2024-09-15 18:00:00,0.395,0.397,0.392,0.395,1525462.28,0
2024-09-15 19:00:00,0.395,0.397,0.394,0.395,1177834.64,0
2024-09-15 20:00:00,0.395,0.395,0.391,0.393,1064506.25,0
2024-09-15 21:00:00,0.393,0.393,0.386,0.391,1548815.84,0
2024-09-15 22:00:00,0.391,0.392,0.388,0.39,738071.71,0
2024-09-15 23:00:00,0.39,0.391,0.382,0.389,3490191.43,0
2024-09-16 00:00:00,0.389,0.391,0.384,0.385,2029929.64,0
2024-09-16 01:00:00,0.386,0.387,0.382,0.384,2354360.46,0
2024-09-16 02:00:00,0.383,0.384,0.377,0.377,1630617.99,0
2024-09-16 03:00:00,0.378,0.383,0.377,0.382,905875.37,0
2024-09-16 04:00:00,0.382,0.382,0.38,0.381,876753.84,0
2024-09-16 05:00:00,0.381,0.384,0.38,0.384,1087772.72,0
2024-09-16 06:00:00,0.383,0.386,0.38,0.38,1086993.92,0
2024-09-16 07:00:00,0.38,0.387,0.38,0.386,695573.73,0
2024-09-16 08:00:00,0.387,0.391,0.384,0.385,1204665.66,0
2024-09-16 09:00:00,0.385,0.387,0.378,0.379,1602837.37,0
2024-09-16 10:00:00,0.379,0.383,0.377,0.382,733994.19,0
2024-09-16 11:00:00,0.382,0.383,0.38,0.382,1150112.56,0
2024-09-16 12:00:00,0.381,0.383,0.378,0.379,1169704.47,0
2024-09-16 13:00:00,0.379,0.382,0.375,0.381,1951614.66,0
2024-09-16 14:00:00,0.381,0.382,0.372,0.376,2401472.65,0
2024-09-16 15:00:00,0.376,0.38,0.375,0.376,1634166.59,0
2024-09-16 16:00:00,0.375,0.378,0.373,0.375,988306.72,0
2024-09-16 17:00:00,0.374,0.376,0.369,0.375,2567469.14,0
2024-09-16 18:00:00,0.375,0.375,0.371,0.371,1129122.83,0
2024-09-16 19:00:00,0.371,0.373,0.37,0.371,912355.29,0
2024-09-16 20:00:00,0.371,0.373,0.367,0.368,824136.06,0
2024-09-16 21:00:00,0.368,0.37,0.366,0.369,932084.74,0
2024-09-16 22:00:00,0.369,0.369,0.365,0.367,718388.44,0
2024-09-16 23:00:00,0.367,0.372,0.367,0.37,374175.95,0
2024-09-17 00:00:00,0.37,0.372,0.368,0.368,1184003.05,0
2024-09-17 01:00:00,0.368,0.37,0.367,0.369,947270.63,0
2024-09-17 02:00:00,0.369,0.371,0.369,0.369,306444.67,0
2024-09-17 03:00:00,0.369,0.372,0.369,0.37,295120.82,0
2024-09-17 04:00:00,0.37,0.373,0.37,0.372,313645.04,0
2024-09-17 05:00:00,0.372,0.378,0.372,0.376,574836.31,0
2024-09-17 06:00:00,0.377,0.377,0.37,0.372,530674.69,0
2024-09-17 07:00:00,0.372,0.373,0.37,0.373,590184.84,0
2024-09-17 08:00:00,0.372,0.375,0.37,0.371,961425.11,0
2024-09-17 09:00:00,0.371,0.372,0.368,0.37,752568.09,0
2024-09-17 10:00:00,0.371,0.373,0.37,0.372,1211555.8,0
2024-09-17 11:00:00,0.372,0.372,0.368,0.37,765258.65,0
2024-09-17 12:00:00,0.37,0.371,0.367,0.369,1639477.95,0
2024-09-17 13:00:00,0.369,0.372,0.367,0.368,3071463.96,0
2024-09-17 14:00:00,0.368,0.379,0.367,0.379,3930736.68,0
2024-09-17 15:00:00,0.378,0.384,0.378,0.382,2750459.14,0
2024-09-17 16:00:00,0.382,0.386,0.376,0.377,2830388.69,0
2024-09-17 17:00:00,0.377,0.38,0.376,0.377,1779919.82,0
2024-09-17 18:00:00,0.377,0.379,0.374,0.376,1260931.05,0
2024-09-17 19:00:00,0.375,0.376,0.37,0.373,1296615.98,0
2024-09-17 20:00:00,0.374,0.381,0.372,0.377,2934165.09,0
2024-09-17 21:00:00,0.377,0.382,0.377,0.381,480193.61,0
2024-09-17 22:00:00,0.38,0.381,0.377,0.379,807614.22,0
2024-09-17 23:00:00,0.379,0.38,0.376,0.379,339658.29,0
2024-09-18 00:00:00,0.379,0.381,0.374,0.381,1252648.66,0
2024-09-18 01:00:00,0.38,0.383,0.379,0.383,1055882.48,0
2024-09-18 02:00:00,0.382,0.389,0.382,0.389,1580308.51,0
2024-09-18 03:00:00,0.389,0.391,0.385,0.386,1395325.68,0
2024-09-18 04:00:00,0.386,0.388,0.381,0.383,1607437.12,0
2024-09-18 05:00:00,0.383,0.383,0.379,0.382,1124564.94,0
2024-09-18 06:00:00,0.381,0.384,0.38,0.384,734699.16,0
2024-09-18 07:00:00,0.384,0.386,0.381,0.383,1426370.71,0
2024-09-18 08:00:00,0.382,0.384,0.378,0.378,838744.09,0
2024-09-18 09:00:00,0.378,0.379,0.371,0.371,1779143.64,0
2024-09-18 10:00:00,0.372,0.376,0.369,0.376,2235628.69,0
2024-09-18 11:00:00,0.376,0.378,0.374,0.375,1155337.95,0
2024-09-18 12:00:00,0.375,0.377,0.372,0.375,802064.82,0
2024-09-18 13:00:00,0.375,0.377,0.369,0.372,1493819.42,0
2024-09-18 14:00:00,0.371,0.373,0.369,0.371,1359850.03,0
2024-09-18 15:00:00,0.371,0.373,0.364,0.366,1807803.89,0
2024-09-18 16:00:00,0.367,0.37,0.364,0.369,1560977.94,0
2024-09-18 17:00:00,0.369,0.373,0.366,0.371,942487.21,0
2024-09-18 18:00:00,0.37,0.382,0.37,0.376,9517370.15,0
2024-09-18 19:00:00,0.376,0.38,0.372,0.374,3193945.2,0
2024-09-18 20:00:00,0.375,0.379,0.37,0.379,2239337.92,0
2024-09-18 21:00:00,0.379,0.385,0.378,0.379,1254373.38,0
2024-09-18 22:00:00,0.38,0.382,0.379,0.381,649701.21,0
2024-09-18 23:00:00,0.381,0.39,0.381,0.39,1429201.02,0
2024-09-19 00:00:00,0.39,0.404,0.389,0.4,5908014.98,0
2024-09-19 01:00:00,0.4,0.401,0.392,0.398,2840812.03,0
2024-09-19 02:00:00,0.399,0.402,0.397,0.401,2729314.22,0
2024-09-19 03:00:00,0.401,0.407,0.401,0.402,3175163.5,0
2024-09-19 04:00:00,0.403,0.405,0.399,0.403,1713391.41,0
2024-09-19 05:00:00,0.404,0.406,0.4,0.404,2830978.29,0
2024-09-19 06:00:00,0.404,0.405,0.399,0.401,1977817.22,0
2024-09-19 07:00:00,0.4,0.402,0.398,0.401,2097127.58,0
2024-09-19 08:00:00,0.402,0.402,0.396,0.396,991172.9,0
2024-09-19 09:00:00,0.396,0.4,0.395,0.398,1545119.01,0
2024-09-19 10:00:00,0.398,0.402,0.396,0.396,1787741.57,0
2024-09-19 11:00:00,0.397,0.402,0.396,0.402,1708844.85,0
2024-09-19 12:00:00,0.402,0.405,0.398,0.4,2813803.75,0
2024-09-19 13:00:00,0.4,0.402,0.393,0.395,2665274.96,0
2024-09-19 14:00:00,0.395,0.399,0.394,0.395,2543878.58,0
2024-09-19 15:00:00,0.396,0.399,0.395,0.398,1256073.05,0
2024-09-19 16:00:00,0.399,0.407,0.399,0.404,3523450.64,0
2024-09-19 17:00:00,0.404,0.406,0.402,0.403,2435473.14,0
2024-09-19 18:00:00,0.404,0.406,0.4,0.4,2960901.0,0
2024-09-19 19:00:00,0.401,0.401,0.395,0.396,760289.87,0
2024-09-19 20:00:00,0.396,0.4,0.395,0.396,1681457.3,0
2024-09-19 21:00:00,0.397,0.397,0.391,0.391,845177.08,0
2024-09-19 22:00:00,0.391,0.393,0.388,0.392,1329608.53,0
2024-09-19 23:00:00,0.393,0.394,0.39,0.392,983946.23,0
2024-09-20 00:00:00,0.392,0.394,0.385,0.387,1812978.51,0
2024-09-20 01:00:00,0.387,0.388,0.382,0.388,1652830.71,0
2024-09-20 02:00:00,0.388,0.39,0.384,0.386,1897535.29,0
2024-09-20 03:00:00,0.387,0.4,0.386,0.399,2695970.09,0
2024-09-20 04:00:00,0.4,0.406,0.398,0.404,4420220.21,0
2024-09-20 05:00:00,0.403,0.409,0.4,0.402,3311958.6,0
2024-09-20 06:00:00,0.402,0.408,0.399,0.407,4419659.06,0
2024-09-20 07:00:00,0.408,0.408,0.4,0.405,4568251.56,0
2024-09-20 08:00:00,0.406,0.406,0.399,0.402,2213536.24,0
2024-09-20 09:00:00,0.401,0.409,0.401,0.406,3632310.55,0
2024-09-20 10:00:00,0.407,0.413,0.404,0.409,2550583.15,0
2024-09-20 11:00:00,0.41,0.41,0.395,0.398,3556215.11,0
2024-09-20 12:00:00,0.399,0.404,0.399,0.401,2304599.13,0
2024-09-20 13:00:00,0.4,0.402,0.391,0.394,4743951.62,0
2024-09-20 14:00:00,0.394,0.403,0.392,0.398,5204934.54,0
2024-09-20 15:00:00,0.399,0.402,0.396,0.399,4138390.66,0
2024-09-20 16:00:00,0.399,0.402,0.393,0.393,2815793.04,0
2024-09-20 17:00:00,0.393,0.395,0.387,0.389,1898306.58,0
2024-09-20 18:00:00,0.389,0.393,0.385,0.391,2041846.65,0
2024-09-20 19:00:00,0.392,0.394,0.389,0.389,1395171.22,0
2024-09-20 20:00:00,0.39,0.393,0.39,0.391,1935186.93,0
2024-09-20 21:00:00,0.392,0.397,0.391,0.396,1050997.6,0
2024-09-20 22:00:00,0.397,0.4,0.395,0.4,857183.1,0
2024-09-20 23:00:00,0.4,0.403,0.396,0.401,1210183.32,0
2024-09-21 00:00:00,0.401,0.404,0.397,0.401,2481619.47,0
2024-09-21 01:00:00,0.401,0.404,0.395,0.395,1929576.73,0
2024-09-21 02:00:00,0.396,0.398,0.393,0.397,926545.75,0
2024-09-21 03:00:00,0.396,0.406,0.396,0.405,2442090.33,0
2024-09-21 04:00:00,0.405,0.411,0.394,0.396,3348706.45,0
2024-09-21 05:00:00,0.397,0.4,0.394,0.398,1131868.22,0
2024-09-21 06:00:00,0.398,0.405,0.397,0.401,942689.96,0
2024-09-21 07:00:00,0.402,0.404,0.399,0.403,897585.49,0
2024-09-21 08:00:00,0.403,0.404,0.396,0.399,1884386.67,0
2024-09-21 09:00:00,0.399,0.403,0.398,0.401,928598.55,0
2024-09-21 10:00:00,0.4,0.401,0.396,0.398,503429.1,0
2024-09-21 11:00:00,0.397,0.402,0.397,0.4,551544.92,0
2024-09-21 12:00:00,0.4,0.401,0.398,0.4,693390.27,0
2024-09-21 13:00:00,0.401,0.404,0.399,0.403,822479.77,0
2024-09-21 14:00:00,0.403,0.412,0.403,0.41,3235076.9,0
2024-09-21 15:00:00,0.411,0.411,0.405,0.409,2972742.39,0
2024-09-21 16:00:00,0.409,0.421,0.409,0.411,6387643.49,0
2024-09-21 17:00:00,0.412,0.414,0.407,0.409,2443978.19,0
2024-09-21 18:00:00,0.409,0.41,0.403,0.404,1590045.27,0
2024-09-21 19:00:00,0.404,0.409,0.404,0.406,1109094.85,0
2024-09-21 20:00:00,0.406,0.407,0.404,0.404,580974.05,0
2024-09-21 21:00:00,0.404,0.405,0.401,0.402,1015576.39,0
2024-09-21 22:00:00,0.403,0.407,0.401,0.406,572576.46,0
2024-09-21 23:00:00,0.406,0.415,0.405,0.411,2270887.16,0
2024-09-22 00:00:00,0.412,0.419,0.408,0.415,3127943.04,0
2024-09-22 01:00:00,0.415,0.42,0.41,0.411,3689433.31,0
2024-09-22 02:00:00,0.411,0.412,0.399,0.403,5034985.11,0
2024-09-22 03:00:00,0.402,0.406,0.4,0.402,1729240.72,0
2024-09-22 04:00:00,0.403,0.405,0.401,0.403,1017942.21,0
2024-09-22 05:00:00,0.402,0.403,0.397,0.399,2019794.3,0
2024-09-22 06:00:00,0.398,0.402,0.397,0.399,852041.67,0
2024-09-22 07:00:00,0.399,0.401,0.398,0.399,800415.67,0
2024-09-22 08:00:00,0.398,0.401,0.397,0.401,995786.58,0
2024-09-22 09:00:00,0.401,0.402,0.392,0.394,2788757.36,0
2024-09-22 10:00:00,0.394,0.396,0.39,0.392,1672682.81,0
2024-09-22 11:00:00,0.392,0.397,0.39,0.394,1082981.53,0
2024-09-22 12:00:00,0.394,0.397,0.392,0.396,1473092.31,0
2024-09-22 13:00:00,0.396,0.398,0.39,0.391,1881281.2,0
2024-09-22 14:00:00,0.391,0.395,0.388,0.391,3328799.41,0
2024-09-22 15:00:00,0.391,0.393,0.389,0.391,2011306.21,0
2024-09-22 16:00:00,0.39,0.394,0.385,0.392,3095837.36,0
2024-09-22 17:00:00,0.391,0.395,0.391,0.393,1704948.95,0
2024-09-22 18:00:00,0.393,0.394,0.389,0.39,1159270.68,0
2024-09-22 19:00:00,0.389,0.392,0.386,0.391,899356.69,0
2024-09-22 20:00:00,0.391,0.393,0.388,0.389,898262.01,0
2024-09-22 21:00:00,0.389,0.39,0.38,0.38,1014451.88,0
2024-09-22 22:00:00,0.381,0.389,0.374,0.387,5789359.48,0
2024-09-22 23:00:00,0.387,0.39,0.384,0.389,1994998.08,0
2024-09-23 00:00:00,0.389,0.394,0.378,0.393,4238438.32,0
2024-09-23 01:00:00,0.393,0.398,0.391,0.397,3969855.92,0
2024-09-23 02:00:00,0.397,0.4,0.392,0.4,3601410.09,0
2024-09-23 03:00:00,0.4,0.406,0.399,0.403,4414895.59,0
2024-09-23 04:00:00,0.403,0.41,0.402,0.405,4850455.91,0
2024-09-23 05:00:00,0.405,0.416,0.399,0.409,5094011.09,0
2024-09-23 06:00:00,0.408,0.415,0.404,0.412,5241781.62,0
2024-09-23 07:00:00,0.411,0.412,0.404,0.406,2458304.64,0
2024-09-23 08:00:00,0.405,0.407,0.401,0.402,3472405.92,0
2024-09-23 09:00:00,0.402,0.405,0.401,0.405,1588938.26,0
2024-09-23 10:00:00,0.404,0.408,0.401,0.402,2631852.14,0
2024-09-23 11:00:00,0.402,0.404,0.399,0.401,1547828.1,0
2024-09-23 12:00:00,0.401,0.405,0.399,0.401,2329245.66,0
2024-09-23 13:00:00,0.402,0.406,0.4,0.404,4218277.27,0
2024-09-23 14:00:00,0.405,0.411,0.404,0.407,4203867.31,0
2024-09-23 15:00:00,0.408,0.413,0.404,0.408,3788256.61,0
2024-09-23 16:00:00,0.408,0.411,0.401,0.402,2282294.39,0
2024-09-23 17:00:00,0.402,0.404,0.4,0.402,993525.3,0
2024-09-23 18:00:00,0.402,0.408,0.401,0.407,1326605.4,0
2024-09-23 19:00:00,0.406,0.407,0.402,0.403,1170417.95,0
2024-09-23 20:00:00,0.402,0.405,0.402,0.403,520769.87,0
2024-09-23 21:00:00,0.402,0.405,0.399,0.404,1799519.74,0
2024-09-23 22:00:00,0.403,0.405,0.401,0.404,958394.14,0
2024-09-23 23:00:00,0.403,0.405,0.401,0.404,838674.55,0
2024-09-24 00:00:00,0.403,0.407,0.398,0.399,3114344.27,0
2024-09-24 01:00:00,0.398,0.402,0.394,0.398,2382753.4,0
2024-09-24 02:00:00,0.397,0.4,0.394,0.4,1638741.54,0
2024-09-24 03:00:00,0.4,0.402,0.398,0.4,1189336.28,0
2024-09-24 04:00:00,0.4,0.4,0.395,0.396,1871664.56,0
2024-09-24 05:00:00,0.396,0.4,0.395,0.3993,3705738.83,0
2024-09-24 06:00:00,0.3994,0.4027,0.3991,0.4014,2035919.46,0
2024-09-24 07:00:00,0.4014,0.4055,0.4011,0.403,1279298.58,0
2024-09-24 08:00:00,0.4027,0.408,0.402,0.4056,2415001.09,0
2024-09-24 09:00:00,0.4056,0.4067,0.3988,0.3994,3282165.45,0
2024-09-24 10:00:00,0.3994,0.4013,0.3993,0.401,3279951.94,0
2024-09-24 11:00:00,0.4009,0.4009,0.3969,0.3998,2483399.88,0
2024-09-24 12:00:00,0.3998,0.4037,0.3984,0.3996,3155474.45,0
2024-09-24 13:00:00,0.3997,0.4043,0.3996,0.4013,2402309.68,0
2024-09-24 14:00:00,0.4012,0.4012,0.3906,0.397,4716084.29,0
2024-09-24 15:00:00,0.3971,0.3984,0.3946,0.3964,1204098.45,0
2024-09-24 16:00:00,0.3964,0.401,0.3963,0.4009,1211689.16,0
2024-09-24 17:00:00,0.4008,0.406,0.4003,0.4034,1842770.96,0
2024-09-24 18:00:00,0.4037,0.4056,0.4012,0.4023,1026909.86,0
2024-09-24 19:00:00,0.4023,0.4083,0.402,0.4075,1030044.91,0
2024-09-24 20:00:00,0.4075,0.4088,0.4039,0.4084,1769963.64,0
2024-09-24 21:00:00,0.4084,0.4193,0.4064,0.4165,10092342.77,0
2024-09-24 22:00:00,0.4165,0.4192,0.4134,0.4164,9005109.5,0
2024-09-24 23:00:00,0.4164,0.4185,0.414,0.4156,1952089.74,0
2024-09-25 00:00:00,0.4156,0.4251,0.4142,0.4205,5244336.82,0
2024-09-25 01:00:00,0.4203,0.4339,0.4202,0.4274,4712594.97,0
2024-09-25 02:00:00,0.4273,0.4306,0.4239,0.4292,2673432.28,0
2024-09-25 03:00:00,0.4292,0.4362,0.425,0.4346,3586977.37,0
2024-09-25 04:00:00,0.4346,0.443,0.4263,0.427,5525814.64,0
2024-09-25 05:00:00,0.427,0.432,0.425,0.4284,2523985.23,0
2024-09-25 06:00:00,0.4283,0.4301,0.4202,0.4206,5264001.03,0
2024-09-25 07:00:00,0.4205,0.425,0.4169,0.422,2562636.25,0
2024-09-25 08:00:00,0.4221,0.4344,0.4221,0.4282,4827850.2,0
2024-09-25 09:00:00,0.4282,0.4325,0.4269,0.4271,2019902.01,0
2024-09-25 10:00:00,0.4271,0.43,0.426,0.4272,1115684.47,0
2024-09-25 11:00:00,0.4271,0.4401,0.4239,0.4352,4457760.1,0
2024-09-25 12:00:00,0.4352,0.4388,0.4257,0.4273,5866078.38,0
2024-09-25 13:00:00,0.4273,0.4298,0.4228,0.4258,2583719.77,0
2024-09-25 14:00:00,0.4258,0.4314,0.4254,0.431,2113521.97,0
2024-09-25 15:00:00,0.4308,0.4372,0.427,0.427,4756866.71,0
2024-09-25 16:00:00,0.4271,0.4386,0.4265,0.4337,3798876.4,0
2024-09-25 17:00:00,0.4338,0.4371,0.4292,0.4314,1864911.65,0
2024-09-25 18:00:00,0.4315,0.436,0.4277,0.4352,1471665.79,0
2024-09-25 19:00:00,0.4349,0.4383,0.4316,0.4319,1388412.8,0
2024-09-25 20:00:00,0.432,0.4492,0.432,0.4464,7006772.21,0
2024-09-25 21:00:00,0.4464,0.4574,0.4434,0.4478,5024020.6,0
2024-09-25 22:00:00,0.4476,0.4489,0.4392,0.4418,3410605.26,0
2024-09-25 23:00:00,0.4418,0.4419,0.4335,0.437,3309561.57,0
2024-09-26 00:00:00,0.4371,0.4398,0.4254,0.4284,5428170.61,0
2024-09-26 01:00:00,0.4284,0.4321,0.4243,0.4312,3593531.26,0
2024-09-26 02:00:00,0.4313,0.436,0.43,0.4348,2593351.07,0
2024-09-26 03:00:00,0.4348,0.453,0.4348,0.4509,9875504.96,0
2024-09-26 04:00:00,0.4509,0.464,0.4491,0.4588,10733457.39,0
2024-09-26 05:00:00,0.4589,0.4816,0.455,0.4789,17895282.66,0
2024-09-26 06:00:00,0.479,0.4905,0.4772,0.4827,14806277.24,0
2024-09-26 07:00:00,0.4828,0.4857,0.4775,0.4852,6442490.76,0
2024-09-26 08:00:00,0.4852,0.489,0.482,0.487,5329517.51,0
2024-09-26 09:00:00,0.4871,0.4922,0.4821,0.49,6903858.34,0
2024-09-26 10:00:00,0.49,0.5008,0.4886,0.4972,6821901.34,0
2024-09-26 11:00:00,0.4971,0.4991,0.4911,0.4954,5733767.31,0
2024-09-26 12:00:00,0.4954,0.4975,0.4839,0.4861,7084876.87,0
2024-09-26 13:00:00,0.4864,0.49,0.483,0.4868,3527285.78,0
2024-09-26 14:00:00,0.4869,0.491,0.4752,0.4755,7407943.12,0
2024-09-26 15:00:00,0.4756,0.4859,0.4729,0.4793,5692582.97,0
2024-09-26 16:00:00,0.4794,0.4845,0.4752,0.4758,4193671.34,0
2024-09-26 17:00:00,0.4761,0.4793,0.4661,0.4664,3886112.14,0
2024-09-26 18:00:00,0.4662,0.4711,0.4658,0.4708,2566563.86,0
2024-09-26 19:00:00,0.4707,0.4744,0.4687,0.47,2122944.33,0
2024-09-26 20:00:00,0.47,0.4714,0.4638,0.4641,2224619.19,0
2024-09-26 21:00:00,0.4641,0.4722,0.4629,0.472,1754301.32,0
2024-09-26 22:00:00,0.472,0.4738,0.4686,0.4725,1775495.46,0
2024-09-26 23:00:00,0.4721,0.4758,0.4652,0.4738,3136222.65,0
2024-09-27 00:00:00,0.4738,0.481,0.4732,0.4752,6361133.66,0
2024-09-27 01:00:00,0.4751,0.4777,0.4726,0.4756,2413315.52,0
2024-09-27 02:00:00,0.4758,0.4806,0.4734,0.4736,2773308.74,0
2024-09-27 03:00:00,0.4737,0.4879,0.4721,0.4875,4109484.76,0
2024-09-27 04:00:00,0.4875,0.495,0.4862,0.4866,5552053.26,0
2024-09-27 05:00:00,0.4864,0.495,0.4832,0.4867,5814499.11,0
2024-09-27 06:00:00,0.4866,0.4956,0.4849,0.4934,4886733.5,0
2024-09-27 07:00:00,0.4935,0.4976,0.4888,0.4906,3420049.46,0
2024-09-27 08:00:00,0.4908,0.5084,0.4903,0.4997,5756213.12,0
2024-09-27 09:00:00,0.4998,0.5055,0.487,0.4873,5488509.39,0
2024-09-27 10:00:00,0.4873,0.4892,0.4791,0.4793,5839879.63,0
2024-09-27 11:00:00,0.4794,0.4835,0.477,0.4785,3497509.27,0
2024-09-27 12:00:00,0.4788,0.4847,0.4746,0.4832,4073887.83,0
2024-09-27 13:00:00,0.483,0.4831,0.4754,0.4809,5135016.95,0
2024-09-27 14:00:00,0.4811,0.4882,0.4783,0.4842,4551634.74,0
2024-09-27 15:00:00,0.4841,0.494,0.4827,0.4891,3358941.05,0
2024-09-27 16:00:00,0.4892,0.4991,0.4846,0.4933,3563946.65,0
2024-09-27 17:00:00,0.4934,0.4949,0.4792,0.4837,3368250.22,0
2024-09-27 18:00:00,0.4838,0.4866,0.4815,0.4866,1254134.84,0
2024-09-27 19:00:00,0.4867,0.491,0.4841,0.487,1543978.78,0
2024-09-27 20:00:00,0.487,0.4892,0.4833,0.4865,1084027.16,0
2024-09-27 21:00:00,0.4865,0.4883,0.4852,0.4854,449302.14,0
2024-09-27 22:00:00,0.4856,0.4919,0.4841,0.4883,898809.73,0
2024-09-27 23:00:00,0.4882,0.4912,0.4845,0.4858,783278.29,0
2024-09-28 00:00:00,0.4859,0.4934,0.4859,0.4922,1690858.61,0
2024-09-28 01:00:00,0.4923,0.4931,0.4891,0.4906,1503013.29,0
2024-09-28 02:00:00,0.4906,0.4961,0.4875,0.493,2102959.61,0
2024-09-28 03:00:00,0.4929,0.4938,0.4856,0.4881,1524898.12,0
2024-09-28 04:00:00,0.4881,0.4937,0.4841,0.4879,1969412.92,0
2024-09-28 05:00:00,0.4877,0.4882,0.4755,0.4769,4401668.12,0
2024-09-28 06:00:00,0.4771,0.4807,0.4689,0.4716,4684262.06,0
2024-09-28 07:00:00,0.4717,0.4738,0.4698,0.4706,1392313.4,0
2024-09-28 08:00:00,0.4706,0.4712,0.4656,0.4667,3248598.88,0
2024-09-28 09:00:00,0.4669,0.4695,0.4589,0.4692,2400184.96,0
2024-09-28 10:00:00,0.4691,0.4732,0.4672,0.4697,1157122.91,0
2024-09-28 11:00:00,0.4697,0.4709,0.4672,0.4693,643777.34,0
2024-09-28 12:00:00,0.4694,0.4694,0.4646,0.4653,1419415.68,0
2024-09-28 13:00:00,0.4654,0.4665,0.4608,0.463,1973344.72,0
2024-09-28 14:00:00,0.4632,0.4704,0.4632,0.4679,1218265.66,0
2024-09-28 15:00:00,0.468,0.4696,0.4669,0.4675,449799.46,0
2024-09-28 16:00:00,0.4676,0.468,0.4616,0.4635,663797.45,0
2024-09-28 17:00:00,0.4634,0.4691,0.4633,0.4672,655718.45,0
2024-09-28 18:00:00,0.4673,0.4684,0.4655,0.4657,461980.26,0
2024-09-28 19:00:00,0.4658,0.4678,0.4654,0.4666,322853.82,0
2024-09-28 20:00:00,0.4666,0.4669,0.4621,0.4624,716347.71,0
2024-09-28 21:00:00,0.4625,0.4633,0.4557,0.4609,1759901.92,0
2024-09-28 22:00:00,0.4608,0.4623,0.4582,0.4607,467998.33,0
2024-09-28 23:00:00,0.4607,0.4643,0.458,0.4635,1297343.58,0
2024-09-29 00:00:00,0.4635,0.4671,0.4601,0.4635,1707212.38,0
2024-09-29 01:00:00,0.4635,0.4687,0.4631,0.4687,1744995.25,0
2024-09-29 02:00:00,0.4688,0.4768,0.468,0.4712,2415364.51,0
2024-09-29 03:00:00,0.4714,0.4762,0.47,0.4758,995823.85,0
2024-09-29 04:00:00,0.476,0.476,0.4674,0.4714,1066403.3,0
2024-09-29 05:00:00,0.4713,0.4749,0.466,0.4676,864376.19,0
2024-09-29 06:00:00,0.4677,0.4697,0.46,0.4602,2223331.84,0
2024-09-29 07:00:00,0.4603,0.4628,0.4527,0.4545,2744578.61,0
2024-09-29 08:00:00,0.4545,0.4591,0.4534,0.4576,1628780.06,0
2024-09-29 09:00:00,0.4576,0.462,0.4575,0.4577,1127398.29,0
2024-09-29 10:00:00,0.4579,0.4606,0.4541,0.46,1303900.25,0
2024-09-29 11:00:00,0.46,0.4658,0.4594,0.4643,1382146.63,0
2024-09-29 12:00:00,0.4643,0.4656,0.4559,0.4563,1159661.48,0
2024-09-29 13:00:00,0.4563,0.4681,0.4535,0.4672,3896393.5,0
2024-09-29 14:00:00,0.4672,0.4735,0.4646,0.4701,3453443.72,0
2024-09-29 15:00:00,0.4702,0.4783,0.4685,0.4771,2724665.55,0
2024-09-29 16:00:00,0.4772,0.4822,0.4701,0.4774,3476303.71,0
2024-09-29 17:00:00,0.4776,0.4816,0.4759,0.4779,3029701.15,0
2024-09-29 18:00:00,0.478,0.4833,0.4761,0.4791,2751713.98,0
2024-09-29 19:00:00,0.4793,0.4814,0.4782,0.4812,649047.55,0
2024-09-29 20:00:00,0.4811,0.4849,0.4754,0.4789,1118684.83,0
2024-09-29 21:00:00,0.479,0.482,0.4739,0.4752,893552.73,0
2024-09-29 22:00:00,0.4752,0.478,0.4711,0.4735,1238930.44,0
2024-09-29 23:00:00,0.4737,0.4753,0.4686,0.4744,1298461.03,0
2024-09-30 00:00:00,0.4747,0.4766,0.463,0.4724,3166641.2,0
2024-09-30 01:00:00,0.4723,0.4739,0.4568,0.4583,5216010.39,0
2024-09-30 02:00:00,0.4583,0.4628,0.4558,0.4576,2146922.86,0
2024-09-30 03:00:00,0.4574,0.4653,0.4542,0.464,1705080.3,0
2024-09-30 04:00:00,0.4639,0.4646,0.4573,0.4609,1130117.14,0
2024-09-30 05:00:00,0.4606,0.4657,0.4597,0.4642,724800.84,0
2024-09-30 06:00:00,0.4642,0.4688,0.4601,0.4603,1446239.29,0
2024-09-30 07:00:00,0.4602,0.4728,0.4602,0.4684,2814643.26,0
2024-09-30 08:00:00,0.4684,0.4695,0.4604,0.4648,1361639.84,0
2024-09-30 09:00:00,0.4647,0.4649,0.4554,0.4562,2993719.91,0
2024-09-30 10:00:00,0.4562,0.4634,0.4484,0.4615,5399755.6,0
2024-09-30 11:00:00,0.4616,0.4681,0.4585,0.4642,2539423.32,0
2024-09-30 12:00:00,0.4642,0.4654,0.4563,0.4597,2628064.88,0
2024-09-30 13:00:00,0.4596,0.4636,0.4587,0.4588,907160.46,0
2024-09-30 14:00:00,0.4587,0.459,0.4527,0.4545,2028630.4,0
2024-09-30 15:00:00,0.4545,0.4582,0.4455,0.4462,1954037.62,0
2024-09-30 16:00:00,0.4462,0.4508,0.4446,0.4466,1556823.15,0
2024-09-30 17:00:00,0.4465,0.4487,0.4388,0.4486,2409677.99,0
2024-09-30 18:00:00,0.4488,0.4504,0.4424,0.4495,1482005.9,0
2024-09-30 19:00:00,0.4496,0.45,0.4469,0.4473,602459.78,0
2024-09-30 20:00:00,0.4475,0.4529,0.4472,0.4513,744345.35,0
2024-09-30 21:00:00,0.4516,0.4523,0.4489,0.4511,1160532.69,0
2024-09-30 22:00:00,0.451,0.4517,0.4395,0.4396,2051672.31,0
2024-09-30 23:00:00,0.4396,0.4436,0.4328,0.4391,5577922.59,0
2024-10-01 00:00:00,0.439,0.4505,0.4367,0.4499,2717510.01,0
2024-10-01 01:00:00,0.4497,0.4545,0.4492,0.452,1266961.72,0
2024-10-01 02:00:00,0.452,0.4563,0.4484,0.4563,855302.11,0
2024-10-01 03:00:00,0.4564,0.4669,0.4555,0.4641,3030273.33,0
2024-10-01 04:00:00,0.4638,0.4685,0.4624,0.4663,1991254.53,0
2024-10-01 05:00:00,0.4661,0.4665,0.4586,0.4602,1415110.96,0
2024-10-01 06:00:00,0.4601,0.4653,0.4597,0.4649,1500110.46,0
2024-10-01 07:00:00,0.465,0.4696,0.4624,0.463,1793105.2,0
2024-10-01 08:00:00,0.4627,0.4668,0.4601,0.4623,768071.26,0
2024-10-01 09:00:00,0.4622,0.4663,0.4622,0.4635,919507.48,0
2024-10-01 10:00:00,0.4635,0.4676,0.4619,0.4672,689629.24,0
2024-10-01 11:00:00,0.4672,0.4678,0.4606,0.4626,803802.53,0
2024-10-01 12:00:00,0.4627,0.4653,0.4598,0.4617,1287074.57,0
2024-10-01 13:00:00,0.4617,0.4622,0.44,0.4493,7131588.68,0
2024-10-01 14:00:00,0.4494,0.454,0.4334,0.4361,6622722.21,0
2024-10-01 15:00:00,0.4362,0.4374,0.4155,0.4266,13717425.79,0
2024-10-01 16:00:00,0.4264,0.4287,0.4075,0.4138,7284214.7,0
2024-10-01 17:00:00,0.4137,0.4137,0.3796,0.4062,13703090.74,0
2024-10-01 18:00:00,0.406,0.4088,0.3969,0.3994,2960632.36,0
2024-10-01 19:00:00,0.3995,0.4014,0.394,0.3944,2878537.28,0
2024-10-01 20:00:00,0.3947,0.3977,0.3856,0.3967,2288323.33,0
2024-10-01 21:00:00,0.3967,0.3982,0.3916,0.3973,1355040.12,0
2024-10-01 22:00:00,0.3974,0.3976,0.3884,0.3908,1084423.52,0
2024-10-01 23:00:00,0.3907,0.3928,0.3876,0.3885,1421401.6,0
2024-10-02 00:00:00,0.3885,0.3941,0.3852,0.388,2722295.99,0
2024-10-02 01:00:00,0.388,0.395,0.3876,0.3931,1845231.65,0
2024-10-02 02:00:00,0.3931,0.3945,0.3908,0.3911,1816285.54,0
2024-10-02 03:00:00,0.391,0.395,0.389,0.3937,2390391.42,0
2024-10-02 04:00:00,0.3936,0.3939,0.3868,0.3902,2160411.32,0
2024-10-02 05:00:00,0.3901,0.3954,0.3898,0.3916,1264422.83,0
2024-10-02 06:00:00,0.3915,0.402,0.389,0.4011,2794393.53,0
2024-10-02 07:00:00,0.4011,0.4045,0.3974,0.4019,2498567.43,0
2024-10-02 08:00:00,0.4018,0.4048,0.3983,0.4013,2584936.49,0
2024-10-02 09:00:00,0.4014,0.4022,0.3895,0.3908,3388815.66,0
2024-10-02 10:00:00,0.3907,0.3973,0.3886,0.389,1872079.96,0
2024-10-02 11:00:00,0.3891,0.3927,0.385,0.3896,2590007.14,0
2024-10-02 12:00:00,0.3898,0.394,0.3846,0.3867,1452033.56,0
2024-10-02 13:00:00,0.3868,0.3925,0.3816,0.3909,2580130.9,0
2024-10-02 14:00:00,0.3907,0.3939,0.3858,0.386,2431492.47,0
2024-10-02 15:00:00,0.3864,0.393,0.3851,0.39,1800765.87,0
2024-10-02 16:00:00,0.3899,0.3953,0.3845,0.3846,2228401.65,0
2024-10-02 17:00:00,0.3847,0.3875,0.38,0.383,1615158.79,0
2024-10-02 18:00:00,0.3828,0.3836,0.3671,0.3676,3395877.71,0
2024-10-02 19:00:00,0.3672,0.3731,0.3606,0.3715,3786932.66,0
2024-10-02 20:00:00,0.3714,0.3767,0.3675,0.3744,1543168.78,0
2024-10-02 21:00:00,0.3742,0.376,0.3698,0.371,849916.95,0
2024-10-02 22:00:00,0.3708,0.371,0.3653,0.3703,837260.41,0
2024-10-02 23:00:00,0.3703,0.3707,0.3681,0.3693,1018420.14,0
2024-10-03 00:00:00,0.3694,0.3731,0.364,0.369,2145430.62,0
2024-10-03 01:00:00,0.369,0.3754,0.369,0.3725,1199722.57,0
2024-10-03 02:00:00,0.3725,0.3746,0.3715,0.3734,898054.21,0
2024-10-03 03:00:00,0.3733,0.3754,0.3711,0.3746,907255.71,0
2024-10-03 04:00:00,0.3747,0.3751,0.3693,0.3709,2217846.99,0
2024-10-03 05:00:00,0.3709,0.3726,0.3687,0.3699,714117.79,0
2024-10-03 06:00:00,0.3697,0.3712,0.3683,0.3697,498194.35,0
2024-10-03 07:00:00,0.3698,0.3705,0.3602,0.3618,1494427.83,0
2024-10-03 08:00:00,0.3616,0.3625,0.3508,0.353,6186955.57,0
2024-10-03 09:00:00,0.3528,0.3609,0.3475,0.3602,3447455.16,0
2024-10-03 10:00:00,0.3601,0.3679,0.3585,0.3672,1945879.32,0
2024-10-03 11:00:00,0.3671,0.3679,0.3618,0.3618,643040.28,0
2024-10-03 12:00:00,0.3618,0.3644,0.3582,0.3604,1272933.06,0
2024-10-03 13:00:00,0.3605,0.3643,0.3545,0.3634,2410477.69,0
2024-10-03 14:00:00,0.3634,0.3685,0.3544,0.3548,2463577.87,0
2024-10-03 15:00:00,0.3549,0.3595,0.3495,0.3586,2969379.8,0
2024-10-03 16:00:00,0.3585,0.3605,0.3494,0.3537,2647451.61,0
2024-10-03 17:00:00,0.3536,0.361,0.3503,0.36,1997997.21,0
2024-10-03 18:00:00,0.36,0.3615,0.3566,0.3573,1082274.79,0
2024-10-03 19:00:00,0.3573,0.3628,0.356,0.3624,1147589.99,0
2024-10-03 20:00:00,0.3624,0.3641,0.3574,0.3577,544385.64,0
2024-10-03 21:00:00,0.3577,0.3623,0.3555,0.3612,457319.23,0
2024-10-03 22:00:00,0.3612,0.3635,0.359,0.3623,535941.1,0
2024-10-03 23:00:00,0.3622,0.3642,0.3601,0.3631,493343.83,0
2024-10-04 00:00:00,0.3631,0.3664,0.3604,0.3605,848944.68,0
2024-10-04 01:00:00,0.3607,0.3714,0.3605,0.3698,1629895.63,0
2024-10-04 02:00:00,0.3699,0.3717,0.367,0.3687,515923.26,0
2024-10-04 03:00:00,0.3687,0.3691,0.3648,0.3668,1196687.14,0
2024-10-04 04:00:00,0.367,0.3727,0.3667,0.3688,996831.53,0
2024-10-04 05:00:00,0.3688,0.374,0.3682,0.3729,1193229.73,0
2024-10-04 06:00:00,0.373,0.3747,0.3708,0.371,1004242.55,0
2024-10-04 07:00:00,0.3709,0.374,0.3694,0.3731,1205714.6,0
2024-10-04 08:00:00,0.3732,0.3771,0.3717,0.3719,2190402.4,0
2024-10-04 09:00:00,0.3719,0.3767,0.3703,0.371,2299991.98,0
2024-10-04 10:00:00,0.3709,0.3763,0.3704,0.3728,3584957.08,0
2024-10-04 11:00:00,0.3728,0.381,0.3721,0.3796,5183355.38,0
2024-10-04 12:00:00,0.3794,0.3826,0.376,0.3819,3902771.28,0
2024-10-04 13:00:00,0.3818,0.3838,0.3756,0.3762,3678372.19,0
2024-10-04 14:00:00,0.3763,0.3773,0.3702,0.3754,3619926.58,0
2024-10-04 15:00:00,0.3753,0.3845,0.3752,0.3839,1799412.63,0
2024-10-04 16:00:00,0.3843,0.3905,0.3834,0.3872,2809236.46,0
2024-10-04 17:00:00,0.3868,0.3883,0.3834,0.3864,1160653.53,0
2024-10-04 18:00:00,0.3864,0.3899,0.3853,0.3893,1145344.55,0
2024-10-04 19:00:00,0.3891,0.39,0.3869,0.389,575204.72,0
2024-10-04 20:00:00,0.3888,0.3901,0.3863,0.3893,445340.56,0
2024-10-04 21:00:00,0.3893,0.3899,0.3865,0.387,394765.31,0
2024-10-04 22:00:00,0.387,0.3882,0.3845,0.3857,495784.07,0
2024-10-04 23:00:00,0.3858,0.3875,0.3834,0.3863,947515.32,0
2024-10-05 00:00:00,0.3863,0.3904,0.3861,0.3896,649935.09,0
2024-10-05 01:00:00,0.3898,0.3923,0.3871,0.3887,703789.01,0
2024-10-05 02:00:00,0.3887,0.3891,0.383,0.3831,615690.03,0
2024-10-05 03:00:00,0.3831,0.3838,0.3793,0.3797,2018039.14,0
2024-10-05 04:00:00,0.3797,0.3869,0.3797,0.3844,799964.48,0
2024-10-05 05:00:00,0.3844,0.3912,0.3844,0.3905,622589.6,0
2024-10-05 06:00:00,0.3905,0.3948,0.3883,0.3946,616054.2,0
2024-10-05 07:00:00,0.3945,0.3959,0.3913,0.3914,1010134.31,0
2024-10-05 08:00:00,0.3915,0.3941,0.3906,0.3914,764246.29,0
2024-10-05 09:00:00,0.3913,0.3949,0.3909,0.3942,882188.81,0
2024-10-05 10:00:00,0.3941,0.3946,0.3877,0.3888,1177657.57,0
2024-10-05 11:00:00,0.3887,0.3906,0.388,0.3897,626408.57,0
2024-10-05 12:00:00,0.3897,0.3916,0.3887,0.3912,791995.9,0
2024-10-05 13:00:00,0.3913,0.3922,0.386,0.3866,1213595.52,0
2024-10-05 14:00:00,0.3866,0.3903,0.3859,0.3885,1085499.62,0
2024-10-05 15:00:00,0.3886,0.3897,0.3858,0.3878,621664.85,0
2024-10-05 16:00:00,0.3878,0.3884,0.3813,0.3816,1484670.38,0
2024-10-05 17:00:00,0.3817,0.3848,0.3803,0.3842,1194981.54,0
2024-10-05 18:00:00,0.3842,0.3853,0.3801,0.3807,564452.94,0
2024-10-05 19:00:00,0.381,0.3812,0.378,0.3795,513698.38,0
2024-10-05 20:00:00,0.3794,0.3794,0.3758,0.3762,493590.6,0
2024-10-05 21:00:00,0.3763,0.3815,0.3763,0.3799,587105.99,0
2024-10-05 22:00:00,0.3798,0.3861,0.3796,0.3856,466796.44,0
2024-10-05 23:00:00,0.3858,0.3861,0.3838,0.3851,191289.4,0
2024-10-06 00:00:00,0.3851,0.3851,0.382,0.3826,451504.58,0
2024-10-06 01:00:00,0.3825,0.3892,0.3825,0.3864,455738.8,0
2024-10-06 02:00:00,0.3867,0.3878,0.384,0.3849,978234.95,0
2024-10-06 03:00:00,0.3848,0.3872,0.382,0.3825,453072.2,0
2024-10-06 04:00:00,0.3826,0.386,0.3815,0.3833,457153.49,0
2024-10-06 05:00:00,0.3832,0.3849,0.382,0.384,382434.26,0
2024-10-06 06:00:00,0.3842,0.3864,0.3836,0.3847,568208.09,0
2024-10-06 07:00:00,0.3849,0.3869,0.3847,0.3855,257412.31,0
2024-10-06 08:00:00,0.3854,0.3871,0.3835,0.3857,452681.34,0
2024-10-06 09:00:00,0.3856,0.3896,0.3855,0.3875,392223.4,0
2024-10-06 10:00:00,0.3877,0.3886,0.3865,0.3874,257112.56,0
2024-10-06 11:00:00,0.3875,0.3931,0.3875,0.392,750436.9,0
2024-10-06 12:00:00,0.3921,0.3955,0.3911,0.3949,1075546.99,0
2024-10-06 13:00:00,0.395,0.396,0.3926,0.3928,808881.16,0
2024-10-06 14:00:00,0.3932,0.4013,0.3909,0.4005,1369415.44,0
2024-10-06 15:00:00,0.4006,0.4014,0.3954,0.3981,1040644.36,0
2024-10-06 16:00:00,0.3981,0.4012,0.3948,0.3949,1119749.91,0
2024-10-06 17:00:00,0.395,0.3962,0.3915,0.3921,746087.45,0
2024-10-06 18:00:00,0.3921,0.3951,0.3921,0.3944,426325.25,0
2024-10-06 19:00:00,0.3945,0.3978,0.3917,0.3926,725636.46,0
2024-10-06 20:00:00,0.3928,0.3961,0.3924,0.3937,232409.2,0
2024-10-06 21:00:00,0.3936,0.3948,0.3903,0.3905,1059986.31,0
2024-10-06 22:00:00,0.3905,0.395,0.3904,0.3947,391822.69,0
2024-10-06 23:00:00,0.3948,0.3987,0.3948,0.3979,710135.86,0
2024-10-07 00:00:00,0.3979,0.4044,0.3946,0.4037,1788362.28,0
2024-10-07 01:00:00,0.4036,0.4074,0.4023,0.4074,1880640.57,0
2024-10-07 02:00:00,0.4073,0.4103,0.405,0.4056,1364974.87,0
2024-10-07 03:00:00,0.4056,0.4074,0.403,0.4066,541822.69,0
2024-10-07 04:00:00,0.4067,0.4085,0.4044,0.4048,571938.25,0
2024-10-07 05:00:00,0.4046,0.4079,0.4038,0.4054,525328.22,0
2024-10-07 06:00:00,0.4056,0.4106,0.4052,0.41,743214.95,0
2024-10-07 07:00:00,0.4098,0.4117,0.407,0.407,1074329.08,0
2024-10-07 08:00:00,0.4071,0.4109,0.4071,0.4093,1086943.45,0
2024-10-07 09:00:00,0.4091,0.4095,0.3987,0.4022,1957139.59,0
2024-10-07 10:00:00,0.4021,0.4026,0.3953,0.3965,1275069.66,0
2024-10-07 11:00:00,0.3965,0.4012,0.3924,0.4012,2011332.48,0
2024-10-07 12:00:00,0.4009,0.4011,0.3969,0.3982,889104.42,0
2024-10-07 13:00:00,0.3981,0.4051,0.3973,0.4021,2428400.0,0
2024-10-07 14:00:00,0.4022,0.4132,0.4021,0.4069,3008957.64,0
2024-10-07 15:00:00,0.4068,0.4082,0.4019,0.4033,2224153.2,0
2024-10-07 16:00:00,0.4032,0.4075,0.4014,0.4069,1569236.97,0
2024-10-07 17:00:00,0.407,0.4089,0.4048,0.4078,1195518.04,0
2024-10-07 18:00:00,0.4078,0.4089,0.3951,0.3964,1845589.09,0
2024-10-07 19:00:00,0.3964,0.4025,0.3957,0.4018,1254369.24,0
2024-10-07 20:00:00,0.4018,0.4024,0.3974,0.3977,877053.65,0
2024-10-07 21:00:00,0.3976,0.4016,0.3975,0.4012,410454.56,0
2024-10-07 22:00:00,0.4009,0.4026,0.395,0.3958,765533.66,0
2024-10-07 23:00:00,0.3957,0.3975,0.3911,0.392,1398799.44,0
2024-10-08 00:00:00,0.3919,0.3962,0.391,0.3958,822155.51,0
2024-10-08 01:00:00,0.3957,0.4,0.3935,0.3982,947731.09,0
2024-10-08 02:00:00,0.398,0.3997,0.3935,0.3983,843702.07,0
2024-10-08 03:00:00,0.3983,0.3989,0.3948,0.3959,456625.05,0
2024-10-08 04:00:00,0.3958,0.3971,0.3918,0.3927,840359.35,0
2024-10-08 05:00:00,0.3924,0.3934,0.3854,0.3879,2052954.34,0
2024-10-08 06:00:00,0.3883,0.3886,0.3836,0.3881,1393396.4,0
2024-10-08 07:00:00,0.3874,0.388,0.3807,0.3846,1116002.51,0
2024-10-08 08:00:00,0.3843,0.3869,0.3828,0.386,867932.81,0
2024-10-08 09:00:00,0.386,0.3879,0.3838,0.3871,717759.81,0
2024-10-08 10:00:00,0.3871,0.3927,0.3855,0.3901,2566562.55,0
2024-10-08 11:00:00,0.3897,0.3946,0.3883,0.3938,1060183.19,0
2024-10-08 12:00:00,0.3937,0.3941,0.3876,0.3877,1091671.4,0
2024-10-08 13:00:00,0.3878,0.3952,0.3844,0.395,2441444.66,0
2024-10-08 14:00:00,0.395,0.3968,0.3873,0.3922,2834711.96,0
2024-10-08 15:00:00,0.3921,0.393,0.384,0.3884,2095378.89,0
2024-10-08 16:00:00,0.3883,0.3961,0.3844,0.3954,1656344.78,0
2024-10-08 17:00:00,0.3951,0.3952,0.3886,0.3907,836159.48,0
2024-10-08 18:00:00,0.3907,0.3942,0.3854,0.3879,1095146.09,0
2024-10-08 19:00:00,0.3876,0.3899,0.385,0.3894,819985.21,0
2024-10-08 20:00:00,0.3895,0.3913,0.3877,0.3909,1043214.08,0
2024-10-08 21:00:00,0.3909,0.3965,0.3902,0.396,1235659.25,0
2024-10-08 22:00:00,0.3961,0.3961,0.3896,0.3898,571579.29,0
2024-10-08 23:00:00,0.3896,0.3915,0.387,0.3912,437135.85,0
2024-10-09 00:00:00,0.3913,0.3932,0.3879,0.391,666260.87,0
2024-10-09 01:00:00,0.3912,0.4039,0.3901,0.3995,1988186.99,0
2024-10-09 02:00:00,0.3992,0.4001,0.3938,0.3938,734363.94,0
2024-10-09 03:00:00,0.3938,0.3968,0.3919,0.3957,673292.78,0
2024-10-09 04:00:00,0.3956,0.397,0.3907,0.3924,1692353.27,0
2024-10-09 05:00:00,0.3923,0.3997,0.3923,0.3993,971506.06,0
2024-10-09 06:00:00,0.3994,0.3994,0.3938,0.395,711063.59,0
2024-10-09 07:00:00,0.3948,0.395,0.3892,0.3907,1476342.6,0
2024-10-09 08:00:00,0.3905,0.3927,0.3885,0.3896,962987.35,0
2024-10-09 09:00:00,0.3895,0.393,0.3886,0.3925,635226.4,0
2024-10-09 10:00:00,0.3925,0.3926,0.3888,0.3898,807950.78,0
2024-10-09 11:00:00,0.3896,0.3913,0.3886,0.3902,1021625.38,0
2024-10-09 12:00:00,0.3901,0.3907,0.3817,0.3844,2055564.8,0
2024-10-09 13:00:00,0.384,0.3855,0.3792,0.3794,2680928.11,0
2024-10-09 14:00:00,0.3795,0.3848,0.3788,0.3807,1559999.73,0
2024-10-09 15:00:00,0.3806,0.3913,0.3806,0.3896,1333699.43,0
2024-10-09 16:00:00,0.3894,0.3905,0.3812,0.3826,1429365.33,0
2024-10-09 17:00:00,0.3825,0.3841,0.3801,0.3813,1152743.55,0
2024-10-09 18:00:00,0.3814,0.382,0.3766,0.3782,891704.49,0
2024-10-09 19:00:00,0.3779,0.3793,0.3759,0.3778,603686.08,0
2024-10-09 20:00:00,0.3778,0.3781,0.3688,0.3696,1671935.94,0
2024-10-09 21:00:00,0.3695,0.3758,0.3689,0.3754,759956.7,0
2024-10-09 22:00:00,0.3753,0.3753,0.3724,0.3745,369464.59,0
2024-10-09 23:00:00,0.3746,0.3765,0.3741,0.3751,427870.12,0
2024-10-10 00:00:00,0.375,0.3779,0.3717,0.3761,1999721.19,0
2024-10-10 01:00:00,0.3763,0.3818,0.3763,0.3806,873084.89,0
2024-10-10 02:00:00,0.3809,0.3817,0.3791,0.3791,589783.97,0
2024-10-10 03:00:00,0.3792,0.382,0.3784,0.3802,468302.89,0
2024-10-10 04:00:00,0.3801,0.3811,0.3795,0.3804,259870.04,0
2024-10-10 05:00:00,0.3804,0.3873,0.3798,0.3857,881570.38,0
2024-10-10 06:00:00,0.386,0.3866,0.3843,0.3862,637684.93,0
2024-10-10 07:00:00,0.3862,0.3862,0.3796,0.3798,1675982.55,0
2024-10-10 08:00:00,0.3799,0.3811,0.3758,0.3761,827327.67,0
2024-10-10 09:00:00,0.3762,0.3785,0.3731,0.377,2270743.51,0
2024-10-10 10:00:00,0.3773,0.3809,0.3773,0.3798,521986.67,0
2024-10-10 11:00:00,0.3799,0.3839,0.3792,0.3838,843185.72,0
2024-10-10 12:00:00,0.3837,0.3845,0.3766,0.3782,1854984.88,0
2024-10-10 13:00:00,0.3781,0.3834,0.3738,0.3775,1768237.75,0
2024-10-10 14:00:00,0.3774,0.3807,0.3746,0.3793,2854704.86,0
2024-10-10 15:00:00,0.3794,0.3826,0.3762,0.382,1895196.03,0
2024-10-10 16:00:00,0.382,0.3848,0.3764,0.3767,1241517.67,0
2024-10-10 17:00:00,0.3766,0.3786,0.3707,0.3732,1426276.57,0
2024-10-10 18:00:00,0.3731,0.3799,0.3715,0.3792,1829227.58,0
2024-10-10 19:00:00,0.3794,0.3825,0.3777,0.3816,785737.48,0
2024-10-10 20:00:00,0.3819,0.3835,0.3802,0.382,679886.33,0
2024-10-10 21:00:00,0.3819,0.3866,0.3811,0.3864,427915.84,0
2024-10-10 22:00:00,0.3864,0.3866,0.383,0.3854,667201.85,0
2024-10-10 23:00:00,0.3855,0.39,0.3854,0.3897,1091894.95,0
2024-10-11 00:00:00,0.3899,0.393,0.3887,0.39,1375198.89,0
2024-10-11 01:00:00,0.3897,0.3957,0.3884,0.3933,1312434.38,0
2024-10-11 02:00:00,0.3932,0.3941,0.3916,0.3931,618386.06,0
2024-10-11 03:00:00,0.3933,0.394,0.3901,0.3901,528920.4,0
2024-10-11 04:00:00,0.3904,0.3917,0.3877,0.3887,512877.19,0
2024-10-11 05:00:00,0.3886,0.3907,0.3868,0.3887,726184.22,0
2024-10-11 06:00:00,0.3887,0.393,0.3886,0.3914,706306.31,0
2024-10-11 07:00:00,0.3916,0.392,0.3897,0.3897,403710.14,0
2024-10-11 08:00:00,0.3899,0.393,0.3899,0.3912,514334.14,0
2024-10-11 09:00:00,0.3912,0.3966,0.3912,0.3961,1161833.11,0
2024-10-11 10:00:00,0.3961,0.3979,0.3928,0.3943,1060745.2,0
2024-10-11 11:00:00,0.3943,0.3961,0.3933,0.3948,829435.12,0
2024-10-11 12:00:00,0.3949,0.3978,0.3937,0.396,2764097.81,0
2024-10-11 13:00:00,0.396,0.3985,0.3928,0.3955,1348559.36,0
2024-10-11 14:00:00,0.3955,0.3971,0.3935,0.3945,1320919.16,0
2024-10-11 15:00:00,0.3946,0.4005,0.3943,0.3996,1641183.36,0
2024-10-11 16:00:00,0.3997,0.4044,0.3986,0.4028,2145370.55,0
2024-10-11 17:00:00,0.4027,0.4065,0.4014,0.4063,1245901.95,0
2024-10-11 18:00:00,0.4063,0.4063,0.4031,0.4038,825921.67,0
2024-10-11 19:00:00,0.4039,0.4075,0.4033,0.4042,1280425.18,0
2024-10-11 20:00:00,0.4045,0.4072,0.4039,0.4071,441586.77,0
2024-10-11 21:00:00,0.4072,0.4084,0.4063,0.4081,1040277.57,0
2024-10-11 22:00:00,0.4081,0.4107,0.4073,0.4083,1411977.06,0
2024-10-11 23:00:00,0.4082,0.4089,0.4044,0.406,818970.46,0
2024-10-12 00:00:00,0.4063,0.412,0.4061,0.4113,1141748.91,0
2024-10-12 01:00:00,0.4114,0.413,0.409,0.4125,607183.97,0
2024-10-12 02:00:00,0.4125,0.4132,0.4081,0.4086,563501.15,0
2024-10-12 03:00:00,0.4086,0.4099,0.4057,0.4071,602315.85,0
2024-10-12 04:00:00,0.4074,0.4092,0.4068,0.4073,755950.16,0
2024-10-12 05:00:00,0.4074,0.4092,0.4058,0.4092,666024.38,0
2024-10-12 06:00:00,0.4092,0.4114,0.4084,0.4106,345697.89,0
2024-10-12 07:00:00,0.4104,0.4178,0.409,0.4169,1232218.89,0
2024-10-12 08:00:00,0.4165,0.4182,0.4142,0.4162,974921.18,0
2024-10-12 09:00:00,0.4163,0.4168,0.4138,0.4156,552074.4,0
2024-10-12 10:00:00,0.4155,0.4197,0.4143,0.4185,1169533.62,0
2024-10-12 11:00:00,0.4181,0.4202,0.4151,0.4154,1146780.12,0
2024-10-12 12:00:00,0.4153,0.4165,0.4138,0.4161,1130264.48,0
2024-10-12 13:00:00,0.4161,0.4217,0.4154,0.4215,2206126.7,0
2024-10-12 14:00:00,0.4215,0.4258,0.4206,0.423,1941489.77,0
2024-10-12 15:00:00,0.423,0.4279,0.4217,0.4241,1912549.38,0
2024-10-12 16:00:00,0.4242,0.4308,0.4227,0.4227,1440948.83,0
2024-10-12 17:00:00,0.4227,0.4265,0.422,0.4226,652384.9,0
2024-10-12 18:00:00,0.4226,0.4245,0.4181,0.4207,1056093.9,0
2024-10-12 19:00:00,0.4206,0.4211,0.4176,0.4183,635195.54,0
2024-10-12 20:00:00,0.4184,0.4206,0.4177,0.4197,518755.18,0
2024-10-12 21:00:00,0.42,0.4226,0.42,0.4219,379252.27,0
2024-10-12 22:00:00,0.4218,0.4241,0.4201,0.4237,366350.2,0
2024-10-12 23:00:00,0.4237,0.4242,0.4211,0.422,614742.9,0
2024-10-13 00:00:00,0.4219,0.4276,0.4219,0.4223,911242.57,0
2024-10-13 01:00:00,0.4222,0.4222,0.4163,0.4168,1242937.25,0
2024-10-13 02:00:00,0.4169,0.4212,0.4165,0.4204,784351.76,0
2024-10-13 03:00:00,0.4204,0.4213,0.4154,0.4164,712288.76,0
2024-10-13 04:00:00,0.4165,0.422,0.4165,0.4216,736062.03,0
2024-10-13 05:00:00,0.4215,0.4272,0.421,0.4265,1023149.02,0
2024-10-13 06:00:00,0.4265,0.4353,0.426,0.4319,2477354.59,0
2024-10-13 07:00:00,0.4319,0.4338,0.4279,0.4327,1777900.14,0
2024-10-13 08:00:00,0.4327,0.4378,0.429,0.4298,2468520.02,0
2024-10-13 09:00:00,0.4298,0.4354,0.4292,0.4338,1067195.39,0
2024-10-13 10:00:00,0.4338,0.4347,0.4247,0.425,1709541.13,0
2024-10-13 11:00:00,0.4251,0.4276,0.4193,0.4195,2275807.82,0
2024-10-13 12:00:00,0.4194,0.4257,0.4194,0.4213,918994.13,0
2024-10-13 13:00:00,0.4213,0.4257,0.4204,0.4218,782500.67,0
2024-10-13 14:00:00,0.4218,0.4224,0.4142,0.4152,1422153.39,0
2024-10-13 15:00:00,0.415,0.417,0.4074,0.4103,1932821.92,0
2024-10-13 16:00:00,0.4101,0.4166,0.4092,0.4156,1113207.98,0
2024-10-13 17:00:00,0.4156,0.4185,0.4121,0.4131,838720.94,0
2024-10-13 18:00:00,0.413,0.4136,0.4078,0.4083,634269.48,0
2024-10-13 19:00:00,0.4085,0.4121,0.4084,0.4106,471178.43,0
2024-10-13 20:00:00,0.4108,0.4119,0.4091,0.4117,274980.24,0
2024-10-13 21:00:00,0.4116,0.4192,0.4116,0.4171,664253.66,0
2024-10-13 22:00:00,0.4171,0.4245,0.417,0.42,1571281.39,0
2024-10-13 23:00:00,0.42,0.4214,0.4171,0.4204,599546.55,0
2024-10-14 00:00:00,0.4205,0.4212,0.4144,0.4151,842728.35,0
2024-10-14 01:00:00,0.4151,0.4234,0.4149,0.4205,1488087.83,0
2024-10-14 02:00:00,0.4206,0.4206,0.4157,0.4181,717514.04,0
2024-10-14 03:00:00,0.4183,0.4335,0.4182,0.4328,2960485.5,0
2024-10-14 04:00:00,0.4329,0.4356,0.43,0.4329,2244854.69,0
2024-10-14 05:00:00,0.4329,0.4351,0.4286,0.4343,3048026.62,0
2024-10-14 06:00:00,0.4342,0.4415,0.4323,0.4401,2457935.76,0
2024-10-14 07:00:00,0.4399,0.4489,0.4388,0.4465,4513855.45,0
2024-10-14 08:00:00,0.4466,0.4475,0.4387,0.439,1790467.94,0
2024-10-14 09:00:00,0.4391,0.4422,0.4363,0.4398,2016336.81,0
2024-10-14 10:00:00,0.4397,0.442,0.4383,0.4402,1193786.13,0
2024-10-14 11:00:00,0.44,0.4417,0.4358,0.4364,947593.67,0
2024-10-14 12:00:00,0.4364,0.437,0.4329,0.433,2021402.82,0
2024-10-14 13:00:00,0.433,0.4396,0.4323,0.4372,1669524.25,0
2024-10-14 14:00:00,0.4373,0.4477,0.4365,0.4412,5312688.54,0
2024-10-14 15:00:00,0.4413,0.4449,0.44,0.4431,1784326.58,0
2024-10-14 16:00:00,0.4433,0.4441,0.4368,0.4385,1467083.36,0
2024-10-14 17:00:00,0.4387,0.4404,0.4379,0.4387,985677.02,0
2024-10-14 18:00:00,0.4386,0.4417,0.4373,0.4402,748322.72,0
2024-10-14 19:00:00,0.4402,0.442,0.4386,0.4389,775626.68,0
2024-10-14 20:00:00,0.4387,0.4413,0.4384,0.4394,564048.56,0
2024-10-14 21:00:00,0.4394,0.4416,0.4376,0.4384,998594.95,0
2024-10-14 22:00:00,0.4383,0.4453,0.4382,0.4453,1510897.88,0
2024-10-14 23:00:00,0.4452,0.446,0.4398,0.4409,728340.11,0
2024-10-15 00:00:00,0.441,0.4447,0.4369,0.4387,1279522.5,0
2024-10-15 01:00:00,0.4387,0.4419,0.4366,0.4376,1248080.6,0
2024-10-15 02:00:00,0.4376,0.4402,0.4353,0.4359,1692683.53,0
2024-10-15 03:00:00,0.4359,0.4361,0.4285,0.4288,1852483.2,0
2024-10-15 04:00:00,0.4289,0.4352,0.4269,0.4351,1548510.58,0
2024-10-15 05:00:00,0.4352,0.4362,0.4289,0.4323,2703988.09,0
2024-10-15 06:00:00,0.4325,0.4395,0.4301,0.4385,1391414.15,0
2024-10-15 07:00:00,0.4386,0.4428,0.4346,0.4357,1434572.94,0
2024-10-15 08:00:00,0.4359,0.4412,0.4355,0.4406,1375114.94,0
2024-10-15 09:00:00,0.4408,0.4421,0.4354,0.4376,1193994.91,0
2024-10-15 10:00:00,0.4373,0.4392,0.4348,0.4364,961904.68,0
2024-10-15 11:00:00,0.4365,0.4368,0.4185,0.4214,4481739.32,0
2024-10-15 12:00:00,0.4214,0.4313,0.4201,0.4277,3044294.42,0
2024-10-15 13:00:00,0.4278,0.4411,0.4245,0.439,4627424.81,0
2024-10-15 14:00:00,0.439,0.4442,0.419,0.4203,12767032.7,0
2024-10-15 15:00:00,0.4202,0.4292,0.4121,0.427,7885992.58,0
2024-10-15 16:00:00,0.4272,0.4381,0.4267,0.4331,3115852.0,0
2024-10-15 17:00:00,0.433,0.4348,0.4264,0.4284,1618176.35,0
2024-10-15 18:00:00,0.4281,0.4337,0.427,0.427,1514289.63,0
2024-10-15 19:00:00,0.4269,0.4278,0.4205,0.4231,1442936.49,0
2024-10-15 20:00:00,0.4231,0.4245,0.4154,0.4169,2228672.7,0
2024-10-15 21:00:00,0.4168,0.4206,0.4149,0.42,1412608.04,0
2024-10-15 22:00:00,0.4195,0.4221,0.4183,0.4192,878477.66,0
2024-10-15 23:00:00,0.4193,0.4257,0.4188,0.4255,871837.4,0
2024-10-16 00:00:00,0.4255,0.4256,0.4186,0.4186,1111873.54,0
2024-10-16 01:00:00,0.4186,0.4231,0.4145,0.4205,1261563.55,0
2024-10-16 02:00:00,0.4205,0.4288,0.4205,0.4255,1425108.74,0
2024-10-16 03:00:00,0.4254,0.4276,0.4229,0.4245,603476.95,0
2024-10-16 04:00:00,0.4242,0.4261,0.418,0.4213,919391.4,0
2024-10-16 05:00:00,0.4213,0.4276,0.4212,0.4244,788071.4,0
2024-10-16 06:00:00,0.4243,0.4275,0.4189,0.4205,813447.5,0
2024-10-16 07:00:00,0.4202,0.4202,0.4127,0.4143,1820751.25,0
2024-10-16 08:00:00,0.4144,0.4199,0.4137,0.4169,1257381.38,0
2024-10-16 09:00:00,0.417,0.4256,0.417,0.4253,2825636.88,0
2024-10-16 10:00:00,0.4254,0.4281,0.4229,0.4256,2230100.16,0
2024-10-16 11:00:00,0.4255,0.4304,0.4223,0.4273,2927195.7,0
2024-10-16 12:00:00,0.4271,0.4327,0.4245,0.4253,1322880.12,0
2024-10-16 13:00:00,0.4254,0.4287,0.4184,0.4192,2595235.76,0
2024-10-16 14:00:00,0.4192,0.4255,0.415,0.4177,2218766.74,0
2024-10-16 15:00:00,0.4175,0.4204,0.4143,0.416,726860.75,0
2024-10-16 16:00:00,0.4161,0.4178,0.4085,0.4153,2319950.88,0
2024-10-16 17:00:00,0.4154,0.4176,0.4134,0.4153,545726.79,0
2024-10-16 18:00:00,0.4151,0.4185,0.4145,0.4155,617775.77,0
2024-10-16 19:00:00,0.4156,0.4167,0.4134,0.4143,705375.74,0
2024-10-16 20:00:00,0.4144,0.4211,0.4141,0.4187,972338.5,0
2024-10-16 21:00:00,0.4185,0.4208,0.4158,0.4164,357948.15,0
2024-10-16 22:00:00,0.4163,0.4204,0.4163,0.4193,545185.27,0
2024-10-16 23:00:00,0.4193,0.4195,0.4127,0.4133,480266.38,0
2024-10-17 00:00:00,0.4133,0.4167,0.4123,0.4131,894482.38,0
2024-10-17 01:00:00,0.4133,0.4205,0.4125,0.4203,973069.97,0
2024-10-17 02:00:00,0.4202,0.4204,0.4141,0.4157,713252.15,0
2024-10-17 03:00:00,0.4157,0.4186,0.4153,0.4181,389655.25,0
2024-10-17 04:00:00,0.4181,0.4184,0.4102,0.4102,931981.46,0
2024-10-17 05:00:00,0.4103,0.411,0.4028,0.4038,2705315.23,0
2024-10-17 06:00:00,0.4038,0.4079,0.4013,0.4048,2460122.65,0
2024-10-17 07:00:00,0.4049,0.4064,0.4006,0.4039,1615788.69,0
2024-10-17 08:00:00,0.4038,0.406,0.4012,0.405,925892.9,0
2024-10-17 09:00:00,0.4052,0.4062,0.4022,0.4024,591860.76,0
2024-10-17 10:00:00,0.4024,0.4029,0.396,0.4006,1845126.46,0
2024-10-17 11:00:00,0.4009,0.4009,0.3923,0.3933,1788659.25,0
2024-10-17 12:00:00,0.3932,0.3992,0.3925,0.3976,1222427.4,0
2024-10-17 13:00:00,0.3978,0.4002,0.3932,0.3977,1867403.92,0
2024-10-17 14:00:00,0.3976,0.3987,0.3936,0.3972,1961820.99,0
2024-10-17 15:00:00,0.3974,0.4032,0.395,0.4004,1639586.9,0
2024-10-17 16:00:00,0.4004,0.4013,0.3963,0.3973,805533.57,0
2024-10-17 17:00:00,0.3973,0.3985,0.392,0.3932,1525130.76,0
2024-10-17 18:00:00,0.393,0.3939,0.3871,0.3915,1664647.39,0
2024-10-17 19:00:00,0.3915,0.395,0.3913,0.394,334167.68,0
2024-10-17 20:00:00,0.3939,0.3971,0.3939,0.3943,565308.37,0
2024-10-17 21:00:00,0.3944,0.3957,0.3934,0.394,252649.8,0
2024-10-17 22:00:00,0.3941,0.3962,0.394,0.3958,404578.37,0
2024-10-17 23:00:00,0.3958,0.3958,0.3921,0.3927,460660.66,0
2024-10-18 00:00:00,0.3928,0.3938,0.3889,0.389,844689.57,0
2024-10-18 01:00:00,0.3889,0.3983,0.3889,0.3965,1669569.61,0
2024-10-18 02:00:00,0.3968,0.3978,0.3937,0.3978,1367843.3,0
2024-10-18 03:00:00,0.3978,0.3978,0.3911,0.3912,1045128.8,0
2024-10-18 04:00:00,0.3913,0.3928,0.3896,0.3901,1556035.53,0
2024-10-18 05:00:00,0.3901,0.3929,0.3885,0.3927,778204.35,0
2024-10-18 06:00:00,0.3926,0.3964,0.3914,0.3935,1037042.87,0
2024-10-18 07:00:00,0.3935,0.395,0.3915,0.3945,1081795.93,0
2024-10-18 08:00:00,0.3944,0.3967,0.3935,0.3953,1082709.24,0
2024-10-18 09:00:00,0.3954,0.3962,0.3934,0.3934,607763.71,0
2024-10-18 10:00:00,0.3935,0.3954,0.3927,0.3949,688580.92,0
2024-10-18 11:00:00,0.3949,0.3953,0.3913,0.3915,912282.07,0
2024-10-18 12:00:00,0.3915,0.393,0.3866,0.388,2124447.05,0
2024-10-18 13:00:00,0.388,0.3967,0.3876,0.3964,3334883.35,0
2024-10-18 14:00:00,0.3964,0.3981,0.3924,0.3948,2985602.55,0
2024-10-18 15:00:00,0.3949,0.3989,0.3949,0.3974,1715087.79,0
2024-10-18 16:00:00,0.3975,0.4061,0.3962,0.4058,3448712.54,0
2024-10-18 17:00:00,0.4055,0.4069,0.4019,0.4049,1192083.31,0
2024-10-18 18:00:00,0.4049,0.4094,0.4046,0.4085,826055.83,0
2024-10-18 19:00:00,0.4084,0.4084,0.4037,0.404,845138.82,0
2024-10-18 20:00:00,0.404,0.4058,0.4035,0.4039,639863.02,0
2024-10-18 21:00:00,0.4038,0.4047,0.3995,0.401,1054389.79,0
2024-10-18 22:00:00,0.4009,0.401,0.3985,0.3996,749561.43,0
2024-10-18 23:00:00,0.3995,0.4047,0.3995,0.4046,1171107.29,0
2024-10-19 00:00:00,0.4047,0.4108,0.4033,0.4105,1831107.91,0
2024-10-19 01:00:00,0.4105,0.4149,0.4097,0.4097,1663865.6,0
2024-10-19 02:00:00,0.4099,0.4129,0.409,0.4108,1542962.85,0
2024-10-19 03:00:00,0.4107,0.4136,0.4091,0.4091,728908.46,0
2024-10-19 04:00:00,0.4092,0.4112,0.4055,0.4058,749668.99,0
2024-10-19 05:00:00,0.4057,0.4076,0.403,0.4046,1638350.59,0
2024-10-19 06:00:00,0.4047,0.4048,0.4025,0.4028,784959.29,0
2024-10-19 07:00:00,0.4028,0.4047,0.4018,0.4027,668566.32,0
2024-10-19 08:00:00,0.4028,0.4061,0.4027,0.4047,821555.74,0
2024-10-19 09:00:00,0.4051,0.4063,0.4011,0.4012,468588.54,0
2024-10-19 10:00:00,0.401,0.4019,0.3975,0.3988,1361677.56,0
2024-10-19 11:00:00,0.3989,0.4,0.3945,0.3951,1040839.61,0
2024-10-19 12:00:00,0.3951,0.3996,0.395,0.3991,735054.2,0
2024-10-19 13:00:00,0.399,0.399,0.3966,0.3976,352598.61,0
2024-10-19 14:00:00,0.3976,0.4025,0.3976,0.4023,482326.86,0
2024-10-19 15:00:00,0.4024,0.4029,0.3994,0.4003,543204.33,0
2024-10-19 16:00:00,0.4004,0.4005,0.3958,0.3959,683091.72,0
2024-10-19 17:00:00,0.3958,0.3987,0.3958,0.397,429516.78,0
2024-10-19 18:00:00,0.397,0.3994,0.3966,0.3985,209675.78,0
2024-10-19 19:00:00,0.3986,0.4008,0.3977,0.3983,322763.67,0
2024-10-19 20:00:00,0.3983,0.4017,0.3981,0.401,307230.41,0
2024-10-19 21:00:00,0.4009,0.4052,0.4008,0.4044,812581.59,0
2024-10-19 22:00:00,0.4045,0.4071,0.404,0.4069,480790.06,0
2024-10-19 23:00:00,0.4069,0.4094,0.4057,0.4081,527238.25,0
2024-10-20 00:00:00,0.4083,0.4122,0.4068,0.4071,1258656.09,0
2024-10-20 01:00:00,0.407,0.4071,0.4036,0.404,502362.89,0
2024-10-20 02:00:00,0.4042,0.4064,0.4027,0.4031,343211.43,0
2024-10-20 03:00:00,0.4031,0.4038,0.3997,0.4033,717058.67,0
2024-10-20 04:00:00,0.4033,0.4085,0.4022,0.4061,909756.29,0
2024-10-20 05:00:00,0.4061,0.4103,0.406,0.4086,1013951.26,0
2024-10-20 06:00:00,0.4085,0.4167,0.4067,0.4132,3192666.75,0
2024-10-20 07:00:00,0.4133,0.414,0.4098,0.4104,713012.72,0
2024-10-20 08:00:00,0.4103,0.4134,0.4096,0.4107,1172112.39,0
2024-10-20 09:00:00,0.411,0.4154,0.409,0.4145,797787.23,0
2024-10-20 10:00:00,0.4145,0.4171,0.4133,0.4171,986066.37,0
2024-10-20 11:00:00,0.4171,0.4213,0.4159,0.4196,1227169.0,0
2024-10-20 12:00:00,0.4198,0.4249,0.4164,0.4201,3378607.55,0
2024-10-20 13:00:00,0.4201,0.43,0.4191,0.4287,4040954.21,0
2024-10-20 14:00:00,0.4288,0.438,0.4286,0.4315,4861237.41,0
2024-10-20 15:00:00,0.4315,0.4319,0.4255,0.4318,1935836.73,0
2024-10-20 16:00:00,0.4317,0.4349,0.4298,0.4327,1912874.37,0
2024-10-20 17:00:00,0.4328,0.4333,0.4286,0.43,1380787.09,0
2024-10-20 18:00:00,0.43,0.4309,0.4275,0.4285,423854.64,0
2024-10-20 19:00:00,0.4287,0.4292,0.4261,0.4279,837250.36,0
2024-10-20 20:00:00,0.428,0.43,0.427,0.4278,568038.2,0
2024-10-20 21:00:00,0.4279,0.4312,0.4276,0.4301,1272969.71,0
2024-10-20 22:00:00,0.4302,0.4344,0.4285,0.4325,2205653.27,0
2024-10-20 23:00:00,0.4326,0.4346,0.4303,0.4338,1860751.29,0
2024-10-21 00:00:00,0.4339,0.4398,0.4339,0.4378,3301273.76,0
2024-10-21 01:00:00,0.4377,0.4416,0.4347,0.438,1800924.63,0
2024-10-21 02:00:00,0.4382,0.4393,0.4335,0.4338,1687610.53,0
2024-10-21 03:00:00,0.4337,0.4356,0.4314,0.4319,1263915.34,0
2024-10-21 04:00:00,0.4319,0.4393,0.4292,0.4388,4130266.56,0
2024-10-21 05:00:00,0.4387,0.441,0.4345,0.4345,1309397.41,0
2024-10-21 06:00:00,0.4343,0.437,0.4289,0.4294,1637973.3,0
2024-10-21 07:00:00,0.4293,0.4308,0.4243,0.4245,2331129.03,0
2024-10-21 08:00:00,0.4246,0.429,0.4234,0.4251,1438461.74,0
2024-10-21 09:00:00,0.425,0.4269,0.4198,0.4232,2551048.2,0
2024-10-21 10:00:00,0.4234,0.4244,0.4199,0.4204,693985.77,0
2024-10-21 11:00:00,0.4205,0.4214,0.4166,0.4197,1435242.48,0
2024-10-21 12:00:00,0.4197,0.422,0.4166,0.4193,1296230.92,0
2024-10-21 13:00:00,0.4191,0.4207,0.4131,0.4162,2981150.01,0
2024-10-21 14:00:00,0.4163,0.4216,0.4153,0.42,1944943.87,0
2024-10-21 15:00:00,0.4201,0.4219,0.4159,0.4219,1624108.64,0
2024-10-21 16:00:00,0.422,0.4222,0.4133,0.4182,1346606.04,0
2024-10-21 17:00:00,0.418,0.4205,0.4177,0.4188,529816.03,0
2024-10-21 18:00:00,0.4188,0.4191,0.4157,0.417,734876.23,0
2024-10-21 19:00:00,0.4169,0.4224,0.4169,0.4217,598860.32,0
2024-10-21 20:00:00,0.4217,0.4226,0.4201,0.4218,417782.8,0
2024-10-21 21:00:00,0.4216,0.4238,0.4216,0.4236,390988.6,0
2024-10-21 22:00:00,0.4236,0.4246,0.42,0.4207,1266913.94,0
2024-10-21 23:00:00,0.4205,0.4205,0.4149,0.4158,746589.7,0
2024-10-22 00:00:00,0.4157,0.4193,0.4111,0.4193,1898860.63,0
2024-10-22 01:00:00,0.4194,0.4242,0.4174,0.4235,1144505.2,0
2024-10-22 02:00:00,0.4237,0.4272,0.4188,0.4199,1464552.99,0
2024-10-22 03:00:00,0.42,0.4232,0.4193,0.422,1819068.83,0
2024-10-22 04:00:00,0.4219,0.422,0.4186,0.4203,346063.62,0
2024-10-22 05:00:00,0.4203,0.4244,0.4199,0.4227,822107.63,0
2024-10-22 06:00:00,0.4228,0.4265,0.4228,0.4237,802113.43,0
2024-10-22 07:00:00,0.4238,0.427,0.4208,0.4213,1056779.27,0
2024-10-22 08:00:00,0.4212,0.4223,0.4124,0.4134,3331550.78,0
2024-10-22 09:00:00,0.4133,0.4157,0.4073,0.4111,4319694.65,0
2024-10-22 10:00:00,0.4111,0.4145,0.4093,0.4139,739175.58,0
2024-10-22 11:00:00,0.414,0.4153,0.413,0.4138,692105.98,0
2024-10-22 12:00:00,0.4136,0.4155,0.4072,0.4072,1180923.42,0
2024-10-22 13:00:00,0.4072,0.4085,0.4021,0.4073,2480844.6,0
2024-10-22 14:00:00,0.4072,0.4117,0.4056,0.4103,1870529.49,0
2024-10-22 15:00:00,0.4103,0.4117,0.4066,0.4106,1104247.44,0
2024-10-22 16:00:00,0.4105,0.4121,0.4051,0.4053,867983.64,0
2024-10-22 17:00:00,0.4052,0.4146,0.4051,0.4141,1198307.43,0
2024-10-22 18:00:00,0.4141,0.415,0.4118,0.4123,818215.37,0
2024-10-22 19:00:00,0.4122,0.4154,0.412,0.414,440703.36,0
2024-10-22 20:00:00,0.4139,0.4153,0.4132,0.4141,359366.13,0
2024-10-22 21:00:00,0.414,0.4154,0.4126,0.4147,311302.16,0
2024-10-22 22:00:00,0.4146,0.4213,0.414,0.4204,1050720.81,0
2024-10-22 23:00:00,0.4203,0.4227,0.4192,0.4227,931522.24,0
2024-10-23 00:00:00,0.4227,0.4239,0.4179,0.4205,1356340.33,0
2024-10-23 01:00:00,0.4204,0.4257,0.4204,0.4231,1464881.49,0
2024-10-23 02:00:00,0.423,0.4232,0.4144,0.4145,821811.92,0
2024-10-23 03:00:00,0.4142,0.4174,0.411,0.4173,1733988.27,0
2024-10-23 04:00:00,0.4175,0.4195,0.4159,0.4171,907490.52,0
2024-10-23 05:00:00,0.4171,0.4204,0.4139,0.4153,768756.95,0
2024-10-23 06:00:00,0.4153,0.4191,0.4126,0.4129,1940605.1,0
2024-10-23 07:00:00,0.4129,0.4142,0.4085,0.4106,2487244.39,0
2024-10-23 08:00:00,0.4107,0.4136,0.4062,0.4069,1525732.91,0
2024-10-23 09:00:00,0.4073,0.4093,0.404,0.4082,2049586.73,0
2024-10-23 10:00:00,0.4082,0.4092,0.4031,0.4039,775221.33,0
2024-10-23 11:00:00,0.4039,0.4058,0.4017,0.4028,1004179.02,0
2024-10-23 12:00:00,0.4024,0.4045,0.3995,0.4029,1826895.82,0
2024-10-23 13:00:00,0.4028,0.4091,0.4024,0.4079,1097633.48,0
2024-10-23 14:00:00,0.4078,0.4087,0.4036,0.404,1009684.57,0
2024-10-23 15:00:00,0.404,0.4041,0.3939,0.397,4200294.55,0
2024-10-23 16:00:00,0.397,0.3973,0.3883,0.3894,2953319.93,0
2024-10-23 17:00:00,0.3893,0.3949,0.3889,0.389,2096080.84,0
2024-10-23 18:00:00,0.3892,0.391,0.3842,0.3908,2827593.4,0
2024-10-23 19:00:00,0.3907,0.3954,0.3896,0.3949,1147503.88,0
2024-10-23 20:00:00,0.3951,0.3976,0.3936,0.3971,656242.38,0
2024-10-23 21:00:00,0.3972,0.3984,0.3961,0.3964,872738.57,0
2024-10-23 22:00:00,0.3962,0.3996,0.3961,0.3976,885232.9,0
2024-10-23 23:00:00,0.3976,0.4011,0.3968,0.3997,1123101.72,0
2024-10-24 00:00:00,0.3998,0.4089,0.3983,0.4085,1950024.88,0
2024-10-24 01:00:00,0.4085,0.4097,0.4039,0.4052,1906022.37,0
2024-10-24 02:00:00,0.4052,0.4059,0.4028,0.4053,860153.67,0
2024-10-24 03:00:00,0.4054,0.4074,0.4033,0.4035,736096.75,0
2024-10-24 04:00:00,0.4035,0.406,0.4027,0.4054,477002.01,0
2024-10-24 05:00:00,0.4055,0.4074,0.4051,0.4057,734628.81,0
2024-10-24 06:00:00,0.4057,0.4098,0.4034,0.4034,848624.98,0
2024-10-24 07:00:00,0.4033,0.4041,0.3988,0.3995,2182038.96,0
2024-10-24 08:00:00,0.3993,0.4015,0.3935,0.3935,1487372.98,0
2024-10-24 09:00:00,0.3937,0.3975,0.3924,0.3956,1420781.7,0
2024-10-24 10:00:00,0.3957,0.3993,0.3956,0.3982,699092.37,0
2024-10-24 11:00:00,0.3982,0.4024,0.3976,0.4006,660503.22,0
2024-10-24 12:00:00,0.4007,0.4043,0.4001,0.4016,2135055.39,0
2024-10-24 13:00:00,0.4017,0.403,0.3997,0.4016,1288443.92,0
2024-10-24 14:00:00,0.4016,0.4019,0.3969,0.3982,2331013.38,0
2024-10-24 15:00:00,0.3983,0.4032,0.3978,0.4017,860364.53,0
2024-10-24 16:00:00,0.4018,0.4034,0.4,0.4008,1080991.31,0
2024-10-24 17:00:00,0.4009,0.4011,0.3988,0.3996,533923.08,0
2024-10-24 18:00:00,0.3996,0.4018,0.3994,0.3998,1531852.92,0
2024-10-24 19:00:00,0.3997,0.4037,0.3993,0.4031,842630.96,0
2024-10-24 20:00:00,0.4033,0.4033,0.4004,0.4015,404561.75,0
2024-10-24 21:00:00,0.4017,0.4074,0.4013,0.4036,643398.72,0
2024-10-24 22:00:00,0.4035,0.4048,0.3996,0.4,744247.2,0
2024-10-24 23:00:00,0.3999,0.4021,0.3994,0.4014,853164.32,0
2024-10-25 00:00:00,0.4014,0.4035,0.4001,0.4012,769450.54,0
2024-10-25 01:00:00,0.4012,0.4012,0.3973,0.3982,860585.39,0
2024-10-25 02:00:00,0.3982,0.3998,0.3945,0.3984,1017748.08,0
2024-10-25 03:00:00,0.3984,0.4012,0.3984,0.3989,533467.58,0
2024-10-25 04:00:00,0.399,0.3993,0.3906,0.3915,1936958.02,0
2024-10-25 05:00:00,0.3915,0.3933,0.3891,0.392,840714.27,0
2024-10-25 06:00:00,0.392,0.3951,0.3914,0.3931,535351.82,0
2024-10-25 07:00:00,0.3931,0.3942,0.3882,0.3927,909275.33,0
2024-10-25 08:00:00,0.3928,0.398,0.3904,0.3978,1022397.28,0
2024-10-25 09:00:00,0.3977,0.4014,0.3971,0.4012,1003447.08,0
2024-10-25 10:00:00,0.4013,0.4025,0.3991,0.4016,617320.66,0
2024-10-25 11:00:00,0.4017,0.4032,0.4005,0.4007,574136.93,0
2024-10-25 12:00:00,0.4006,0.4029,0.398,0.3983,800241.84,0
2024-10-25 13:00:00,0.3984,0.403,0.3968,0.4027,1220688.39,0
2024-10-25 14:00:00,0.4026,0.4052,0.4003,0.4013,910773.82,0
2024-10-25 15:00:00,0.4013,0.4027,0.3916,0.393,1689535.36,0
2024-10-25 16:00:00,0.3931,0.3961,0.3899,0.3928,1802081.21,0
2024-10-25 17:00:00,0.3929,0.3951,0.3858,0.3864,1420845.13,0
2024-10-25 18:00:00,0.3864,0.3937,0.3819,0.388,3346556.15,0
2024-10-25 19:00:00,0.3879,0.3894,0.3861,0.3883,829316.78,0
2024-10-25 20:00:00,0.3882,0.3889,0.3852,0.3866,563904.38,0
2024-10-25 21:00:00,0.387,0.3899,0.3866,0.3898,286422.46,0
2024-10-25 22:00:00,0.3898,0.3898,0.3842,0.3843,481916.0,0
2024-10-25 23:00:00,0.3844,0.3846,0.3439,0.3599,16665102.04,0
2024-10-26 00:00:00,0.3597,0.3618,0.3521,0.3609,9545268.31,0
2024-10-26 01:00:00,0.3609,0.3627,0.3586,0.3607,2874647.7,0
2024-10-26 02:00:00,0.3607,0.3684,0.3581,0.3658,2461216.06,0
2024-10-26 03:00:00,0.3656,0.3676,0.3651,0.3667,928365.49,0
2024-10-26 04:00:00,0.3666,0.3674,0.3655,0.3667,1303648.16,0
2024-10-26 05:00:00,0.3668,0.3685,0.3649,0.3679,1201831.85,0
2024-10-26 06:00:00,0.368,0.3693,0.3661,0.369,1253912.23,0
2024-10-26 07:00:00,0.3689,0.3695,0.3656,0.3656,1316656.85,0
2024-10-26 08:00:00,0.3656,0.3685,0.3649,0.3682,1336216.63,0
2024-10-26 09:00:00,0.3681,0.3695,0.3667,0.3687,544909.61,0
2024-10-26 10:00:00,0.3687,0.3703,0.3672,0.3676,566475.41,0
2024-10-26 11:00:00,0.3675,0.3696,0.3664,0.3692,700773.7,0
2024-10-26 12:00:00,0.3692,0.3702,0.3678,0.3686,1124388.62,0
2024-10-26 13:00:00,0.3686,0.3688,0.3629,0.3636,1673299.54,0
2024-10-26 14:00:00,0.3635,0.3649,0.3582,0.3588,2425488.89,0
2024-10-26 15:00:00,0.3587,0.3641,0.3577,0.3625,1197474.91,0
2024-10-26 16:00:00,0.3626,0.366,0.3607,0.3657,740361.6,0
2024-10-26 17:00:00,0.3657,0.3679,0.3653,0.3666,1107678.41,0
2024-10-26 18:00:00,0.3669,0.3685,0.3661,0.3664,624455.61,0
2024-10-26 19:00:00,0.3664,0.3695,0.3663,0.3687,522128.18,0
2024-10-26 20:00:00,0.3685,0.3728,0.368,0.37,547117.85,0
2024-10-26 21:00:00,0.3701,0.3713,0.3687,0.3696,353541.87,0
2024-10-26 22:00:00,0.3693,0.3708,0.3689,0.3693,145003.72,0
2024-10-26 23:00:00,0.3692,0.3706,0.3683,0.3703,268086.02,0
2024-10-27 00:00:00,0.3702,0.3704,0.3672,0.3679,514118.55,0
2024-10-27 01:00:00,0.3681,0.3702,0.3661,0.3693,344094.83,0
2024-10-27 02:00:00,0.3693,0.3717,0.3683,0.3687,826624.05,0
2024-10-27 03:00:00,0.3686,0.3722,0.3682,0.372,661915.8,0
2024-10-27 04:00:00,0.3721,0.3735,0.3715,0.3715,561792.41,0
2024-10-27 05:00:00,0.3718,0.3737,0.3716,0.373,280470.97,0
2024-10-27 06:00:00,0.373,0.373,0.3702,0.371,419661.61,0
2024-10-27 07:00:00,0.3709,0.3713,0.3694,0.3699,378545.61,0
2024-10-27 08:00:00,0.3699,0.372,0.3699,0.3707,563016.51,0
2024-10-27 09:00:00,0.3706,0.3707,0.3672,0.369,968323.7,0
2024-10-27 10:00:00,0.369,0.3704,0.3678,0.3683,296712.47,0
2024-10-27 11:00:00,0.3683,0.3716,0.368,0.37,392495.34,0
2024-10-27 12:00:00,0.37,0.3744,0.3699,0.3719,823473.74,0
2024-10-27 13:00:00,0.3721,0.3771,0.3721,0.3734,739295.25,0
2024-10-27 14:00:00,0.3734,0.376,0.3733,0.3741,624180.0,0
2024-10-27 15:00:00,0.374,0.3769,0.374,0.3766,572943.72,0
2024-10-27 16:00:00,0.3768,0.3791,0.3758,0.3776,1262937.93,0
2024-10-27 17:00:00,0.3777,0.3788,0.3756,0.3771,716776.09,0
2024-10-27 18:00:00,0.3772,0.3786,0.3753,0.378,711605.95,0
2024-10-27 19:00:00,0.378,0.3785,0.3756,0.3777,524192.39,0
2024-10-27 20:00:00,0.3778,0.3809,0.3778,0.3805,1146415.38,0
2024-10-27 21:00:00,0.3805,0.3843,0.3797,0.383,1036865.76,0
2024-10-27 22:00:00,0.3831,0.3864,0.3822,0.3823,944823.84,0
2024-10-27 23:00:00,0.3825,0.384,0.3785,0.3786,585434.07,0
2024-10-28 00:00:00,0.3787,0.3805,0.3764,0.3765,1020295.2,0
2024-10-28 01:00:00,0.3765,0.377,0.373,0.3734,757703.72,0
2024-10-28 02:00:00,0.3733,0.3748,0.3715,0.3724,837845.41,0
2024-10-28 03:00:00,0.3722,0.3738,0.3676,0.3685,1079608.66,0
2024-10-28 04:00:00,0.3683,0.3707,0.3672,0.3686,928818.43,0
2024-10-28 05:00:00,0.3684,0.3702,0.3645,0.3699,970683.43,0
2024-10-28 06:00:00,0.3698,0.3705,0.3677,0.3704,527819.14,0
2024-10-28 07:00:00,0.3705,0.3774,0.3703,0.3747,1335563.01,0
2024-10-28 08:00:00,0.3748,0.3776,0.3746,0.3765,598497.86,0
2024-10-28 09:00:00,0.3764,0.3788,0.3727,0.3783,1522680.48,0
2024-10-28 10:00:00,0.3782,0.3784,0.3761,0.3766,1012061.23,0
2024-10-28 11:00:00,0.3766,0.3771,0.3744,0.3746,677906.87,0
2024-10-28 12:00:00,0.3746,0.3754,0.3721,0.3737,1578622.98,0
2024-10-28 13:00:00,0.3736,0.3747,0.3699,0.37,1483314.6,0
2024-10-28 14:00:00,0.3701,0.3728,0.3689,0.3706,1844800.24,0
2024-10-28 15:00:00,0.3707,0.3707,0.3663,0.3669,1597467.82,0
2024-10-28 16:00:00,0.3669,0.3698,0.3647,0.3654,1183739.15,0
2024-10-28 17:00:00,0.3655,0.3693,0.3616,0.3667,2426309.32,0
2024-10-28 18:00:00,0.3669,0.3691,0.3651,0.368,517076.82,0
2024-10-28 19:00:00,0.3674,0.3726,0.3667,0.3689,1999624.1,0
2024-10-28 20:00:00,0.369,0.3744,0.3689,0.3744,616158.18,0
2024-10-28 21:00:00,0.3745,0.3788,0.3729,0.3786,1366204.92,0
2024-10-28 22:00:00,0.3788,0.3849,0.3786,0.3792,1941698.42,0
2024-10-28 23:00:00,0.3794,0.3812,0.3761,0.3767,1585355.11,0
2024-10-29 00:00:00,0.3768,0.3837,0.3765,0.3828,871375.89,0
2024-10-29 01:00:00,0.3829,0.3844,0.3806,0.3833,690521.29,0
2024-10-29 02:00:00,0.3832,0.3892,0.382,0.389,2637423.41,0
2024-10-29 03:00:00,0.3891,0.392,0.3878,0.3886,1715299.9,0
2024-10-29 04:00:00,0.3887,0.3919,0.3875,0.3881,1337669.94,0
2024-10-29 05:00:00,0.3884,0.3885,0.385,0.3852,1040282.42,0
2024-10-29 06:00:00,0.3852,0.3875,0.3839,0.3856,1355086.83,0
2024-10-29 07:00:00,0.3856,0.3882,0.3842,0.3856,1612889.24,0
2024-10-29 08:00:00,0.3857,0.3893,0.3857,0.3873,689752.42,0
2024-10-29 09:00:00,0.3873,0.3882,0.386,0.3882,703815.06,0
2024-10-29 10:00:00,0.3883,0.3892,0.3857,0.3876,425725.29,0
2024-10-29 11:00:00,0.3876,0.3895,0.3872,0.3878,867633.36,0
2024-10-29 12:00:00,0.3877,0.3901,0.3872,0.3887,1247776.67,0
2024-10-29 13:00:00,0.3887,0.3919,0.388,0.3912,1321040.37,0
2024-10-29 14:00:00,0.3911,0.3922,0.3876,0.3884,931591.69,0
2024-10-29 15:00:00,0.3884,0.3905,0.3874,0.3905,1250467.83,0
2024-10-29 16:00:00,0.3904,0.3984,0.3904,0.3977,1713427.43,0
2024-10-29 17:00:00,0.3979,0.3997,0.3947,0.3958,1435119.64,0
2024-10-29 18:00:00,0.3958,0.3984,0.3949,0.3971,686408.8,0
2024-10-29 19:00:00,0.397,0.3981,0.3879,0.3886,1911778.46,0
2024-10-29 20:00:00,0.3887,0.3905,0.385,0.3886,974455.27,0
2024-10-29 21:00:00,0.3885,0.3913,0.3874,0.3903,414444.15,0
2024-10-29 22:00:00,0.3904,0.3939,0.39,0.3926,591026.59,0
2024-10-29 23:00:00,0.3926,0.3944,0.3917,0.3942,315202.28,0
2024-10-30 00:00:00,0.3942,0.3945,0.3897,0.3908,475651.9,0
2024-10-30 01:00:00,0.3907,0.3907,0.3862,0.3892,1027292.73,0
2024-10-30 02:00:00,0.3893,0.391,0.3884,0.3902,301577.5,0
2024-10-30 03:00:00,0.3902,0.3948,0.3901,0.393,729739.44,0
2024-10-30 04:00:00,0.393,0.3945,0.3915,0.3926,1137559.99,0
2024-10-30 05:00:00,0.3925,0.3932,0.3902,0.391,266894.34,0
2024-10-30 06:00:00,0.3909,0.3963,0.3909,0.3925,1451437.94,0
2024-10-30 07:00:00,0.3927,0.395,0.3907,0.3917,940676.15,0
2024-10-30 08:00:00,0.3919,0.3954,0.39,0.3903,1823300.17,0
2024-10-30 09:00:00,0.3903,0.3973,0.3898,0.396,1616379.45,0
2024-10-30 10:00:00,0.396,0.3984,0.3933,0.3938,1058923.56,0
2024-10-30 11:00:00,0.3937,0.3945,0.3895,0.3898,1509661.93,0
2024-10-30 12:00:00,0.3898,0.394,0.3875,0.3931,1783410.25,0
2024-10-30 13:00:00,0.3931,0.3987,0.3915,0.3985,2134353.54,0
2024-10-30 14:00:00,0.3985,0.4063,0.3974,0.4006,4189312.14,0
2024-10-30 15:00:00,0.4006,0.4009,0.393,0.3949,2435196.61,0
2024-10-30 16:00:00,0.3948,0.399,0.3926,0.3978,1777455.53,0
2024-10-30 17:00:00,0.3973,0.3978,0.3928,0.3941,660615.08,0
2024-10-30 18:00:00,0.3942,0.3959,0.3929,0.3939,680825.78,0
2024-10-30 19:00:00,0.3936,0.3941,0.3921,0.3928,320319.03,0
2024-10-30 20:00:00,0.3928,0.397,0.3901,0.3969,1343264.83,0
2024-10-30 21:00:00,0.3968,0.3975,0.3914,0.3932,420167.12,0
2024-10-30 22:00:00,0.393,0.3937,0.3908,0.3932,332432.49,0
2024-10-30 23:00:00,0.3933,0.3949,0.3923,0.3923,429730.67,0
2024-10-31 00:00:00,0.3924,0.3937,0.3902,0.3903,345601.9,0
2024-10-31 01:00:00,0.3905,0.3929,0.3876,0.3923,682691.02,0
2024-10-31 02:00:00,0.392,0.3944,0.3893,0.3915,510019.99,0
2024-10-31 03:00:00,0.3917,0.3927,0.3894,0.3896,705394.6,0
2024-10-31 04:00:00,0.3895,0.3908,0.3884,0.3894,421067.44,0
2024-10-31 05:00:00,0.3893,0.392,0.3887,0.3896,898377.7,0
2024-10-31 06:00:00,0.3894,0.3898,0.3864,0.3867,2870821.94,0
2024-10-31 07:00:00,0.3867,0.3877,0.3825,0.3862,2730841.22,0
2024-10-31 08:00:00,0.3863,0.3864,0.3817,0.3836,1903957.52,0
2024-10-31 09:00:00,0.3834,0.3849,0.3826,0.3842,539361.96,0
2024-10-31 10:00:00,0.3837,0.3856,0.3808,0.3848,1069708.85,0
2024-10-31 11:00:00,0.3849,0.3853,0.3815,0.3824,430905.17,0
2024-10-31 12:00:00,0.3822,0.3829,0.3793,0.3815,837402.02,0
2024-10-31 13:00:00,0.3814,0.3827,0.375,0.3769,2372936.2,0
2024-10-31 14:00:00,0.377,0.3779,0.3702,0.3727,2923250.92,0
2024-10-31 15:00:00,0.3728,0.3779,0.3712,0.3767,1245759.06,0
2024-10-31 16:00:00,0.3767,0.377,0.3727,0.3736,508428.98,0
2024-10-31 17:00:00,0.3735,0.3746,0.3683,0.3703,969484.77,0
2024-10-31 18:00:00,0.37,0.37,0.365,0.3675,1455697.24,0
2024-10-31 19:00:00,0.3673,0.3688,0.3649,0.3655,523404.31,0
2024-10-31 20:00:00,0.3655,0.3715,0.3653,0.3714,1091096.89,0
2024-10-31 21:00:00,0.371,0.3732,0.3695,0.3729,1232748.45,0
2024-10-31 22:00:00,0.3729,0.3733,0.3701,0.3719,746406.51,0
2024-10-31 23:00:00,0.3716,0.3728,0.3704,0.371,363185.14,0
2024-11-01 00:00:00,0.3709,0.3716,0.3684,0.3686,398206.63,0
2024-11-01 01:00:00,0.3685,0.3687,0.3637,0.3651,954198.44,0
2024-11-01 02:00:00,0.3649,0.3681,0.36,0.3676,1136434.05,0
2024-11-01 03:00:00,0.3675,0.3697,0.3674,0.3683,307389.17,0
2024-11-01 04:00:00,0.3682,0.3698,0.3678,0.369,402512.32,0
2024-11-01 05:00:00,0.3691,0.3692,0.365,0.3653,404577.4,0
2024-11-01 06:00:00,0.3652,0.3652,0.3611,0.3612,986872.03,0
2024-11-01 07:00:00,0.3613,0.3642,0.3595,0.3632,813219.04,0
2024-11-01 08:00:00,0.3632,0.3665,0.3619,0.3635,2751796.54,0
2024-11-01 09:00:00,0.3636,0.3665,0.3631,0.3664,593580.77,0
2024-11-01 10:00:00,0.3664,0.3695,0.3659,0.3688,877989.6,0
2024-11-01 11:00:00,0.3689,0.3697,0.3677,0.3682,463791.63,0
2024-11-01 12:00:00,0.3681,0.3731,0.3676,0.3724,1237130.75,0
2024-11-01 13:00:00,0.3725,0.3783,0.3714,0.3783,2173254.05,0
2024-11-01 14:00:00,0.3783,0.3804,0.3746,0.3764,1333069.82,0
2024-11-01 15:00:00,0.3765,0.3771,0.3603,0.363,2341209.3,0
2024-11-01 16:00:00,0.3632,0.3702,0.3626,0.3684,1035452.58,0
2024-11-01 17:00:00,0.3685,0.3697,0.3657,0.3669,772880.25,0
2024-11-01 18:00:00,0.367,0.3684,0.366,0.3664,547938.38,0
2024-11-01 19:00:00,0.3664,0.3682,0.3643,0.3672,563738.05,0
2024-11-01 20:00:00,0.3672,0.37,0.3665,0.3678,493021.99,0
2024-11-01 21:00:00,0.3675,0.3675,0.3598,0.3648,660527.52,0
2024-11-01 22:00:00,0.3643,0.3667,0.3633,0.3646,331544.64,0
2024-11-01 23:00:00,0.3644,0.3669,0.364,0.3669,161817.3,0
2024-11-02 00:00:00,0.3666,0.3695,0.3662,0.3682,275619.52,0
2024-11-02 01:00:00,0.3683,0.3702,0.3676,0.3698,285666.8,0
2024-11-02 02:00:00,0.3698,0.3709,0.3685,0.3685,345879.75,0
2024-11-02 03:00:00,0.3685,0.3699,0.3669,0.3675,518397.11,0
2024-11-02 04:00:00,0.3675,0.3682,0.365,0.365,279545.67,0
2024-11-02 05:00:00,0.365,0.3672,0.3626,0.3666,628819.75,0
2024-11-02 06:00:00,0.3667,0.3672,0.3646,0.366,274747.76,0
2024-11-02 07:00:00,0.3658,0.3661,0.3642,0.3656,344552.19,0
2024-11-02 08:00:00,0.3656,0.3664,0.3628,0.3629,342605.04,0
2024-11-02 09:00:00,0.3627,0.3648,0.3621,0.3631,217491.33,0
2024-11-02 10:00:00,0.3631,0.3633,0.3606,0.3627,1055325.71,0
2024-11-02 11:00:00,0.3626,0.3637,0.3615,0.3619,217932.29,0
2024-11-02 12:00:00,0.3618,0.363,0.3566,0.3575,2173849.94,0
2024-11-02 13:00:00,0.3577,0.3605,0.3537,0.3551,1505084.37,0
2024-11-02 14:00:00,0.3553,0.3586,0.3544,0.3581,717479.26,0
2024-11-02 15:00:00,0.358,0.3613,0.3554,0.3604,1447289.77,0
2024-11-02 16:00:00,0.3606,0.3626,0.3583,0.3623,667477.18,0
2024-11-02 17:00:00,0.3622,0.3623,0.3587,0.3597,305402.65,0
2024-11-02 18:00:00,0.3597,0.36,0.3557,0.3575,655173.35,0
2024-11-02 19:00:00,0.3576,0.3611,0.3571,0.3604,323249.74,0
2024-11-02 20:00:00,0.3605,0.3616,0.3599,0.361,238179.45,0
2024-11-02 21:00:00,0.3612,0.3632,0.3606,0.3625,752496.47,0
2024-11-02 22:00:00,0.3623,0.3636,0.3609,0.3616,285467.79,0
2024-11-02 23:00:00,0.3615,0.3619,0.3589,0.3618,353389.24,0
2024-11-03 00:00:00,0.3619,0.3634,0.3597,0.3598,621857.02,0
2024-11-03 01:00:00,0.3598,0.3622,0.3575,0.3575,502453.96,0
2024-11-03 02:00:00,0.3576,0.3598,0.3464,0.3494,4344361.06,0
2024-11-03 03:00:00,0.3493,0.3523,0.3444,0.3511,2924185.5,0
2024-11-03 04:00:00,0.351,0.3556,0.3507,0.3546,635775.03,0
2024-11-03 05:00:00,0.3548,0.3558,0.3501,0.3502,949916.25,0
2024-11-03 06:00:00,0.3501,0.3557,0.35,0.354,664976.12,0
2024-11-03 07:00:00,0.3543,0.3548,0.3517,0.3523,173107.13,0
2024-11-03 08:00:00,0.3524,0.3544,0.352,0.354,668849.32,0
2024-11-03 09:00:00,0.354,0.3546,0.3493,0.3497,778507.72,0
2024-11-03 10:00:00,0.3498,0.3596,0.3494,0.3519,2919263.7,0
2024-11-03 11:00:00,0.3519,0.3534,0.3486,0.3493,1059322.52,0
2024-11-03 12:00:00,0.3493,0.3517,0.3479,0.3483,552692.1,0
2024-11-03 13:00:00,0.3484,0.3492,0.3387,0.3402,3076071.92,0
2024-11-03 14:00:00,0.3403,0.3432,0.334,0.3361,4145924.37,0
2024-11-03 15:00:00,0.3361,0.3403,0.3302,0.3398,3277206.76,0
2024-11-03 16:00:00,0.3396,0.3431,0.3375,0.339,1750738.19,0
2024-11-03 17:00:00,0.3391,0.3436,0.3389,0.3416,956551.38,0
2024-11-03 18:00:00,0.3418,0.342,0.3354,0.3364,749396.88,0
2024-11-03 19:00:00,0.3362,0.3445,0.336,0.3439,1267586.93,0
2024-11-03 20:00:00,0.3439,0.3472,0.3421,0.3465,888367.44,0
2024-11-03 21:00:00,0.3466,0.3482,0.3438,0.3459,922887.22,0
2024-11-03 22:00:00,0.3464,0.3469,0.3445,0.3453,535584.1,0
2024-11-03 23:00:00,0.3452,0.3471,0.3426,0.346,923440.94,0
2024-11-04 00:00:00,0.3459,0.3459,0.3398,0.343,1129571.57,0
2024-11-04 01:00:00,0.3431,0.3491,0.3424,0.3462,955149.7,0
2024-11-04 02:00:00,0.3463,0.349,0.3454,0.3486,1108217.78,0
2024-11-04 03:00:00,0.3487,0.351,0.346,0.3462,453669.54,0
2024-11-04 04:00:00,0.3466,0.3487,0.3455,0.346,305529.15,0
2024-11-04 05:00:00,0.346,0.3464,0.3416,0.342,568394.46,0
2024-11-04 06:00:00,0.342,0.3465,0.342,0.346,293789.76,0
2024-11-04 07:00:00,0.346,0.3465,0.3426,0.3429,397890.65,0
2024-11-04 08:00:00,0.3431,0.3447,0.3401,0.3413,594576.85,0
2024-11-04 09:00:00,0.3409,0.3444,0.3403,0.3426,644521.29,0
2024-11-04 10:00:00,0.3427,0.3478,0.3419,0.3456,946535.86,0
2024-11-04 11:00:00,0.3456,0.3482,0.3443,0.3459,307231.68,0
2024-11-04 12:00:00,0.346,0.3488,0.345,0.3469,734907.98,0
2024-11-04 13:00:00,0.3469,0.3495,0.3444,0.3444,793801.99,0
2024-11-04 14:00:00,0.3445,0.3456,0.3417,0.3437,1066961.27,0
2024-11-04 15:00:00,0.3437,0.345,0.3418,0.343,560324.51,0
2024-11-04 16:00:00,0.3428,0.3436,0.3364,0.3385,1598199.21,0
2024-11-04 17:00:00,0.3385,0.343,0.3374,0.3413,1052439.29,0
2024-11-04 18:00:00,0.3412,0.3441,0.34,0.3422,1004180.03,0
2024-11-04 19:00:00,0.3424,0.344,0.3412,0.3414,390155.61,0
2024-11-04 20:00:00,0.3414,0.342,0.3386,0.3396,386782.53,0
2024-11-04 21:00:00,0.3395,0.3412,0.3272,0.3287,2330501.29,0
2024-11-04 22:00:00,0.3282,0.3381,0.3277,0.3364,907485.38,0
2024-11-04 23:00:00,0.3363,0.3366,0.3332,0.3344,672601.59,0
2024-11-05 00:00:00,0.3343,0.341,0.3342,0.3396,1056318.2,0
2024-11-05 01:00:00,0.3396,0.3405,0.3344,0.3399,919427.85,0
2024-11-05 02:00:00,0.3401,0.3403,0.3362,0.3371,219317.02,0
2024-11-05 03:00:00,0.3373,0.3397,0.3371,0.3392,440402.22,0
2024-11-05 04:00:00,0.3395,0.344,0.3386,0.3426,420806.49,0
2024-11-05 05:00:00,0.3426,0.3445,0.3418,0.3441,571423.56,0
2024-11-05 06:00:00,0.3441,0.3444,0.3419,0.3425,285590.78,0
2024-11-05 07:00:00,0.3425,0.3444,0.3407,0.3435,756149.39,0
2024-11-05 08:00:00,0.3434,0.3457,0.343,0.3454,635917.6,0
2024-11-05 09:00:00,0.3453,0.3467,0.3432,0.3437,1087921.45,0
2024-11-05 10:00:00,0.3437,0.344,0.342,0.3426,566512.41,0
2024-11-05 11:00:00,0.3429,0.345,0.3423,0.3444,311760.39,0
2024-11-05 12:00:00,0.3446,0.346,0.3435,0.3458,349809.22,0
2024-11-05 13:00:00,0.3458,0.3463,0.3434,0.3455,1202447.62,0
2024-11-05 14:00:00,0.3454,0.3537,0.3445,0.3517,1851135.09,0
2024-11-05 15:00:00,0.3517,0.3521,0.3469,0.3491,1321188.69,0
2024-11-05 16:00:00,0.3493,0.354,0.3491,0.3531,1103988.49,0
2024-11-05 17:00:00,0.3533,0.3544,0.3507,0.3508,571104.36,0
2024-11-05 18:00:00,0.351,0.3516,0.3491,0.3499,592982.99,0
2024-11-05 19:00:00,0.3501,0.3505,0.3422,0.3434,1170510.09,0
2024-11-05 20:00:00,0.3436,0.3472,0.3424,0.3464,720149.46,0
2024-11-05 21:00:00,0.3465,0.3467,0.3443,0.3446,199669.26,0
2024-11-05 22:00:00,0.3446,0.3481,0.3422,0.3481,532143.44,0
2024-11-05 23:00:00,0.3481,0.3505,0.3466,0.3472,3533682.78,0
2024-11-06 00:00:00,0.3472,0.3576,0.3472,0.3559,1412211.34,0
2024-11-06 01:00:00,0.3566,0.3585,0.3534,0.3545,1917591.75,0
2024-11-06 02:00:00,0.3549,0.3643,0.3532,0.3633,1906279.84,0
2024-11-06 03:00:00,0.3633,0.3705,0.362,0.3675,5460450.83,0
2024-11-06 04:00:00,0.3676,0.3707,0.3656,0.3656,2441428.85,0
2024-11-06 05:00:00,0.3656,0.3693,0.3628,0.3692,2602060.47,0
2024-11-06 06:00:00,0.3692,0.3755,0.3688,0.369,3515950.49,0
2024-11-06 07:00:00,0.3689,0.3768,0.3681,0.3695,3262858.28,0
2024-11-06 08:00:00,0.3695,0.3734,0.3643,0.3733,3253400.48,0
2024-11-06 09:00:00,0.3734,0.3796,0.3726,0.3789,2481745.49,0
2024-11-06 10:00:00,0.379,0.3838,0.3771,0.3809,2636185.43,0
2024-11-06 11:00:00,0.3811,0.382,0.378,0.379,1640614.24,0
2024-11-06 12:00:00,0.3791,0.3814,0.3777,0.3783,1425319.47,0
2024-11-06 13:00:00,0.3783,0.3803,0.3751,0.3792,1598239.92,0
2024-11-06 14:00:00,0.3792,0.3821,0.3759,0.3765,2278030.35,0
2024-11-06 15:00:00,0.3767,0.3846,0.3755,0.3814,2187057.63,0
2024-11-06 16:00:00,0.3819,0.384,0.38,0.3832,1303660.35,0
2024-11-06 17:00:00,0.3831,0.3863,0.3817,0.3861,965580.16,0
2024-11-06 18:00:00,0.386,0.3898,0.386,0.3891,1270908.88,0
2024-11-06 19:00:00,0.3891,0.3902,0.3876,0.39,1398805.12,0
2024-11-06 20:00:00,0.3901,0.3902,0.3871,0.3883,913248.17,0
2024-11-06 21:00:00,0.3882,0.3938,0.3873,0.3936,840300.62,0
2024-11-06 22:00:00,0.3935,0.4013,0.3917,0.3998,1751326.38,0
2024-11-06 23:00:00,0.3999,0.4013,0.3952,0.3969,2160037.4,0
2024-11-07 00:00:00,0.397,0.4091,0.397,0.4072,5589640.55,0
2024-11-07 01:00:00,0.4072,0.4275,0.4055,0.4209,7492560.42,0
2024-11-07 02:00:00,0.4209,0.426,0.4176,0.425,3641172.64,0
2024-11-07 03:00:00,0.4251,0.4288,0.4182,0.4216,3481505.4,0
2024-11-07 04:00:00,0.422,0.424,0.4144,0.4169,2284698.64,0
2024-11-07 05:00:00,0.417,0.4174,0.4139,0.4154,1591673.29,0
2024-11-07 06:00:00,0.4154,0.4157,0.4022,0.4081,3654287.06,0
2024-11-07 07:00:00,0.4081,0.4094,0.4063,0.4076,1074173.29,0
2024-11-07 08:00:00,0.4074,0.4102,0.4047,0.4102,2210567.45,0
2024-11-07 09:00:00,0.4103,0.4148,0.4085,0.4104,1835190.89,0
2024-11-07 10:00:00,0.4104,0.412,0.4065,0.41,1637893.07,0
2024-11-07 11:00:00,0.41,0.4126,0.4077,0.4077,2327809.52,0
2024-11-07 12:00:00,0.4078,0.4124,0.4078,0.4099,1384024.92,0
2024-11-07 13:00:00,0.4102,0.4117,0.4028,0.4029,1451429.19,0
2024-11-07 14:00:00,0.4031,0.4059,0.3991,0.4033,1779978.44,0
2024-11-07 15:00:00,0.4033,0.4118,0.4011,0.4117,1318903.8,0
2024-11-07 16:00:00,0.4117,0.413,0.4059,0.4119,1508640.51,0
2024-11-07 17:00:00,0.4118,0.4136,0.4091,0.4099,1381798.48,0
2024-11-07 18:00:00,0.4098,0.4125,0.4067,0.4111,1213116.42,0
2024-11-07 19:00:00,0.4113,0.4127,0.408,0.4123,1645560.04,0
2024-11-07 20:00:00,0.4124,0.4183,0.411,0.4175,1214361.47,0
2024-11-07 21:00:00,0.4176,0.4214,0.4153,0.4153,2051198.3,0
2024-11-07 22:00:00,0.4153,0.4166,0.4103,0.4129,1073746.67,0
2024-11-07 23:00:00,0.4132,0.4143,0.4079,0.4115,1258768.46,0
2024-11-08 00:00:00,0.4118,0.4187,0.4118,0.4131,1747710.39,0
2024-11-08 01:00:00,0.413,0.4144,0.4067,0.4093,2645551.24,0
2024-11-08 02:00:00,0.4091,0.4096,0.4012,0.4017,1293742.03,0
2024-11-08 03:00:00,0.4017,0.4045,0.4006,0.4036,1064982.97,0
2024-11-08 04:00:00,0.4038,0.4058,0.4003,0.401,649726.53,0
2024-11-08 05:00:00,0.401,0.4078,0.4009,0.4071,871585.89,0
2024-11-08 06:00:00,0.4071,0.4089,0.4029,0.4035,1827792.31,0
2024-11-08 07:00:00,0.4035,0.4067,0.4002,0.4055,1987564.19,0
2024-11-08 08:00:00,0.4055,0.4083,0.4044,0.4054,2342036.42,0
2024-11-08 09:00:00,0.4054,0.4076,0.4044,0.4066,764606.67,0
2024-11-08 10:00:00,0.4064,0.4079,0.4037,0.4071,634728.06,0
2024-11-08 11:00:00,0.4073,0.408,0.4059,0.4061,450075.55,0
2024-11-08 12:00:00,0.406,0.411,0.4059,0.4109,1018482.66,0
2024-11-08 13:00:00,0.4109,0.4126,0.4064,0.411,2768334.66,0
2024-11-08 14:00:00,0.411,0.4147,0.4033,0.4051,2577433.84,0
2024-11-08 15:00:00,0.4049,0.4108,0.4026,0.4086,2581137.16,0
2024-11-08 16:00:00,0.4084,0.4105,0.4008,0.402,2517775.31,0
2024-11-08 17:00:00,0.4021,0.4062,0.3968,0.4058,2462473.2,0
2024-11-08 18:00:00,0.4057,0.4079,0.4038,0.407,838674.79,0
2024-11-08 19:00:00,0.4068,0.4096,0.406,0.407,923264.17,0
2024-11-08 20:00:00,0.4069,0.4077,0.4015,0.4038,761566.89,0
2024-11-08 21:00:00,0.4037,0.4051,0.4003,0.404,455449.69,0
2024-11-08 22:00:00,0.404,0.4062,0.4028,0.4059,411330.29,0
2024-11-08 23:00:00,0.406,0.4072,0.4046,0.4068,438193.02,0
2024-11-09 00:00:00,0.4068,0.4102,0.4054,0.4069,1715402.17,0
2024-11-09 01:00:00,0.4065,0.4085,0.4033,0.4066,1074493.75,0
2024-11-09 02:00:00,0.4063,0.4071,0.4025,0.4049,812677.23,0
2024-11-09 03:00:00,0.4048,0.4059,0.4007,0.4017,562774.84,0
2024-11-09 04:00:00,0.4017,0.4065,0.4017,0.4059,556804.18,0
2024-11-09 05:00:00,0.4062,0.421,0.4041,0.4195,4317640.65,0
2024-11-09 06:00:00,0.4194,0.4215,0.4147,0.4196,3311062.15,0
2024-11-09 07:00:00,0.4194,0.4201,0.416,0.4179,1431372.14,0
2024-11-09 08:00:00,0.4178,0.4251,0.4169,0.4225,3112740.99,0
2024-11-09 09:00:00,0.4224,0.426,0.4224,0.4255,1186869.27,0
2024-11-09 10:00:00,0.4255,0.4286,0.4241,0.4251,1526311.9,0
2024-11-09 11:00:00,0.4252,0.4317,0.4251,0.4298,2396738.19,0
2024-11-09 12:00:00,0.4298,0.4324,0.4233,0.4233,2841790.96,0
2024-11-09 13:00:00,0.4235,0.4396,0.4235,0.4384,3688240.36,0
2024-11-09 14:00:00,0.4384,0.4386,0.4238,0.4267,2737015.38,0
2024-11-09 15:00:00,0.4266,0.429,0.4223,0.4261,1655276.51,0
2024-11-09 16:00:00,0.4262,0.4316,0.4247,0.4312,2087332.43,0
2024-11-09 17:00:00,0.4309,0.4345,0.4208,0.4336,2519277.01,0
2024-11-09 18:00:00,0.4335,0.4373,0.4323,0.4349,1532774.2,0
2024-11-09 19:00:00,0.4348,0.4386,0.4322,0.4343,2561486.59,0
2024-11-09 20:00:00,0.4345,0.4464,0.4331,0.4459,2717655.37,0
2024-11-09 21:00:00,0.4458,0.4458,0.4401,0.4429,1740096.9,0
2024-11-09 22:00:00,0.4428,0.4575,0.4426,0.4564,3270143.85,0
2024-11-09 23:00:00,0.4561,0.4591,0.451,0.4541,3208952.19,0
2024-11-10 00:00:00,0.4541,0.4547,0.4452,0.4467,2075767.82,0
2024-11-10 01:00:00,0.4467,0.4483,0.4422,0.4451,1515016.57,0
2024-11-10 02:00:00,0.4451,0.4546,0.4438,0.4526,2288095.78,0
2024-11-10 03:00:00,0.4526,0.4647,0.4503,0.4583,4319249.78,0
2024-11-10 04:00:00,0.4583,0.4623,0.4567,0.4595,2938336.72,0
2024-11-10 05:00:00,0.4593,0.467,0.4569,0.4585,4347675.3,0
2024-11-10 06:00:00,0.4586,0.4589,0.4539,0.4577,2769547.05,0
2024-11-10 07:00:00,0.4577,0.4677,0.4577,0.4652,3150656.47,0
2024-11-10 08:00:00,0.4652,0.47,0.4645,0.4685,2144300.08,0
2024-11-10 09:00:00,0.4685,0.4752,0.4679,0.4748,3722217.54,0
2024-11-10 10:00:00,0.4746,0.4838,0.4742,0.4781,3322477.82,0
2024-11-10 11:00:00,0.4781,0.4808,0.4735,0.4789,3268761.32,0
2024-11-10 12:00:00,0.4789,0.4829,0.4703,0.4823,4558174.16,0
2024-11-10 13:00:00,0.4822,0.4856,0.477,0.4815,5534918.72,0
2024-11-10 14:00:00,0.4815,0.4886,0.4721,0.4765,5194487.06,0
2024-11-10 15:00:00,0.4764,0.48,0.474,0.4791,2376643.34,0
2024-11-10 16:00:00,0.4791,0.4843,0.4721,0.4837,2131449.92,0
2024-11-10 17:00:00,0.4836,0.4883,0.4813,0.4833,2563319.28,0
2024-11-10 18:00:00,0.4832,0.4873,0.4799,0.4804,1859428.9,0
2024-11-10 19:00:00,0.4805,0.4826,0.4635,0.4692,3912759.5,0
2024-11-10 20:00:00,0.4692,0.4701,0.4487,0.4492,4878147.2,0
2024-11-10 21:00:00,0.4493,0.4516,0.4303,0.449,6306117.75,0
2024-11-10 22:00:00,0.4491,0.4577,0.443,0.4511,2738089.69,0
2024-11-10 23:00:00,0.4512,0.4572,0.449,0.4565,1339413.26,0
2024-11-11 00:00:00,0.4566,0.4681,0.4545,0.4672,5049461.68,0
2024-11-11 01:00:00,0.4672,0.4702,0.4626,0.4659,1718068.18,0
2024-11-11 02:00:00,0.4657,0.4782,0.4639,0.4775,3722643.13,0
2024-11-11 03:00:00,0.4775,0.4787,0.4678,0.4726,2686068.96,0
2024-11-11 04:00:00,0.4723,0.473,0.4617,0.4677,2433722.0,0
2024-11-11 05:00:00,0.4676,0.4676,0.4434,0.4495,6261467.25,0
2024-11-11 06:00:00,0.4494,0.4547,0.4447,0.4515,2874994.79,0
2024-11-11 07:00:00,0.4513,0.454,0.4471,0.4529,1948187.84,0
2024-11-11 08:00:00,0.4528,0.4556,0.4492,0.4546,1840990.68,0
2024-11-11 09:00:00,0.4547,0.4576,0.4514,0.4574,1519822.55,0
2024-11-11 10:00:00,0.4574,0.4635,0.4556,0.4611,2601659.32,0
2024-11-11 11:00:00,0.461,0.4652,0.4589,0.4645,1641885.06,0
2024-11-11 12:00:00,0.4644,0.4681,0.4567,0.4626,3764708.3,0
2024-11-11 13:00:00,0.4626,0.4639,0.4538,0.4599,1901876.42,0
2024-11-11 14:00:00,0.4598,0.4641,0.4544,0.4636,2551840.54,0
2024-11-11 15:00:00,0.4635,0.4736,0.4614,0.4646,5058050.76,0
2024-11-11 16:00:00,0.4645,0.4756,0.4626,0.4727,4345409.19,0
2024-11-11 17:00:00,0.4725,0.4866,0.4721,0.4851,5588204.0,0
2024-11-11 18:00:00,0.485,0.5205,0.4829,0.5154,11480044.53,0
2024-11-11 19:00:00,0.5152,0.5191,0.4969,0.4984,7246270.77,0
2024-11-11 20:00:00,0.4981,0.5153,0.4968,0.5092,5117309.82,0
2024-11-11 21:00:00,0.5092,0.5254,0.505,0.5212,5501146.33,0
2024-11-11 22:00:00,0.5213,0.5409,0.5092,0.5348,9159844.52,0
2024-11-11 23:00:00,0.535,0.5492,0.5281,0.549,8699187.08,0
2024-11-12 00:00:00,0.5489,0.554,0.5272,0.5423,10296548.34,0
2024-11-12 01:00:00,0.5417,0.5427,0.5277,0.5335,4423821.93,0
2024-11-12 02:00:00,0.5335,0.5368,0.5183,0.5247,4080894.52,0
2024-11-12 03:00:00,0.5246,0.533,0.5198,0.5314,2342153.9,0
2024-11-12 04:00:00,0.5312,0.5374,0.5242,0.525,4000531.58,0
2024-11-12 05:00:00,0.525,0.5297,0.5177,0.528,2944759.91,0
2024-11-12 06:00:00,0.5279,0.5431,0.5267,0.5347,5465802.58,0
2024-11-12 07:00:00,0.5345,0.535,0.5271,0.528,5417638.08,0
2024-11-12 08:00:00,0.5279,0.548,0.5278,0.5472,6779615.48,0
2024-11-12 09:00:00,0.5472,0.5497,0.5281,0.5294,9251947.82,0
2024-11-12 10:00:00,0.5294,0.5382,0.4826,0.5051,21954775.58,0
2024-11-12 11:00:00,0.5051,0.5159,0.501,0.5036,5657801.78,0
2024-11-12 12:00:00,0.5036,0.5083,0.4872,0.4941,4858577.99,0
2024-11-12 13:00:00,0.4938,0.4977,0.481,0.4926,5816206.45,0
2024-11-12 14:00:00,0.4923,0.4978,0.4838,0.4973,4205100.71,0
2024-11-12 15:00:00,0.4972,0.4984,0.4878,0.4889,3055994.15,0
2024-11-12 16:00:00,0.4892,0.4936,0.4781,0.4881,5528494.63,0
2024-11-12 17:00:00,0.4882,0.496,0.4871,0.4894,1981132.85,0
2024-11-12 18:00:00,0.4895,0.5076,0.4892,0.5066,2949256.77,0
2024-11-12 19:00:00,0.5067,0.5134,0.5022,0.5027,3232384.67,0
2024-11-12 20:00:00,0.5029,0.5061,0.4972,0.4997,1834982.43,0
2024-11-12 21:00:00,0.4996,0.5037,0.4914,0.5032,1546547.81,0
2024-11-12 22:00:00,0.5034,0.5189,0.5033,0.5185,3374681.41,0
2024-11-12 23:00:00,0.5185,0.5185,0.5025,0.5038,1370742.76,0
2024-11-13 00:00:00,0.504,0.5105,0.4989,0.4989,2143817.95,0
2024-11-13 01:00:00,0.4991,0.5037,0.4901,0.4966,3122954.82,0
2024-11-13 02:00:00,0.496,0.4974,0.4789,0.4886,2789138.92,0
2024-11-13 03:00:00,0.4886,0.4938,0.4752,0.4753,5934950.82,0
2024-11-13 04:00:00,0.4754,0.4818,0.4516,0.4643,6292791.61,0
2024-11-13 05:00:00,0.4643,0.4661,0.4517,0.4535,2517235.09,0
2024-11-13 06:00:00,0.4535,0.4613,0.4465,0.4534,3607105.75,0
2024-11-13 07:00:00,0.4536,0.4636,0.4509,0.4625,3475165.58,0
2024-11-13 08:00:00,0.4627,0.466,0.458,0.4602,3184670.19,0
2024-11-13 09:00:00,0.4603,0.4631,0.4544,0.4586,1776769.3,0
2024-11-13 10:00:00,0.4585,0.4626,0.4532,0.4622,2060999.24,0
2024-11-13 11:00:00,0.4618,0.466,0.4576,0.462,2885073.96,0
2024-11-13 12:00:00,0.4617,0.4648,0.456,0.4614,1926363.88,0
2024-11-13 13:00:00,0.4615,0.4792,0.4585,0.4763,6894281.94,0
2024-11-13 14:00:00,0.4762,0.4949,0.4709,0.4923,10642750.64,0
2024-11-13 15:00:00,0.4923,0.4923,0.481,0.4899,5579334.88,0
2024-11-13 16:00:00,0.4898,0.494,0.481,0.4826,4370191.86,0
2024-11-13 17:00:00,0.4827,0.4932,0.4818,0.4888,3633231.47,0
2024-11-13 18:00:00,0.4888,0.4959,0.4857,0.489,3986176.23,0
2024-11-13 19:00:00,0.489,0.4901,0.4608,0.4625,8470642.32,0
2024-11-13 20:00:00,0.4622,0.4691,0.455,0.462,3441801.8,0
2024-11-13 21:00:00,0.4621,0.4629,0.452,0.4594,2382365.92,0
2024-11-13 22:00:00,0.4591,0.4669,0.4571,0.4662,999342.7,0
2024-11-13 23:00:00,0.4659,0.4711,0.462,0.4703,1375101.4,0
2024-11-14 00:00:00,0.4704,0.476,0.4652,0.4655,1949647.71,0
2024-11-14 01:00:00,0.4655,0.4755,0.4616,0.4731,3711024.29,0
2024-11-14 02:00:00,0.4731,0.4832,0.4723,0.4789,3214630.7,0
2024-11-14 03:00:00,0.479,0.4852,0.4707,0.4848,2202234.93,0
2024-11-14 04:00:00,0.4848,0.4906,0.4821,0.4902,2260129.58,0
2024-11-14 05:00:00,0.4899,0.4904,0.4848,0.4883,2509909.72,0
2024-11-14 06:00:00,0.4881,0.4975,0.4805,0.4805,2893657.07,0
2024-11-14 07:00:00,0.4806,0.488,0.4782,0.4862,2284905.45,0
2024-11-14 08:00:00,0.486,0.488,0.4783,0.4799,2374325.51,0
2024-11-14 09:00:00,0.4799,0.4817,0.4737,0.4744,4037564.28,0
2024-11-14 10:00:00,0.4743,0.4747,0.459,0.4601,4046514.54,0
2024-11-14 11:00:00,0.4602,0.4666,0.4519,0.4617,4406065.49,0
2024-11-14 12:00:00,0.4615,0.4638,0.4573,0.4607,1714425.16,0
2024-11-14 13:00:00,0.4607,0.4657,0.454,0.4544,2610805.02,0
2024-11-14 14:00:00,0.4543,0.4642,0.4466,0.4468,5880061.6,0
2024-11-14 15:00:00,0.4468,0.4521,0.4378,0.4419,6791033.46,0
2024-11-14 16:00:00,0.4418,0.4558,0.4382,0.4543,3253844.37,0
2024-11-14 17:00:00,0.4545,0.4545,0.448,0.4505,1719439.82,0
2024-11-14 18:00:00,0.4506,0.454,0.449,0.4505,1694522.87,0
2024-11-14 19:00:00,0.4507,0.4564,0.4498,0.4532,1788876.76,0
2024-11-14 20:00:00,0.453,0.453,0.4433,0.4439,1891488.68,0
2024-11-14 21:00:00,0.4437,0.4499,0.4399,0.4452,1873748.62,0
2024-11-14 22:00:00,0.4452,0.4467,0.4358,0.44,1537084.32,0
2024-11-14 23:00:00,0.4398,0.4412,0.4264,0.4338,3125574.39,0
2024-11-15 00:00:00,0.4338,0.4404,0.4288,0.4291,1543437.77,0
2024-11-15 01:00:00,0.4293,0.4334,0.4242,0.4324,2569023.97,0
2024-11-15 02:00:00,0.4326,0.436,0.4278,0.435,1433545.21,0
2024-11-15 03:00:00,0.4349,0.435,0.4304,0.4338,724213.47,0
2024-11-15 04:00:00,0.4338,0.4338,0.4202,0.4242,2441509.81,0
2024-11-15 05:00:00,0.4242,0.43,0.4207,0.4295,1234794.97,0
2024-11-15 06:00:00,0.4294,0.4354,0.4292,0.434,2383339.12,0
2024-11-15 07:00:00,0.434,0.4361,0.4293,0.4297,1183428.6,0
2024-11-15 08:00:00,0.4297,0.4392,0.426,0.4389,1897866.12,0
2024-11-15 09:00:00,0.439,0.4471,0.4386,0.4452,1847430.57,0
2024-11-15 10:00:00,0.4453,0.4476,0.4426,0.4457,1246200.5,0
2024-11-15 11:00:00,0.4455,0.4514,0.4448,0.4512,1811374.43,0
2024-11-15 12:00:00,0.4511,0.4537,0.4448,0.4467,2348557.54,0
2024-11-15 13:00:00,0.4468,0.4513,0.4454,0.4475,2285612.04,0
2024-11-15 14:00:00,0.4476,0.448,0.4355,0.4374,2383762.53,0
2024-11-15 15:00:00,0.4373,0.4374,0.4279,0.4304,2344897.03,0
2024-11-15 16:00:00,0.4303,0.4385,0.4272,0.4345,1975798.56,0
2024-11-15 17:00:00,0.4347,0.4368,0.4293,0.4301,2009688.64,0
2024-11-15 18:00:00,0.43,0.4336,0.427,0.4322,971391.87,0
2024-11-15 19:00:00,0.4324,0.4391,0.4309,0.437,880431.38,0
2024-11-15 20:00:00,0.4369,0.4472,0.4363,0.447,2032174.19,0
2024-11-15 21:00:00,0.4472,0.4487,0.4454,0.446,1030111.96,0
2024-11-15 22:00:00,0.4466,0.4514,0.4461,0.4492,1758932.09,0
2024-11-15 23:00:00,0.4491,0.4514,0.4459,0.447,1417572.66,0
2024-11-16 00:00:00,0.4469,0.4488,0.4439,0.4479,754123.02,0
2024-11-16 01:00:00,0.4475,0.4551,0.4472,0.4524,1087055.53,0
2024-11-16 02:00:00,0.4522,0.4558,0.4504,0.452,1038494.86,0
2024-11-16 03:00:00,0.4521,0.4576,0.4514,0.4574,1975072.35,0
2024-11-16 04:00:00,0.4573,0.4588,0.454,0.4554,1367000.66,0
2024-11-16 05:00:00,0.4554,0.4576,0.4531,0.4556,1240572.12,0
2024-11-16 06:00:00,0.4556,0.4556,0.447,0.4485,2129950.55,0
2024-11-16 07:00:00,0.4485,0.4518,0.4483,0.4504,947105.35,0
2024-11-16 08:00:00,0.4502,0.4543,0.4485,0.4528,2016179.78,0
2024-11-16 09:00:00,0.4528,0.4574,0.4502,0.4503,1659797.76,0
2024-11-16 10:00:00,0.4504,0.4605,0.449,0.4595,2532227.66,0
2024-11-16 11:00:00,0.4596,0.4715,0.4566,0.471,4483354.3,0
2024-11-16 12:00:00,0.4711,0.474,0.4608,0.4642,4099823.5,0
2024-11-16 13:00:00,0.4642,0.4682,0.4591,0.4627,1965192.18,0
2024-11-16 14:00:00,0.4628,0.4664,0.4579,0.4623,1911355.55,0
2024-11-16 15:00:00,0.4624,0.4632,0.4437,0.4517,4512830.76,0
2024-11-16 16:00:00,0.4517,0.4625,0.4477,0.4598,2308597.7,0
2024-11-16 17:00:00,0.4597,0.474,0.4559,0.4676,3811333.76,0
2024-11-16 18:00:00,0.4676,0.4778,0.4663,0.4745,2792372.78,0
2024-11-16 19:00:00,0.4745,0.4746,0.4676,0.4683,1662365.61,0
2024-11-16 20:00:00,0.4684,0.4714,0.4602,0.4649,2569756.19,0
2024-11-16 21:00:00,0.465,0.4731,0.464,0.473,1641768.79,0
2024-11-16 22:00:00,0.473,0.4758,0.4672,0.4672,2324120.38,0
2024-11-16 23:00:00,0.4673,0.4712,0.4653,0.4699,1226800.64,0
2024-11-17 00:00:00,0.4701,0.478,0.4681,0.4762,3076354.26,0
2024-11-17 01:00:00,0.4761,0.4776,0.4554,0.4605,3724220.57,0
2024-11-17 02:00:00,0.4606,0.4614,0.4417,0.4531,4641725.67,0
2024-11-17 03:00:00,0.4524,0.4613,0.4471,0.4606,3826235.0,0
2024-11-17 04:00:00,0.4608,0.4738,0.4603,0.4669,3969503.27,0
2024-11-17 05:00:00,0.4668,0.4704,0.4625,0.463,1824075.98,0
2024-11-17 06:00:00,0.4631,0.4747,0.4618,0.471,2070261.77,0
2024-11-17 07:00:00,0.471,0.4718,0.4662,0.4682,1898467.24,0
2024-11-17 08:00:00,0.4685,0.4744,0.4657,0.4699,2336627.07,0
2024-11-17 09:00:00,0.4697,0.4749,0.4657,0.4679,1655834.09,0
2024-11-17 10:00:00,0.4678,0.4695,0.4638,0.4663,1722695.07,0
2024-11-17 11:00:00,0.4663,0.4665,0.4535,0.4536,3072743.66,0
2024-11-17 12:00:00,0.4538,0.4616,0.4512,0.4614,2435483.8,0
2024-11-17 13:00:00,0.4613,0.4614,0.454,0.4607,1824088.72,0
2024-11-17 14:00:00,0.4607,0.4667,0.459,0.4604,2910886.92,0
2024-11-17 15:00:00,0.46,0.4688,0.4585,0.4638,2659495.42,0
2024-11-17 16:00:00,0.4637,0.4673,0.4593,0.4656,1421730.41,0
2024-11-17 17:00:00,0.4656,0.4692,0.4602,0.4672,1461690.68,0
2024-11-17 18:00:00,0.4672,0.4673,0.4531,0.4536,1969046.14,0
2024-11-17 19:00:00,0.4536,0.4574,0.45,0.4553,1850578.12,0
2024-11-17 20:00:00,0.4553,0.4571,0.4484,0.4497,1357208.3,0
2024-11-17 21:00:00,0.4498,0.4529,0.4454,0.4457,987204.16,0
2024-11-17 22:00:00,0.4455,0.4498,0.4426,0.4471,1293691.95,0
2024-11-17 23:00:00,0.4468,0.4513,0.4435,0.4513,995635.02,0
2024-11-18 00:00:00,0.4514,0.4639,0.4469,0.4619,2467458.14,0
2024-11-18 01:00:00,0.4618,0.4668,0.4574,0.4649,2725864.5,0
2024-11-18 02:00:00,0.465,0.4663,0.4619,0.4627,823368.19,0
2024-11-18 03:00:00,0.4628,0.4645,0.4576,0.4644,1448035.29,0
2024-11-18 04:00:00,0.4644,0.4705,0.4617,0.4623,2706964.14,0
2024-11-18 05:00:00,0.4624,0.4666,0.4601,0.4666,1934096.64,0
2024-11-18 06:00:00,0.4665,0.4792,0.4662,0.4766,12620031.51,0
2024-11-18 07:00:00,0.4767,0.4807,0.4745,0.4782,3257651.92,0
2024-11-18 08:00:00,0.4782,0.4795,0.4641,0.4658,4088176.89,0
2024-11-18 09:00:00,0.4659,0.4684,0.4605,0.4646,1860155.38,0
2024-11-18 10:00:00,0.4646,0.4716,0.4644,0.4695,1121288.45,0
2024-11-18 11:00:00,0.4696,0.4702,0.4572,0.4613,3221842.24,0
2024-11-18 12:00:00,0.4612,0.4943,0.4567,0.4868,24134270.77,0
2024-11-18 13:00:00,0.4869,0.488,0.4685,0.477,9646635.66,0
2024-11-18 14:00:00,0.4771,0.4934,0.4747,0.4864,7727545.97,0
2024-11-18 15:00:00,0.4864,0.4956,0.4834,0.4932,6356172.9,0
2024-11-18 16:00:00,0.4933,0.5049,0.4897,0.5018,6951725.28,0
2024-11-18 17:00:00,0.5016,0.515,0.4969,0.5074,5389729.82,0
2024-11-18 18:00:00,0.5072,0.5144,0.5018,0.5033,4286544.77,0
2024-11-18 19:00:00,0.5038,0.5056,0.4833,0.4945,6731694.36,0
2024-11-18 20:00:00,0.4945,0.5022,0.4873,0.494,5440164.43,0
2024-11-18 21:00:00,0.494,0.51,0.4931,0.4995,6293293.61,0
2024-11-18 22:00:00,0.4995,0.5065,0.4986,0.4989,2033573.69,0
2024-11-18 23:00:00,0.4989,0.5128,0.4941,0.5064,4489203.25,0
2024-11-19 00:00:00,0.5064,0.5105,0.4957,0.4981,2895304.83,0
2024-11-19 01:00:00,0.4982,0.5023,0.4887,0.4893,2590812.51,0
2024-11-19 02:00:00,0.4893,0.493,0.4885,0.4918,1529108.05,0
2024-11-19 03:00:00,0.4916,0.4931,0.486,0.4867,1918270.12,0
2024-11-19 04:00:00,0.4867,0.488,0.4776,0.4804,3183669.93,0
2024-11-19 05:00:00,0.4803,0.4846,0.4782,0.483,1358889.41,0
2024-11-19 06:00:00,0.4829,0.4856,0.4795,0.4819,3196587.85,0
2024-11-19 07:00:00,0.4818,0.483,0.4779,0.4808,1908352.95,0
2024-11-19 08:00:00,0.4809,0.4881,0.4786,0.4877,2230414.58,0
2024-11-19 09:00:00,0.487,0.4872,0.4753,0.4766,3679479.72,0
2024-11-19 10:00:00,0.4766,0.4831,0.4751,0.4805,1743863.92,0
2024-11-19 11:00:00,0.4805,0.4839,0.4799,0.4823,1284385.95,0
2024-11-19 12:00:00,0.4822,0.4941,0.4817,0.4908,2510125.87,0
2024-11-19 13:00:00,0.4906,0.4939,0.4785,0.4793,3322041.8,0
2024-11-19 14:00:00,0.4792,0.4879,0.4775,0.4819,2595981.08,0
2024-11-19 15:00:00,0.4819,0.485,0.4782,0.4832,1813534.02,0
2024-11-19 16:00:00,0.4832,0.484,0.4784,0.4786,2082896.12,0
2024-11-19 17:00:00,0.4786,0.4855,0.4759,0.4811,2034299.78,0
2024-11-19 18:00:00,0.4811,0.4874,0.4796,0.4869,2830684.95,0
2024-11-19 19:00:00,0.4869,0.4881,0.4788,0.4793,1666128.04,0
2024-11-19 20:00:00,0.4794,0.4816,0.4657,0.4708,2958859.24,0
2024-11-19 21:00:00,0.4707,0.4739,0.4642,0.4729,2052910.14,0
2024-11-19 22:00:00,0.473,0.4739,0.4645,0.4712,1495107.72,0
2024-11-19 23:00:00,0.4712,0.4796,0.4702,0.479,1073305.82,0
2024-11-20 00:00:00,0.4789,0.4864,0.4778,0.4811,3298720.53,0
2024-11-20 01:00:00,0.4811,0.49,0.4799,0.4842,2580212.45,0
2024-11-20 02:00:00,0.4839,0.4872,0.4757,0.4772,2600611.02,0
2024-11-20 03:00:00,0.4772,0.4807,0.469,0.4796,8182951.44,0
2024-11-20 04:00:00,0.4795,0.4797,0.4728,0.4791,2010649.13,0
2024-11-20 05:00:00,0.4792,0.4902,0.4758,0.4891,2932860.97,0
2024-11-20 06:00:00,0.4892,0.4897,0.4719,0.4734,5639558.55,0
2024-11-20 07:00:00,0.4732,0.4752,0.4697,0.4748,1569405.58,0
2024-11-20 08:00:00,0.4743,0.4791,0.4738,0.4778,1807646.16,0
2024-11-20 09:00:00,0.4776,0.4806,0.4732,0.4776,3094155.91,0
2024-11-20 10:00:00,0.4775,0.4781,0.4706,0.4708,3158736.71,0
2024-11-20 11:00:00,0.4708,0.4709,0.4636,0.4686,3411839.75,0
2024-11-20 12:00:00,0.4684,0.4698,0.4638,0.4661,2586424.25,0
2024-11-20 13:00:00,0.4662,0.4745,0.4639,0.4718,2957958.37,0
2024-11-20 14:00:00,0.4718,0.4848,0.4713,0.4741,5862181.71,0
2024-11-20 15:00:00,0.4746,0.4755,0.4662,0.4731,2333791.75,0
2024-11-20 16:00:00,0.473,0.4762,0.4583,0.4624,4623663.81,0
2024-11-20 17:00:00,0.4623,0.4641,0.4512,0.4512,3127052.2,0
2024-11-20 18:00:00,0.4513,0.4549,0.4463,0.4514,4124592.28,0
2024-11-20 19:00:00,0.4512,0.4514,0.4435,0.4497,1783799.93,0
2024-11-20 20:00:00,0.4498,0.4576,0.446,0.456,1046416.23,0
2024-11-20 21:00:00,0.4559,0.4584,0.453,0.4551,872218.07,0
2024-11-20 22:00:00,0.4553,0.4598,0.4539,0.455,717745.94,0
2024-11-20 23:00:00,0.455,0.4561,0.4481,0.4492,1312881.83,0
2024-11-21 00:00:00,0.4493,0.4567,0.4475,0.4545,1639196.85,0
2024-11-21 01:00:00,0.4546,0.4593,0.4524,0.4526,1452534.52,0
2024-11-21 02:00:00,0.4525,0.4527,0.4353,0.4434,4038196.33,0
2024-11-21 03:00:00,0.4435,0.4513,0.4419,0.4452,1768102.8,0
2024-11-21 04:00:00,0.4454,0.4621,0.4445,0.4577,4264237.02,0
2024-11-21 05:00:00,0.4578,0.4627,0.4546,0.4577,1195082.14,0
2024-11-21 06:00:00,0.4578,0.458,0.453,0.4571,1174375.63,0
2024-11-21 07:00:00,0.457,0.4649,0.4566,0.4647,1583870.12,0
2024-11-21 08:00:00,0.4647,0.4684,0.4613,0.4674,1455160.08,0
2024-11-21 09:00:00,0.4674,0.4686,0.4588,0.4594,1036849.71,0
2024-11-21 10:00:00,0.4595,0.4652,0.4558,0.4586,1393740.74,0
2024-11-21 11:00:00,0.4585,0.4644,0.4563,0.4633,1139978.54,0
2024-11-21 12:00:00,0.4634,0.5007,0.4628,0.4882,10810714.87,0
2024-11-21 13:00:00,0.4881,0.5157,0.488,0.5059,13395553.01,0
2024-11-21 14:00:00,0.506,0.5232,0.5029,0.5176,15292672.75,0
2024-11-21 15:00:00,0.5173,0.5173,0.4933,0.5085,13394375.52,0
2024-11-21 16:00:00,0.5083,0.5273,0.5083,0.5217,8446223.7,0
2024-11-21 17:00:00,0.5214,0.5273,0.5149,0.5192,5950026.8,0
2024-11-21 18:00:00,0.519,0.5219,0.512,0.5154,3001182.99,0
2024-11-21 19:00:00,0.5153,0.5175,0.5039,0.5049,5473829.91,0
2024-11-21 20:00:00,0.5049,0.5119,0.5016,0.5026,4338392.39,0
2024-11-21 21:00:00,0.5028,0.5063,0.4999,0.5014,1840423.31,0
2024-11-21 22:00:00,0.5016,0.5079,0.4999,0.5067,1411166.23,0
2024-11-21 23:00:00,0.5067,0.5077,0.5017,0.5045,1689197.53,0
2024-11-22 00:00:00,0.5048,0.5074,0.4925,0.4937,3734172.86,0
2024-11-22 01:00:00,0.4938,0.5019,0.49,0.4996,3477227.84,0
2024-11-22 02:00:00,0.4993,0.505,0.4957,0.5,2640016.27,0
2024-11-22 03:00:00,0.4998,0.5097,0.4989,0.5074,2158228.32,0
2024-11-22 04:00:00,0.5074,0.5242,0.5058,0.5164,5088407.01,0
2024-11-22 05:00:00,0.5166,0.5214,0.5107,0.5162,2651369.84,0
2024-11-22 06:00:00,0.5162,0.5183,0.5089,0.5155,3693031.28,0
2024-11-22 07:00:00,0.5154,0.5154,0.5009,0.5013,3060700.91,0
2024-11-22 08:00:00,0.5015,0.5065,0.5014,0.506,2728118.05,0
2024-11-22 09:00:00,0.5059,0.5115,0.5018,0.5048,3995712.47,0
2024-11-22 10:00:00,0.5048,0.5068,0.498,0.4997,2937081.29,0
2024-11-22 11:00:00,0.4997,0.5129,0.4986,0.5116,2793772.06,0
2024-11-22 12:00:00,0.5117,0.5261,0.5091,0.5239,8019955.92,0
2024-11-22 13:00:00,0.524,0.5259,0.5003,0.5175,11978057.74,0
2024-11-22 14:00:00,0.5174,0.5246,0.512,0.514,6969979.75,0
2024-11-22 15:00:00,0.5141,0.5422,0.5121,0.5316,10652545.16,0
2024-11-22 16:00:00,0.5314,0.5315,0.519,0.5214,6207856.95,0
2024-11-22 17:00:00,0.5214,0.5272,0.5132,0.5151,4550113.47,0
2024-11-22 18:00:00,0.5153,0.519,0.5084,0.5087,2843931.65,0
2024-11-22 19:00:00,0.5088,0.516,0.5054,0.5136,2114149.98,0
2024-11-22 20:00:00,0.5135,0.5203,0.5108,0.5193,2378744.16,0
2024-11-22 21:00:00,0.519,0.5289,0.5161,0.5238,3626455.82,0
2024-11-22 22:00:00,0.5237,0.5253,0.5161,0.517,1841708.6,0
2024-11-22 23:00:00,0.5169,0.534,0.5169,0.5335,2030184.08,0
2024-11-23 00:00:00,0.5335,0.5406,0.5282,0.5327,3456787.98,0
2024-11-23 01:00:00,0.5327,0.5456,0.5325,0.5404,5345034.61,0
2024-11-23 02:00:00,0.5405,0.5408,0.5276,0.531,3870564.23,0
2024-11-23 03:00:00,0.5311,0.5445,0.5301,0.543,2290601.9,0
2024-11-23 04:00:00,0.5426,0.5433,0.532,0.5419,2302724.27,0
2024-11-23 05:00:00,0.5419,0.5442,0.5314,0.5384,2865239.06,0
2024-11-23 06:00:00,0.5386,0.5494,0.5379,0.5456,2644137.27,0
2024-11-23 07:00:00,0.5455,0.5489,0.5398,0.5457,2481138.08,0
2024-11-23 08:00:00,0.5457,0.5639,0.545,0.5489,6919517.6,0
2024-11-23 09:00:00,0.5489,0.5518,0.5402,0.5413,3473244.42,0
2024-11-23 10:00:00,0.5411,0.5452,0.536,0.5408,3344278.24,0
2024-11-23 11:00:00,0.5408,0.5463,0.5401,0.544,1861643.7,0
2024-11-23 12:00:00,0.544,0.5611,0.54,0.5528,3786989.08,0
2024-11-23 13:00:00,0.5529,0.578,0.5513,0.5711,9181102.67,0
2024-11-23 14:00:00,0.571,0.5881,0.5664,0.5859,7631944.44,0
2024-11-23 15:00:00,0.5859,0.5969,0.5805,0.5853,9817479.64,0
2024-11-23 16:00:00,0.5856,0.5934,0.556,0.573,18937159.19,0
2024-11-23 17:00:00,0.573,0.5814,0.5578,0.577,5092899.33,0
2024-11-23 18:00:00,0.5768,0.5809,0.5696,0.579,3743818.94,0
2024-11-23 19:00:00,0.579,0.588,0.5724,0.5796,3316915.73,0
2024-11-23 20:00:00,0.5793,0.5801,0.5622,0.5787,2995060.41,0
2024-11-23 21:00:00,0.5785,0.5925,0.5733,0.5846,3993491.22,0
2024-11-23 22:00:00,0.5846,0.5945,0.5733,0.5792,3672525.35,0
2024-11-23 23:00:00,0.579,0.5814,0.5704,0.5744,2014996.95,0
2024-11-24 00:00:00,0.5745,0.601,0.5711,0.5942,4214710.81,0
2024-11-24 01:00:00,0.5942,0.6072,0.5935,0.6065,4128108.84,0
2024-11-24 02:00:00,0.6061,0.6093,0.6027,0.6027,2027761.38,0
2024-11-24 03:00:00,0.6028,0.6072,0.5973,0.6051,2584407.54,0
2024-11-24 04:00:00,0.605,0.6053,0.5909,0.5992,2768202.69,0
2024-11-24 05:00:00,0.5993,0.606,0.5934,0.5989,2586393.11,0
2024-11-24 06:00:00,0.5989,0.6054,0.5921,0.601,2853304.53,0
2024-11-24 07:00:00,0.6009,0.6121,0.6,0.6089,4275991.85,0
2024-11-24 08:00:00,0.6088,0.6171,0.588,0.5924,7963732.01,0
2024-11-24 09:00:00,0.5924,0.6095,0.5908,0.6082,3516101.19,0
2024-11-24 10:00:00,0.6083,0.6115,0.5955,0.6043,4844468.31,0
2024-11-24 11:00:00,0.6041,0.6064,0.5781,0.5806,7099017.34,0
2024-11-24 12:00:00,0.5807,0.5918,0.5555,0.5685,17632273.67,0
2024-11-24 13:00:00,0.5683,0.602,0.5629,0.5992,11260284.97,0
2024-11-24 14:00:00,0.5991,0.5991,0.5743,0.5872,8639902.24,0
2024-11-24 15:00:00,0.5872,0.5884,0.5638,0.5647,5504134.04,0
2024-11-24 16:00:00,0.5648,0.6008,0.56,0.5914,9508743.33,0
2024-11-24 17:00:00,0.5907,0.5922,0.5764,0.5875,3768218.99,0
2024-11-24 18:00:00,0.587,0.6044,0.585,0.599,3218685.08,0
2024-11-24 19:00:00,0.5989,0.5994,0.5899,0.5927,2236473.47,0
2024-11-24 20:00:00,0.5926,0.6083,0.5908,0.6062,2427346.85,0
2024-11-24 21:00:00,0.606,0.6138,0.5996,0.6101,3484359.49,0
2024-11-24 22:00:00,0.6101,0.6196,0.6088,0.6137,2877296.17,0
2024-11-24 23:00:00,0.6137,0.616,0.6061,0.611,5117406.6,0
2024-11-25 00:00:00,0.6111,0.6119,0.5937,0.5991,4833744.47,0
2024-11-25 01:00:00,0.599,0.6007,0.5801,0.5894,3800496.63,0
2024-11-25 02:00:00,0.5893,0.5922,0.5849,0.5883,1511435.39,0
2024-11-25 03:00:00,0.5884,0.596,0.5879,0.5932,2733453.74,0
2024-11-25 04:00:00,0.5932,0.6065,0.5907,0.5944,2516935.11,0
2024-11-25 05:00:00,0.5947,0.6025,0.5937,0.6014,1492193.89,0
2024-11-25 06:00:00,0.6014,0.6049,0.5907,0.592,1895437.77,0
2024-11-25 07:00:00,0.592,0.6049,0.589,0.5976,3017597.62,0
2024-11-25 08:00:00,0.5973,0.611,0.5963,0.6101,2905172.74,0
2024-11-25 09:00:00,0.61,0.6231,0.6093,0.6142,6036138.38,0
2024-11-25 10:00:00,0.614,0.63,0.6079,0.6294,9638636.24,0
2024-11-25 11:00:00,0.6294,0.6423,0.62,0.6261,8119320.64,0
2024-11-25 12:00:00,0.6262,0.6296,0.6161,0.6181,5053531.33,0
2024-11-25 13:00:00,0.6181,0.6221,0.6001,0.6063,7105993.31,0
2024-11-25 14:00:00,0.6063,0.6238,0.5933,0.5961,9567961.22,0
2024-11-25 15:00:00,0.5964,0.6267,0.5843,0.619,12756958.86,0
2024-11-25 16:00:00,0.6192,0.6277,0.5956,0.6036,7679681.99,0
2024-11-25 17:00:00,0.6033,0.6039,0.585,0.5923,4801907.12,0
2024-11-25 18:00:00,0.5924,0.5976,0.5829,0.5884,2425592.19,0
2024-11-25 19:00:00,0.5883,0.6011,0.5815,0.5944,2228414.46,0
2024-11-25 20:00:00,0.5943,0.6082,0.5906,0.6063,2057756.86,0
2024-11-25 21:00:00,0.6056,0.6069,0.5862,0.5959,3186857.35,0
2024-11-25 22:00:00,0.5959,0.5996,0.5745,0.5967,3434949.52,0
2024-11-25 23:00:00,0.5964,0.598,0.584,0.5868,2572494.25,0
2024-11-26 00:00:00,0.5869,0.6065,0.5822,0.5964,6255675.66,0
2024-11-26 01:00:00,0.5964,0.5997,0.5909,0.5976,1618948.51,0
2024-11-26 02:00:00,0.5975,0.6016,0.5924,0.5934,1378398.26,0
2024-11-26 03:00:00,0.5933,0.5937,0.5791,0.5866,4308327.3,0
2024-11-26 04:00:00,0.5865,0.588,0.5756,0.585,1543398.73,0
2024-11-26 05:00:00,0.5852,0.5947,0.584,0.5932,1557052.96,0
2024-11-26 06:00:00,0.593,0.5962,0.5846,0.5857,2240931.62,0
2024-11-26 07:00:00,0.5857,0.5857,0.5666,0.5707,4803172.04,0
2024-11-26 08:00:00,0.5707,0.5708,0.5569,0.563,6773796.86,0
2024-11-26 09:00:00,0.5626,0.5701,0.5563,0.5627,2710095.87,0
2024-11-26 10:00:00,0.5628,0.5648,0.5468,0.5472,4920553.93,0
2024-11-26 11:00:00,0.5471,0.553,0.5339,0.5464,9162241.96,0
2024-11-26 12:00:00,0.5463,0.5723,0.5411,0.5718,13061719.12,0
2024-11-26 13:00:00,0.5717,0.5803,0.5632,0.5674,5623615.25,0
2024-11-26 14:00:00,0.5674,0.5919,0.5606,0.5887,6406953.28,0
2024-11-26 15:00:00,0.5887,0.5892,0.5673,0.5675,4682035.03,0
2024-11-26 16:00:00,0.5675,0.5778,0.5597,0.567,6796240.5,0
2024-11-26 17:00:00,0.5673,0.5696,0.5595,0.5629,3992585.01,0
2024-11-26 18:00:00,0.563,0.5661,0.5483,0.5551,3862492.56,0
2024-11-26 19:00:00,0.5553,0.5665,0.5528,0.5656,6464338.73,0
2024-11-26 20:00:00,0.5655,0.58,0.5646,0.5771,4681034.62,0
2024-11-26 21:00:00,0.5769,0.5847,0.5712,0.5776,2526171.25,0
2024-11-26 22:00:00,0.5771,0.5824,0.5753,0.5754,1479564.73,0
2024-11-26 23:00:00,0.5756,0.581,0.5731,0.5789,840619.17,0
2024-11-27 00:00:00,0.5786,0.5893,0.5727,0.5749,2660985.83,0
2024-11-27 01:00:00,0.5752,0.5841,0.5702,0.582,1544655.29,0
2024-11-27 02:00:00,0.582,0.5973,0.5728,0.5968,3334142.68,0
2024-11-27 03:00:00,0.5962,0.5991,0.5886,0.5888,1769569.22,0
2024-11-27 04:00:00,0.589,0.6143,0.5881,0.6024,3788335.4,0
2024-11-27 05:00:00,0.6025,0.6124,0.5976,0.6053,3571204.51,0
2024-11-27 06:00:00,0.6052,0.6192,0.6041,0.609,4223281.86,0
2024-11-27 07:00:00,0.6087,0.6108,0.5842,0.5921,8683779.87,0
2024-11-27 08:00:00,0.5922,0.5975,0.5901,0.592,1861253.2,0
2024-11-27 09:00:00,0.5921,0.5925,0.5828,0.5848,2430662.62,0
2024-11-27 10:00:00,0.5851,0.603,0.5846,0.5965,2597896.39,0
2024-11-27 11:00:00,0.5963,0.6025,0.5914,0.6,1598411.95,0
2024-11-27 12:00:00,0.6,0.6014,0.5861,0.5979,2364103.64,0
2024-11-27 13:00:00,0.5978,0.602,0.5917,0.598,2667153.38,0
2024-11-27 14:00:00,0.598,0.6056,0.5936,0.6044,3199795.22,0
2024-11-27 15:00:00,0.6043,0.6093,0.599,0.6015,3806986.56,0
2024-11-27 16:00:00,0.6016,0.6168,0.5986,0.61,4298961.18,0
2024-11-27 17:00:00,0.61,0.6207,0.6061,0.6178,2527737.25,0
2024-11-27 18:00:00,0.618,0.6246,0.6137,0.616,2727883.5,0
2024-11-27 19:00:00,0.6159,0.6292,0.6135,0.6196,3709210.55,0
2024-11-27 20:00:00,0.6197,0.6288,0.6186,0.6243,2255024.83,0
2024-11-27 21:00:00,0.6243,0.63,0.6214,0.6294,2707956.3,0
2024-11-27 22:00:00,0.6293,0.6442,0.6291,0.6414,2880903.63,0
2024-11-27 23:00:00,0.6414,0.6479,0.6361,0.6378,3490525.12,0
2024-11-28 00:00:00,0.6377,0.6511,0.6313,0.6373,4193624.21,0
2024-11-28 01:00:00,0.6371,0.6495,0.6356,0.648,3299141.26,0
2024-11-28 02:00:00,0.6476,0.6496,0.6323,0.6349,2567180.96,0
2024-11-28 03:00:00,0.6344,0.6366,0.6217,0.6294,3729048.21,0
2024-11-28 04:00:00,0.6294,0.635,0.6263,0.635,2252857.24,0
2024-11-28 05:00:00,0.635,0.6414,0.6265,0.6271,2064522.25,0
2024-11-28 06:00:00,0.627,0.6279,0.6204,0.6262,1315799.13,0
2024-11-28 07:00:00,0.6263,0.6322,0.6204,0.6249,1836771.6,0
2024-11-28 08:00:00,0.6249,0.6442,0.6202,0.6397,4108058.56,0
2024-11-28 09:00:00,0.6394,0.6434,0.6281,0.6284,2766127.41,0
2024-11-28 10:00:00,0.6288,0.6365,0.6236,0.6244,2315404.15,0
2024-11-28 11:00:00,0.6244,0.6287,0.6163,0.623,3550980.28,0
2024-11-28 12:00:00,0.6226,0.629,0.6179,0.6227,2383318.92,0
2024-11-28 13:00:00,0.6229,0.6236,0.6137,0.6185,2371367.14,0
2024-11-28 14:00:00,0.6184,0.6251,0.611,0.6133,3481165.63,0
2024-11-28 15:00:00,0.6132,0.6196,0.607,0.6076,2112543.43,0
2024-11-28 16:00:00,0.6076,0.6154,0.6061,0.6093,1990914.32,0
2024-11-28 17:00:00,0.6097,0.6173,0.6092,0.6097,1979729.1,0
2024-11-28 18:00:00,0.6098,0.6194,0.6093,0.6191,1340118.73,0
2024-11-28 19:00:00,0.6187,0.6242,0.6163,0.6241,1129615.08,0
2024-11-28 20:00:00,0.6241,0.6244,0.6152,0.618,1233898.13,0
2024-11-28 21:00:00,0.6181,0.6344,0.6181,0.6334,1352626.02,0
2024-11-28 22:00:00,0.6331,0.6449,0.6321,0.6402,2099044.59,0
2024-11-28 23:00:00,0.6401,0.6402,0.6302,0.6303,1728067.94,0
2024-11-29 00:00:00,0.6305,0.6329,0.6152,0.6163,2093513.05,0
2024-11-29 01:00:00,0.6163,0.6213,0.6135,0.62,1380742.91,0
2024-11-29 02:00:00,0.6198,0.6303,0.6198,0.6303,2551049.39,0
2024-11-29 03:00:00,0.6304,0.6314,0.62,0.6202,1086049.72,0
2024-11-29 04:00:00,0.6203,0.6225,0.6139,0.6198,1657228.45,0
2024-11-29 05:00:00,0.6194,0.6264,0.6168,0.6175,1380852.63,0
2024-11-29 06:00:00,0.6175,0.6194,0.6114,0.6128,3033120.28,0
2024-11-29 07:00:00,0.6127,0.6153,0.6081,0.6089,3524292.57,0
2024-11-29 08:00:00,0.6089,0.6156,0.6088,0.6134,1321179.95,0
2024-11-29 09:00:00,0.6134,0.6179,0.612,0.6153,1004477.38,0
2024-11-29 10:00:00,0.6154,0.6195,0.6121,0.619,1752150.39,0
2024-11-29 11:00:00,0.619,0.6233,0.6185,0.6218,1975817.73,0
2024-11-29 12:00:00,0.6217,0.6249,0.6132,0.6168,3001222.83,0
2024-11-29 13:00:00,0.6165,0.629,0.6165,0.6286,2355642.7,0
2024-11-29 14:00:00,0.6287,0.6288,0.6206,0.6267,3309685.32,0
2024-11-29 15:00:00,0.6266,0.6312,0.6159,0.6162,3079127.08,0
2024-11-29 16:00:00,0.6163,0.621,0.612,0.6171,2864386.41,0
2024-11-29 17:00:00,0.6171,0.6208,0.6122,0.6187,1886576.51,0
2024-11-29 18:00:00,0.6189,0.623,0.6159,0.6166,1315927.96,0
2024-11-29 19:00:00,0.6165,0.6224,0.6116,0.6215,1483351.58,0
2024-11-29 20:00:00,0.6218,0.6272,0.619,0.6197,1660242.28,0
2024-11-29 21:00:00,0.6197,0.6253,0.6157,0.6248,899474.29,0
2024-11-29 22:00:00,0.6248,0.628,0.6247,0.6259,901415.18,0
2024-11-29 23:00:00,0.6258,0.6286,0.6224,0.6268,1102712.46,0
2024-11-30 00:00:00,0.6272,0.6295,0.6174,0.6257,2042274.62,0
2024-11-30 01:00:00,0.6258,0.6347,0.6201,0.6274,1798663.99,0
2024-11-30 02:00:00,0.6274,0.6335,0.622,0.6333,2105595.16,0
2024-11-30 03:00:00,0.6333,0.6435,0.6317,0.6417,2943641.79,0
2024-11-30 04:00:00,0.6414,0.6466,0.6392,0.6438,2012301.03,0
2024-11-30 05:00:00,0.6437,0.6573,0.6383,0.6547,4225347.2,0
2024-11-30 06:00:00,0.6548,0.6616,0.6488,0.6527,4174792.56,0
2024-11-30 07:00:00,0.6532,0.6534,0.6446,0.6479,3899310.27,0
2024-11-30 08:00:00,0.6482,0.6507,0.6394,0.6404,2443944.02,0
2024-11-30 09:00:00,0.6403,0.6525,0.639,0.6516,2266037.05,0
2024-11-30 10:00:00,0.6518,0.6518,0.6344,0.6355,2131661.9,0
2024-11-30 11:00:00,0.6355,0.6494,0.6343,0.6425,1613200.18,0
2024-11-30 12:00:00,0.6423,0.6596,0.6418,0.6594,1926313.12,0
2024-11-30 13:00:00,0.6592,0.6595,0.65,0.6528,1766319.3,0
2024-11-30 14:00:00,0.6528,0.6691,0.6525,0.6585,4383276.13,0
2024-11-30 15:00:00,0.6586,0.6741,0.6552,0.669,4986828.69,0
2024-11-30 16:00:00,0.6691,0.6794,0.6666,0.678,3310931.09,0
2024-11-30 17:00:00,0.6782,0.7184,0.6771,0.701,15577566.61,0
2024-11-30 18:00:00,0.7009,0.7031,0.6909,0.6982,2919018.21,0
2024-11-30 19:00:00,0.6985,0.7005,0.6916,0.6955,1626812.08,0
2024-11-30 20:00:00,0.6953,0.7105,0.6934,0.7094,2324589.82,0
2024-11-30 21:00:00,0.7095,0.7124,0.7005,0.7085,2265433.74,0
2024-11-30 22:00:00,0.7087,0.7169,0.7033,0.7072,3626273.39,0
2024-11-30 23:00:00,0.7074,0.718,0.705,0.7123,2812645.02,0
2024-12-01 00:00:00,0.7125,0.7182,0.7021,0.7026,3760734.24,0
2024-12-01 01:00:00,0.7031,0.7196,0.6954,0.7084,4247278.02,0
2024-12-01 02:00:00,0.7083,0.7118,0.6957,0.7024,3937336.91,0
2024-12-01 03:00:00,0.7025,0.7175,0.7019,0.7081,3304922.58,0
2024-12-01 04:00:00,0.7079,0.722,0.7012,0.7105,2977121.03,0
2024-12-01 05:00:00,0.7104,0.7172,0.7018,0.711,2955428.06,0
2024-12-01 06:00:00,0.7112,0.7341,0.7094,0.7171,5408657.95,0
2024-12-01 07:00:00,0.7173,0.7187,0.7014,0.7098,5156854.94,0
2024-12-01 08:00:00,0.7099,0.7122,0.703,0.7052,2506636.86,0
2024-12-01 09:00:00,0.7054,0.7091,0.7005,0.705,1946642.99,0
2024-12-01 10:00:00,0.705,0.7094,0.6981,0.7019,1857634.03,0
2024-12-01 11:00:00,0.7017,0.7075,0.7002,0.7047,1192354.93,0
2024-12-01 12:00:00,0.7042,0.7126,0.7038,0.7091,2716453.09,0
2024-12-01 13:00:00,0.7089,0.7217,0.7075,0.7107,2936287.69,0
2024-12-01 14:00:00,0.7103,0.7154,0.7068,0.7127,2018024.53,0
2024-12-01 15:00:00,0.7125,0.728,0.7082,0.718,3266865.16,0
2024-12-01 16:00:00,0.7182,0.7203,0.7023,0.7031,4081783.43,0
2024-12-01 17:00:00,0.7035,0.7068,0.6985,0.7064,2505925.22,0
2024-12-01 18:00:00,0.7064,0.7128,0.7049,0.7085,1822657.18,0
2024-12-01 19:00:00,0.7085,0.7132,0.7035,0.7125,1552043.37,0
2024-12-01 20:00:00,0.7121,0.7125,0.6995,0.7032,2739233.81,0
2024-12-01 21:00:00,0.7032,0.7094,0.7016,0.7061,1090188.63,0
2024-12-01 22:00:00,0.7061,0.7168,0.7058,0.7149,1296275.67,0
2024-12-01 23:00:00,0.7153,0.718,0.7082,0.7115,1971620.99,0
2024-12-02 00:00:00,0.7114,0.7157,0.7045,0.7092,2303741.64,0
2024-12-02 01:00:00,0.7093,0.7234,0.707,0.7232,2630235.73,0
2024-12-02 02:00:00,0.7233,0.7258,0.7073,0.7207,2494044.21,0
2024-12-02 03:00:00,0.7209,0.7272,0.6927,0.6967,4938235.92,0
2024-12-02 04:00:00,0.6963,0.7048,0.6773,0.6978,7474865.19,0
2024-12-02 05:00:00,0.6975,0.7034,0.6873,0.6932,2280132.96,0
2024-12-02 06:00:00,0.6932,0.701,0.6837,0.7003,2605284.68,0
2024-12-02 07:00:00,0.7003,0.7067,0.6927,0.6974,2701506.42,0
2024-12-02 08:00:00,0.6974,0.7003,0.6557,0.6674,11371620.96,0
2024-12-02 09:00:00,0.6674,0.6777,0.6608,0.6759,4422613.43,0
2024-12-02 10:00:00,0.676,0.6765,0.6557,0.6569,3794036.97,0
2024-12-02 11:00:00,0.6566,0.6695,0.6555,0.6637,2154405.11,0
2024-12-02 12:00:00,0.6638,0.6832,0.6609,0.6734,2619556.38,0
2024-12-02 13:00:00,0.6733,0.6915,0.6716,0.6893,2646018.52,0
2024-12-02 14:00:00,0.6897,0.6943,0.6787,0.6817,2846472.41,0
2024-12-02 15:00:00,0.6817,0.6956,0.6772,0.6928,3059074.18,0
2024-12-02 16:00:00,0.693,0.6964,0.6649,0.6734,4726772.62,0
2024-12-02 17:00:00,0.6733,0.6775,0.6594,0.661,2932902.65,0
2024-12-02 18:00:00,0.6611,0.6832,0.6607,0.681,1616546.09,0
2024-12-02 19:00:00,0.6808,0.6852,0.6749,0.6785,3379347.86,0
2024-12-02 20:00:00,0.6786,0.6962,0.6772,0.692,3030854.59,0
2024-12-02 21:00:00,0.6916,0.6991,0.6884,0.6971,2896524.71,0
2024-12-02 22:00:00,0.6968,0.6981,0.6895,0.6933,1239546.98,0
2024-12-02 23:00:00,0.6931,0.7125,0.6929,0.7112,3129676.25,0
2024-12-03 00:00:00,0.7116,0.7119,0.7003,0.7025,2003617.35,0
2024-12-03 01:00:00,0.7027,0.7137,0.6987,0.6994,1741942.9,0
2024-12-03 02:00:00,0.6992,0.7113,0.6938,0.7074,2276575.7,0
2024-12-03 03:00:00,0.7073,0.7235,0.7047,0.715,4938196.23,0
2024-12-03 04:00:00,0.7149,0.7288,0.7128,0.7263,2002111.5,0
2024-12-03 05:00:00,0.726,0.7349,0.7205,0.7308,2772677.08,0
2024-12-03 06:00:00,0.731,0.7486,0.7198,0.7219,5237302.35,0
2024-12-03 07:00:00,0.7217,0.7277,0.7101,0.717,5673147.7,0
2024-12-03 08:00:00,0.7171,0.7224,0.7093,0.714,3538288.21,0
2024-12-03 09:00:00,0.7138,0.7147,0.7021,0.7091,2320754.34,0
2024-12-03 10:00:00,0.7087,0.721,0.7007,0.703,3111659.16,0
2024-12-03 11:00:00,0.7028,0.72,0.7016,0.7192,2513581.1,0
2024-12-03 12:00:00,0.7189,0.7189,0.7047,0.7119,3059236.89,0
2024-12-03 13:00:00,0.7117,0.7156,0.66,0.6747,10971851.33,0
2024-12-03 14:00:00,0.6748,0.6857,0.6367,0.6739,15505779.84,0
2024-12-03 15:00:00,0.6736,0.6834,0.6708,0.6815,5996709.48,0
2024-12-03 16:00:00,0.6814,0.6917,0.6728,0.679,3915051.44,0
2024-12-03 17:00:00,0.6787,0.6921,0.669,0.6908,3335401.28,0
2024-12-03 18:00:00,0.6906,0.6986,0.6877,0.6957,1731352.89,0
2024-12-03 19:00:00,0.6953,0.6956,0.6807,0.6892,1648084.27,0
2024-12-03 20:00:00,0.6894,0.7105,0.6885,0.7089,2371694.11,0
2024-12-03 21:00:00,0.7087,0.7196,0.7056,0.7066,2058076.65,0
2024-12-03 22:00:00,0.7067,0.7227,0.6985,0.7226,2347523.35,0
2024-12-03 23:00:00,0.7225,0.7334,0.7211,0.7259,3602144.91,0
2024-12-04 00:00:00,0.726,0.7427,0.7215,0.74,4223063.93,0
2024-12-04 01:00:00,0.7402,0.743,0.731,0.7369,3548249.11,0
2024-12-04 02:00:00,0.7373,0.739,0.716,0.7208,2358213.79,0
2024-12-04 03:00:00,0.7208,0.7334,0.7207,0.7271,1626318.08,0
2024-12-04 04:00:00,0.7272,0.7346,0.7252,0.7345,1395890.8,0
2024-12-04 05:00:00,0.7345,0.7417,0.7315,0.7365,1479374.45,0
2024-12-04 06:00:00,0.7367,0.7376,0.7223,0.735,2186280.05,0
2024-12-04 07:00:00,0.7352,0.7475,0.7304,0.7404,2688529.22,0
2024-12-04 08:00:00,0.7408,0.7486,0.7405,0.7468,2379804.39,0
2024-12-04 09:00:00,0.7468,0.7544,0.7427,0.7474,3089452.67,0
2024-12-04 10:00:00,0.7474,0.7582,0.7428,0.7488,4717511.08,0
2024-12-04 11:00:00,0.7487,0.7636,0.7484,0.7505,3083414.29,0
2024-12-04 12:00:00,0.7507,0.7553,0.7341,0.7462,5216542.11,0
2024-12-04 13:00:00,0.7459,0.7514,0.7336,0.7424,3604356.86,0
2024-12-04 14:00:00,0.7422,0.7594,0.7301,0.753,3500993.12,0
2024-12-04 15:00:00,0.7526,0.7677,0.7444,0.7514,6786081.33,0
2024-12-04 16:00:00,0.7517,0.7537,0.715,0.7209,6450163.54,0
2024-12-04 17:00:00,0.7208,0.7426,0.7181,0.7404,2885875.4,0
2024-12-04 18:00:00,0.7405,0.749,0.7333,0.7411,1657109.77,0
2024-12-04 19:00:00,0.7401,0.7534,0.7385,0.7437,2656426.14,0
2024-12-04 20:00:00,0.7438,0.7484,0.7207,0.73,3724992.89,0
2024-12-04 21:00:00,0.73,0.7382,0.7242,0.7358,2219474.19,0
2024-12-04 22:00:00,0.7358,0.7405,0.7287,0.73,1003288.61,0
2024-12-04 23:00:00,0.7294,0.7316,0.7098,0.7217,3503027.95,0
2024-12-05 00:00:00,0.7216,0.7225,0.7038,0.7053,2771460.86,0
2024-12-05 01:00:00,0.7055,0.7058,0.6783,0.689,7162422.06,0
2024-12-05 02:00:00,0.6887,0.7101,0.6875,0.7027,3651622.27,0
2024-12-05 03:00:00,0.7027,0.7167,0.697,0.7008,8850525.21,0
2024-12-05 04:00:00,0.7008,0.729,0.6974,0.7191,2833182.06,0
2024-12-05 05:00:00,0.7194,0.7206,0.7062,0.7143,2121225.38,0
2024-12-05 06:00:00,0.7142,0.7218,0.7067,0.7202,2168721.73,0
2024-12-05 07:00:00,0.7202,0.7336,0.7179,0.7323,2809417.55,0
2024-12-05 08:00:00,0.7323,0.7368,0.7205,0.7234,4993989.3,0
2024-12-05 09:00:00,0.7237,0.7291,0.7213,0.7234,2217860.12,0
2024-12-05 10:00:00,0.7233,0.7304,0.7208,0.7235,1683812.94,0
2024-12-05 11:00:00,0.7236,0.7333,0.7224,0.7327,1881441.56,0
2024-12-05 12:00:00,0.7325,0.7424,0.7313,0.738,2753910.6,0
2024-12-05 13:00:00,0.7382,0.74,0.7309,0.7355,2213455.15,0
2024-12-05 14:00:00,0.7359,0.7414,0.7262,0.7306,2834082.45,0
2024-12-05 15:00:00,0.7307,0.7391,0.7204,0.7381,3172844.28,0
2024-12-05 16:00:00,0.7382,0.7503,0.7358,0.7426,4210522.51,0
2024-12-05 17:00:00,0.7426,0.7494,0.7409,0.7468,2417189.2,0
2024-12-05 18:00:00,0.7469,0.7491,0.7387,0.7393,1780709.97,0
2024-12-05 19:00:00,0.7392,0.7425,0.7201,0.7219,3866448.68,0
2024-12-05 20:00:00,0.7218,0.7292,0.7076,0.7221,3367864.3,0
2024-12-05 21:00:00,0.7218,0.7285,0.7188,0.7227,1738211.87,0
2024-12-05 22:00:00,0.7225,0.7284,0.6879,0.7144,5385003.97,0
2024-12-05 23:00:00,0.7144,0.7253,0.7012,0.7147,2840596.14,0
2024-12-06 00:00:00,0.7146,0.7419,0.708,0.7404,4031816.44,0
2024-12-06 01:00:00,0.7407,0.7473,0.7387,0.7418,2612430.43,0
2024-12-06 02:00:00,0.7417,0.7509,0.7366,0.7501,2671364.6,0
2024-12-06 03:00:00,0.7499,0.7585,0.7415,0.7561,2347720.25,0
2024-12-06 04:00:00,0.7561,0.7633,0.7519,0.7563,2726675.47,0
2024-12-06 05:00:00,0.7559,0.7577,0.7483,0.7521,1981039.99,0
2024-12-06 06:00:00,0.752,0.7756,0.7517,0.7689,6099968.37,0
2024-12-06 07:00:00,0.7685,0.7751,0.7635,0.7702,4013158.34,0
2024-12-06 08:00:00,0.7701,0.7781,0.7647,0.7657,3147463.93,0
2024-12-06 09:00:00,0.7657,0.7667,0.7498,0.7518,6822814.09,0
2024-12-06 10:00:00,0.7518,0.7548,0.7407,0.7509,2913987.72,0
2024-12-06 11:00:00,0.7508,0.7635,0.7492,0.7554,4071521.02,0
2024-12-06 12:00:00,0.7548,0.7629,0.7308,0.734,3457214.17,0
2024-12-06 13:00:00,0.7336,0.7576,0.7294,0.7501,3951232.26,0
2024-12-06 14:00:00,0.7497,0.7668,0.7401,0.7654,4221757.56,0
2024-12-06 15:00:00,0.7653,0.784,0.7604,0.7716,8012209.73,0
2024-12-06 16:00:00,0.7716,0.7774,0.7642,0.7743,3499907.87,0
2024-12-06 17:00:00,0.7744,0.79,0.7677,0.7833,4905792.51,0
2024-12-06 18:00:00,0.7832,0.8043,0.7824,0.7965,5499161.38,0
2024-12-06 19:00:00,0.7964,0.7975,0.7891,0.7892,2941989.58,0
2024-12-06 20:00:00,0.7892,0.7925,0.7817,0.7843,2654558.37,0
2024-12-06 21:00:00,0.7846,0.7925,0.7823,0.7839,1168667.59,0
2024-12-06 22:00:00,0.784,0.7893,0.7825,0.7859,778717.89,0
2024-12-06 23:00:00,0.7859,0.7921,0.7804,0.7846,1524221.28,0
2024-12-07 00:00:00,0.7848,0.7913,0.7785,0.7822,1478995.48,0
2024-12-07 01:00:00,0.7823,0.7856,0.7749,0.7816,1385384.67,0
2024-12-07 02:00:00,0.7815,0.79,0.7771,0.7858,995094.59,0
2024-12-07 03:00:00,0.7859,0.7927,0.7787,0.7891,1399317.4,0
2024-12-07 04:00:00,0.7889,0.7953,0.7815,0.7873,1872661.8,0
2024-12-07 05:00:00,0.7873,0.7932,0.7806,0.784,1818746.31,0
2024-12-07 06:00:00,0.7839,0.7943,0.7832,0.7891,1339236.36,0
2024-12-07 07:00:00,0.789,0.7939,0.7818,0.7883,1474394.76,0
2024-12-07 08:00:00,0.7884,0.7898,0.773,0.7764,4879746.12,0
2024-12-07 09:00:00,0.776,0.7829,0.7709,0.7718,2105146.45,0
2024-12-07 10:00:00,0.7719,0.7725,0.7656,0.7695,2873759.9,0
2024-12-07 11:00:00,0.7696,0.7802,0.7684,0.7757,1437020.75,0
2024-12-07 12:00:00,0.7754,0.7823,0.7734,0.7778,927931.96,0
2024-12-07 13:00:00,0.7777,0.786,0.7738,0.7837,1703814.03,0
2024-12-07 14:00:00,0.7834,0.7885,0.7728,0.783,1479498.64,0
2024-12-07 15:00:00,0.7828,0.7831,0.7727,0.7803,1303560.52,0
2024-12-07 16:00:00,0.7804,0.7812,0.7699,0.7725,1630452.0,0
2024-12-07 17:00:00,0.7725,0.7746,0.7649,0.7693,1747074.55,0
2024-12-07 18:00:00,0.7694,0.7839,0.7689,0.7821,957411.42,0
2024-12-07 19:00:00,0.782,0.7858,0.773,0.7736,748835.58,0
2024-12-07 20:00:00,0.7737,0.7765,0.7711,0.7752,668024.93,0
2024-12-07 21:00:00,0.775,0.7772,0.7721,0.7729,518300.66,0
2024-12-07 22:00:00,0.7728,0.7766,0.7704,0.7704,507524.63,0
2024-12-07 23:00:00,0.7703,0.7771,0.7681,0.7684,518365.37,0
2024-12-08 00:00:00,0.7684,0.7776,0.7672,0.7768,916381.61,0
2024-12-08 01:00:00,0.7763,0.781,0.7682,0.7691,773184.12,0
2024-12-08 02:00:00,0.7689,0.7736,0.765,0.7714,1017542.24,0
2024-12-08 03:00:00,0.7712,0.778,0.7694,0.7694,653383.07,0
2024-12-08 04:00:00,0.7693,0.7723,0.7571,0.7575,1499664.93,0
2024-12-08 05:00:00,0.7576,0.7594,0.7511,0.7541,2429287.27,0
2024-12-08 06:00:00,0.754,0.7587,0.7478,0.7586,1504092.17,0
2024-12-08 07:00:00,0.7586,0.7628,0.7555,0.761,850909.34,0
2024-12-08 08:00:00,0.7609,0.7616,0.7447,0.7449,1549221.7,0
2024-12-08 09:00:00,0.7448,0.7543,0.74,0.745,1635768.35,0
2024-12-08 10:00:00,0.7449,0.7542,0.7449,0.7516,749672.58,0
2024-12-08 11:00:00,0.7515,0.7591,0.7473,0.7569,1869371.84,0
2024-12-08 12:00:00,0.757,0.76,0.7471,0.7573,944237.49,0
2024-12-08 13:00:00,0.7573,0.7678,0.7556,0.7674,1488360.81,0
2024-12-08 14:00:00,0.7673,0.768,0.76,0.7607,1667515.37,0
2024-12-08 15:00:00,0.7609,0.7741,0.7542,0.771,2225046.77,0
2024-12-08 16:00:00,0.7712,0.7757,0.7598,0.7618,1478040.75,0
2024-12-08 17:00:00,0.7618,0.7657,0.7585,0.7651,1045257.94,0
2024-12-08 18:00:00,0.7652,0.7678,0.7552,0.7562,997298.1,0
2024-12-08 19:00:00,0.7561,0.7638,0.7541,0.7625,745307.39,0
2024-12-08 20:00:00,0.7624,0.7662,0.7601,0.7608,698793.77,0
2024-12-08 21:00:00,0.7608,0.7683,0.7591,0.7681,432116.71,0
2024-12-08 22:00:00,0.7679,0.7799,0.7669,0.7791,1500065.91,0
2024-12-08 23:00:00,0.779,0.7799,0.7713,0.7762,975684.26,0
2024-12-09 00:00:00,0.7759,0.777,0.7601,0.7661,1299050.59,0
2024-12-09 01:00:00,0.7661,0.7721,0.7534,0.7549,1283877.98,0
2024-12-09 02:00:00,0.7548,0.7609,0.7447,0.747,2369652.89,0
2024-12-09 03:00:00,0.7472,0.7527,0.7314,0.7397,2153372.95,0
2024-12-09 04:00:00,0.7397,0.7444,0.7301,0.7427,1778470.67,0
2024-12-09 05:00:00,0.7431,0.7458,0.7404,0.7446,1067414.43,0
2024-12-09 06:00:00,0.7446,0.7453,0.7273,0.7293,2409479.85,0
2024-12-09 07:00:00,0.7291,0.7315,0.7166,0.7276,3459223.25,0
2024-12-09 08:00:00,0.7276,0.7277,0.7029,0.7052,3264235.54,0
2024-12-09 09:00:00,0.7051,0.7127,0.6912,0.7009,5151225.77,0
2024-12-09 10:00:00,0.7009,0.71,0.7006,0.7095,1450591.34,0
2024-12-09 11:00:00,0.7092,0.7102,0.6883,0.6917,3101384.47,0
2024-12-09 12:00:00,0.6917,0.6979,0.6839,0.6955,6046816.09,0
2024-12-09 13:00:00,0.6954,0.7181,0.6938,0.7145,3779478.08,0
2024-12-09 14:00:00,0.7145,0.7241,0.7062,0.7222,3004617.91,0
2024-12-09 15:00:00,0.7222,0.7236,0.6914,0.6972,3958715.48,0
2024-12-09 16:00:00,0.697,0.7105,0.6935,0.6997,3000814.34,0
2024-12-09 17:00:00,0.6995,0.7059,0.6919,0.6922,1233219.12,0
2024-12-09 18:00:00,0.692,0.7009,0.6918,0.6965,954663.22,0
2024-12-09 19:00:00,0.6962,0.698,0.6886,0.6893,1012462.76,0
2024-12-09 20:00:00,0.6892,0.6913,0.641,0.6499,11605840.48,0
2024-12-09 21:00:00,0.6492,0.6504,0.52,0.6139,18256630.97,0
2024-12-09 22:00:00,0.6135,0.6171,0.55,0.6107,14269792.37,0
2024-12-09 23:00:00,0.6107,0.6286,0.6058,0.6212,5368132.98,0
2024-12-10 00:00:00,0.6212,0.6425,0.6085,0.6379,4778478.54,0
2024-12-10 01:00:00,0.6379,0.6417,0.6237,0.6354,2480016.76,0
2024-12-10 02:00:00,0.6354,0.6359,0.6047,0.6057,3446175.74,0
2024-12-10 03:00:00,0.6059,0.6072,0.5791,0.605,15907215.5,0
2024-12-10 04:00:00,0.6051,0.6181,0.5901,0.6176,4673668.13,0
2024-12-10 05:00:00,0.6179,0.6235,0.6104,0.623,2174156.8,0
2024-12-10 06:00:00,0.6231,0.6373,0.6188,0.6329,3207704.15,0
2024-12-10 07:00:00,0.6331,0.6333,0.6239,0.629,1920950.92,0
2024-12-10 08:00:00,0.629,0.6321,0.6188,0.6297,2010595.53,0
2024-12-10 09:00:00,0.6296,0.6409,0.6275,0.6324,2209132.34,0
2024-12-10 10:00:00,0.6324,0.64,0.6312,0.6368,1936233.54,0
2024-12-10 11:00:00,0.6368,0.6395,0.6231,0.632,3375117.88,0
2024-12-10 12:00:00,0.6319,0.6333,0.5984,0.6022,4058512.75,0
2024-12-10 13:00:00,0.6025,0.616,0.6022,0.6041,2891636.14,0
2024-12-10 14:00:00,0.6039,0.6171,0.6,0.6031,2834367.48,0
2024-12-10 15:00:00,0.6034,0.6057,0.5699,0.5708,7954304.21,0
2024-12-10 16:00:00,0.5712,0.5909,0.5621,0.5879,11007613.01,0
2024-12-10 17:00:00,0.5879,0.5881,0.5605,0.5607,3895221.37,0
2024-12-10 18:00:00,0.5606,0.5809,0.5576,0.5767,2572144.72,0
2024-12-10 19:00:00,0.5768,0.6017,0.5757,0.6012,2007213.6,0
2024-12-10 20:00:00,0.6009,0.6074,0.5954,0.6062,1900916.23,0
2024-12-10 21:00:00,0.6059,0.6189,0.6045,0.6119,2524610.16,0
2024-12-10 22:00:00,0.6127,0.6203,0.6107,0.6175,1400909.2,0
2024-12-10 23:00:00,0.6175,0.6231,0.6141,0.6154,895027.53,0
2024-12-11 00:00:00,0.6156,0.6188,0.597,0.6046,3877978.55,0
2024-12-11 01:00:00,0.6048,0.6048,0.5872,0.5885,2497114.99,0
2024-12-11 02:00:00,0.5891,0.6186,0.5872,0.6137,3499477.13,0
2024-12-11 03:00:00,0.6136,0.622,0.6127,0.6171,2197713.49,0
2024-12-11 04:00:00,0.6171,0.6202,0.6072,0.6121,3034094.99,0
2024-12-11 05:00:00,0.6123,0.6152,0.604,0.6091,1375675.52,0
2024-12-11 06:00:00,0.609,0.6145,0.6051,0.613,984323.37,0
2024-12-11 07:00:00,0.6132,0.6186,0.6033,0.6038,2054692.77,0
2024-12-11 08:00:00,0.6039,0.6267,0.6037,0.624,2064607.16,0
2024-12-11 09:00:00,0.6243,0.6263,0.6165,0.6263,1015429.56,0
2024-12-11 10:00:00,0.6262,0.6279,0.6197,0.623,1117639.72,0
2024-12-11 11:00:00,0.6227,0.6283,0.6191,0.6225,1444763.27,0
2024-12-11 12:00:00,0.6225,0.6354,0.6214,0.6304,1626374.77,0
2024-12-11 13:00:00,0.6305,0.6439,0.6268,0.6394,4625331.65,0
2024-12-11 14:00:00,0.6394,0.6499,0.6304,0.6459,2631236.97,0
2024-12-11 15:00:00,0.6462,0.6623,0.6444,0.6538,4967372.06,0
2024-12-11 16:00:00,0.6539,0.6613,0.6481,0.6512,2214533.78,0
2024-12-11 17:00:00,0.6505,0.6557,0.6417,0.6433,2239459.57,0
2024-12-11 18:00:00,0.6435,0.65,0.6413,0.644,2039481.28,0
2024-12-11 19:00:00,0.644,0.6491,0.6426,0.6485,1036738.34,0
2024-12-11 20:00:00,0.6487,0.6531,0.647,0.6495,910740.97,0
2024-12-11 21:00:00,0.6496,0.6515,0.6453,0.6513,729735.78,0
2024-12-11 22:00:00,0.651,0.6582,0.6509,0.6555,839803.22,0
2024-12-11 23:00:00,0.6556,0.6584,0.6534,0.6546,569797.35,0
2024-12-12 00:00:00,0.6549,0.6616,0.6494,0.6533,1900518.85,0
2024-12-12 01:00:00,0.6537,0.6604,0.6521,0.6564,1516628.05,0
2024-12-12 02:00:00,0.6566,0.6795,0.6561,0.6781,2009437.54,0
2024-12-12 03:00:00,0.6783,0.6899,0.6722,0.6832,2867020.83,0
2024-12-12 04:00:00,0.6832,0.6884,0.6756,0.6801,1645992.27,0
2024-12-12 05:00:00,0.68,0.6925,0.6796,0.6855,1530199.48,0
2024-12-12 06:00:00,0.6856,0.6911,0.68,0.6907,1632945.48,0
2024-12-12 07:00:00,0.6907,0.6927,0.683,0.6839,1064954.23,0
2024-12-12 08:00:00,0.6843,0.6912,0.6843,0.6875,1013311.78,0
2024-12-12 09:00:00,0.6878,0.6924,0.6792,0.6814,2448883.04,0
2024-12-12 10:00:00,0.6815,0.6821,0.6723,0.6765,1781574.62,0
2024-12-12 11:00:00,0.6762,0.6785,0.667,0.672,3517739.8,0
2024-12-12 12:00:00,0.672,0.69,0.672,0.6893,1548621.63,0
2024-12-12 13:00:00,0.6891,0.699,0.6772,0.685,4758801.66,0
2024-12-12 14:00:00,0.6853,0.6958,0.6808,0.6929,2121670.35,0
2024-12-12 15:00:00,0.6923,0.6976,0.6813,0.685,2026352.69,0
2024-12-12 16:00:00,0.685,0.6928,0.6759,0.6816,1744513.22,0
2024-12-12 17:00:00,0.6816,0.6868,0.6788,0.6834,892906.43,0
2024-12-12 18:00:00,0.6834,0.6842,0.6723,0.6774,645399.36,0
2024-12-12 19:00:00,0.6774,0.6811,0.6567,0.6599,2756946.52,0
2024-12-12 20:00:00,0.6596,0.6729,0.659,0.6698,1319207.56,0
2024-12-12 21:00:00,0.67,0.6705,0.6604,0.6611,768405.92,0
2024-12-12 22:00:00,0.6612,0.6643,0.6523,0.6596,1095316.97,0
2024-12-12 23:00:00,0.6598,0.6626,0.656,0.6611,774181.09,0
2024-12-13 00:00:00,0.6612,0.6656,0.6544,0.6595,2504946.63,0
2024-12-13 01:00:00,0.6593,0.6594,0.6446,0.6545,2893487.35,0
2024-12-13 02:00:00,0.6546,0.665,0.6526,0.6578,2790318.92,0
2024-12-13 03:00:00,0.6577,0.6622,0.6534,0.6609,1040544.66,0
2024-12-13 04:00:00,0.6609,0.6626,0.6507,0.6553,790918.64,0
2024-12-13 05:00:00,0.6547,0.6612,0.6503,0.6505,1011485.1,0
2024-12-13 06:00:00,0.6505,0.6537,0.6386,0.6386,1379577.07,0
2024-12-13 07:00:00,0.6387,0.6451,0.632,0.6416,2349627.72,0
2024-12-13 08:00:00,0.6416,0.6497,0.6381,0.6496,1413239.53,0
2024-12-13 09:00:00,0.6497,0.6529,0.6439,0.6498,784441.75,0
2024-12-13 10:00:00,0.6494,0.653,0.6408,0.6518,787408.0,0
2024-12-13 11:00:00,0.6518,0.6604,0.6502,0.6503,1116401.43,0
2024-12-13 12:00:00,0.6503,0.6557,0.6488,0.6525,1649444.39,0
2024-12-13 13:00:00,0.6525,0.653,0.6397,0.6452,1866348.5,0
2024-12-13 14:00:00,0.645,0.6518,0.6396,0.6511,1812504.13,0
2024-12-13 15:00:00,0.6513,0.6611,0.6372,0.639,4939158.69,0
2024-12-13 16:00:00,0.6389,0.6565,0.6378,0.6498,3238632.97,0
2024-12-13 17:00:00,0.6494,0.6533,0.6434,0.6506,1385258.7,0
2024-12-13 18:00:00,0.6504,0.6526,0.6443,0.6448,863688.56,0
2024-12-13 19:00:00,0.6448,0.6505,0.6448,0.6495,475389.48,0
2024-12-13 20:00:00,0.6497,0.6602,0.6497,0.6569,732573.46,0
2024-12-13 21:00:00,0.6568,0.6586,0.6525,0.6525,438783.24,0
2024-12-13 22:00:00,0.6527,0.6538,0.6472,0.6478,550357.36,0
2024-12-13 23:00:00,0.6476,0.6588,0.6463,0.658,642126.32,0
2024-12-14 00:00:00,0.6582,0.6641,0.653,0.6572,1452838.61,0
2024-12-14 01:00:00,0.6571,0.6677,0.6569,0.6621,1038348.08,0
2024-12-14 02:00:00,0.6623,0.6626,0.6539,0.6548,461355.72,0
2024-12-14 03:00:00,0.6548,0.6578,0.649,0.6508,674157.7,0
2024-12-14 04:00:00,0.6509,0.6529,0.6474,0.6512,358473.17,0
2024-12-14 05:00:00,0.6511,0.6522,0.6473,0.6512,389426.46,0
2024-12-14 06:00:00,0.6512,0.6557,0.6495,0.6516,464803.95,0
2024-12-14 07:00:00,0.6517,0.6532,0.6462,0.6487,1456081.77,0
2024-12-14 08:00:00,0.6488,0.6555,0.6482,0.6545,649208.74,0
2024-12-14 09:00:00,0.6544,0.6547,0.6444,0.6451,742541.58,0
2024-12-14 10:00:00,0.6451,0.6455,0.6371,0.6428,1304757.95,0
2024-12-14 11:00:00,0.6426,0.6449,0.639,0.64,481277.64,0
2024-12-14 12:00:00,0.64,0.6414,0.6229,0.623,2254375.18,0
2024-12-14 13:00:00,0.6228,0.6252,0.6153,0.6195,3612118.56,0
2024-12-14 14:00:00,0.6195,0.6312,0.6189,0.6273,1069352.14,0
2024-12-14 15:00:00,0.6271,0.629,0.6238,0.6251,854861.87,0
2024-12-14 16:00:00,0.6251,0.6262,0.6171,0.6251,1602215.56,0
2024-12-14 17:00:00,0.625,0.6254,0.6132,0.6151,1192333.09,0
2024-12-14 18:00:00,0.6148,0.6189,0.6081,0.6096,910443.56,0
2024-12-14 19:00:00,0.6095,0.6151,0.6082,0.6147,658369.26,0
2024-12-14 20:00:00,0.6147,0.618,0.6053,0.6064,1542401.55,0
2024-12-14 21:00:00,0.6066,0.6163,0.6064,0.616,791155.11,0
2024-12-14 22:00:00,0.6159,0.622,0.6135,0.6197,678168.19,0
2024-12-14 23:00:00,0.6197,0.6266,0.6188,0.6228,754706.64,0
2024-12-15 00:00:00,0.6228,0.6241,0.6163,0.6182,820523.87,0
2024-12-15 01:00:00,0.6181,0.6306,0.6178,0.6293,528858.45,0
2024-12-15 02:00:00,0.6293,0.6295,0.6228,0.6229,523688.95,0
2024-12-15 03:00:00,0.623,0.6236,0.6138,0.6143,752096.31,0
2024-12-15 04:00:00,0.6143,0.6255,0.6142,0.6201,962478.61,0
2024-12-15 05:00:00,0.6201,0.6247,0.619,0.6196,361122.68,0
2024-12-15 06:00:00,0.6196,0.6204,0.6088,0.6092,649111.86,0
2024-12-15 07:00:00,0.6093,0.6115,0.6012,0.6057,1560977.99,0
2024-12-15 08:00:00,0.6055,0.619,0.6048,0.6183,767850.91,0
2024-12-15 09:00:00,0.6182,0.6222,0.6145,0.6209,665061.9,0
2024-12-15 10:00:00,0.6208,0.623,0.6158,0.6161,925557.54,0
2024-12-15 11:00:00,0.616,0.6204,0.6156,0.619,694089.87,0
2024-12-15 12:00:00,0.6189,0.6263,0.6157,0.6255,1240756.4,0
2024-12-15 13:00:00,0.6254,0.6381,0.6206,0.6351,1863810.23,0
2024-12-15 14:00:00,0.6351,0.6439,0.634,0.6435,1170033.0,0
2024-12-15 15:00:00,0.6436,0.6457,0.6347,0.6369,1651728.02,0
2024-12-15 16:00:00,0.637,0.6428,0.6357,0.6385,1105640.26,0
2024-12-15 17:00:00,0.6382,0.6396,0.6324,0.6334,985187.88,0
2024-12-15 18:00:00,0.6335,0.6341,0.6278,0.6335,908609.19,0
2024-12-15 19:00:00,0.6336,0.6394,0.6336,0.6354,753254.24,0
2024-12-15 20:00:00,0.6353,0.6391,0.6334,0.635,667230.95,0
2024-12-15 21:00:00,0.6348,0.6348,0.6181,0.6184,1510433.47,0
2024-12-15 22:00:00,0.6182,0.6328,0.6157,0.6317,1268712.58,0
2024-12-15 23:00:00,0.6317,0.6511,0.6306,0.6482,2379404.26,0
2024-12-16 00:00:00,0.6485,0.6679,0.6442,0.6668,4020198.43,0
2024-12-16 01:00:00,0.6667,0.6718,0.6596,0.6613,3820097.48,0
2024-12-16 02:00:00,0.6618,0.6632,0.6459,0.6483,1644850.56,0
2024-12-16 03:00:00,0.6475,0.65,0.6331,0.6368,1466107.68,0
2024-12-16 04:00:00,0.6368,0.6428,0.6352,0.6399,1006604.19,0
2024-12-16 05:00:00,0.6393,0.6492,0.6347,0.643,2829054.88,0
2024-12-16 06:00:00,0.6432,0.6478,0.6317,0.6339,928975.72,0
2024-12-16 07:00:00,0.6335,0.6431,0.6319,0.6416,806860.34,0
2024-12-16 08:00:00,0.6415,0.6424,0.6326,0.6412,2191416.73,0
2024-12-16 09:00:00,0.6413,0.6423,0.6284,0.629,1267701.2,0
2024-12-16 10:00:00,0.6293,0.6316,0.6239,0.6286,1071108.34,0
2024-12-16 11:00:00,0.6285,0.6285,0.6144,0.616,2231431.73,0
2024-12-16 12:00:00,0.6161,0.6197,0.6114,0.6144,1692612.41,0
2024-12-16 13:00:00,0.6145,0.6242,0.6125,0.6199,863842.99,0
2024-12-16 14:00:00,0.6198,0.6289,0.6183,0.62,1914655.34,0
2024-12-16 15:00:00,0.6201,0.6274,0.6178,0.6258,1083629.88,0
2024-12-16 16:00:00,0.6256,0.6335,0.623,0.6277,1036003.63,0
2024-12-16 17:00:00,0.6281,0.6462,0.6264,0.6386,2402284.24,0
2024-12-16 18:00:00,0.6387,0.6505,0.6348,0.6499,2789114.07,0
2024-12-16 19:00:00,0.65,0.6506,0.6349,0.6404,2299229.36,0
2024-12-16 20:00:00,0.6405,0.6513,0.6373,0.6392,1377289.25,0
2024-12-16 21:00:00,0.6398,0.6436,0.6359,0.6431,1131924.93,0
2024-12-16 22:00:00,0.6433,0.6443,0.6352,0.6366,538129.11,0
2024-12-16 23:00:00,0.6366,0.6391,0.6266,0.6275,551264.19,0
2024-12-17 00:00:00,0.6275,0.6291,0.6119,0.6119,2371078.5,0
2024-12-17 01:00:00,0.612,0.6241,0.611,0.6217,1326450.24,0
2024-12-17 02:00:00,0.6217,0.6268,0.6185,0.6204,839238.83,0
2024-12-17 03:00:00,0.6202,0.6267,0.62,0.6228,861060.65,0
2024-12-17 04:00:00,0.6228,0.6228,0.6075,0.6112,1643295.73,0
2024-12-17 05:00:00,0.6112,0.616,0.6096,0.6151,789616.15,0
2024-12-17 06:00:00,0.6152,0.6158,0.6087,0.6118,691490.51,0
2024-12-17 07:00:00,0.6119,0.6166,0.6049,0.6079,1218776.49,0
2024-12-17 08:00:00,0.6079,0.6151,0.6079,0.6111,1287058.24,0
2024-12-17 09:00:00,0.6113,0.6234,0.6086,0.6206,927532.63,0
2024-12-17 10:00:00,0.6206,0.622,0.6158,0.6204,944058.44,0
2024-12-17 11:00:00,0.6203,0.624,0.6152,0.6175,1511020.97,0
2024-12-17 12:00:00,0.6171,0.6253,0.6141,0.6226,1496149.9,0
2024-12-17 13:00:00,0.6226,0.6241,0.6186,0.6201,1237489.59,0
2024-12-17 14:00:00,0.6202,0.6202,0.6087,0.614,3023579.67,0
2024-12-17 15:00:00,0.6137,0.614,0.5937,0.5986,5491906.18,0
2024-12-17 16:00:00,0.5986,0.6063,0.5927,0.6034,2081237.19,0
2024-12-17 17:00:00,0.6035,0.6151,0.6012,0.6127,807319.07,0
2024-12-17 18:00:00,0.6126,0.6143,0.6011,0.6015,1336866.69,0
2024-12-17 19:00:00,0.6017,0.6061,0.5976,0.604,454956.0,0
2024-12-17 20:00:00,0.6041,0.607,0.5997,0.6031,1368692.89,0
2024-12-17 21:00:00,0.6032,0.6044,0.5964,0.597,580126.94,0
2024-12-17 22:00:00,0.5969,0.5977,0.5777,0.5829,2586899.66,0
2024-12-17 23:00:00,0.5831,0.5866,0.578,0.5866,2169066.93,0
2024-12-18 00:00:00,0.5867,0.5882,0.576,0.5808,1451936.8,0
2024-12-18 01:00:00,0.5808,0.585,0.573,0.5746,1095732.89,0
2024-12-18 02:00:00,0.5747,0.5814,0.5724,0.5796,942987.31,0
2024-12-18 03:00:00,0.5796,0.5811,0.5741,0.5748,859048.47,0
2024-12-18 04:00:00,0.5746,0.5771,0.566,0.5729,1834972.11,0
2024-12-18 05:00:00,0.5726,0.5785,0.5713,0.5735,1616150.49,0
2024-12-18 06:00:00,0.5735,0.5761,0.5661,0.5689,1669016.15,0
2024-12-18 07:00:00,0.5689,0.5755,0.5677,0.5723,1067173.07,0
2024-12-18 08:00:00,0.5721,0.5743,0.5678,0.5702,959927.88,0
2024-12-18 09:00:00,0.5701,0.5806,0.5701,0.5789,939372.24,0
2024-12-18 10:00:00,0.579,0.5811,0.5745,0.5769,1515145.5,0
2024-12-18 11:00:00,0.5771,0.582,0.5768,0.5785,1279649.96,0
2024-12-18 12:00:00,0.5784,0.5792,0.5607,0.5654,2598561.5,0
2024-12-18 13:00:00,0.5653,0.5702,0.5626,0.5669,1404242.07,0
2024-12-18 14:00:00,0.567,0.5733,0.566,0.5669,1458899.5,0
2024-12-18 15:00:00,0.5667,0.5745,0.5629,0.5716,862398.05,0
2024-12-18 16:00:00,0.5716,0.5758,0.5666,0.572,940365.08,0
2024-12-18 17:00:00,0.572,0.576,0.5641,0.5737,836371.82,0
2024-12-18 18:00:00,0.5735,0.5805,0.5712,0.5801,1061781.08,0
2024-12-18 19:00:00,0.5799,0.5823,0.5562,0.5562,2834799.82,0
2024-12-18 20:00:00,0.5561,0.5611,0.519,0.5334,16044323.97,0
2024-12-18 21:00:00,0.5333,0.5442,0.5292,0.5388,3741965.8,0
2024-12-18 22:00:00,0.5389,0.5396,0.5293,0.5313,2610525.95,0
2024-12-18 23:00:00,0.5311,0.5345,0.5229,0.5254,3378212.24,0
2024-12-19 00:00:00,0.5254,0.5334,0.5186,0.5321,2719508.6,0
2024-12-19 01:00:00,0.5318,0.532,0.5121,0.5169,1849474.57,0
2024-12-19 02:00:00,0.517,0.5201,0.496,0.5181,8813394.17,0
2024-12-19 03:00:00,0.5184,0.5276,0.5175,0.5257,3035375.79,0
2024-12-19 04:00:00,0.5255,0.5285,0.5227,0.5229,581701.48,0
2024-12-19 05:00:00,0.5229,0.5284,0.5225,0.5269,645884.78,0
2024-12-19 06:00:00,0.5267,0.527,0.5202,0.5212,1215222.2,0
2024-12-19 07:00:00,0.5212,0.5244,0.518,0.5191,2291835.28,0
2024-12-19 08:00:00,0.5191,0.5191,0.5121,0.5146,1874200.4,0
2024-12-19 09:00:00,0.5144,0.5215,0.514,0.5202,1336693.97,0
2024-12-19 10:00:00,0.5201,0.5291,0.5157,0.5256,1839249.54,0
2024-12-19 11:00:00,0.5258,0.5261,0.5211,0.5231,1399580.17,0
2024-12-19 12:00:00,0.5231,0.5245,0.5109,0.5118,1810418.68,0
2024-12-19 13:00:00,0.5117,0.518,0.5093,0.5127,1437013.18,0
2024-12-19 14:00:00,0.5129,0.5225,0.5086,0.5092,2224685.0,0
2024-12-19 15:00:00,0.5093,0.5095,0.4931,0.5044,4676601.93,0
2024-12-19 16:00:00,0.5044,0.508,0.4988,0.5078,1203571.73,0
2024-12-19 17:00:00,0.5079,0.5086,0.4686,0.4821,8447494.92,0
2024-12-19 18:00:00,0.4819,0.4826,0.464,0.481,10926494.53,0
2024-12-19 19:00:00,0.4808,0.4863,0.4635,0.473,6535678.03,0
2024-12-19 20:00:00,0.4732,0.4786,0.462,0.4756,8884577.95,0
2024-12-19 21:00:00,0.4758,0.4954,0.4728,0.4931,5776851.11,0
2024-12-19 22:00:00,0.4929,0.4974,0.489,0.4963,3384580.69,0
2024-12-19 23:00:00,0.4965,0.4968,0.487,0.4874,2149461.92,0
2024-12-20 00:00:00,0.4874,0.4978,0.4795,0.4947,2625647.66,0
2024-12-20 01:00:00,0.4949,0.4986,0.4895,0.4945,1426862.13,0
2024-12-20 02:00:00,0.4947,0.5064,0.4936,0.5048,2331342.83,0
2024-12-20 03:00:00,0.5049,0.5053,0.4954,0.4973,1515456.93,0
2024-12-20 04:00:00,0.4973,0.5012,0.4943,0.495,1105776.11,0
2024-12-20 05:00:00,0.495,0.497,0.4864,0.4865,1149744.49,0
2024-12-20 06:00:00,0.4865,0.4911,0.4743,0.4809,3523651.14,0
2024-12-20 07:00:00,0.4809,0.4975,0.4801,0.4888,4145653.41,0
2024-12-20 08:00:00,0.4889,0.4898,0.456,0.4605,8966367.63,0
2024-12-20 09:00:00,0.4606,0.4668,0.4513,0.4536,7390889.87,0
2024-12-20 10:00:00,0.4534,0.4574,0.4404,0.4459,11258194.1,0
2024-12-20 11:00:00,0.4458,0.4547,0.4258,0.428,13676872.63,0
2024-12-20 12:00:00,0.428,0.4649,0.4276,0.462,8760068.53,0
2024-12-20 13:00:00,0.4621,0.4713,0.4542,0.4681,6722780.27,0
2024-12-20 14:00:00,0.4681,0.4718,0.4625,0.4661,4876483.33,0
2024-12-20 15:00:00,0.4662,0.4812,0.465,0.4775,3406552.05,0
2024-12-20 16:00:00,0.4773,0.4905,0.4743,0.4826,7696079.47,0
2024-12-20 17:00:00,0.4827,0.4954,0.4801,0.4934,3465916.48,0
2024-12-20 18:00:00,0.4932,0.4942,0.4867,0.49,1878143.39,0
2024-12-20 19:00:00,0.4899,0.5044,0.4897,0.5,1522673.54,0
2024-12-20 20:00:00,0.5002,0.5008,0.4928,0.4934,1199917.63,0
2024-12-20 21:00:00,0.4935,0.4967,0.4847,0.4934,2087247.33,0
2024-12-20 22:00:00,0.4936,0.5027,0.4911,0.5009,1022179.64,0
2024-12-20 23:00:00,0.5009,0.5044,0.4991,0.5001,893496.99,0
2024-12-21 00:00:00,0.5003,0.5039,0.4963,0.5024,1083557.61,0
2024-12-21 01:00:00,0.5023,0.51,0.5014,0.5044,1602408.13,0
2024-12-21 02:00:00,0.5047,0.506,0.4995,0.5019,1029513.5,0
2024-12-21 03:00:00,0.5024,0.5038,0.4983,0.5011,1817562.06,0
2024-12-21 04:00:00,0.501,0.5056,0.5003,0.5039,1097014.46,0
2024-12-21 05:00:00,0.5039,0.5192,0.5036,0.5189,1954142.89,0
2024-12-21 06:00:00,0.5189,0.5234,0.5164,0.5206,2464779.32,0
2024-12-21 07:00:00,0.5207,0.5279,0.52,0.5207,1583343.38,0
2024-12-21 08:00:00,0.5208,0.5226,0.5066,0.5075,2323716.38,0
2024-12-21 09:00:00,0.5075,0.5095,0.5019,0.5072,1306202.23,0
2024-12-21 10:00:00,0.507,0.5142,0.5039,0.5067,2221649.49,0
2024-12-21 11:00:00,0.5068,0.5084,0.4977,0.5021,2005219.69,0
2024-12-21 12:00:00,0.5023,0.5057,0.4923,0.4925,3892699.96,0
2024-12-21 13:00:00,0.4927,0.4975,0.4773,0.4873,3848441.67,0
2024-12-21 14:00:00,0.4867,0.4939,0.4812,0.4821,1836578.4,0
2024-12-21 15:00:00,0.4823,0.4896,0.4823,0.4834,2368286.91,0
2024-12-21 16:00:00,0.4835,0.4838,0.4728,0.4751,3974146.48,0
2024-12-21 17:00:00,0.4749,0.4868,0.4702,0.4789,3944976.42,0
2024-12-21 18:00:00,0.4788,0.4809,0.4706,0.4726,1092701.18,0
2024-12-21 19:00:00,0.4729,0.4734,0.4655,0.4698,2007610.67,0
2024-12-21 20:00:00,0.4697,0.4788,0.4684,0.4731,2547748.03,0
2024-12-21 21:00:00,0.473,0.4752,0.4662,0.47,1883229.18,0
2024-12-21 22:00:00,0.4697,0.4751,0.4649,0.4723,1254744.76,0
2024-12-21 23:00:00,0.4721,0.4732,0.4665,0.4728,693737.03,0
2024-12-22 00:00:00,0.4732,0.4841,0.4686,0.48,1341044.83,0
2024-12-22 01:00:00,0.4801,0.4839,0.4723,0.4789,1018042.25,0
2024-12-22 02:00:00,0.4788,0.4809,0.4722,0.4739,704142.37,0
2024-12-22 03:00:00,0.4739,0.4803,0.4686,0.4777,1110544.16,0
2024-12-22 04:00:00,0.4779,0.479,0.4658,0.4658,858150.8,0
2024-12-22 05:00:00,0.4661,0.475,0.4622,0.4727,1378187.11,0
2024-12-22 06:00:00,0.4728,0.4783,0.47,0.4769,887754.07,0
2024-12-22 07:00:00,0.4767,0.4787,0.4715,0.4738,755640.71,0
2024-12-22 08:00:00,0.4737,0.4826,0.4735,0.4812,1277753.31,0
2024-12-22 09:00:00,0.4815,0.4899,0.4768,0.4863,1328461.91,0
2024-12-22 10:00:00,0.4862,0.4918,0.486,0.4867,1201355.52,0
2024-12-22 11:00:00,0.4867,0.4891,0.4835,0.4861,600134.97,0
2024-12-22 12:00:00,0.486,0.4896,0.4817,0.4851,1395046.4,0
2024-12-22 13:00:00,0.4852,0.4912,0.4816,0.4863,978560.77,0
2024-12-22 14:00:00,0.4865,0.4889,0.4684,0.4699,4565139.03,0
2024-12-22 15:00:00,0.47,0.4773,0.47,0.475,2117324.84,0
2024-12-22 16:00:00,0.4751,0.4824,0.4705,0.4815,1473284.34,0
2024-12-22 17:00:00,0.4816,0.4823,0.4769,0.4782,809100.59,0
2024-12-22 18:00:00,0.4781,0.4826,0.4743,0.4768,1023473.25,0
2024-12-22 19:00:00,0.4769,0.4777,0.4631,0.4649,1258177.08,0
2024-12-22 20:00:00,0.4649,0.4711,0.4578,0.4701,2616910.92,0
2024-12-22 21:00:00,0.4702,0.473,0.4667,0.4687,1498797.59,0
2024-12-22 22:00:00,0.4685,0.4688,0.4583,0.467,2115455.01,0
2024-12-22 23:00:00,0.4672,0.4731,0.4635,0.466,1784070.04,0
2024-12-23 00:00:00,0.4658,0.4689,0.4599,0.4603,1093996.34,0
2024-12-23 01:00:00,0.46,0.4695,0.454,0.4614,2504483.58,0
2024-12-23 02:00:00,0.4614,0.4674,0.4575,0.4663,1451928.95,0
2024-12-23 03:00:00,0.4665,0.4855,0.4635,0.4832,2658757.34,0
2024-12-23 04:00:00,0.4831,0.4854,0.477,0.4784,1433982.86,0
2024-12-23 05:00:00,0.4784,0.48,0.4718,0.4724,1090314.95,0
2024-12-23 06:00:00,0.4722,0.4745,0.4605,0.4621,2083448.79,0
2024-12-23 07:00:00,0.4621,0.4662,0.4597,0.4654,1229863.06,0
2024-12-23 08:00:00,0.4658,0.4724,0.4652,0.472,1053612.8,0
2024-12-23 09:00:00,0.4722,0.4793,0.4714,0.4729,2245766.77,0
2024-12-23 10:00:00,0.4729,0.4761,0.4674,0.4717,1463929.81,0
2024-12-23 11:00:00,0.4718,0.4734,0.4669,0.4689,1070435.69,0
2024-12-23 12:00:00,0.4689,0.4744,0.4674,0.473,995135.82,0
2024-12-23 13:00:00,0.473,0.4755,0.4629,0.465,2414927.5,0
2024-12-23 14:00:00,0.4649,0.475,0.4617,0.4663,2048504.17,0
2024-12-23 15:00:00,0.4662,0.4692,0.4605,0.461,1367052.94,0
2024-12-23 16:00:00,0.461,0.4756,0.4596,0.474,2445369.27,0
2024-12-23 17:00:00,0.474,0.4791,0.4704,0.4716,2235767.05,0
2024-12-23 18:00:00,0.4716,0.4734,0.464,0.4655,684033.3,0
2024-12-23 19:00:00,0.4655,0.4778,0.4654,0.4732,2652956.86,0
2024-12-23 20:00:00,0.4732,0.4944,0.473,0.4922,3212257.02,0
2024-12-23 21:00:00,0.4927,0.5054,0.4926,0.4959,3454236.06,0
2024-12-23 22:00:00,0.4958,0.5033,0.4937,0.5013,1568587.72,0
2024-12-23 23:00:00,0.5015,0.5026,0.4939,0.4952,967469.88,0
2024-12-24 00:00:00,0.4952,0.4973,0.4901,0.4939,936533.57,0
2024-12-24 01:00:00,0.4939,0.4954,0.4842,0.4849,930680.23,0
2024-12-24 02:00:00,0.4849,0.4876,0.4802,0.4842,993903.0,0
2024-12-24 03:00:00,0.4843,0.4902,0.4843,0.4901,606349.14,0
2024-12-24 04:00:00,0.4901,0.4935,0.4874,0.493,856588.25,0
2024-12-24 05:00:00,0.4931,0.4976,0.4913,0.4975,533440.74,0
2024-12-24 06:00:00,0.4975,0.4982,0.4871,0.4879,1286718.81,0
2024-12-24 07:00:00,0.4879,0.4923,0.4863,0.4894,746819.3,0
2024-12-24 08:00:00,0.4895,0.4923,0.487,0.4915,940455.42,0
2024-12-24 09:00:00,0.4915,0.4925,0.4854,0.4881,1118253.28,0
2024-12-24 10:00:00,0.4878,0.489,0.4842,0.4855,1065047.96,0
2024-12-24 11:00:00,0.4856,0.4951,0.485,0.4949,1591467.77,0
2024-12-24 12:00:00,0.4948,0.4951,0.4891,0.492,846230.27,0
2024-12-24 13:00:00,0.4924,0.5073,0.4913,0.5061,2826562.28,0
2024-12-24 14:00:00,0.5062,0.5112,0.5045,0.5112,2765029.04,0
2024-12-24 15:00:00,0.5112,0.5183,0.5085,0.5139,2708084.81,0
2024-12-24 16:00:00,0.514,0.5184,0.5066,0.5087,2435883.46,0
2024-12-24 17:00:00,0.5088,0.5121,0.5062,0.5093,1683792.39,0
2024-12-24 18:00:00,0.5093,0.5147,0.5065,0.5081,1059507.95,0
2024-12-24 19:00:00,0.5081,0.5083,0.5007,0.5008,662147.9,0
2024-12-24 20:00:00,0.5006,0.5024,0.4958,0.4996,1256912.19,0
2024-12-24 21:00:00,0.4997,0.5068,0.4992,0.5062,757995.92,0
2024-12-24 22:00:00,0.5062,0.508,0.5034,0.506,514899.13,0
2024-12-24 23:00:00,0.5061,0.51,0.505,0.5078,725061.85,0
2024-12-25 00:00:00,0.5077,0.51,0.504,0.5056,1563663.86,0
2024-12-25 01:00:00,0.5055,0.5087,0.5022,0.5043,965435.78,0
2024-12-25 02:00:00,0.5043,0.5062,0.5003,0.5054,995482.15,0
2024-12-25 03:00:00,0.5054,0.5071,0.5007,0.5041,635911.92,0
2024-12-25 04:00:00,0.5042,0.5052,0.5012,0.5041,519701.27,0
2024-12-25 05:00:00,0.5041,0.5062,0.5024,0.5041,290922.58,0
2024-12-25 06:00:00,0.5043,0.5072,0.499,0.4992,617088.95,0
2024-12-25 07:00:00,0.4992,0.5046,0.4974,0.499,793781.12,0
2024-12-25 08:00:00,0.4989,0.5032,0.4977,0.5017,685508.83,0
2024-12-25 09:00:00,0.5015,0.5046,0.5009,0.5032,572976.22,0
2024-12-25 10:00:00,0.5031,0.5127,0.5007,0.5026,2052799.39,0
2024-12-25 11:00:00,0.5026,0.5056,0.4957,0.4965,1181520.33,0
2024-12-25 12:00:00,0.4967,0.5013,0.4931,0.4998,1412745.89,0
2024-12-25 13:00:00,0.4996,0.5034,0.4967,0.4999,628612.88,0
2024-12-25 14:00:00,0.4998,0.5031,0.4983,0.4998,915350.53,0
2024-12-25 15:00:00,0.5001,0.5009,0.4941,0.4952,706547.6,0
2024-12-25 16:00:00,0.4952,0.4972,0.4881,0.492,859424.61,0
2024-12-25 17:00:00,0.4921,0.4963,0.4895,0.4961,585217.4,0
2024-12-25 18:00:00,0.4961,0.4996,0.495,0.4977,554090.67,0
2024-12-25 19:00:00,0.4976,0.5004,0.4961,0.5001,437397.88,0
2024-12-25 20:00:00,0.5002,0.5015,0.4913,0.4927,1419718.21,0
2024-12-25 21:00:00,0.4927,0.4955,0.4882,0.4918,682879.81,0
2024-12-25 22:00:00,0.4918,0.4945,0.4892,0.492,456111.85,0
2024-12-25 23:00:00,0.4922,0.4974,0.4918,0.4956,321314.37,0
2024-12-26 00:00:00,0.4957,0.5005,0.4895,0.4912,1289953.34,0
2024-12-26 01:00:00,0.491,0.4946,0.487,0.4892,861330.38,0
2024-12-26 02:00:00,0.4892,0.491,0.4836,0.484,888981.13,0
2024-12-26 03:00:00,0.484,0.4859,0.4819,0.4833,501019.77,0
2024-12-26 04:00:00,0.4832,0.4833,0.4785,0.48,789391.69,0
2024-12-26 05:00:00,0.4803,0.4808,0.4775,0.4798,529728.97,0
2024-12-26 06:00:00,0.4799,0.4806,0.4756,0.479,686031.7,0
2024-12-26 07:00:00,0.4787,0.4795,0.4742,0.4766,639944.15,0
2024-12-26 08:00:00,0.4767,0.4775,0.4634,0.4693,2186642.54,0
2024-12-26 09:00:00,0.469,0.4718,0.4683,0.4695,940861.52,0
2024-12-26 10:00:00,0.4695,0.4721,0.4673,0.471,896659.69,0
2024-12-26 11:00:00,0.4707,0.4768,0.4706,0.472,1781069.63,0
2024-12-26 12:00:00,0.4719,0.4723,0.4695,0.4702,1099863.49,0
2024-12-26 13:00:00,0.4704,0.4707,0.4653,0.4696,756062.47,0
2024-12-26 14:00:00,0.4693,0.4726,0.4653,0.4669,804156.15,0
2024-12-26 15:00:00,0.4668,0.4708,0.4653,0.4661,1182792.29,0
2024-12-26 16:00:00,0.4661,0.4715,0.4655,0.4697,850440.96,0
2024-12-26 17:00:00,0.4696,0.4696,0.4594,0.4638,1305444.73,0
2024-12-26 18:00:00,0.4637,0.4669,0.4618,0.4659,746694.68,0
2024-12-26 19:00:00,0.4659,0.4662,0.4608,0.4644,708562.21,0
2024-12-26 20:00:00,0.4643,0.4649,0.4595,0.4614,506321.01,0
2024-12-26 21:00:00,0.4615,0.4631,0.4571,0.4625,646911.48,0
2024-12-26 22:00:00,0.4626,0.4675,0.4626,0.4651,818995.53,0
2024-12-26 23:00:00,0.4649,0.4653,0.4603,0.4651,405620.37,0
2024-12-27 00:00:00,0.465,0.4676,0.462,0.4669,560565.0,0
2024-12-27 01:00:00,0.467,0.4753,0.466,0.4713,1765161.91,0
2024-12-27 02:00:00,0.4712,0.4758,0.4683,0.4688,814183.09,0
2024-12-27 03:00:00,0.4692,0.4722,0.4678,0.4712,858774.33,0
2024-12-27 04:00:00,0.4715,0.475,0.4694,0.4713,800480.86,0
2024-12-27 05:00:00,0.4712,0.4728,0.4674,0.4716,1818310.81,0
2024-12-27 06:00:00,0.4716,0.4795,0.4707,0.479,1167935.33,0
2024-12-27 07:00:00,0.4791,0.4814,0.4654,0.4691,2456476.47,0
2024-12-27 08:00:00,0.4691,0.479,0.4689,0.474,1683343.58,0
2024-12-27 09:00:00,0.4741,0.496,0.4739,0.4869,4931194.7,0
2024-12-27 10:00:00,0.4871,0.4899,0.4808,0.4869,1368965.16,0
2024-12-27 11:00:00,0.4869,0.4915,0.4854,0.4911,1052469.94,0
2024-12-27 12:00:00,0.4913,0.4928,0.4882,0.4892,780386.81,0
2024-12-27 13:00:00,0.4893,0.4902,0.4827,0.4847,1121911.04,0
2024-12-27 14:00:00,0.4847,0.4847,0.4753,0.4796,1577915.37,0
2024-12-27 15:00:00,0.4796,0.4797,0.4706,0.4738,1554638.16,0
2024-12-27 16:00:00,0.4734,0.4755,0.4691,0.4734,672910.01,0
2024-12-27 17:00:00,0.4734,0.4853,0.4713,0.4849,1702857.22,0
2024-12-27 18:00:00,0.4849,0.4857,0.4776,0.479,1804837.31,0
2024-12-27 19:00:00,0.4791,0.4792,0.4747,0.4772,551238.68,0
2024-12-27 20:00:00,0.4772,0.4779,0.4729,0.4745,388939.35,0
2024-12-27 21:00:00,0.4748,0.4751,0.4683,0.4688,463880.33,0
2024-12-27 22:00:00,0.4688,0.4721,0.4662,0.4669,850463.27,0
2024-12-27 23:00:00,0.4669,0.471,0.4657,0.471,1284127.43,0
2024-12-28 00:00:00,0.4709,0.4718,0.4685,0.4708,429708.84,0
2024-12-28 01:00:00,0.471,0.4713,0.4643,0.4667,712714.73,0
2024-12-28 02:00:00,0.4668,0.4705,0.466,0.4663,370126.48,0
2024-12-28 03:00:00,0.4663,0.471,0.4663,0.4693,572019.14,0
2024-12-28 04:00:00,0.4694,0.4699,0.466,0.4673,633423.22,0
2024-12-28 05:00:00,0.4673,0.4751,0.4673,0.4729,1687598.46,0
2024-12-28 06:00:00,0.473,0.4732,0.4671,0.4676,1221461.13,0
2024-12-28 07:00:00,0.4675,0.47,0.464,0.4642,797192.4,0
2024-12-28 08:00:00,0.4643,0.4679,0.4635,0.467,676250.53,0
2024-12-28 09:00:00,0.467,0.4698,0.4666,0.4692,435889.75,0
2024-12-28 10:00:00,0.4693,0.4698,0.4645,0.4647,513018.76,0
2024-12-28 11:00:00,0.4648,0.4703,0.4647,0.47,444626.65,0
2024-12-28 12:00:00,0.47,0.4722,0.4683,0.469,1011294.94,0
2024-12-28 13:00:00,0.4689,0.4815,0.4688,0.4789,2277686.95,0
2024-12-28 14:00:00,0.4786,0.4867,0.4763,0.478,2340297.32,0
2024-12-28 15:00:00,0.4779,0.4833,0.4771,0.478,970982.21,0
2024-12-28 16:00:00,0.478,0.4833,0.4747,0.4832,810608.52,0
2024-12-28 17:00:00,0.4833,0.4899,0.4824,0.4843,1530592.21,0
2024-12-28 18:00:00,0.4843,0.487,0.4829,0.4834,657620.38,0
2024-12-28 19:00:00,0.4834,0.4852,0.4826,0.4838,323104.38,0
2024-12-28 20:00:00,0.4838,0.4852,0.4821,0.4828,411249.29,0
2024-12-28 21:00:00,0.4829,0.4859,0.4818,0.4856,293224.62,0
2024-12-28 22:00:00,0.4857,0.4879,0.4833,0.4856,780105.6,0
2024-12-28 23:00:00,0.4856,0.4862,0.4814,0.483,453126.71,0
2024-12-29 00:00:00,0.4831,0.4847,0.4798,0.4808,313446.39,0
2024-12-29 01:00:00,0.4812,0.4829,0.4767,0.4776,346903.83,0
2024-12-29 02:00:00,0.4777,0.4886,0.4768,0.4867,1566973.56,0
2024-12-29 03:00:00,0.4866,0.4867,0.4818,0.485,346474.95,0
2024-12-29 04:00:00,0.4852,0.4858,0.4808,0.4817,227357.47,0
2024-12-29 05:00:00,0.4818,0.4833,0.4806,0.4822,406289.3,0
2024-12-29 06:00:00,0.4823,0.4831,0.4785,0.4827,829871.85,0
2024-12-29 07:00:00,0.4827,0.4857,0.481,0.485,689263.61,0
2024-12-29 08:00:00,0.4852,0.4861,0.4821,0.4834,448463.34,0
2024-12-29 09:00:00,0.4837,0.4893,0.4809,0.4892,884874.75,0
2024-12-29 10:00:00,0.4894,0.4932,0.4877,0.4884,2113876.99,0
2024-12-29 11:00:00,0.4885,0.4927,0.487,0.4895,882620.88,0
2024-12-29 12:00:00,0.4896,0.4915,0.4849,0.4856,1106375.58,0
2024-12-29 13:00:00,0.4856,0.4898,0.4834,0.489,1464210.42,0
2024-12-29 14:00:00,0.4891,0.4941,0.4814,0.4854,2792224.12,0
2024-12-29 15:00:00,0.4852,0.4879,0.482,0.4856,604499.26,0
2024-12-29 16:00:00,0.4857,0.4862,0.4807,0.4823,1113369.36,0
2024-12-29 17:00:00,0.4823,0.4861,0.4797,0.4826,804097.52,0
2024-12-29 18:00:00,0.4826,0.4826,0.4793,0.4804,503091.46,0
2024-12-29 19:00:00,0.4804,0.4827,0.4799,0.4822,359896.19,0
2024-12-29 20:00:00,0.4822,0.483,0.4752,0.4829,797475.35,0
2024-12-29 21:00:00,0.4828,0.4844,0.4777,0.479,442555.39,0
2024-12-29 22:00:00,0.4789,0.4795,0.4646,0.4711,3834614.37,0
2024-12-29 23:00:00,0.4712,0.4738,0.4679,0.4728,643138.42,0
2024-12-30 00:00:00,0.4727,0.4797,0.4695,0.4773,1072283.79,0
2024-12-30 01:00:00,0.4773,0.4922,0.4773,0.4882,1856962.2,0
2024-12-30 02:00:00,0.4881,0.4902,0.4837,0.4897,1159055.0,0
2024-12-30 03:00:00,0.4898,0.4925,0.4859,0.4865,598449.99,0
2024-12-30 04:00:00,0.4863,0.4897,0.4818,0.4818,735904.12,0
2024-12-30 05:00:00,0.4818,0.4854,0.4787,0.483,905932.93,0
2024-12-30 06:00:00,0.4831,0.4902,0.4831,0.4878,1448479.83,0
2024-12-30 07:00:00,0.4882,0.4893,0.4808,0.4853,1078137.7,0
2024-12-30 08:00:00,0.4854,0.4889,0.4815,0.4828,748089.03,0
2024-12-30 09:00:00,0.483,0.4849,0.48,0.4847,1185064.34,0
2024-12-30 10:00:00,0.4848,0.4853,0.4793,0.4794,1183006.62,0
2024-12-30 11:00:00,0.4795,0.4835,0.4754,0.483,1203840.77,0
2024-12-30 12:00:00,0.4829,0.488,0.4815,0.4817,1068770.52,0
2024-12-30 13:00:00,0.4816,0.4839,0.4663,0.4666,2779909.91,0
2024-12-30 14:00:00,0.4668,0.4705,0.4624,0.4642,2673357.79,0
2024-12-30 15:00:00,0.4644,0.4693,0.4617,0.4646,2510095.16,0
2024-12-30 16:00:00,0.4645,0.4671,0.4606,0.4626,1081851.59,0
2024-12-30 17:00:00,0.4626,0.4791,0.4622,0.4786,2443422.07,0
2024-12-30 18:00:00,0.4784,0.4835,0.4762,0.4804,2024691.87,0
2024-12-30 19:00:00,0.4808,0.4821,0.4781,0.4804,710661.61,0
2024-12-30 20:00:00,0.4806,0.4844,0.4795,0.4797,931456.13,0
2024-12-30 21:00:00,0.4797,0.48,0.4658,0.4667,1825788.61,0
2024-12-30 22:00:00,0.4665,0.4729,0.4663,0.4692,528375.41,0
2024-12-30 23:00:00,0.4691,0.4723,0.4672,0.4713,586595.85,0
2024-12-31 00:00:00,0.4713,0.4713,0.463,0.4634,792066.68,0
2024-12-31 01:00:00,0.4634,0.4653,0.4607,0.464,1008549.34,0
2024-12-31 02:00:00,0.464,0.4644,0.4613,0.4629,1324253.07,0
2024-12-31 03:00:00,0.463,0.4641,0.4608,0.4613,581969.49,0
2024-12-31 04:00:00,0.4611,0.4639,0.4571,0.4576,982564.06,0
2024-12-31 05:00:00,0.4576,0.462,0.4571,0.4604,620447.59,0
2024-12-31 06:00:00,0.4604,0.4647,0.4589,0.4614,678758.5,0
2024-12-31 07:00:00,0.4617,0.463,0.4604,0.4627,301151.82,0
2024-12-31 08:00:00,0.4627,0.4744,0.4626,0.4687,1682484.43,0
2024-12-31 09:00:00,0.4687,0.4705,0.4656,0.4688,1014751.73,0
2024-12-31 10:00:00,0.4689,0.469,0.4636,0.467,855685.81,0
2024-12-31 11:00:00,0.4672,0.4706,0.4668,0.4702,433416.96,0
2024-12-31 12:00:00,0.4703,0.4736,0.4675,0.4675,887600.68,0
2024-12-31 13:00:00,0.4675,0.4807,0.4674,0.4791,1278844.06,0
2024-12-31 14:00:00,0.4793,0.4838,0.4786,0.4798,1746981.85,0
2024-12-31 15:00:00,0.48,0.4818,0.4762,0.4801,1194628.18,0
2024-12-31 16:00:00,0.4802,0.4813,0.4755,0.4802,754886.31,0
2024-12-31 17:00:00,0.4804,0.4804,0.4671,0.4738,1534851.34,0
2024-12-31 18:00:00,0.4739,0.4754,0.472,0.4736,330879.48,0
2024-12-31 19:00:00,0.4732,0.4738,0.4699,0.4713,557850.47,0
2024-12-31 20:00:00,0.4712,0.4732,0.4686,0.4706,311359.61,0
2024-12-31 21:00:00,0.4705,0.473,0.4697,0.4724,234031.2,0
2024-12-31 22:00:00,0.4723,0.4723,0.4658,0.4674,492687.64,0
2024-12-31 23:00:00,0.4673,0.4706,0.4664,0.4687,414024.89,0
2025-01-01 00:00:00,0.4685,0.4763,0.4674,0.4757,808079.21,0
2025-01-01 01:00:00,0.4759,0.476,0.4702,0.471,501373.13,0
2025-01-01 02:00:00,0.471,0.4738,0.4709,0.4729,637866.67,0
2025-01-01 03:00:00,0.473,0.4734,0.4696,0.4698,593717.02,0
2025-01-01 04:00:00,0.4697,0.4699,0.4675,0.4676,191048.56,0
2025-01-01 05:00:00,0.4675,0.4705,0.4675,0.4695,212228.08,0
2025-01-01 06:00:00,0.4695,0.4705,0.4668,0.4702,224624.81,0
2025-01-01 07:00:00,0.4702,0.4713,0.4692,0.4695,387696.9,0
2025-01-01 08:00:00,0.4696,0.471,0.4652,0.4652,492027.93,0
2025-01-01 09:00:00,0.4652,0.4661,0.4605,0.4644,716250.28,0
2025-01-01 10:00:00,0.4643,0.4661,0.4637,0.4649,1356640.65,0
2025-01-01 11:00:00,0.4647,0.4711,0.4628,0.4705,529568.03,0
2025-01-01 12:00:00,0.4706,0.4725,0.4663,0.4722,1090260.78,0
2025-01-01 13:00:00,0.4721,0.4757,0.4689,0.4715,1085439.83,0
2025-01-01 14:00:00,0.4715,0.4752,0.468,0.4719,576698.7,0
2025-01-01 15:00:00,0.472,0.4759,0.4697,0.4755,479806.99,0
2025-01-01 16:00:00,0.4755,0.4776,0.473,0.4744,976948.73,0
2025-01-01 17:00:00,0.4743,0.4759,0.47,0.4756,829492.96,0
2025-01-01 18:00:00,0.4757,0.4802,0.4737,0.4801,1131130.4,0
2025-01-01 19:00:00,0.4801,0.4821,0.477,0.4803,583768.34,0
2025-01-01 20:00:00,0.4804,0.4827,0.4787,0.4826,698594.42,0
2025-01-01 21:00:00,0.4826,0.4849,0.4806,0.4819,741020.27,0
2025-01-01 22:00:00,0.4823,0.4825,0.4796,0.4811,528411.71,0
2025-01-01 23:00:00,0.481,0.4814,0.478,0.479,527314.36,0
2025-01-02 00:00:00,0.4791,0.4888,0.4791,0.4852,1909627.59,0
2025-01-02 01:00:00,0.4854,0.4894,0.4844,0.487,1371448.83,0
2025-01-02 02:00:00,0.487,0.4925,0.4862,0.4925,1192900.35,0
2025-01-02 03:00:00,0.4926,0.4937,0.4894,0.4896,461215.23,0
2025-01-02 04:00:00,0.4896,0.4964,0.4885,0.4958,1636397.21,0
2025-01-02 05:00:00,0.4958,0.4996,0.4935,0.4985,1413320.78,0
2025-01-02 06:00:00,0.4985,0.4997,0.4934,0.4967,708981.33,0
2025-01-02 07:00:00,0.4966,0.501,0.4956,0.4988,618538.75,0
2025-01-02 08:00:00,0.4989,0.5021,0.4967,0.5007,922708.31,0
2025-01-02 09:00:00,0.5006,0.5064,0.4984,0.505,941773.84,0
2025-01-02 10:00:00,0.505,0.5072,0.5025,0.5047,1212813.47,0
2025-01-02 11:00:00,0.5048,0.5054,0.5006,0.5035,812686.89,0
2025-01-02 12:00:00,0.5036,0.5066,0.502,0.5052,770963.82,0
2025-01-02 13:00:00,0.5052,0.5069,0.4996,0.5004,2030138.74,0
2025-01-02 14:00:00,0.5005,0.5082,0.4965,0.5016,2204181.6,0
2025-01-02 15:00:00,0.5016,0.5024,0.4947,0.4967,1726494.92,0
2025-01-02 16:00:00,0.4968,0.5014,0.4943,0.4992,1370134.39,0
2025-01-02 17:00:00,0.4992,0.5007,0.4932,0.496,1187506.15,0
2025-01-02 18:00:00,0.4957,0.4973,0.4934,0.4958,734674.64,0
2025-01-02 19:00:00,0.4957,0.4976,0.4937,0.4948,838419.78,0
2025-01-02 20:00:00,0.4948,0.4974,0.4917,0.4936,635816.01,0
2025-01-02 21:00:00,0.4937,0.4951,0.4911,0.4937,447563.06,0
2025-01-02 22:00:00,0.4934,0.4934,0.4877,0.4925,426012.6,0
2025-01-02 23:00:00,0.492,0.4959,0.4915,0.4959,360617.64,0
2025-01-03 00:00:00,0.496,0.4974,0.4926,0.4929,573061.67,0
2025-01-03 01:00:00,0.4931,0.4945,0.4902,0.4939,450263.13,0
2025-01-03 02:00:00,0.494,0.4992,0.4921,0.4938,627844.14,0
2025-01-03 03:00:00,0.4939,0.4968,0.4932,0.4964,940956.89,0
2025-01-03 04:00:00,0.4963,0.4963,0.4918,0.4923,558773.96,0
2025-01-03 05:00:00,0.4925,0.4932,0.4897,0.4925,881376.99,0
2025-01-03 06:00:00,0.4926,0.4958,0.491,0.4915,787985.71,0
2025-01-03 07:00:00,0.4916,0.4919,0.487,0.488,824563.94,0
2025-01-03 08:00:00,0.488,0.4914,0.4866,0.4891,1115004.98,0
2025-01-03 09:00:00,0.4892,0.496,0.4891,0.4942,530289.48,0
2025-01-03 10:00:00,0.4942,0.4966,0.4914,0.4953,425138.45,0
2025-01-03 11:00:00,0.4957,0.5037,0.4955,0.5024,1371873.99,0
2025-01-03 12:00:00,0.5024,0.5052,0.5007,0.501,1675254.32,0
2025-01-03 13:00:00,0.5011,0.5054,0.5005,0.5038,1103602.26,0
2025-01-03 14:00:00,0.5039,0.5128,0.5039,0.5098,2244074.11,0
2025-01-03 15:00:00,0.51,0.5191,0.508,0.5184,2350800.41,0
2025-01-03 16:00:00,0.5184,0.5222,0.5158,0.5173,3059329.62,0
2025-01-03 17:00:00,0.5173,0.5178,0.513,0.5132,1195266.96,0
2025-01-03 18:00:00,0.5131,0.5155,0.512,0.5128,2335927.87,0
2025-01-03 19:00:00,0.5125,0.5158,0.5123,0.5141,734691.8,0
2025-01-03 20:00:00,0.5143,0.5165,0.5097,0.5155,677000.47,0
2025-01-03 21:00:00,0.5154,0.5173,0.5138,0.5147,396525.79,0
2025-01-03 22:00:00,0.5147,0.5182,0.5139,0.5176,507145.0,0
2025-01-03 23:00:00,0.5175,0.5186,0.5151,0.5181,393599.25,0
2025-01-04 00:00:00,0.5183,0.5202,0.5117,0.5131,1113034.01,0
2025-01-04 01:00:00,0.5131,0.5143,0.5093,0.5136,868839.39,0
2025-01-04 02:00:00,0.5136,0.5169,0.5108,0.5157,546499.44,0
2025-01-04 03:00:00,0.5156,0.516,0.5133,0.5151,592654.1,0
2025-01-04 04:00:00,0.5151,0.5154,0.5101,0.5127,525872.82,0
2025-01-04 05:00:00,0.5128,0.5147,0.5109,0.5134,456407.8,0
2025-01-04 06:00:00,0.5134,0.5176,0.5131,0.5174,484424.75,0
2025-01-04 07:00:00,0.5173,0.5212,0.5167,0.5199,873044.44,0
2025-01-04 08:00:00,0.52,0.52,0.5138,0.5141,995369.76,0
2025-01-04 09:00:00,0.514,0.5194,0.5139,0.5178,792438.13,0
2025-01-04 10:00:00,0.5178,0.5187,0.5119,0.518,887786.31,0
2025-01-04 11:00:00,0.5178,0.5231,0.5158,0.5229,1069649.16,0
2025-01-04 12:00:00,0.523,0.5334,0.5207,0.5326,3304702.21,0
2025-01-04 13:00:00,0.5326,0.5357,0.5268,0.5301,1698760.59,0
2025-01-04 14:00:00,0.5301,0.5318,0.5273,0.53,1455496.53,0
2025-01-04 15:00:00,0.53,0.5342,0.5182,0.5211,2613953.94,0
2025-01-04 16:00:00,0.5209,0.5255,0.5198,0.5241,913994.65,0
2025-01-04 17:00:00,0.524,0.5255,0.5212,0.5255,392668.31,0
2025-01-04 18:00:00,0.5255,0.5307,0.524,0.5253,612416.22,0
2025-01-04 19:00:00,0.5253,0.5295,0.5237,0.5268,816055.18,0
2025-01-04 20:00:00,0.5271,0.5317,0.5271,0.5301,653821.79,0
2025-01-04 21:00:00,0.5301,0.531,0.5274,0.5285,456842.3,0
2025-01-04 22:00:00,0.5286,0.5295,0.5253,0.5281,437459.29,0
2025-01-04 23:00:00,0.5282,0.5296,0.5247,0.5253,372627.76,0
2025-01-05 00:00:00,0.5253,0.5271,0.5223,0.5233,593315.22,0
2025-01-05 01:00:00,0.5234,0.5235,0.5165,0.5203,639517.64,0
2025-01-05 02:00:00,0.5202,0.5239,0.5196,0.5239,588471.94,0
2025-01-05 03:00:00,0.5236,0.525,0.5208,0.5236,564011.76,0
2025-01-05 04:00:00,0.5237,0.5261,0.5229,0.525,347727.8,0
2025-01-05 05:00:00,0.5249,0.5249,0.5195,0.5199,720045.56,0
2025-01-05 06:00:00,0.5199,0.5226,0.5191,0.5219,383948.49,0
2025-01-05 07:00:00,0.5219,0.5229,0.5191,0.5201,539732.91,0
2025-01-05 08:00:00,0.5202,0.5217,0.514,0.5187,1304030.01,0
2025-01-05 09:00:00,0.5185,0.5204,0.5139,0.5143,1141304.83,0
2025-01-05 10:00:00,0.5145,0.5205,0.513,0.5196,1263885.96,0
2025-01-05 11:00:00,0.5195,0.5203,0.5161,0.5179,672899.32,0
2025-01-05 12:00:00,0.5179,0.5204,0.515,0.5185,727877.75,0
2025-01-05 13:00:00,0.5184,0.5216,0.5148,0.5151,426443.2,0
2025-01-05 14:00:00,0.5151,0.5168,0.5091,0.5163,1069113.0,0
2025-01-05 15:00:00,0.5161,0.5198,0.5141,0.518,722869.44,0
2025-01-05 16:00:00,0.5181,0.5216,0.5151,0.5164,546763.12,0
2025-01-05 17:00:00,0.5164,0.52,0.5146,0.5159,460825.78,0
2025-01-05 18:00:00,0.5161,0.5211,0.5131,0.5201,1822100.81,0
2025-01-05 19:00:00,0.5201,0.5238,0.5183,0.5238,1103055.84,0
2025-01-05 20:00:00,0.5236,0.5269,0.52,0.5225,926887.61,0
2025-01-05 21:00:00,0.5224,0.5239,0.5213,0.5231,272554.71,0
2025-01-05 22:00:00,0.523,0.5244,0.5197,0.5241,261972.47,0
2025-01-05 23:00:00,0.5239,0.5246,0.5207,0.5213,346645.43,0
2025-01-06 00:00:00,0.5212,0.5229,0.5159,0.5159,790864.67,0
2025-01-06 01:00:00,0.5159,0.5244,0.5143,0.5221,1665958.88,0
2025-01-06 02:00:00,0.522,0.5295,0.5215,0.5266,1866808.05,0
2025-01-06 03:00:00,0.5264,0.5283,0.5244,0.5268,506526.58,0
2025-01-06 04:00:00,0.527,0.5281,0.5222,0.5251,676712.6,0
2025-01-06 05:00:00,0.5251,0.5292,0.5236,0.5258,832157.45,0
2025-01-06 06:00:00,0.5258,0.5264,0.5208,0.5212,541041.84,0
2025-01-06 07:00:00,0.5213,0.5247,0.5175,0.5217,1858777.43,0
2025-01-06 08:00:00,0.5217,0.524,0.5175,0.5186,602728.16,0
2025-01-06 09:00:00,0.5187,0.521,0.5165,0.5182,570592.39,0
2025-01-06 10:00:00,0.5182,0.5193,0.5152,0.5182,707325.79,0
2025-01-06 11:00:00,0.5182,0.5227,0.5172,0.5227,1088311.12,0
2025-01-06 12:00:00,0.5227,0.5241,0.5186,0.5197,831874.76,0
2025-01-06 13:00:00,0.52,0.5231,0.5155,0.5224,1193984.33,0
2025-01-06 14:00:00,0.5225,0.5284,0.5153,0.5243,1877130.07,0
2025-01-06 15:00:00,0.5245,0.5285,0.5222,0.5284,2844523.97,0
2025-01-06 16:00:00,0.5286,0.5384,0.5265,0.53,5954807.43,0
2025-01-06 17:00:00,0.5299,0.5301,0.5205,0.5231,1237004.69,0
2025-01-06 18:00:00,0.5231,0.5305,0.5189,0.5212,5097929.17,0
2025-01-06 19:00:00,0.5214,0.5231,0.5202,0.5217,512197.03,0
2025-01-06 20:00:00,0.5214,0.5233,0.5177,0.52,876255.31,0
2025-01-06 21:00:00,0.5199,0.5205,0.515,0.5164,1202590.35,0
2025-01-06 22:00:00,0.5167,0.5195,0.5157,0.5176,422891.22,0
2025-01-06 23:00:00,0.5177,0.5211,0.5151,0.521,574960.91,0
2025-01-07 00:00:00,0.5209,0.5226,0.5176,0.5182,620481.27,0
2025-01-07 01:00:00,0.5183,0.5214,0.5155,0.521,846390.27,0
2025-01-07 02:00:00,0.5212,0.5213,0.514,0.5145,575037.55,0
2025-01-07 03:00:00,0.5145,0.5162,0.5129,0.5149,893886.82,0
2025-01-07 04:00:00,0.515,0.5167,0.512,0.5121,655607.56,0
2025-01-07 05:00:00,0.5122,0.5137,0.5107,0.5137,513622.53,0
2025-01-07 06:00:00,0.5137,0.5152,0.5116,0.5147,734137.44,0
2025-01-07 07:00:00,0.5146,0.5168,0.5102,0.5123,1496319.02,0
2025-01-07 08:00:00,0.5123,0.517,0.5109,0.5159,726386.4,0
2025-01-07 09:00:00,0.5162,0.5168,0.5111,0.5128,938849.52,0
2025-01-07 10:00:00,0.5127,0.5139,0.5095,0.5119,735878.17,0
2025-01-07 11:00:00,0.5119,0.5127,0.5037,0.5076,1930632.39,0
2025-01-07 12:00:00,0.5078,0.5109,0.5066,0.5088,996564.09,0
2025-01-07 13:00:00,0.5091,0.5113,0.5084,0.5087,564828.88,0
2025-01-07 14:00:00,0.5088,0.5097,0.4965,0.5006,2090910.84,0
2025-01-07 15:00:00,0.5005,0.5025,0.4788,0.4844,14722469.04,0
2025-01-07 16:00:00,0.4844,0.4893,0.4813,0.4843,2274105.14,0
2025-01-07 17:00:00,0.4844,0.4862,0.4786,0.4817,5443388.16,0
2025-01-07 18:00:00,0.4818,0.4835,0.4744,0.4748,2208587.26,0
2025-01-07 19:00:00,0.4747,0.4761,0.4682,0.4691,2317466.77,0
2025-01-07 20:00:00,0.4692,0.4722,0.4664,0.4703,1182884.14,0
2025-01-07 21:00:00,0.4703,0.4736,0.4653,0.4654,950284.42,0
2025-01-07 22:00:00,0.4653,0.4702,0.4635,0.4702,1023159.1,0
2025-01-07 23:00:00,0.4701,0.4701,0.4651,0.4652,884880.84,0
2025-01-08 00:00:00,0.4653,0.4708,0.4641,0.4706,756890.7,0
2025-01-08 01:00:00,0.4706,0.4706,0.4637,0.4663,520692.2,0
2025-01-08 02:00:00,0.4663,0.4682,0.4626,0.4626,647189.02,0
2025-01-08 03:00:00,0.4627,0.463,0.4554,0.4583,2309495.68,0
2025-01-08 04:00:00,0.4582,0.4594,0.4516,0.4517,1513958.28,0
2025-01-08 05:00:00,0.4519,0.4568,0.4499,0.4508,916720.52,0
2025-01-08 06:00:00,0.4509,0.4532,0.4392,0.4394,2468305.02,0
2025-01-08 07:00:00,0.4394,0.4502,0.439,0.4492,1539416.28,0
2025-01-08 08:00:00,0.4491,0.4534,0.4474,0.4512,1494964.03,0
2025-01-08 09:00:00,0.4511,0.4536,0.448,0.4482,566924.72,0
2025-01-08 10:00:00,0.4482,0.4513,0.4471,0.4488,511373.43,0
2025-01-08 11:00:00,0.4488,0.4488,0.4408,0.4443,1248805.3,0
2025-01-08 12:00:00,0.4443,0.4481,0.4426,0.4433,1594038.49,0
2025-01-08 13:00:00,0.4434,0.4495,0.4434,0.4483,1341340.53,0
2025-01-08 14:00:00,0.4483,0.4514,0.4463,0.4494,1373761.73,0
2025-01-08 15:00:00,0.4493,0.4537,0.444,0.4477,1369733.73,0
2025-01-08 16:00:00,0.4478,0.4479,0.4369,0.4382,2007157.43,0
2025-01-08 17:00:00,0.438,0.4402,0.4191,0.4346,9688886.13,0
2025-01-08 18:00:00,0.4343,0.4436,0.4332,0.4383,3358804.92,0
2025-01-08 19:00:00,0.4384,0.4431,0.4363,0.4375,1078154.42,0
2025-01-08 20:00:00,0.4374,0.4398,0.4352,0.4378,600029.8,0
2025-01-08 21:00:00,0.438,0.4402,0.4343,0.4379,655126.8,0
2025-01-08 22:00:00,0.4377,0.4454,0.4377,0.4454,852786.68,0
2025-01-08 23:00:00,0.4455,0.4466,0.4419,0.4447,295887.61,0
2025-01-09 00:00:00,0.4444,0.4475,0.4421,0.4475,422468.44,0
2025-01-09 01:00:00,0.4474,0.45,0.4451,0.4451,713275.7,0
2025-01-09 02:00:00,0.4453,0.4468,0.4386,0.4446,1326171.4,0
2025-01-09 03:00:00,0.4445,0.4447,0.4379,0.4388,501650.0,0
2025-01-09 04:00:00,0.4388,0.4418,0.4369,0.4416,730464.64,0
2025-01-09 05:00:00,0.4416,0.4416,0.4379,0.4387,943789.19,0
2025-01-09 06:00:00,0.4388,0.4404,0.4356,0.436,1200416.96,0
2025-01-09 07:00:00,0.436,0.4376,0.4294,0.4311,2036538.93,0
2025-01-09 08:00:00,0.4312,0.4378,0.4293,0.4354,1241998.74,0
2025-01-09 09:00:00,0.4355,0.4401,0.4351,0.4375,1052495.08,0
2025-01-09 10:00:00,0.4375,0.4379,0.4304,0.4363,1500829.31,0
2025-01-09 11:00:00,0.4359,0.4392,0.4331,0.4353,801694.01,0
2025-01-09 12:00:00,0.4352,0.4384,0.4332,0.4353,786822.19,0
2025-01-09 13:00:00,0.4352,0.437,0.4221,0.4222,2703497.95,0
2025-01-09 14:00:00,0.4221,0.429,0.4191,0.4282,3367000.32,0
2025-01-09 15:00:00,0.4281,0.4427,0.4257,0.4395,2363434.79,0
2025-01-09 16:00:00,0.4395,0.4423,0.4348,0.4393,1414891.46,0
2025-01-09 17:00:00,0.4393,0.4396,0.4263,0.4293,1211459.29,0
2025-01-09 18:00:00,0.4295,0.4336,0.4281,0.4313,1188063.27,0
2025-01-09 19:00:00,0.4314,0.4322,0.4224,0.4232,995792.05,0
2025-01-09 20:00:00,0.4229,0.4255,0.4163,0.4238,2339822.82,0
2025-01-09 21:00:00,0.4235,0.4278,0.4222,0.4235,831358.18,0
2025-01-09 22:00:00,0.4231,0.4292,0.4207,0.4268,740672.48,0
2025-01-09 23:00:00,0.4267,0.4275,0.4248,0.427,507207.0,0
2025-01-10 00:00:00,0.4269,0.4305,0.4269,0.4287,844082.19,0
2025-01-10 01:00:00,0.4286,0.4305,0.426,0.4301,459243.7,0
2025-01-10 02:00:00,0.4302,0.4324,0.4274,0.4304,427882.26,0
2025-01-10 03:00:00,0.4304,0.4322,0.4289,0.4318,405394.44,0
2025-01-10 04:00:00,0.4316,0.4333,0.4294,0.4304,317530.2,0
2025-01-10 05:00:00,0.4307,0.4373,0.43,0.4339,1226225.91,0
2025-01-10 06:00:00,0.434,0.4393,0.4328,0.4389,638130.08,0
2025-01-10 07:00:00,0.4389,0.4448,0.4374,0.4418,1302467.8,0
2025-01-10 08:00:00,0.4419,0.4434,0.4388,0.4408,904808.46,0
2025-01-10 09:00:00,0.441,0.4437,0.4393,0.4418,585689.39,0
2025-01-10 10:00:00,0.4417,0.4438,0.4394,0.4433,670676.23,0
2025-01-10 11:00:00,0.4431,0.4432,0.4368,0.4398,686123.95,0
2025-01-10 12:00:00,0.4398,0.4404,0.4354,0.4393,1761326.02,0
2025-01-10 13:00:00,0.4393,0.4406,0.4245,0.4289,7271706.05,0
2025-01-10 14:00:00,0.4289,0.4351,0.4273,0.4303,2981405.42,0
2025-01-10 15:00:00,0.4301,0.4325,0.422,0.4284,3587459.1,0
2025-01-10 16:00:00,0.4285,0.4288,0.4234,0.4247,1376819.59,0
2025-01-10 17:00:00,0.4247,0.4386,0.4241,0.4375,2337892.26,0
2025-01-10 18:00:00,0.4375,0.4391,0.4336,0.435,1293427.56,0
2025-01-10 19:00:00,0.4352,0.4374,0.4323,0.4365,489485.08,0
2025-01-10 20:00:00,0.4362,0.4362,0.4309,0.4327,604344.27,0
2025-01-10 21:00:00,0.4329,0.4347,0.4318,0.4323,689302.79,0
2025-01-10 22:00:00,0.4324,0.4367,0.4305,0.4364,1693053.01,0
2025-01-10 23:00:00,0.4361,0.4378,0.4348,0.4362,429702.68,0
2025-01-11 00:00:00,0.4362,0.4383,0.4344,0.4382,451346.27,0
2025-01-11 01:00:00,0.4383,0.4393,0.4319,0.4335,1223789.8,0
2025-01-11 02:00:00,0.4337,0.435,0.4312,0.4336,916460.98,0
2025-01-11 03:00:00,0.4335,0.4335,0.4304,0.4309,297155.49,0
2025-01-11 04:00:00,0.4311,0.433,0.4282,0.4313,566552.11,0
2025-01-11 05:00:00,0.4313,0.4339,0.4301,0.4335,451950.97,0
2025-01-11 06:00:00,0.4335,0.4355,0.4313,0.4313,225496.07,0
2025-01-11 07:00:00,0.4317,0.4331,0.43,0.4314,398032.13,0
2025-01-11 08:00:00,0.4317,0.4339,0.4294,0.4301,751201.72,0
2025-01-11 09:00:00,0.4302,0.4327,0.4302,0.4322,385249.71,0
2025-01-11 10:00:00,0.4329,0.4347,0.4323,0.4344,341096.06,0
2025-01-11 11:00:00,0.4345,0.4359,0.433,0.4356,656460.02,0
2025-01-11 12:00:00,0.4354,0.4359,0.4326,0.433,453494.33,0
2025-01-11 13:00:00,0.4334,0.4339,0.4298,0.4312,273765.97,0
2025-01-11 14:00:00,0.4312,0.4332,0.4292,0.4329,335970.13,0
2025-01-11 15:00:00,0.4328,0.4333,0.4309,0.4312,366483.76,0
2025-01-11 16:00:00,0.4313,0.4338,0.43,0.4332,254461.57,0
2025-01-11 17:00:00,0.4328,0.4331,0.4292,0.4302,1522164.62,0
2025-01-11 18:00:00,0.4302,0.4318,0.4283,0.431,422349.61,0
2025-01-11 19:00:00,0.4308,0.4317,0.4288,0.4302,199755.93,0
2025-01-11 20:00:00,0.4303,0.4389,0.4296,0.4386,2219210.95,0
2025-01-11 21:00:00,0.4386,0.4433,0.4384,0.4415,957213.15,0
2025-01-11 22:00:00,0.4414,0.4422,0.4343,0.4347,1231092.09,0
2025-01-11 23:00:00,0.4346,0.4371,0.4332,0.4349,1180330.85,0
2025-01-12 00:00:00,0.435,0.437,0.4332,0.4361,1034115.4,0
2025-01-12 01:00:00,0.4361,0.4369,0.4338,0.4366,141932.99,0
2025-01-12 02:00:00,0.4368,0.437,0.4314,0.4347,1905509.49,0
2025-01-12 03:00:00,0.4348,0.4353,0.4309,0.433,195958.11,0
2025-01-12 04:00:00,0.4332,0.4339,0.4317,0.4324,222133.57,0
2025-01-12 05:00:00,0.4326,0.434,0.4311,0.4318,439261.86,0
2025-01-12 06:00:00,0.4319,0.4325,0.4292,0.4293,492487.29,0
2025-01-12 07:00:00,0.4294,0.4315,0.4282,0.4312,860042.72,0
2025-01-12 08:00:00,0.4312,0.4327,0.429,0.4296,1073396.94,0
2025-01-12 09:00:00,0.4298,0.431,0.4261,0.4271,601853.97,0
2025-01-12 10:00:00,0.4272,0.4294,0.4256,0.4292,516823.9,0
2025-01-12 11:00:00,0.4292,0.4323,0.4285,0.4317,242561.87,0
2025-01-12 12:00:00,0.4317,0.4337,0.4292,0.4307,3583132.63,0
2025-01-12 13:00:00,0.4306,0.4331,0.4298,0.4327,349876.2,0
2025-01-12 14:00:00,0.4328,0.4345,0.4311,0.4315,512581.73,0
2025-01-12 15:00:00,0.4319,0.437,0.4305,0.4365,745486.86,0
2025-01-12 16:00:00,0.4364,0.4375,0.4327,0.4362,927828.59,0
2025-01-12 17:00:00,0.4363,0.4379,0.4345,0.4365,315642.34,0
2025-01-12 18:00:00,0.4367,0.4379,0.4336,0.4341,309828.77,0
2025-01-12 19:00:00,0.4346,0.435,0.4314,0.4324,958768.39,0
2025-01-12 20:00:00,0.4326,0.4346,0.4308,0.4321,225114.09,0
2025-01-12 21:00:00,0.4322,0.4326,0.4285,0.4289,512847.32,0
2025-01-12 22:00:00,0.4288,0.4293,0.4235,0.4244,624161.22,0
2025-01-12 23:00:00,0.4249,0.4298,0.4248,0.4292,312487.56,0
2025-01-13 00:00:00,0.4291,0.4384,0.4277,0.4351,1335915.49,0
2025-01-13 01:00:00,0.4351,0.436,0.4271,0.4281,949074.25,0
2025-01-13 02:00:00,0.4282,0.4293,0.4181,0.4213,1522198.14,0
2025-01-13 03:00:00,0.4214,0.4237,0.4148,0.4178,1505911.49,0
2025-01-13 04:00:00,0.4174,0.4227,0.4165,0.419,925444.96,0
2025-01-13 05:00:00,0.4187,0.4193,0.4094,0.4119,2358496.3,0
2025-01-13 06:00:00,0.4119,0.4139,0.4052,0.4065,1608864.66,0
2025-01-13 07:00:00,0.4065,0.412,0.4048,0.4103,896298.44,0
2025-01-13 08:00:00,0.4103,0.4114,0.402,0.4033,1891703.4,0
2025-01-13 09:00:00,0.4032,0.4053,0.3971,0.4014,3185074.71,0
2025-01-13 10:00:00,0.4014,0.4014,0.3939,0.3961,2671910.68,0
2025-01-13 11:00:00,0.3961,0.3965,0.3861,0.3861,2551435.56,0
2025-01-13 12:00:00,0.3864,0.3924,0.385,0.3906,2473635.9,0
2025-01-13 13:00:00,0.3905,0.3981,0.3889,0.3912,2202708.75,0
2025-01-13 14:00:00,0.3913,0.3975,0.3805,0.394,11983296.38,0
2025-01-13 15:00:00,0.394,0.4018,0.3925,0.3977,3661943.58,0
2025-01-13 16:00:00,0.3976,0.3999,0.3925,0.3926,1292769.5,0
2025-01-13 17:00:00,0.3926,0.3968,0.3902,0.3914,1352877.54,0
2025-01-13 18:00:00,0.3915,0.3952,0.3862,0.3927,1994806.48,0
2025-01-13 19:00:00,0.3922,0.3973,0.39,0.3941,1432405.44,0
2025-01-13 20:00:00,0.3939,0.4055,0.3911,0.4034,1714720.6,0
2025-01-13 21:00:00,0.4035,0.4089,0.4016,0.4068,2499198.75,0
2025-01-13 22:00:00,0.4074,0.4141,0.4073,0.4109,918285.44,0
2025-01-13 23:00:00,0.4109,0.4109,0.4084,0.4096,674039.89,0
2025-01-14 00:00:00,0.4096,0.4118,0.4067,0.4073,677973.79,0
2025-01-14 01:00:00,0.4079,0.4126,0.4075,0.409,420451.07,0
2025-01-14 02:00:00,0.409,0.4144,0.4084,0.411,413590.76,0
2025-01-14 03:00:00,0.4107,0.4135,0.4103,0.4108,880487.11,0
2025-01-14 04:00:00,0.4108,0.4143,0.4106,0.4133,478307.6,0
2025-01-14 05:00:00,0.4133,0.4167,0.4112,0.4116,626708.72,0
2025-01-14 06:00:00,0.4117,0.4146,0.4107,0.4141,478892.35,0
2025-01-14 07:00:00,0.4143,0.4154,0.4103,0.4104,467264.69,0
2025-01-14 08:00:00,0.4103,0.4144,0.4103,0.4123,810806.45,0
2025-01-14 09:00:00,0.4123,0.4226,0.4112,0.4197,2408240.25,0
2025-01-14 10:00:00,0.4197,0.4197,0.415,0.4161,1157345.39,0
2025-01-14 11:00:00,0.4163,0.4163,0.4126,0.4155,670810.82,0
2025-01-14 12:00:00,0.4155,0.4169,0.4121,0.4134,949154.53,0
2025-01-14 13:00:00,0.4133,0.4205,0.4125,0.4172,3050164.45,0
2025-01-14 14:00:00,0.4173,0.4227,0.4149,0.4176,1063126.64,0
2025-01-14 15:00:00,0.4176,0.4208,0.4171,0.4184,1128834.18,0
2025-01-14 16:00:00,0.4182,0.4184,0.4144,0.4177,598607.28,0
2025-01-14 17:00:00,0.4175,0.4212,0.4163,0.4204,497603.27,0
2025-01-14 18:00:00,0.4205,0.4237,0.4198,0.4226,565598.23,0
2025-01-14 19:00:00,0.4226,0.4244,0.421,0.4219,621689.35,0
2025-01-14 20:00:00,0.4222,0.4247,0.4193,0.4245,337928.83,0
2025-01-14 21:00:00,0.4246,0.4267,0.4239,0.4255,400942.08,0
2025-01-14 22:00:00,0.4256,0.4325,0.4256,0.4316,615001.95,0
2025-01-14 23:00:00,0.4315,0.432,0.4284,0.4287,291356.12,0
2025-01-15 00:00:00,0.429,0.4307,0.4267,0.4278,522500.62,0
2025-01-15 01:00:00,0.4275,0.4312,0.4258,0.4274,571534.95,0
2025-01-15 02:00:00,0.4275,0.4299,0.4239,0.4248,381410.59,0
2025-01-15 03:00:00,0.4247,0.4275,0.4229,0.426,2514979.96,0
2025-01-15 04:00:00,0.4261,0.4282,0.4237,0.425,486773.61,0
2025-01-15 05:00:00,0.4249,0.4258,0.422,0.4255,566691.64,0
2025-01-15 06:00:00,0.4255,0.4257,0.4219,0.4242,583806.37,0
2025-01-15 07:00:00,0.4243,0.4295,0.4242,0.4261,756859.14,0
2025-01-15 08:00:00,0.4261,0.429,0.4255,0.4258,451195.43,0
2025-01-15 09:00:00,0.4256,0.4262,0.4174,0.4184,859134.32,0
2025-01-15 10:00:00,0.4181,0.4206,0.4169,0.4174,1154440.45,0
2025-01-15 11:00:00,0.4174,0.4178,0.4125,0.4148,1092303.91,0
2025-01-15 12:00:00,0.4148,0.4166,0.4123,0.4145,656550.82,0
2025-01-15 13:00:00,0.4145,0.4321,0.4145,0.4319,5942159.06,0
2025-01-15 14:00:00,0.4319,0.4386,0.4284,0.4381,3837677.2,0
2025-01-15 15:00:00,0.438,0.44,0.4358,0.4365,2108328.04,0
2025-01-15 16:00:00,0.4367,0.4404,0.4348,0.435,1260717.61,0
2025-01-15 17:00:00,0.4349,0.4373,0.4333,0.4337,3041528.6,0
2025-01-15 18:00:00,0.4339,0.4412,0.4339,0.4412,539790.19,0
2025-01-15 19:00:00,0.4411,0.446,0.4389,0.445,1395329.6,0
2025-01-15 20:00:00,0.445,0.4501,0.4439,0.4444,1318370.89,0
2025-01-15 21:00:00,0.4445,0.4475,0.444,0.4452,470956.73,0
2025-01-15 22:00:00,0.4451,0.4473,0.443,0.4473,561894.93,0
2025-01-15 23:00:00,0.4474,0.4483,0.446,0.447,730306.99,0
2025-01-16 00:00:00,0.447,0.4497,0.4373,0.4397,1482184.01,0
2025-01-16 01:00:00,0.4397,0.4438,0.4395,0.4432,530626.24,0
2025-01-16 02:00:00,0.443,0.443,0.4396,0.4405,780747.42,0
2025-01-16 03:00:00,0.4404,0.4419,0.4362,0.4388,602971.96,0
2025-01-16 04:00:00,0.4387,0.4393,0.4373,0.4379,354177.97,0
2025-01-16 05:00:00,0.4378,0.4379,0.4332,0.4336,1382523.44,0
2025-01-16 06:00:00,0.4335,0.4405,0.4334,0.4389,1074285.35,0
2025-01-16 07:00:00,0.4389,0.4396,0.436,0.437,472159.26,0
2025-01-16 08:00:00,0.437,0.438,0.4271,0.4291,1501412.98,0
2025-01-16 09:00:00,0.4291,0.4317,0.4269,0.4309,931656.52,0
2025-01-16 10:00:00,0.4311,0.4312,0.428,0.4294,545269.92,0
2025-01-16 11:00:00,0.4292,0.4333,0.4267,0.4329,1361255.72,0
2025-01-16 12:00:00,0.4329,0.4401,0.4314,0.4391,1307170.05,0
2025-01-16 13:00:00,0.4391,0.4399,0.4291,0.4313,1979653.57,0
2025-01-16 14:00:00,0.4312,0.433,0.4186,0.4218,3095507.0,0
2025-01-16 15:00:00,0.4215,0.4317,0.42,0.4317,1519572.77,0
2025-01-16 16:00:00,0.4315,0.4368,0.4308,0.433,1599224.21,0
2025-01-16 17:00:00,0.4326,0.4363,0.431,0.4351,1329206.78,0
2025-01-16 18:00:00,0.4352,0.4364,0.4285,0.4294,1147715.95,0
2025-01-16 19:00:00,0.4292,0.4346,0.4283,0.4343,674845.75,0
2025-01-16 20:00:00,0.4343,0.4357,0.4295,0.431,835308.87,0
2025-01-16 21:00:00,0.4311,0.4312,0.4266,0.4269,422508.84,0
2025-01-16 22:00:00,0.4271,0.4274,0.4202,0.4217,561393.87,0
2025-01-16 23:00:00,0.4217,0.4239,0.4198,0.4232,477364.51,0
2025-01-17 00:00:00,0.4234,0.4263,0.4234,0.4261,683860.18,0
2025-01-17 01:00:00,0.426,0.436,0.4257,0.4353,2066145.46,0
2025-01-17 02:00:00,0.4353,0.4381,0.4313,0.4335,1072504.32,0
2025-01-17 03:00:00,0.4334,0.436,0.4326,0.4348,619870.95,0
2025-01-17 04:00:00,0.435,0.4391,0.4332,0.4388,531477.08,0
2025-01-17 05:00:00,0.4388,0.441,0.4378,0.4407,1448320.77,0
2025-01-17 06:00:00,0.4405,0.4435,0.44,0.4422,863958.77,0
2025-01-17 07:00:00,0.4422,0.443,0.4375,0.439,1206086.61,0
2025-01-17 08:00:00,0.439,0.4452,0.4371,0.4444,1668028.73,0
2025-01-17 09:00:00,0.4445,0.446,0.4426,0.4434,1138072.55,0
2025-01-17 10:00:00,0.4436,0.4485,0.4434,0.4483,959627.07,0
2025-01-17 11:00:00,0.4484,0.4523,0.4465,0.4501,1280183.02,0
2025-01-17 12:00:00,0.4502,0.451,0.4451,0.4456,3934239.2,0
2025-01-17 13:00:00,0.4456,0.4498,0.4433,0.4449,1414556.8,0
2025-01-17 14:00:00,0.4451,0.4524,0.4451,0.4488,1407542.94,0
2025-01-17 15:00:00,0.4489,0.4533,0.4439,0.4456,2995267.6,0
2025-01-17 16:00:00,0.4457,0.4505,0.4442,0.4477,1460520.01,0
2025-01-17 17:00:00,0.4476,0.4487,0.4407,0.4414,1014660.69,0
2025-01-17 18:00:00,0.4415,0.4453,0.4407,0.4415,421591.71,0
2025-01-17 19:00:00,0.4415,0.4476,0.4415,0.4456,686466.3,0
2025-01-17 20:00:00,0.4453,0.4603,0.4443,0.4587,2155557.49,0
2025-01-17 21:00:00,0.4586,0.4606,0.4526,0.4542,1191788.45,0
2025-01-17 22:00:00,0.4542,0.4569,0.4533,0.4554,901526.39,0
2025-01-17 23:00:00,0.4551,0.4573,0.4535,0.4539,577148.15,0
2025-01-18 00:00:00,0.454,0.4634,0.454,0.4623,687058.81,0
2025-01-18 01:00:00,0.4622,0.4622,0.4562,0.4585,745083.16,0
2025-01-18 02:00:00,0.4586,0.4609,0.455,0.4555,658307.58,0
2025-01-18 03:00:00,0.4563,0.4566,0.4415,0.444,2245992.55,0
2025-01-18 04:00:00,0.444,0.4458,0.4383,0.4407,1723975.43,0
2025-01-18 05:00:00,0.4408,0.4423,0.4249,0.4253,3451807.3,0
2025-01-18 06:00:00,0.425,0.4327,0.4248,0.4303,2206976.18,0
2025-01-18 07:00:00,0.4301,0.4309,0.4207,0.422,1619980.6,0
2025-01-18 08:00:00,0.422,0.4257,0.4169,0.4249,2737516.33,0
2025-01-18 09:00:00,0.4246,0.4258,0.4174,0.4202,1808466.8,0
2025-01-18 10:00:00,0.4201,0.4217,0.4145,0.4187,1776138.06,0
2025-01-18 11:00:00,0.4187,0.4255,0.4155,0.424,3153670.73,0
2025-01-18 12:00:00,0.4239,0.4262,0.4197,0.4217,1641761.92,0
2025-01-18 13:00:00,0.4218,0.4253,0.4195,0.4253,1255270.37,0
2025-01-18 14:00:00,0.4255,0.4258,0.4179,0.4187,1452075.28,0
2025-01-18 15:00:00,0.4187,0.4247,0.4159,0.4185,1895818.58,0
2025-01-18 16:00:00,0.4186,0.4211,0.4113,0.4114,5685796.22,0
2025-01-18 17:00:00,0.4113,0.415,0.41,0.4101,1300191.85,0
2025-01-18 18:00:00,0.4101,0.4124,0.4061,0.4065,2116245.43,0
2025-01-18 19:00:00,0.4064,0.4131,0.4064,0.4129,1040084.44,0
2025-01-18 20:00:00,0.413,0.4135,0.4077,0.412,1840882.74,0
2025-01-18 21:00:00,0.412,0.4144,0.4099,0.4106,1002611.63,0
2025-01-18 22:00:00,0.4105,0.4146,0.41,0.413,653723.75,0
2025-01-18 23:00:00,0.413,0.4206,0.4128,0.4191,1345155.26,0
2025-01-19 00:00:00,0.4191,0.4325,0.4171,0.4322,2906101.51,0
2025-01-19 01:00:00,0.432,0.4367,0.4298,0.433,1677889.93,0
2025-01-19 02:00:00,0.4332,0.4416,0.432,0.4375,1590805.6,0
2025-01-19 03:00:00,0.4374,0.4381,0.4311,0.4316,2488687.36,0
2025-01-19 04:00:00,0.4316,0.4325,0.4233,0.4239,2985110.66,0
2025-01-19 05:00:00,0.4236,0.4271,0.4197,0.4269,1645045.8,0
2025-01-19 06:00:00,0.427,0.427,0.4179,0.4181,804506.49,0
2025-01-19 07:00:00,0.4182,0.4204,0.412,0.4135,1587497.61,0
2025-01-19 08:00:00,0.4132,0.4133,0.3987,0.399,4000134.8,0
2025-01-19 09:00:00,0.3991,0.4009,0.3886,0.4009,9137480.73,0
2025-01-19 10:00:00,0.4005,0.4005,0.3915,0.3915,3646563.05,0
2025-01-19 11:00:00,0.3916,0.3931,0.3821,0.3851,6187109.13,0
2025-01-19 12:00:00,0.3853,0.3967,0.3843,0.3958,4903630.37,0
2025-01-19 13:00:00,0.3958,0.4056,0.3948,0.4056,3299754.52,0
2025-01-19 14:00:00,0.4057,0.4201,0.4035,0.4176,9381825.43,0
2025-01-19 15:00:00,0.4175,0.4236,0.4147,0.4191,3969016.16,0
2025-01-19 16:00:00,0.419,0.4243,0.4174,0.4189,2007630.1,0
2025-01-19 17:00:00,0.419,0.4264,0.4159,0.4259,2094190.65,0
2025-01-19 18:00:00,0.4261,0.4291,0.4242,0.4287,1534370.38,0
2025-01-19 19:00:00,0.4285,0.4289,0.4245,0.4274,1027010.51,0
2025-01-19 20:00:00,0.4275,0.4306,0.4209,0.422,1439040.3,0
2025-01-19 21:00:00,0.4223,0.4225,0.3974,0.3978,9882887.62,0
2025-01-19 22:00:00,0.3977,0.4042,0.3808,0.3937,7312729.88,0
2025-01-19 23:00:00,0.3937,0.3937,0.3785,0.3858,7580203.37,0
2025-01-20 00:00:00,0.3858,0.3865,0.3634,0.3648,9235535.51,0
2025-01-20 01:00:00,0.365,0.3738,0.3645,0.3701,4347257.61,0
2025-01-20 02:00:00,0.3698,0.3806,0.3673,0.3683,7472316.09,0
2025-01-20 03:00:00,0.3682,0.3755,0.3669,0.3752,1710422.07,0
2025-01-20 04:00:00,0.3752,0.3795,0.371,0.3763,2538612.75,0
2025-01-20 05:00:00,0.3762,0.384,0.3758,0.3812,3901990.14,0
2025-01-20 06:00:00,0.381,0.4004,0.3804,0.3998,7607924.57,0
2025-01-20 07:00:00,0.3999,0.4134,0.3994,0.407,11697714.62,0
2025-01-20 08:00:00,0.4071,0.4106,0.4049,0.4085,1660291.89,0
2025-01-20 09:00:00,0.4086,0.4089,0.4003,0.4031,4216842.37,0
2025-01-20 10:00:00,0.403,0.4055,0.3942,0.3956,2695332.1,0
2025-01-20 11:00:00,0.3956,0.4,0.392,0.3992,2180798.9,0
2025-01-20 12:00:00,0.3993,0.3995,0.3829,0.3878,5614572.28,0
2025-01-20 13:00:00,0.3882,0.3903,0.3834,0.3882,4573486.45,0
2025-01-20 14:00:00,0.3882,0.3935,0.3854,0.3928,4435297.56,0
2025-01-20 15:00:00,0.3927,0.3947,0.3857,0.3879,3774960.75,0
2025-01-20 16:00:00,0.388,0.3963,0.3795,0.396,5387308.53,0
2025-01-20 17:00:00,0.3959,0.3959,0.3674,0.3779,16527910.02,0
2025-01-20 18:00:00,0.3781,0.3847,0.3773,0.3839,2764828.23,0
2025-01-20 19:00:00,0.3839,0.3862,0.38,0.384,1382485.7,0
2025-01-20 20:00:00,0.384,0.3887,0.3815,0.3856,1236100.95,0
2025-01-20 21:00:00,0.3855,0.388,0.3776,0.3777,914030.91,0
2025-01-20 22:00:00,0.3777,0.3863,0.3742,0.3845,1216866.24,0
2025-01-20 23:00:00,0.3846,0.385,0.379,0.3809,1362472.86,0
2025-01-21 00:00:00,0.3809,0.3819,0.3717,0.3718,2161197.5,0
2025-01-21 01:00:00,0.3721,0.377,0.3689,0.3707,1619751.59,0
2025-01-21 02:00:00,0.3707,0.3718,0.3647,0.3694,1653545.63,0
2025-01-21 03:00:00,0.3694,0.3701,0.3648,0.369,1675086.46,0
2025-01-21 04:00:00,0.3691,0.3691,0.3596,0.3677,3157594.12,0
2025-01-21 05:00:00,0.3676,0.3687,0.3627,0.3632,1412873.73,0
2025-01-21 06:00:00,0.3634,0.3685,0.3608,0.3657,1651981.41,0
2025-01-21 07:00:00,0.3655,0.3704,0.3642,0.3677,1682572.22,0
2025-01-21 08:00:00,0.3677,0.3725,0.3647,0.37,2787789.86,0
2025-01-21 09:00:00,0.3699,0.3739,0.3689,0.373,1973039.16,0
2025-01-21 10:00:00,0.3732,0.3816,0.3719,0.3806,2153347.8,0
2025-01-21 11:00:00,0.3805,0.3827,0.3773,0.3817,2060344.67,0
2025-01-21 12:00:00,0.3818,0.3848,0.3791,0.3824,3227516.25,0
2025-01-21 13:00:00,0.3825,0.385,0.3793,0.3831,3121622.55,0
2025-01-21 14:00:00,0.3832,0.3872,0.379,0.3802,3672126.62,0
2025-01-21 15:00:00,0.38,0.3826,0.3775,0.3819,977106.69,0
2025-01-21 16:00:00,0.3818,0.3908,0.381,0.3853,2580067.33,0
2025-01-21 17:00:00,0.3852,0.4005,0.385,0.4005,5263568.22,0
2025-01-21 18:00:00,0.4005,0.4022,0.3968,0.3996,2722922.11,0
2025-01-21 19:00:00,0.3996,0.3999,0.3926,0.3959,2225068.06,0
2025-01-21 20:00:00,0.3958,0.3977,0.392,0.3949,1324893.01,0
2025-01-21 21:00:00,0.3948,0.397,0.3914,0.3962,1395881.71,0
2025-01-21 22:00:00,0.396,0.3993,0.3934,0.3963,633010.17,0
2025-01-21 23:00:00,0.396,0.3977,0.3912,0.3963,935486.99,0
2025-01-22 00:00:00,0.3963,0.4011,0.3937,0.3994,1295824.94,0
2025-01-22 01:00:00,0.3988,0.3996,0.3941,0.3946,628000.11,0
2025-01-22 02:00:00,0.3946,0.3992,0.3931,0.3982,563172.15,0
2025-01-22 03:00:00,0.3985,0.3997,0.3938,0.395,3216358.66,0
2025-01-22 04:00:00,0.395,0.3974,0.3926,0.3951,795426.7,0
2025-01-22 05:00:00,0.3953,0.3981,0.3931,0.3932,791362.44,0
2025-01-22 06:00:00,0.3934,0.3949,0.3913,0.3935,894404.81,0
2025-01-22 07:00:00,0.3937,0.3937,0.3885,0.3889,1106449.44,0
2025-01-22 08:00:00,0.389,0.3904,0.3843,0.3904,991941.8,0
2025-01-22 09:00:00,0.3904,0.3923,0.3877,0.3893,685449.85,0
2025-01-22 10:00:00,0.3893,0.3919,0.3869,0.3909,920931.6,0
2025-01-22 11:00:00,0.3909,0.3959,0.39,0.3945,952360.62,0
2025-01-22 12:00:00,0.3946,0.3966,0.391,0.3924,1381972.45,0
2025-01-22 13:00:00,0.3923,0.3924,0.3804,0.3814,3374645.29,0
2025-01-22 14:00:00,0.3814,0.3849,0.3781,0.3812,2208144.54,0
2025-01-22 15:00:00,0.3813,0.3822,0.3757,0.3788,1994116.87,0
2025-01-22 16:00:00,0.3788,0.3813,0.3755,0.379,2057817.12,0
2025-01-22 17:00:00,0.3791,0.3814,0.3773,0.3788,2092062.8,0
2025-01-22 18:00:00,0.3787,0.3793,0.3722,0.3732,4337928.58,0
2025-01-22 19:00:00,0.3732,0.3791,0.373,0.3764,1022741.22,0
2025-01-22 20:00:00,0.3765,0.38,0.3764,0.3769,703936.51,0
2025-01-22 21:00:00,0.3768,0.378,0.3741,0.3767,464393.02,0
2025-01-22 22:00:00,0.3766,0.3784,0.3724,0.3725,617911.44,0
2025-01-22 23:00:00,0.3726,0.3744,0.3706,0.3729,754234.18,0
2025-01-23 00:00:00,0.3729,0.374,0.3704,0.3719,444038.07,0
2025-01-23 01:00:00,0.3716,0.3723,0.367,0.3681,968601.2,0
2025-01-23 02:00:00,0.3681,0.3708,0.3656,0.3705,3513076.19,0
2025-01-23 03:00:00,0.3704,0.3725,0.3679,0.3685,1041663.8,0
2025-01-23 04:00:00,0.3685,0.3709,0.3664,0.3673,1061890.17,0
2025-01-23 05:00:00,0.3673,0.372,0.3673,0.3708,533410.44,0
2025-01-23 06:00:00,0.3708,0.3733,0.3675,0.3687,545428.16,0
2025-01-23 07:00:00,0.3687,0.3738,0.3679,0.3734,527908.25,0
2025-01-23 08:00:00,0.3735,0.3737,0.3695,0.3705,811742.68,0
2025-01-23 09:00:00,0.3702,0.3742,0.3697,0.3715,619549.64,0
2025-01-23 10:00:00,0.3714,0.3727,0.3682,0.3701,450644.66,0
2025-01-23 11:00:00,0.3699,0.3714,0.3672,0.3707,2885414.46,0
2025-01-23 12:00:00,0.3705,0.3706,0.3649,0.3664,811509.38,0
2025-01-23 13:00:00,0.3662,0.3738,0.3645,0.3724,1254210.61,0
2025-01-23 14:00:00,0.3723,0.3797,0.3695,0.3766,2839217.76,0
2025-01-23 15:00:00,0.3768,0.3782,0.3682,0.3753,2793040.45,0
2025-01-23 16:00:00,0.3754,0.3814,0.3744,0.3746,1753890.74,0
2025-01-23 17:00:00,0.3746,0.3773,0.3703,0.377,1121137.3,0
2025-01-23 18:00:00,0.3769,0.3787,0.3692,0.3692,567880.55,0
2025-01-23 19:00:00,0.3692,0.3692,0.3635,0.3647,2206618.88,0
2025-01-23 20:00:00,0.3647,0.3742,0.3628,0.3681,5221336.56,0
2025-01-23 21:00:00,0.3681,0.3691,0.3622,0.3645,1058064.41,0
2025-01-23 22:00:00,0.3645,0.375,0.3641,0.3745,1271091.41,0
2025-01-23 23:00:00,0.3747,0.3793,0.3731,0.3765,1044934.48,0
2025-01-24 00:00:00,0.3766,0.3788,0.3689,0.3692,954977.09,0
2025-01-24 01:00:00,0.3693,0.3717,0.3659,0.3675,725732.69,0
2025-01-24 02:00:00,0.3675,0.3677,0.3623,0.3631,771143.04,0
2025-01-24 03:00:00,0.3633,0.3703,0.3627,0.3687,994858.59,0
2025-01-24 04:00:00,0.3681,0.3767,0.3665,0.376,1027322.99,0
2025-01-24 05:00:00,0.3759,0.3857,0.3752,0.3849,2567166.89,0
2025-01-24 06:00:00,0.3851,0.386,0.3809,0.3825,1655932.05,0
2025-01-24 07:00:00,0.3824,0.3849,0.3796,0.3806,1091811.9,0
2025-01-24 08:00:00,0.3806,0.3848,0.3791,0.3808,3512141.16,0
2025-01-24 09:00:00,0.3807,0.3849,0.3796,0.382,3118588.64,0
2025-01-24 10:00:00,0.3819,0.3859,0.3807,0.3848,1223564.65,0
2025-01-24 11:00:00,0.3848,0.3862,0.3833,0.3849,796131.04,0
2025-01-24 12:00:00,0.385,0.3865,0.3824,0.3864,464876.56,0
2025-01-24 13:00:00,0.3865,0.3889,0.3844,0.385,822771.12,0
2025-01-24 14:00:00,0.3852,0.3885,0.3822,0.3859,2885373.9,0
2025-01-24 15:00:00,0.386,0.3879,0.3782,0.3821,1151012.88,0
2025-01-24 16:00:00,0.3821,0.386,0.379,0.3792,4225721.71,0
2025-01-24 17:00:00,0.3797,0.3831,0.378,0.3816,1881188.25,0
2025-01-24 18:00:00,0.3817,0.3833,0.3796,0.3802,443890.86,0
2025-01-24 19:00:00,0.3801,0.3811,0.3768,0.3779,730631.35,0
2025-01-24 20:00:00,0.378,0.3798,0.3714,0.3715,727224.5,0
2025-01-24 21:00:00,0.3716,0.3736,0.3694,0.3702,637271.85,0
2025-01-24 22:00:00,0.3702,0.3702,0.3642,0.3648,914407.32,0
2025-01-24 23:00:00,0.3649,0.3662,0.3633,0.3662,408431.31,0
2025-01-25 00:00:00,0.3662,0.3662,0.3561,0.3561,1864055.18,0
2025-01-25 01:00:00,0.356,0.3595,0.3532,0.3549,4108056.89,0
2025-01-25 02:00:00,0.3548,0.3615,0.3543,0.36,1074712.05,0
2025-01-25 03:00:00,0.3601,0.3675,0.3596,0.3672,1003073.24,0
2025-01-25 04:00:00,0.3671,0.3671,0.3616,0.3624,743475.52,0
2025-01-25 05:00:00,0.3625,0.3658,0.3609,0.3638,322776.2,0
2025-01-25 06:00:00,0.3636,0.3678,0.3634,0.3664,1351240.87,0
2025-01-25 07:00:00,0.3662,0.3663,0.3595,0.3605,1579295.97,0
2025-01-25 08:00:00,0.3604,0.3622,0.3586,0.3606,502578.7,0
2025-01-25 09:00:00,0.3606,0.3608,0.3576,0.3584,638114.13,0
2025-01-25 10:00:00,0.3581,0.3614,0.356,0.361,949600.63,0
2025-01-25 11:00:00,0.361,0.3651,0.3605,0.3642,495609.53,0
2025-01-25 12:00:00,0.3641,0.3647,0.3611,0.3646,584956.16,0
2025-01-25 13:00:00,0.3648,0.3708,0.3645,0.3673,1336663.73,0
2025-01-25 14:00:00,0.3673,0.3691,0.3623,0.3686,1589179.37,0
2025-01-25 15:00:00,0.3687,0.3742,0.368,0.3704,5274567.92,0
2025-01-25 16:00:00,0.3704,0.3728,0.3696,0.3719,918451.86,0
2025-01-25 17:00:00,0.372,0.3748,0.3693,0.3748,920369.23,0
2025-01-25 18:00:00,0.3746,0.3768,0.3718,0.3726,903858.97,0
2025-01-25 19:00:00,0.3729,0.3739,0.3697,0.3713,2711988.13,0
2025-01-25 20:00:00,0.3713,0.3747,0.3712,0.3713,471985.79,0
2025-01-25 21:00:00,0.3715,0.3723,0.3695,0.3719,626080.15,0
2025-01-25 22:00:00,0.372,0.3743,0.3718,0.373,508185.94,0
2025-01-25 23:00:00,0.3728,0.3736,0.3701,0.3707,502668.25,0
2025-01-26 00:00:00,0.3708,0.375,0.3693,0.3731,484160.65,0
2025-01-26 01:00:00,0.3728,0.3758,0.3724,0.373,300976.48,0
2025-01-26 02:00:00,0.373,0.3747,0.371,0.3747,913866.94,0
2025-01-26 03:00:00,0.3746,0.378,0.3733,0.3765,621622.36,0
2025-01-26 04:00:00,0.3763,0.3792,0.3754,0.3779,342356.25,0
2025-01-26 05:00:00,0.378,0.3781,0.376,0.377,324002.56,0
2025-01-26 06:00:00,0.3771,0.3771,0.3745,0.3759,217222.14,0
2025-01-26 07:00:00,0.376,0.3774,0.3741,0.376,421264.57,0
2025-01-26 08:00:00,0.3761,0.378,0.3739,0.3751,268628.6,0
2025-01-26 09:00:00,0.3751,0.3751,0.3697,0.3701,1247671.3,0
2025-01-26 10:00:00,0.3698,0.3744,0.3696,0.3743,647978.01,0
2025-01-26 11:00:00,0.3745,0.3769,0.3732,0.376,989541.2,0
2025-01-26 12:00:00,0.3759,0.3764,0.3736,0.3756,355676.59,0
2025-01-26 13:00:00,0.3756,0.3776,0.375,0.3775,490785.08,0
2025-01-26 14:00:00,0.3776,0.3787,0.3746,0.3781,1140644.6,0
2025-01-26 15:00:00,0.3781,0.3789,0.3769,0.3785,1450697.51,0
2025-01-26 16:00:00,0.3783,0.3803,0.376,0.3798,509554.51,0
2025-01-26 17:00:00,0.3796,0.3835,0.3787,0.382,921330.94,0
2025-01-26 18:00:00,0.3821,0.3833,0.3808,0.3823,469459.81,0
2025-01-26 19:00:00,0.3823,0.3826,0.3801,0.3822,545978.84,0
2025-01-26 20:00:00,0.3822,0.3826,0.3772,0.3775,275905.1,0
2025-01-26 21:00:00,0.3775,0.3775,0.3725,0.3725,598495.58,0
2025-01-26 22:00:00,0.3724,0.3753,0.3701,0.3726,473253.3,0
2025-01-26 23:00:00,0.3723,0.3723,0.3634,0.3641,1851214.74,0
2025-01-27 00:00:00,0.364,0.3641,0.3551,0.3566,2793446.35,0
2025-01-27 01:00:00,0.3566,0.3582,0.3517,0.3527,1683200.9,0
2025-01-27 02:00:00,0.3527,0.3527,0.3472,0.349,2284956.24,0
2025-01-27 03:00:00,0.3488,0.3527,0.3476,0.351,1334371.91,0
2025-01-27 04:00:00,0.3511,0.3511,0.3467,0.3469,979235.9,0
2025-01-27 05:00:00,0.347,0.3482,0.3403,0.3441,2108532.3,0
2025-01-27 06:00:00,0.344,0.3455,0.3389,0.3404,2328860.68,0
2025-01-27 07:00:00,0.3405,0.342,0.329,0.3368,10167404.07,0
2025-01-27 08:00:00,0.3367,0.3367,0.3292,0.3335,2866436.16,0
2025-01-27 09:00:00,0.3336,0.3387,0.3325,0.3377,2504700.9,0
2025-01-27 10:00:00,0.3377,0.3378,0.3299,0.3307,1970797.73,0
2025-01-27 11:00:00,0.3308,0.3411,0.3308,0.3365,1694151.79,0
2025-01-27 12:00:00,0.3366,0.3455,0.3353,0.3442,3515534.59,0
2025-01-27 13:00:00,0.3443,0.3519,0.343,0.3467,5418367.71,0
2025-01-27 14:00:00,0.3465,0.3575,0.3437,0.3561,2019130.46,0
2025-01-27 15:00:00,0.356,0.3586,0.3522,0.3555,1792448.92,0
2025-01-27 16:00:00,0.3555,0.3563,0.3469,0.3476,2351543.85,0
2025-01-27 17:00:00,0.3476,0.3504,0.3455,0.3461,882087.78,0
2025-01-27 18:00:00,0.3458,0.3471,0.3396,0.3405,1250809.22,0
2025-01-27 19:00:00,0.3409,0.3468,0.3409,0.3444,658160.39,0
2025-01-27 20:00:00,0.3445,0.3588,0.3445,0.3571,1215762.34,0
2025-01-27 21:00:00,0.3567,0.3637,0.3562,0.3569,1762911.36,0
2025-01-27 22:00:00,0.357,0.3589,0.355,0.3569,823380.4,0
2025-01-27 23:00:00,0.357,0.3605,0.3556,0.3602,835617.13,0
2025-01-28 00:00:00,0.3602,0.3638,0.3565,0.3566,683244.16,0
2025-01-28 01:00:00,0.3567,0.357,0.3517,0.3547,543773.84,0
2025-01-28 02:00:00,0.3546,0.3581,0.3542,0.357,482719.44,0
2025-01-28 03:00:00,0.3574,0.3583,0.354,0.3563,577731.94,0
2025-01-28 04:00:00,0.3564,0.3612,0.3564,0.3584,1037126.97,0
2025-01-28 05:00:00,0.3586,0.3615,0.3578,0.3581,531808.12,0
2025-01-28 06:00:00,0.3581,0.3581,0.3538,0.3546,750631.93,0
2025-01-28 07:00:00,0.3545,0.3577,0.3536,0.355,595756.97,0
2025-01-28 08:00:00,0.355,0.357,0.3534,0.3556,585178.45,0
2025-01-28 09:00:00,0.3557,0.3559,0.352,0.3538,972821.06,0
2025-01-28 10:00:00,0.3537,0.3548,0.3522,0.3529,885679.94,0
2025-01-28 11:00:00,0.353,0.3545,0.3506,0.3513,742222.66,0
2025-01-28 12:00:00,0.3514,0.3534,0.3465,0.3474,1240068.98,0
2025-01-28 13:00:00,0.3474,0.3503,0.345,0.3457,1299822.85,0
2025-01-28 14:00:00,0.3458,0.3471,0.3419,0.3447,1219057.86,0
2025-01-28 15:00:00,0.3448,0.3497,0.3439,0.3458,1951481.04,0
2025-01-28 16:00:00,0.3458,0.3462,0.3375,0.3398,1133856.51,0
2025-01-28 17:00:00,0.3398,0.3432,0.3393,0.3413,837678.92,0
2025-01-28 18:00:00,0.3412,0.3426,0.3359,0.3366,1046748.26,0
2025-01-28 19:00:00,0.3367,0.3378,0.3348,0.3374,874277.35,0
2025-01-28 20:00:00,0.3376,0.3398,0.3307,0.3312,1324671.5,0
2025-01-28 21:00:00,0.3311,0.3344,0.3236,0.324,2141077.28,0
2025-01-28 22:00:00,0.3241,0.3269,0.3207,0.3265,2617825.62,0
2025-01-28 23:00:00,0.3263,0.3274,0.322,0.3246,1017452.96,0
2025-01-29 00:00:00,0.3246,0.3292,0.3232,0.3271,1235595.4,0
2025-01-29 01:00:00,0.3273,0.3328,0.3273,0.3306,844866.1,0
2025-01-29 02:00:00,0.3307,0.3343,0.3303,0.3311,1128577.72,0
2025-01-29 03:00:00,0.3312,0.335,0.3304,0.3344,519184.74,0
2025-01-29 04:00:00,0.3345,0.3359,0.3333,0.3339,296677.02,0
2025-01-29 05:00:00,0.3336,0.3374,0.333,0.3374,331503.8,0
2025-01-29 06:00:00,0.3376,0.3421,0.3372,0.3415,991865.75,0
2025-01-29 07:00:00,0.3413,0.3424,0.3384,0.3413,650868.56,0
2025-01-29 08:00:00,0.3413,0.3432,0.3387,0.3397,905216.04,0
2025-01-29 09:00:00,0.3398,0.3399,0.3353,0.3367,569611.54,0
2025-01-29 10:00:00,0.3368,0.3396,0.3345,0.3377,920809.62,0
2025-01-29 11:00:00,0.3378,0.34,0.3365,0.3386,685366.9,0
2025-01-29 12:00:00,0.3387,0.3401,0.3332,0.3337,1089001.19,0
2025-01-29 13:00:00,0.3337,0.3346,0.3276,0.3289,1016380.96,0
2025-01-29 14:00:00,0.3288,0.3327,0.3269,0.3297,1049232.42,0
2025-01-29 15:00:00,0.3298,0.3336,0.3292,0.332,1130498.51,0
2025-01-29 16:00:00,0.3321,0.3323,0.328,0.3306,451869.1,0
2025-01-29 17:00:00,0.3305,0.3378,0.3305,0.3343,954763.93,0
2025-01-29 18:00:00,0.3344,0.3411,0.3313,0.339,910518.5,0
2025-01-29 19:00:00,0.3389,0.3474,0.3293,0.3425,7135731.78,0
2025-01-29 20:00:00,0.3427,0.3502,0.3389,0.3464,4769067.66,0
2025-01-29 21:00:00,0.3464,0.3517,0.3434,0.3478,1626665.36,0
2025-01-29 22:00:00,0.3478,0.3494,0.3442,0.3443,660226.36,0
2025-01-29 23:00:00,0.344,0.3461,0.3387,0.3394,982926.71,0
2025-01-30 00:00:00,0.3396,0.3408,0.3354,0.3404,704897.03,0
2025-01-30 01:00:00,0.3406,0.3467,0.34,0.3432,837534.61,0
2025-01-30 02:00:00,0.3434,0.3454,0.3407,0.3454,1037547.75,0
2025-01-30 03:00:00,0.3456,0.3497,0.3446,0.3495,840604.78,0
2025-01-30 04:00:00,0.3494,0.3511,0.3473,0.3488,829344.72,0
2025-01-30 05:00:00,0.349,0.3492,0.3443,0.3458,723613.89,0
2025-01-30 06:00:00,0.3459,0.3478,0.3447,0.3452,511587.56,0
2025-01-30 07:00:00,0.3454,0.346,0.342,0.345,507303.24,0
2025-01-30 08:00:00,0.3451,0.3461,0.3426,0.3455,625185.58,0
2025-01-30 09:00:00,0.3456,0.3506,0.3456,0.3497,990382.32,0
2025-01-30 10:00:00,0.3494,0.3497,0.3457,0.3479,511848.53,0
2025-01-30 11:00:00,0.348,0.3481,0.3451,0.3475,693197.32,0
2025-01-30 12:00:00,0.3475,0.3477,0.3445,0.347,434935.98,0
2025-01-30 13:00:00,0.347,0.3533,0.346,0.3508,1285326.93,0
2025-01-30 14:00:00,0.3508,0.3555,0.3498,0.354,1251355.09,0
2025-01-30 15:00:00,0.3539,0.3568,0.3526,0.3537,1423046.42,0
2025-01-30 16:00:00,0.3538,0.3576,0.3525,0.3571,1193772.1,0
2025-01-30 17:00:00,0.3571,0.3579,0.3546,0.3563,1451924.95,0
2025-01-30 18:00:00,0.3564,0.3565,0.3519,0.356,729354.2,0
2025-01-30 19:00:00,0.3561,0.3586,0.3542,0.3581,1020947.65,0
2025-01-30 20:00:00,0.3583,0.3584,0.3532,0.3535,547242.87,0
2025-01-30 21:00:00,0.3536,0.3555,0.3528,0.3539,277965.83,0
2025-01-30 22:00:00,0.3539,0.3571,0.352,0.355,303852.18,0
2025-01-30 23:00:00,0.3549,0.3564,0.3527,0.353,513565.12,0
2025-01-31 00:00:00,0.353,0.3568,0.3513,0.3568,509863.9,0
2025-01-31 01:00:00,0.3568,0.3589,0.3554,0.3587,737181.94,0
2025-01-31 02:00:00,0.3589,0.3596,0.3527,0.3533,876263.33,0
2025-01-31 03:00:00,0.353,0.3533,0.3481,0.3515,728144.84,0
2025-01-31 04:00:00,0.3515,0.3516,0.3451,0.3455,691193.03,0
2025-01-31 05:00:00,0.3455,0.3519,0.3455,0.3511,771095.64,0
2025-01-31 06:00:00,0.3512,0.3562,0.3507,0.3558,476383.01,0
2025-01-31 07:00:00,0.3557,0.3598,0.3543,0.3558,750831.24,0
2025-01-31 08:00:00,0.3558,0.3563,0.3517,0.3518,514312.42,0
2025-01-31 09:00:00,0.3518,0.3574,0.3513,0.3568,2332905.82,0
2025-01-31 10:00:00,0.3567,0.3608,0.355,0.3607,1151206.12,0
2025-01-31 11:00:00,0.3607,0.3692,0.3603,0.3692,2456722.04,0
2025-01-31 12:00:00,0.3691,0.3704,0.3673,0.3677,1242926.74,0
2025-01-31 13:00:00,0.3677,0.3703,0.3658,0.3671,1292381.43,0
2025-01-31 14:00:00,0.3672,0.3702,0.3629,0.3647,1651534.4,0
2025-01-31 15:00:00,0.3648,0.3718,0.3648,0.3696,2185027.63,0
2025-01-31 16:00:00,0.3697,0.3709,0.3646,0.3668,1191893.51,0
2025-01-31 17:00:00,0.3669,0.367,0.3596,0.3596,4277760.31,0
2025-01-31 18:00:00,0.3596,0.3621,0.3524,0.3546,1926697.13,0
2025-01-31 19:00:00,0.3544,0.3592,0.3541,0.3578,957209.42,0
2025-01-31 20:00:00,0.3576,0.3576,0.3521,0.3567,741432.85,0
2025-01-31 21:00:00,0.3566,0.3566,0.3494,0.3529,772594.82,0
2025-01-31 22:00:00,0.3531,0.3551,0.3507,0.3527,503119.0,0
2025-01-31 23:00:00,0.3527,0.3552,0.3512,0.3552,430441.53,0
2025-02-01 00:00:00,0.3552,0.3566,0.3514,0.3562,467522.19,0
2025-02-01 01:00:00,0.3563,0.3604,0.356,0.358,615817.09,0
2025-02-01 02:00:00,0.3578,0.3592,0.3569,0.3576,463333.17,0
2025-02-01 03:00:00,0.3577,0.3579,0.3527,0.3537,791423.64,0
2025-02-01 04:00:00,0.3541,0.3587,0.3531,0.3561,538261.32,0
2025-02-01 05:00:00,0.3562,0.3585,0.3561,0.3581,257089.16,0
2025-02-01 06:00:00,0.358,0.3581,0.3521,0.3549,438290.89,0
2025-02-01 07:00:00,0.355,0.3561,0.351,0.3521,536925.77,0
2025-02-01 08:00:00,0.3522,0.3537,0.3468,0.3488,1168917.22,0
2025-02-01 09:00:00,0.3488,0.3488,0.3402,0.3405,1105813.18,0
2025-02-01 10:00:00,0.3406,0.345,0.3406,0.3414,644474.51,0
2025-02-01 11:00:00,0.3417,0.3466,0.3408,0.3466,332417.03,0
2025-02-01 12:00:00,0.3464,0.3485,0.3446,0.347,531638.73,0
2025-02-01 13:00:00,0.3469,0.3469,0.3414,0.3414,776392.17,0
2025-02-01 14:00:00,0.3415,0.3454,0.3412,0.3415,668285.34,0
2025-02-01 15:00:00,0.3415,0.3434,0.3384,0.3422,898366.2,0
2025-02-01 16:00:00,0.3422,0.3448,0.3388,0.3396,769821.97,0
2025-02-01 17:00:00,0.3392,0.3427,0.339,0.3407,622903.95,0
2025-02-01 18:00:00,0.3409,0.3413,0.3339,0.3347,1239698.77,0
2025-02-01 19:00:00,0.3348,0.3348,0.3281,0.3297,1337351.87,0
2025-02-01 20:00:00,0.3296,0.3299,0.3232,0.3269,2679854.05,0
2025-02-01 21:00:00,0.3269,0.3279,0.3229,0.3237,1817615.87,0
2025-02-01 22:00:00,0.3235,0.3245,0.32,0.3224,1620042.3,0
2025-02-01 23:00:00,0.3223,0.3228,0.317,0.3197,2366335.74,0
2025-02-02 00:00:00,0.3197,0.3255,0.3185,0.3243,1188439.04,0
2025-02-02 01:00:00,0.3245,0.3269,0.323,0.3238,716924.46,0
2025-02-02 02:00:00,0.3239,0.324,0.315,0.3151,1928121.93,0
2025-02-02 03:00:00,0.3153,0.3168,0.31,0.3106,9045366.01,0
2025-02-02 04:00:00,0.3106,0.315,0.3101,0.3134,2841612.35,0
2025-02-02 05:00:00,0.3135,0.3211,0.3132,0.319,2382073.47,0
2025-02-02 06:00:00,0.319,0.3217,0.3179,0.3196,1082851.63,0
2025-02-02 07:00:00,0.3196,0.3203,0.3165,0.3184,999479.58,0
2025-02-02 08:00:00,0.318,0.3242,0.3174,0.3222,1689241.55,0
2025-02-02 09:00:00,0.3222,0.3258,0.3207,0.3254,1433901.56,0
2025-02-02 10:00:00,0.3253,0.3253,0.3183,0.3201,1422565.18,0
2025-02-02 11:00:00,0.3202,0.322,0.3136,0.3145,1813881.67,0
2025-02-02 12:00:00,0.3144,0.3195,0.3136,0.3138,1668096.74,0
2025-02-02 13:00:00,0.3138,0.3207,0.3138,0.3204,847986.3,0
2025-02-02 14:00:00,0.3204,0.322,0.3186,0.3186,1624405.75,0
2025-02-02 15:00:00,0.3183,0.3183,0.3115,0.3132,2807236.64,0
2025-02-02 16:00:00,0.3132,0.3135,0.3015,0.305,8713204.55,0
2025-02-02 17:00:00,0.305,0.3067,0.2817,0.2847,11640211.04,0
2025-02-02 18:00:00,0.285,0.2872,0.2656,0.269,12483507.31,0
2025-02-02 19:00:00,0.269,0.2779,0.2636,0.2751,13706034.58,0
2025-02-02 20:00:00,0.2751,0.2841,0.274,0.2758,9053027.45,0
2025-02-02 21:00:00,0.2759,0.2776,0.2721,0.2738,4079703.61,0
2025-02-02 22:00:00,0.2739,0.2794,0.2513,0.2658,10758745.56,0
2025-02-02 23:00:00,0.2657,0.2657,0.2514,0.261,13834481.31,0
2025-02-03 00:00:00,0.2611,0.2612,0.2368,0.2441,16460039.26,0
2025-02-03 01:00:00,0.2441,0.2468,0.1945,0.2105,27275477.36,0
2025-02-03 02:00:00,0.2107,0.2131,0.1772,0.1984,40451088.33,0
2025-02-03 03:00:00,0.1985,0.2092,0.198,0.2072,14383022.14,0
2025-02-03 04:00:00,0.2072,0.21,0.2007,0.2012,8556478.57,0
2025-02-03 05:00:00,0.2013,0.2154,0.2012,0.2154,18391610.14,0
2025-02-03 06:00:00,0.2153,0.2271,0.2142,0.2267,11872205.09,0
2025-02-03 07:00:00,0.2266,0.2381,0.2257,0.2376,5619227.42,0
2025-02-03 08:00:00,0.2376,0.2377,0.23,0.2345,7250011.39,0
2025-02-03 09:00:00,0.2344,0.2387,0.2333,0.237,7447554.01,0
2025-02-03 10:00:00,0.237,0.2428,0.2356,0.2399,5219501.31,0
2025-02-03 11:00:00,0.24,0.2415,0.2352,0.2357,4068423.14,0
2025-02-03 12:00:00,0.2357,0.2408,0.232,0.2326,4446378.03,0
2025-02-03 13:00:00,0.2326,0.2352,0.2302,0.2315,5327757.57,0
2025-02-03 14:00:00,0.2316,0.2405,0.2233,0.2394,19203748.56,0
2025-02-03 15:00:00,0.2391,0.2523,0.2366,0.2499,10636800.08,0
2025-02-03 16:00:00,0.2498,0.2563,0.2479,0.254,6583836.82,0
2025-02-03 17:00:00,0.2541,0.2571,0.2517,0.256,3928990.98,0
2025-02-03 18:00:00,0.2559,0.2598,0.2535,0.2597,3441094.19,0
2025-02-03 19:00:00,0.2597,0.2655,0.2583,0.2653,3459296.0,0
2025-02-03 20:00:00,0.2653,0.2654,0.2586,0.2624,2767454.03,0
2025-02-03 21:00:00,0.2623,0.2699,0.2623,0.2697,3071913.9,0
2025-02-03 22:00:00,0.2699,0.2765,0.2684,0.2751,5482728.66,0
2025-02-03 23:00:00,0.2752,0.2764,0.2703,0.2712,2424173.23,0
2025-02-04 00:00:00,0.2712,0.2725,0.2658,0.2658,1467971.02,0
2025-02-04 01:00:00,0.2658,0.2688,0.2654,0.2676,1196772.34,0
2025-02-04 02:00:00,0.2675,0.2684,0.2621,0.2622,1245556.99,0
2025-02-04 03:00:00,0.2622,0.2681,0.2606,0.2677,1524382.86,0
2025-02-04 04:00:00,0.2677,0.2738,0.2666,0.2698,4543983.22,0
2025-02-04 05:00:00,0.2697,0.2699,0.2514,0.2523,8494466.55,0
2025-02-04 06:00:00,0.2524,0.2591,0.2524,0.257,4019864.36,0
2025-02-04 07:00:00,0.2569,0.2571,0.2465,0.2476,2523175.11,0
2025-02-04 08:00:00,0.2476,0.2518,0.2462,0.2478,4264487.51,0
2025-02-04 09:00:00,0.2477,0.253,0.2476,0.2497,2487096.29,0
2025-02-04 10:00:00,0.2496,0.2595,0.2492,0.2558,2316656.96,0
2025-02-04 11:00:00,0.2557,0.26,0.2553,0.2557,1890135.38,0
2025-02-04 12:00:00,0.2559,0.2658,0.2559,0.2612,2285731.97,0
2025-02-04 13:00:00,0.2611,0.2642,0.258,0.2588,3285456.18,0
2025-02-04 14:00:00,0.2588,0.2629,0.2549,0.2601,4703927.95,0
2025-02-04 15:00:00,0.26,0.2614,0.2527,0.2576,3786400.87,0
2025-02-04 16:00:00,0.2577,0.2633,0.2565,0.2592,3357332.84,0
2025-02-04 17:00:00,0.2593,0.2635,0.2571,0.2609,1801905.8,0
2025-02-04 18:00:00,0.2608,0.2649,0.2591,0.2636,1080647.83,0
2025-02-04 19:00:00,0.2635,0.2689,0.2589,0.2589,3779679.32,0
2025-02-04 20:00:00,0.2588,0.2614,0.2548,0.2549,4185710.71,0
2025-02-04 21:00:00,0.2549,0.2549,0.2456,0.2458,4572856.87,0
2025-02-04 22:00:00,0.2458,0.2548,0.2456,0.2537,3267677.24,0
2025-02-04 23:00:00,0.2537,0.2585,0.2515,0.2555,3227014.92,0
2025-02-05 00:00:00,0.2556,0.2561,0.2532,0.2544,2472726.17,0
2025-02-05 01:00:00,0.2544,0.2582,0.2533,0.2534,1309882.14,0
2025-02-05 02:00:00,0.2535,0.2591,0.2526,0.2577,1970683.32,0
2025-02-05 03:00:00,0.2575,0.2583,0.2546,0.2556,844286.26,0
2025-02-05 04:00:00,0.2556,0.258,0.2542,0.257,652457.75,0
2025-02-05 05:00:00,0.2571,0.2623,0.2551,0.262,1781076.29,0
2025-02-05 06:00:00,0.2619,0.2627,0.2562,0.2565,2206263.7,0
2025-02-05 07:00:00,0.2565,0.2568,0.2542,0.2556,1522599.03,0
2025-02-05 08:00:00,0.2555,0.2577,0.2542,0.2575,1768812.61,0
2025-02-05 09:00:00,0.2575,0.2606,0.2544,0.256,1756573.64,0
2025-02-05 10:00:00,0.256,0.2583,0.2558,0.2567,793083.74,0
2025-02-05 11:00:00,0.2566,0.2612,0.2565,0.2592,1197872.78,0
2025-02-05 12:00:00,0.2591,0.2609,0.2577,0.2584,1629847.42,0
2025-02-05 13:00:00,0.2582,0.2623,0.2578,0.2614,937770.18,0
2025-02-05 14:00:00,0.2614,0.2622,0.257,0.2582,1680571.82,0
2025-02-05 15:00:00,0.2582,0.2605,0.2547,0.2571,2112170.66,0
2025-02-05 16:00:00,0.2571,0.2583,0.2501,0.2539,3127323.4,0
2025-02-05 17:00:00,0.2539,0.2551,0.2472,0.2481,2252849.66,0
2025-02-05 18:00:00,0.2482,0.2505,0.2457,0.2467,2015929.53,0
2025-02-05 19:00:00,0.2467,0.2544,0.2462,0.2536,1824749.25,0
2025-02-05 20:00:00,0.2536,0.2554,0.2476,0.2508,1425128.72,0
2025-02-05 21:00:00,0.2509,0.2523,0.2491,0.2498,678190.05,0
2025-02-05 22:00:00,0.2498,0.251,0.2449,0.2474,1083207.08,0
2025-02-05 23:00:00,0.2474,0.2517,0.2473,0.2512,932949.08,0
2025-02-06 00:00:00,0.2511,0.2528,0.2491,0.2494,1197302.12,0
2025-02-06 01:00:00,0.2495,0.2535,0.2479,0.2498,1079130.81,0
2025-02-06 02:00:00,0.2497,0.2537,0.2492,0.2518,620563.17,0
2025-02-06 03:00:00,0.2518,0.2526,0.2492,0.2512,635272.54,0
2025-02-06 04:00:00,0.2511,0.2524,0.2502,0.2514,2382345.85,0
2025-02-06 05:00:00,0.2515,0.2534,0.2495,0.2519,2404024.05,0
2025-02-06 06:00:00,0.2519,0.2566,0.2496,0.2565,1382681.8,0
2025-02-06 07:00:00,0.2564,0.2566,0.2515,0.2524,1743268.74,0
2025-02-06 08:00:00,0.2524,0.254,0.2496,0.2504,1007562.33,0
2025-02-06 09:00:00,0.2505,0.254,0.2495,0.2528,1093650.49,0
2025-02-06 10:00:00,0.2528,0.2565,0.252,0.2544,4394316.24,0
2025-02-06 11:00:00,0.2544,0.2551,0.2479,0.2507,1849513.13,0
2025-02-06 12:00:00,0.2508,0.2513,0.2462,0.2483,1976140.42,0
2025-02-06 13:00:00,0.2483,0.2519,0.2479,0.2501,1778313.01,0
2025-02-06 14:00:00,0.2501,0.2512,0.2423,0.2436,2119750.38,0
2025-02-06 15:00:00,0.2435,0.2452,0.2353,0.237,3812621.36,0
2025-02-06 16:00:00,0.2371,0.2392,0.2327,0.2347,2797317.99,0
2025-02-06 17:00:00,0.2348,0.2391,0.233,0.2348,3351291.09,0
2025-02-06 18:00:00,0.235,0.2351,0.2306,0.2306,3269878.55,0
2025-02-06 19:00:00,0.2305,0.235,0.229,0.2301,2861336.12,0
2025-02-06 20:00:00,0.2301,0.2362,0.2298,0.236,1185246.81,0
2025-02-06 21:00:00,0.2362,0.2363,0.2305,0.2342,1297672.46,0
2025-02-06 22:00:00,0.2342,0.2342,0.2294,0.2324,735996.68,0
2025-02-06 23:00:00,0.2324,0.2337,0.2281,0.2305,750278.07,0
2025-02-07 00:00:00,0.2306,0.236,0.2303,0.2341,1253114.61,0
2025-02-07 01:00:00,0.2342,0.2404,0.2331,0.2384,2148450.18,0
2025-02-07 02:00:00,0.2384,0.2402,0.237,0.2389,1142948.77,0
2025-02-07 03:00:00,0.2388,0.2392,0.235,0.2365,614714.76,0
2025-02-07 04:00:00,0.2366,0.2394,0.2359,0.2374,1012107.75,0
2025-02-07 05:00:00,0.2373,0.2376,0.2342,0.2352,935299.23,0
2025-02-07 06:00:00,0.2352,0.2355,0.2307,0.2335,2230394.69,0
2025-02-07 07:00:00,0.2335,0.238,0.2335,0.2346,2100353.57,0
2025-02-07 08:00:00,0.2345,0.2394,0.2334,0.237,1084802.84,0
2025-02-07 09:00:00,0.2371,0.24,0.2365,0.2395,1479110.26,0
2025-02-07 10:00:00,0.2394,0.2412,0.2384,0.2391,1094781.98,0
2025-02-07 11:00:00,0.2391,0.2412,0.2383,0.2411,721495.23,0
2025-02-07 12:00:00,0.241,0.241,0.2368,0.2388,1193432.93,0
2025-02-07 13:00:00,0.2389,0.2437,0.236,0.2434,4911177.82,0
2025-02-07 14:00:00,0.2432,0.2481,0.2414,0.2463,3259081.28,0
2025-02-07 15:00:00,0.2463,0.2463,0.2387,0.241,3502196.3,0
2025-02-07 16:00:00,0.2411,0.2412,0.2341,0.2344,5184531.6,0
2025-02-07 17:00:00,0.2343,0.2349,0.2271,0.2294,6851525.2,0
2025-02-07 18:00:00,0.2295,0.2355,0.2289,0.2333,2774143.1,0
2025-02-07 19:00:00,0.2332,0.2335,0.2301,0.2306,910529.77,0
2025-02-07 20:00:00,0.2307,0.2309,0.2215,0.222,3388169.07,0
2025-02-07 21:00:00,0.2221,0.2252,0.22,0.222,2766873.27,0
2025-02-07 22:00:00,0.2221,0.2221,0.2171,0.2214,1984734.23,0
2025-02-07 23:00:00,0.2214,0.2274,0.2206,0.227,1604866.4,0
2025-02-08 00:00:00,0.2271,0.2324,0.226,0.2309,1791458.26,0
2025-02-08 01:00:00,0.2308,0.231,0.2267,0.227,1092045.35,0
2025-02-08 02:00:00,0.227,0.2296,0.2263,0.2292,847750.64,0
2025-02-08 03:00:00,0.2293,0.2312,0.2265,0.2272,718374.12,0
2025-02-08 04:00:00,0.2273,0.2278,0.2256,0.2264,711667.56,0
2025-02-08 05:00:00,0.2265,0.2275,0.2249,0.2269,591553.49,0
2025-02-08 06:00:00,0.227,0.2292,0.2262,0.2268,449024.47,0
2025-02-08 07:00:00,0.2268,0.23,0.225,0.2283,1005938.21,0
2025-02-08 08:00:00,0.2283,0.2287,0.2256,0.2261,980842.44,0
2025-02-08 09:00:00,0.226,0.2277,0.2259,0.2273,483971.97,0
2025-02-08 10:00:00,0.2275,0.2283,0.2255,0.2262,1250671.22,0
2025-02-08 11:00:00,0.2262,0.2279,0.2245,0.2275,1595701.44,0
2025-02-08 12:00:00,0.2275,0.2284,0.2256,0.2266,968976.03,0
2025-02-08 13:00:00,0.2267,0.2324,0.2261,0.2295,2833681.71,0
2025-02-08 14:00:00,0.2295,0.2323,0.2281,0.2319,1451324.16,0
2025-02-08 15:00:00,0.2318,0.2332,0.2277,0.2288,1160394.83,0
2025-02-08 16:00:00,0.2287,0.2315,0.2271,0.2309,899665.38,0
2025-02-08 17:00:00,0.2309,0.2359,0.2309,0.2346,1382737.08,0
2025-02-08 18:00:00,0.2347,0.2367,0.2327,0.2367,1229846.26,0
2025-02-08 19:00:00,0.2367,0.2402,0.2363,0.2389,1067489.64,0
2025-02-08 20:00:00,0.2389,0.241,0.238,0.2396,844280.82,0
2025-02-08 21:00:00,0.2395,0.2408,0.2373,0.2391,606186.67,0
2025-02-08 22:00:00,0.239,0.2404,0.2369,0.2388,476281.95,0
2025-02-08 23:00:00,0.2389,0.2429,0.2388,0.2415,659889.88,0
2025-02-09 00:00:00,0.2415,0.2418,0.2384,0.2404,551713.53,0
2025-02-09 01:00:00,0.2404,0.2438,0.2397,0.2421,646125.27,0
2025-02-09 02:00:00,0.2421,0.2429,0.2384,0.2385,601476.35,0
2025-02-09 03:00:00,0.2385,0.2466,0.2378,0.2442,2174520.95,0
2025-02-09 04:00:00,0.2442,0.2442,0.2406,0.2415,919175.92,0
2025-02-09 05:00:00,0.2416,0.2423,0.2401,0.2414,549453.11,0
2025-02-09 06:00:00,0.2414,0.2434,0.2404,0.2428,541326.15,0
2025-02-09 07:00:00,0.2429,0.2453,0.2415,0.244,994590.44,0
2025-02-09 08:00:00,0.244,0.2462,0.2433,0.2457,800196.99,0
2025-02-09 09:00:00,0.2457,0.2459,0.2431,0.2439,665811.77,0
2025-02-09 10:00:00,0.2438,0.2463,0.2426,0.2441,858791.54,0
2025-02-09 11:00:00,0.2442,0.2459,0.2427,0.2442,972834.52,0
2025-02-09 12:00:00,0.2443,0.2456,0.2398,0.2413,2375536.59,0
2025-02-09 13:00:00,0.2414,0.2422,0.235,0.2355,3089555.14,0
2025-02-09 14:00:00,0.2355,0.2385,0.2353,0.2366,1508831.23,0
2025-02-09 15:00:00,0.2366,0.2407,0.2365,0.2394,937197.69,0
2025-02-09 16:00:00,0.2395,0.242,0.2384,0.2393,1090510.47,0
2025-02-09 17:00:00,0.2393,0.2397,0.2351,0.2368,1570462.18,0
2025-02-09 18:00:00,0.2367,0.2399,0.2361,0.2378,981633.96,0
2025-02-09 19:00:00,0.2378,0.2385,0.2341,0.2348,1079383.22,0
2025-02-09 20:00:00,0.2348,0.2379,0.2345,0.2357,989656.75,0
2025-02-09 21:00:00,0.2359,0.2362,0.2247,0.2271,3648676.58,0
2025-02-09 22:00:00,0.227,0.2368,0.224,0.2335,3687809.15,0
2025-02-09 23:00:00,0.2334,0.2386,0.2324,0.2378,1048315.64,0
2025-02-10 00:00:00,0.2377,0.242,0.2365,0.24,1768591.64,0
2025-02-10 01:00:00,0.24,0.2402,0.2305,0.2308,2059070.61,0
2025-02-10 02:00:00,0.2307,0.2313,0.2273,0.2292,1503500.28,0
2025-02-10 03:00:00,0.2291,0.2381,0.2276,0.2347,2439707.28,0
2025-02-10 04:00:00,0.2347,0.2388,0.2337,0.2367,1488401.33,0
2025-02-10 05:00:00,0.2367,0.2418,0.2358,0.2383,2671306.53,0
2025-02-10 06:00:00,0.2384,0.2391,0.2362,0.2381,1041068.52,0
2025-02-10 07:00:00,0.2382,0.2401,0.2366,0.2381,615676.35,0
2025-02-10 08:00:00,0.2381,0.2432,0.2381,0.2418,1738349.2,0
2025-02-10 09:00:00,0.2418,0.2425,0.239,0.2406,1577541.45,0
2025-02-10 10:00:00,0.2406,0.242,0.2393,0.241,1964929.22,0
2025-02-10 11:00:00,0.2409,0.2424,0.239,0.2413,1273973.61,0
2025-02-10 12:00:00,0.2411,0.2422,0.2387,0.2397,1053066.54,0
2025-02-10 13:00:00,0.2397,0.2467,0.2395,0.2456,1912307.84,0
2025-02-10 14:00:00,0.2456,0.247,0.2421,0.2436,1911123.96,0
2025-02-10 15:00:00,0.2435,0.2448,0.2409,0.2437,1207294.74,0
2025-02-10 16:00:00,0.2437,0.2482,0.243,0.2473,1906391.51,0
2025-02-10 17:00:00,0.2473,0.2483,0.2454,0.2481,926232.08,0
2025-02-10 18:00:00,0.2481,0.2503,0.2471,0.2498,2038451.01,0
2025-02-10 19:00:00,0.2498,0.2504,0.246,0.2464,1387517.83,0
2025-02-10 20:00:00,0.2465,0.2492,0.2456,0.2485,620014.73,0
2025-02-10 21:00:00,0.2484,0.2485,0.2444,0.2452,550977.5,0
2025-02-10 22:00:00,0.2453,0.2469,0.2437,0.2453,435495.11,0
2025-02-10 23:00:00,0.2452,0.246,0.2434,0.2456,610389.25,0
2025-02-11 00:00:00,0.2456,0.2502,0.2444,0.2493,1328111.35,0
2025-02-11 01:00:00,0.2494,0.2503,0.2473,0.2486,1456132.56,0
2025-02-11 02:00:00,0.2487,0.2489,0.2446,0.2462,1002385.32,0
2025-02-11 03:00:00,0.2463,0.2464,0.2445,0.2462,653053.3,0
2025-02-11 04:00:00,0.2461,0.2522,0.2461,0.252,1271999.28,0
2025-02-11 05:00:00,0.2519,0.2559,0.2507,0.2553,2171447.47,0
2025-02-11 06:00:00,0.2553,0.2574,0.2537,0.2566,3317500.84,0
2025-02-11 07:00:00,0.2567,0.2568,0.2535,0.2539,1327162.79,0
2025-02-11 08:00:00,0.2538,0.2578,0.2535,0.257,1257298.79,0
2025-02-11 09:00:00,0.2571,0.2575,0.2521,0.2527,1665883.26,0
2025-02-11 10:00:00,0.2526,0.2536,0.2498,0.2505,1641600.22,0
2025-02-11 11:00:00,0.2505,0.2537,0.2502,0.2534,872673.19,0
2025-02-11 12:00:00,0.2534,0.2534,0.2496,0.2511,2552657.4,0
2025-02-11 13:00:00,0.2511,0.2521,0.2423,0.2432,2876402.15,0
2025-02-11 14:00:00,0.2432,0.2476,0.2427,0.247,1667951.23,0
2025-02-11 15:00:00,0.2469,0.249,0.2432,0.2444,2073637.53,0
2025-02-11 16:00:00,0.2444,0.2457,0.2411,0.2423,2119776.36,0
2025-02-11 17:00:00,0.2424,0.2428,0.2388,0.2396,2392023.4,0
2025-02-11 18:00:00,0.2396,0.2406,0.2359,0.2363,2527935.84,0
2025-02-11 19:00:00,0.2363,0.2375,0.232,0.2325,3719914.43,0
2025-02-11 20:00:00,0.2325,0.2355,0.2318,0.2333,2701153.97,0
2025-02-11 21:00:00,0.2334,0.2371,0.2328,0.2349,1079118.87,0
2025-02-11 22:00:00,0.2348,0.2373,0.2321,0.2329,1663531.85,0
2025-02-11 23:00:00,0.233,0.2362,0.2328,0.2351,1211346.88,0
2025-02-12 00:00:00,0.2352,0.2398,0.2343,0.239,812863.55,0
2025-02-12 01:00:00,0.2389,0.2396,0.2366,0.2389,601691.37,0
2025-02-12 02:00:00,0.2389,0.2389,0.2329,0.2336,640748.69,0
2025-02-12 03:00:00,0.2337,0.2358,0.2311,0.2338,1831188.71,0
2025-02-12 04:00:00,0.234,0.2359,0.2325,0.2344,766373.79,0
2025-02-12 05:00:00,0.2345,0.2378,0.2336,0.2368,654615.35,0
2025-02-12 06:00:00,0.2367,0.2369,0.2336,0.2345,737802.19,0
2025-02-12 07:00:00,0.2345,0.2388,0.2341,0.2366,1196561.46,0
2025-02-12 08:00:00,0.2366,0.2391,0.2365,0.2384,1480529.82,0
2025-02-12 09:00:00,0.2384,0.2396,0.2357,0.2388,1117415.16,0
2025-02-12 10:00:00,0.2387,0.2394,0.2349,0.2358,981127.22,0
2025-02-12 11:00:00,0.2358,0.2399,0.2358,0.2374,1681392.64,0
2025-02-12 12:00:00,0.2374,0.2397,0.2351,0.2352,2082436.58,0
2025-02-12 13:00:00,0.2353,0.2391,0.227,0.2311,11325009.86,0
2025-02-12 14:00:00,0.231,0.2314,0.2252,0.2313,4051902.21,0
2025-02-12 15:00:00,0.2314,0.2333,0.2269,0.23,5894228.68,0
2025-02-12 16:00:00,0.2299,0.2356,0.227,0.2355,2968885.47,0
2025-02-12 17:00:00,0.2356,0.2397,0.2351,0.2387,3287823.84,0
2025-02-12 18:00:00,0.2389,0.2395,0.2355,0.2393,1560375.8,0
2025-02-12 19:00:00,0.2394,0.2427,0.2365,0.2426,1645042.24,0
2025-02-12 20:00:00,0.2426,0.2445,0.2404,0.2406,1103482.53,0
2025-02-12 21:00:00,0.2407,0.2444,0.2398,0.242,814467.52,0
2025-02-12 22:00:00,0.2421,0.2498,0.2396,0.2459,3756951.82,0
2025-02-12 23:00:00,0.2458,0.2475,0.2435,0.2458,1407748.25,0
2025-02-13 00:00:00,0.2459,0.2469,0.2437,0.2458,1027399.91,0
2025-02-13 01:00:00,0.2457,0.2494,0.2448,0.2483,1064048.3,0
2025-02-13 02:00:00,0.2482,0.2482,0.2433,0.2446,1008462.37,0
2025-02-13 03:00:00,0.2446,0.2476,0.2444,0.2474,709638.93,0
2025-02-13 04:00:00,0.2475,0.2477,0.2426,0.2434,1012992.3,0
2025-02-13 05:00:00,0.2435,0.2447,0.2416,0.2434,1212675.06,0
2025-02-13 06:00:00,0.2433,0.2439,0.2376,0.2384,2042713.41,0
2025-02-13 07:00:00,0.2384,0.2398,0.2347,0.2354,2691974.53,0
2025-02-13 08:00:00,0.2353,0.2371,0.2343,0.2359,1097921.45,0
2025-02-13 09:00:00,0.2358,0.238,0.235,0.2368,2603412.79,0
2025-02-13 10:00:00,0.2367,0.238,0.2353,0.2363,2057207.99,0
2025-02-13 11:00:00,0.2362,0.2365,0.2328,0.2347,1649306.1,0
2025-02-13 12:00:00,0.2348,0.236,0.2324,0.2329,1673093.02,0
2025-02-13 13:00:00,0.233,0.2363,0.2321,0.2343,3500683.81,0
2025-02-13 14:00:00,0.2342,0.2342,0.2294,0.2297,3980762.27,0
2025-02-13 15:00:00,0.2296,0.2336,0.2274,0.2317,2471591.55,0
2025-02-13 16:00:00,0.2316,0.2317,0.2275,0.2284,1528296.17,0
2025-02-13 17:00:00,0.2283,0.2321,0.2282,0.2302,2640621.2,0
2025-02-13 18:00:00,0.2301,0.2333,0.2286,0.2333,1058107.64,0
2025-02-13 19:00:00,0.2333,0.2359,0.2318,0.2328,2077193.99,0
2025-02-13 20:00:00,0.2329,0.2348,0.2325,0.2338,563969.41,0
2025-02-13 21:00:00,0.2337,0.2362,0.2333,0.2346,752849.81,0
2025-02-13 22:00:00,0.2347,0.2348,0.2325,0.2326,772123.91,0
2025-02-13 23:00:00,0.2326,0.2348,0.2317,0.2336,1698661.15,0
2025-02-14 00:00:00,0.2337,0.2357,0.2324,0.2341,674607.52,0
2025-02-14 01:00:00,0.2342,0.2353,0.2325,0.234,629471.1,0
2025-02-14 02:00:00,0.234,0.2364,0.2334,0.2347,653215.1,0
2025-02-14 03:00:00,0.2347,0.2388,0.2347,0.2379,821707.64,0
2025-02-14 04:00:00,0.2381,0.2381,0.2341,0.2345,727962.83,0
2025-02-14 05:00:00,0.2346,0.2351,0.233,0.2339,509139.8,0
2025-02-14 06:00:00,0.2338,0.2341,0.2315,0.2329,653694.05,0
2025-02-14 07:00:00,0.2329,0.2343,0.2323,0.233,977883.28,0
2025-02-14 08:00:00,0.2331,0.2364,0.2324,0.2348,874647.69,0
2025-02-14 09:00:00,0.2348,0.239,0.2344,0.2388,1938740.41,0
2025-02-14 10:00:00,0.2388,0.2402,0.2369,0.2372,2063180.33,0
2025-02-14 11:00:00,0.2372,0.2377,0.2347,0.236,1395180.25,0
2025-02-14 12:00:00,0.236,0.2361,0.233,0.2342,629649.56,0
2025-02-14 13:00:00,0.2342,0.2368,0.2335,0.2361,1804559.33,0
2025-02-14 14:00:00,0.2363,0.2403,0.2347,0.2391,2644677.46,0
2025-02-14 15:00:00,0.2391,0.2395,0.2347,0.2387,2476515.81,0
2025-02-14 16:00:00,0.2388,0.2397,0.2364,0.2386,4835878.95,0
2025-02-14 17:00:00,0.2387,0.2447,0.2375,0.2435,4249068.44,0
2025-02-14 18:00:00,0.2436,0.2458,0.2429,0.2443,2512916.96,0
2025-02-14 19:00:00,0.2444,0.2455,0.2419,0.2432,1071481.5,0
2025-02-14 20:00:00,0.2432,0.2439,0.2382,0.2389,953144.94,0
2025-02-14 21:00:00,0.239,0.2418,0.237,0.2414,1668436.88,0
2025-02-14 22:00:00,0.2413,0.2421,0.2346,0.2364,1100644.47,0
2025-02-14 23:00:00,0.2363,0.2396,0.2355,0.2394,648198.4,0
2025-02-15 00:00:00,0.2394,0.2398,0.2363,0.2373,545079.06,0
2025-02-15 01:00:00,0.2373,0.2393,0.2371,0.2391,489070.68,0
2025-02-15 02:00:00,0.2391,0.2405,0.2377,0.2401,728395.9,0
2025-02-15 03:00:00,0.2402,0.2412,0.2393,0.2402,476614.03,0
2025-02-15 04:00:00,0.2404,0.2418,0.239,0.24,574448.18,0
2025-02-15 05:00:00,0.2399,0.2425,0.2394,0.2416,1391230.85,0
2025-02-15 06:00:00,0.2416,0.2417,0.2373,0.2379,518655.17,0
2025-02-15 07:00:00,0.2378,0.239,0.2366,0.2378,503445.89,0
2025-02-15 08:00:00,0.2378,0.2387,0.2368,0.2372,552833.52,0
2025-02-15 09:00:00,0.2373,0.2385,0.2357,0.2366,642802.51,0
2025-02-15 10:00:00,0.2366,0.2368,0.2346,0.2361,517864.98,0
2025-02-15 11:00:00,0.2361,0.2369,0.2333,0.2353,1055287.03,0
2025-02-15 12:00:00,0.2354,0.2364,0.2347,0.2359,468351.88,0
2025-02-15 13:00:00,0.236,0.2369,0.2346,0.2357,689930.37,0
2025-02-15 14:00:00,0.2357,0.2357,0.2309,0.2329,1389251.34,0
2025-02-15 15:00:00,0.2328,0.2342,0.231,0.2316,894489.47,0
2025-02-15 16:00:00,0.2317,0.2324,0.2282,0.2294,1908433.86,0
2025-02-15 17:00:00,0.2294,0.2309,0.2276,0.2283,1106883.35,0
2025-02-15 18:00:00,0.2283,0.2309,0.2273,0.2303,894281.76,0
2025-02-15 19:00:00,0.2302,0.2306,0.229,0.2291,402355.55,0
2025-02-15 20:00:00,0.2292,0.2304,0.2266,0.2279,599784.09,0
2025-02-15 21:00:00,0.228,0.2301,0.2279,0.2296,906869.77,0
2025-02-15 22:00:00,0.2295,0.2296,0.2269,0.2279,368096.32,0
2025-02-15 23:00:00,0.2278,0.2298,0.2278,0.2287,398681.25,0
2025-02-16 00:00:00,0.2286,0.2314,0.2284,0.2298,420818.94,0
2025-02-16 01:00:00,0.2298,0.2298,0.2269,0.2286,714469.47,0
2025-02-16 02:00:00,0.2285,0.2291,0.2264,0.2272,427440.42,0
2025-02-16 03:00:00,0.2271,0.2282,0.2257,0.2282,491621.88,0
2025-02-16 04:00:00,0.2283,0.2296,0.2278,0.2293,484553.21,0
2025-02-16 05:00:00,0.2292,0.23,0.2274,0.2288,456379.86,0
2025-02-16 06:00:00,0.2287,0.2303,0.2281,0.2285,543206.47,0
2025-02-16 07:00:00,0.2285,0.2285,0.2261,0.2267,921980.8,0
2025-02-16 08:00:00,0.2267,0.2288,0.226,0.2286,1202974.15,0
2025-02-16 09:00:00,0.2286,0.2321,0.2274,0.2315,1084779.46,0
2025-02-16 10:00:00,0.2314,0.2323,0.2306,0.2309,698290.9,0
2025-02-16 11:00:00,0.2308,0.2341,0.2306,0.2338,488897.27,0
2025-02-16 12:00:00,0.2339,0.2343,0.2325,0.2336,743616.86,0
2025-02-16 13:00:00,0.2335,0.2335,0.2285,0.2292,1155377.09,0
2025-02-16 14:00:00,0.229,0.2307,0.2268,0.2303,1258451.29,0
2025-02-16 15:00:00,0.2303,0.2325,0.2297,0.2316,860176.69,0
2025-02-16 16:00:00,0.2314,0.2324,0.2293,0.2305,1897310.13,0
2025-02-16 17:00:00,0.2305,0.2314,0.2273,0.2279,2462802.73,0
2025-02-16 18:00:00,0.2278,0.2281,0.2253,0.2273,1702919.73,0
2025-02-16 19:00:00,0.2273,0.2291,0.2257,0.2284,1464979.12,0
2025-02-16 20:00:00,0.2283,0.2304,0.2256,0.226,2185504.27,0
2025-02-16 21:00:00,0.2261,0.2291,0.2251,0.2291,1028217.82,0
2025-02-16 22:00:00,0.2292,0.2303,0.2271,0.2296,1995949.94,0
2025-02-16 23:00:00,0.2296,0.2307,0.2271,0.2298,981870.8,0
2025-02-17 00:00:00,0.23,0.2328,0.2292,0.2326,454908.36,0
2025-02-17 01:00:00,0.2327,0.2353,0.2317,0.2344,822668.11,0
2025-02-17 02:00:00,0.2344,0.2351,0.2318,0.232,1164342.54,0
2025-02-17 03:00:00,0.232,0.2333,0.2299,0.2329,925473.53,0
2025-02-17 04:00:00,0.2329,0.2337,0.2313,0.2315,1202877.28,0
2025-02-17 05:00:00,0.2315,0.232,0.2275,0.2313,1291103.07,0
2025-02-17 06:00:00,0.2314,0.233,0.2304,0.2315,1011618.84,0
2025-02-17 07:00:00,0.2315,0.2332,0.2269,0.2278,2765050.95,0
2025-02-17 08:00:00,0.2277,0.2306,0.2252,0.2295,4309282.69,0
2025-02-17 09:00:00,0.2295,0.2324,0.2288,0.2318,1516528.62,0
2025-02-17 10:00:00,0.2317,0.2354,0.2316,0.2335,2615357.23,0
2025-02-17 11:00:00,0.2335,0.235,0.2322,0.2335,2001486.38,0
2025-02-17 12:00:00,0.2335,0.2374,0.2333,0.2367,2585455.07,0
2025-02-17 13:00:00,0.2366,0.2379,0.2358,0.2367,2174811.5,0
2025-02-17 14:00:00,0.2367,0.2407,0.2363,0.24,2644560.05,0
2025-02-17 15:00:00,0.2401,0.2416,0.2313,0.2322,3562026.91,0
2025-02-17 16:00:00,0.2321,0.2337,0.2278,0.2279,2002013.48,0
2025-02-17 17:00:00,0.228,0.2306,0.2273,0.2277,1367592.68,0
2025-02-17 18:00:00,0.2276,0.2276,0.2226,0.2229,2216620.59,0
2025-02-17 19:00:00,0.2228,0.2269,0.2213,0.2261,1454104.17,0
2025-02-17 20:00:00,0.2261,0.2305,0.226,0.2282,1826121.4,0
2025-02-17 21:00:00,0.228,0.2325,0.228,0.2324,1103259.81,0
2025-02-17 22:00:00,0.2323,0.2326,0.2292,0.2297,657940.5,0
2025-02-17 23:00:00,0.2297,0.2317,0.2295,0.2305,875086.46,0
2025-02-18 00:00:00,0.2305,0.2315,0.2264,0.2268,1249405.05,0
2025-02-18 01:00:00,0.2269,0.2291,0.2256,0.2284,542227.11,0
2025-02-18 02:00:00,0.2284,0.2289,0.226,0.2279,510075.35,0
2025-02-18 03:00:00,0.2279,0.2285,0.2263,0.2275,447554.94,0
2025-02-18 04:00:00,0.2274,0.2278,0.2244,0.2254,1372327.42,0
2025-02-18 05:00:00,0.2254,0.2254,0.2215,0.2219,1818796.53,0
2025-02-18 06:00:00,0.222,0.2222,0.2182,0.2199,8601930.55,0
2025-02-18 07:00:00,0.2199,0.2221,0.2185,0.2199,1126285.16,0
2025-02-18 08:00:00,0.2199,0.2209,0.2166,0.2177,1565115.71,0
2025-02-18 09:00:00,0.2177,0.2223,0.2168,0.2223,1777596.14,0
2025-02-18 10:00:00,0.2224,0.2228,0.2208,0.2213,963357.9,0
2025-02-18 11:00:00,0.2212,0.2214,0.2174,0.2175,2594275.82,0
2025-02-18 12:00:00,0.2176,0.2222,0.2172,0.2211,1745944.76,0
2025-02-18 13:00:00,0.221,0.2215,0.2195,0.2211,897590.36,0
2025-02-18 14:00:00,0.221,0.2234,0.2172,0.2186,1745790.27,0
2025-02-18 15:00:00,0.2187,0.2189,0.2107,0.2119,2813080.72,0
2025-02-18 16:00:00,0.2118,0.2144,0.2092,0.2097,3058167.07,0
2025-02-18 17:00:00,0.2097,0.2123,0.2082,0.2118,2246066.67,0
2025-02-18 18:00:00,0.2119,0.2149,0.2111,0.2137,3281194.8,0
2025-02-18 19:00:00,0.2137,0.2154,0.2125,0.2142,1292451.55,0
2025-02-18 20:00:00,0.2143,0.2158,0.2134,0.2155,1057003.78,0
2025-02-18 21:00:00,0.2156,0.2187,0.2153,0.2174,2587118.93,0
2025-02-18 22:00:00,0.2174,0.2202,0.2167,0.2194,606620.88,0
2025-02-18 23:00:00,0.2195,0.2213,0.2185,0.221,998288.84,0
2025-02-19 00:00:00,0.2209,0.2209,0.218,0.2182,975590.29,0
2025-02-19 01:00:00,0.2182,0.2183,0.2162,0.2173,993863.45,0
2025-02-19 02:00:00,0.2174,0.222,0.2173,0.2204,828541.43,0
2025-02-19 03:00:00,0.2204,0.2204,0.2183,0.2201,694981.42,0
2025-02-19 04:00:00,0.2201,0.2207,0.2177,0.2177,851112.88,0
2025-02-19 05:00:00,0.2176,0.2201,0.217,0.2199,725908.35,0
2025-02-19 06:00:00,0.22,0.2229,0.2199,0.2226,984025.75,0
2025-02-19 07:00:00,0.2226,0.2259,0.2222,0.2249,1332678.38,0
2025-02-19 08:00:00,0.2248,0.2259,0.2233,0.2234,749521.41,0
2025-02-19 09:00:00,0.2234,0.2257,0.2232,0.2253,766073.4,0
2025-02-19 10:00:00,0.2252,0.2268,0.2235,0.2254,1380473.77,0
2025-02-19 11:00:00,0.2252,0.2259,0.2241,0.2255,875225.84,0
2025-02-19 12:00:00,0.2255,0.2268,0.2241,0.2242,863581.26,0
2025-02-19 13:00:00,0.2242,0.226,0.224,0.226,943805.17,0
2025-02-19 14:00:00,0.2261,0.2266,0.2214,0.2217,1225341.26,0
2025-02-19 15:00:00,0.2217,0.2231,0.2208,0.2212,1942298.6,0
2025-02-19 16:00:00,0.2213,0.2248,0.2211,0.2248,1916783.44,0
2025-02-19 17:00:00,0.2249,0.2258,0.2227,0.2239,702299.84,0
2025-02-19 18:00:00,0.224,0.2245,0.2222,0.2222,660536.47,0
2025-02-19 19:00:00,0.2222,0.2245,0.2213,0.2235,982332.18,0
2025-02-19 20:00:00,0.2235,0.2253,0.2228,0.223,1038166.65,0
2025-02-19 21:00:00,0.2231,0.2253,0.2219,0.2225,806877.62,0
2025-02-19 22:00:00,0.2226,0.224,0.2212,0.2237,568856.92,0
2025-02-19 23:00:00,0.2238,0.2261,0.2238,0.2251,672532.71,0
2025-02-20 00:00:00,0.2252,0.2302,0.2248,0.23,1336634.39,0
2025-02-20 01:00:00,0.2299,0.2311,0.225,0.2259,859796.04,0
2025-02-20 02:00:00,0.226,0.2286,0.2249,0.2278,1548403.73,0
2025-02-20 03:00:00,0.2278,0.2288,0.2265,0.2278,974168.9,0
2025-02-20 04:00:00,0.2279,0.2312,0.2274,0.2305,843589.83,0
2025-02-20 05:00:00,0.2306,0.231,0.2263,0.2269,969400.37,0
2025-02-20 06:00:00,0.2268,0.2273,0.2252,0.2263,711977.46,0
2025-02-20 07:00:00,0.2263,0.227,0.2247,0.2255,611302.76,0
2025-02-20 08:00:00,0.2256,0.2285,0.2256,0.2284,899286.13,0
2025-02-20 09:00:00,0.2284,0.2284,0.2267,0.2269,550860.34,0
2025-02-20 10:00:00,0.2269,0.2303,0.2257,0.2301,1109107.41,0
2025-02-20 11:00:00,0.2302,0.2314,0.2295,0.2309,1425529.69,0
2025-02-20 12:00:00,0.2308,0.2324,0.2305,0.2315,1077926.65,0
2025-02-20 13:00:00,0.2315,0.2319,0.2286,0.2302,2475614.85,0
2025-02-20 14:00:00,0.2303,0.2327,0.2283,0.2285,1721825.95,0
2025-02-20 15:00:00,0.2285,0.2297,0.2268,0.2271,994877.49,0
2025-02-20 16:00:00,0.2271,0.2302,0.2267,0.2279,1202136.12,0
2025-02-20 17:00:00,0.2279,0.23,0.2268,0.2295,2832318.84,0
2025-02-20 18:00:00,0.2294,0.2331,0.2294,0.2325,1683893.5,0
2025-02-20 19:00:00,0.2325,0.2348,0.2314,0.2345,1791912.27,0
2025-02-20 20:00:00,0.2344,0.2354,0.2324,0.2326,2544092.2,0
2025-02-20 21:00:00,0.2326,0.2345,0.2317,0.2327,786337.61,0
2025-02-20 22:00:00,0.2326,0.2348,0.2322,0.2337,907037.66,0
2025-02-20 23:00:00,0.2337,0.2362,0.2332,0.2343,743051.15,0
2025-02-21 00:00:00,0.2344,0.2356,0.2321,0.2334,685174.71,0
2025-02-21 01:00:00,0.2335,0.2335,0.2307,0.2324,942097.83,0
2025-02-21 02:00:00,0.2324,0.2338,0.2303,0.2306,806159.29,0
2025-02-21 03:00:00,0.2306,0.233,0.2304,0.2318,909792.37,0
2025-02-21 04:00:00,0.2319,0.2359,0.2319,0.2354,700444.72,0
2025-02-21 05:00:00,0.2355,0.2364,0.2348,0.2359,902820.94,0
2025-02-21 06:00:00,0.2359,0.2371,0.2352,0.2363,760459.2,0
2025-02-21 07:00:00,0.2363,0.2378,0.2354,0.2372,883794.96,0
2025-02-21 08:00:00,0.2373,0.2407,0.2373,0.2402,1344135.68,0
2025-02-21 09:00:00,0.2403,0.2448,0.2398,0.2431,3477276.44,0
2025-02-21 10:00:00,0.243,0.2454,0.2416,0.2451,1699394.32,0
2025-02-21 11:00:00,0.2451,0.2454,0.2411,0.2412,1420788.19,0
2025-02-21 12:00:00,0.2411,0.2447,0.2411,0.2447,1753631.25,0
2025-02-21 13:00:00,0.2448,0.247,0.2426,0.2442,3934675.89,0
2025-02-21 14:00:00,0.2442,0.2443,0.2388,0.2409,2273114.13,0
2025-02-21 15:00:00,0.2409,0.2428,0.2298,0.2326,8297633.68,0
2025-02-21 16:00:00,0.2325,0.2368,0.2307,0.2331,3599720.8,0
2025-02-21 17:00:00,0.2331,0.2345,0.2264,0.2275,3156285.57,0
2025-02-21 18:00:00,0.2274,0.2291,0.2263,0.2267,2051041.4,0
2025-02-21 19:00:00,0.2266,0.2276,0.22,0.2218,3917678.27,0
2025-02-21 20:00:00,0.2218,0.2249,0.2212,0.2221,3306330.08,0
2025-02-21 21:00:00,0.2221,0.2233,0.2204,0.2223,1457629.68,0
2025-02-21 22:00:00,0.2222,0.2256,0.2221,0.2253,1518603.04,0
2025-02-21 23:00:00,0.2252,0.2256,0.2227,0.2245,971610.94,0
2025-02-22 00:00:00,0.2244,0.2267,0.2224,0.2259,1320507.2,0
2025-02-22 01:00:00,0.2258,0.2276,0.2257,0.2271,617608.02,0
2025-02-22 02:00:00,0.2272,0.2272,0.2244,0.2248,483160.69,0
2025-02-22 03:00:00,0.2249,0.226,0.2236,0.2249,501256.26,0
2025-02-22 04:00:00,0.2248,0.2265,0.2245,0.2261,466868.19,0
2025-02-22 05:00:00,0.226,0.2273,0.2248,0.2263,357368.8,0
2025-02-22 06:00:00,0.2264,0.227,0.2254,0.2255,458111.87,0
2025-02-22 07:00:00,0.2255,0.2269,0.225,0.2257,1074473.09,0
2025-02-22 08:00:00,0.2258,0.2266,0.225,0.2259,1181940.48,0
2025-02-22 09:00:00,0.226,0.2278,0.2258,0.2277,862121.65,0
2025-02-22 10:00:00,0.2278,0.2291,0.2268,0.2273,1181492.17,0
2025-02-22 11:00:00,0.2272,0.2293,0.2272,0.229,465064.63,0
2025-02-22 12:00:00,0.229,0.2305,0.2283,0.2303,960554.16,0
2025-02-22 13:00:00,0.2304,0.2311,0.2278,0.2278,483675.61,0
2025-02-22 14:00:00,0.2279,0.2298,0.2278,0.2283,549120.89,0
2025-02-22 15:00:00,0.2285,0.2338,0.2285,0.233,935423.3,0
2025-02-22 16:00:00,0.233,0.2356,0.2328,0.234,1638125.3,0
2025-02-22 17:00:00,0.234,0.2378,0.2334,0.2363,1171688.71,0
2025-02-22 18:00:00,0.2362,0.2366,0.2329,0.2344,727439.72,0
2025-02-22 19:00:00,0.2345,0.235,0.2331,0.2334,842923.39,0
2025-02-22 20:00:00,0.2335,0.2345,0.2324,0.2335,572459.86,0
2025-02-22 21:00:00,0.2335,0.2338,0.2322,0.2331,829397.68,0
2025-02-22 22:00:00,0.2332,0.2348,0.233,0.2335,345209.22,0
2025-02-22 23:00:00,0.2335,0.235,0.2326,0.2339,403177.43,0
2025-02-23 00:00:00,0.234,0.2352,0.2336,0.2351,489143.85,0
2025-02-23 01:00:00,0.235,0.2354,0.2329,0.2333,389439.93,0
2025-02-23 02:00:00,0.2333,0.2335,0.2307,0.2308,613544.99,0
2025-02-23 03:00:00,0.2308,0.2316,0.2296,0.2305,349689.43,0
2025-02-23 04:00:00,0.2305,0.2305,0.2289,0.2294,365893.42,0
2025-02-23 05:00:00,0.2294,0.2323,0.2291,0.2316,446693.76,0
2025-02-23 06:00:00,0.2316,0.2328,0.2304,0.2317,709861.8,0
2025-02-23 07:00:00,0.2317,0.236,0.2313,0.2358,925145.04,0
2025-02-23 08:00:00,0.2358,0.236,0.2335,0.2348,794612.25,0
2025-02-23 09:00:00,0.2347,0.2351,0.2323,0.2333,880509.0,0
2025-02-23 10:00:00,0.2333,0.2342,0.2327,0.234,363159.15,0
2025-02-23 11:00:00,0.234,0.235,0.2317,0.2323,596006.08,0
2025-02-23 12:00:00,0.2324,0.2331,0.2297,0.2301,948755.98,0
2025-02-23 13:00:00,0.2302,0.2328,0.2301,0.2319,1076672.19,0
2025-02-23 14:00:00,0.2318,0.232,0.2288,0.2298,1070437.32,0
2025-02-23 15:00:00,0.2296,0.2302,0.2268,0.2274,1619124.89,0
2025-02-23 16:00:00,0.2273,0.232,0.2273,0.2303,1353837.14,0
2025-02-23 17:00:00,0.2302,0.2324,0.2296,0.2314,600821.12,0
2025-02-23 18:00:00,0.2313,0.2333,0.2304,0.2306,621023.49,0
2025-02-23 19:00:00,0.2307,0.2311,0.2299,0.2303,425149.83,0
2025-02-23 20:00:00,0.2302,0.2303,0.2278,0.2296,587676.07,0
2025-02-23 21:00:00,0.2296,0.2305,0.2285,0.2303,299768.84,0
2025-02-23 22:00:00,0.2302,0.2307,0.2282,0.2291,764895.24,0
2025-02-23 23:00:00,0.2291,0.2324,0.229,0.2302,952793.8,0
2025-02-24 00:00:00,0.2303,0.2317,0.2298,0.2299,494837.18,0
2025-02-24 01:00:00,0.2297,0.23,0.2251,0.2263,918541.9,0
2025-02-24 02:00:00,0.2262,0.2273,0.2246,0.226,722174.8,0
2025-02-24 03:00:00,0.2259,0.2259,0.2207,0.2209,1611404.35,0
2025-02-24 04:00:00,0.221,0.2213,0.2167,0.2188,1283132.29,0
2025-02-24 05:00:00,0.2188,0.2232,0.2179,0.2229,491118.04,0
2025-02-24 06:00:00,0.2229,0.223,0.2205,0.2219,614922.07,0
2025-02-24 07:00:00,0.222,0.223,0.2202,0.2209,420530.6,0
2025-02-24 08:00:00,0.2208,0.2208,0.2176,0.2178,1167909.85,0
2025-02-24 09:00:00,0.2178,0.2228,0.2174,0.2204,2015084.3,0
2025-02-24 10:00:00,0.2204,0.2205,0.2167,0.2181,852647.76,0
2025-02-24 11:00:00,0.2181,0.2195,0.217,0.219,482873.58,0
2025-02-24 12:00:00,0.219,0.2222,0.2179,0.2206,775910.98,0
2025-02-24 13:00:00,0.2204,0.2227,0.2176,0.2182,2170879.6,0
2025-02-24 14:00:00,0.2182,0.2188,0.213,0.2139,1678940.81,0
2025-02-24 15:00:00,0.2139,0.2162,0.2121,0.2148,1374954.79,0
2025-02-24 16:00:00,0.2149,0.2173,0.2142,0.2152,1118286.46,0
2025-02-24 17:00:00,0.2152,0.2177,0.2148,0.2156,565111.1,0
2025-02-24 18:00:00,0.2157,0.2162,0.2134,0.2135,412325.57,0
2025-02-24 19:00:00,0.2134,0.2148,0.2101,0.2121,1814285.98,0
2025-02-24 20:00:00,0.2121,0.2158,0.2114,0.2131,1661277.05,0
2025-02-24 21:00:00,0.213,0.2148,0.2115,0.2116,987242.86,0
2025-02-24 22:00:00,0.2117,0.2117,0.1933,0.1965,16440276.03,0
2025-02-24 23:00:00,0.1965,0.2004,0.1953,0.1976,2393374.91,0
2025-02-25 00:00:00,0.1976,0.199,0.1909,0.1947,4190587.63,0
2025-02-25 01:00:00,0.1947,0.1975,0.1912,0.1941,2721738.72,0
2025-02-25 02:00:00,0.194,0.1986,0.1917,0.1976,2134414.34,0
2025-02-25 03:00:00,0.1977,0.1992,0.1954,0.1956,1721808.08,0
2025-02-25 04:00:00,0.1957,0.1975,0.193,0.1949,1364747.79,0
2025-02-25 05:00:00,0.1948,0.199,0.194,0.198,1600956.97,0
2025-02-25 06:00:00,0.1982,0.1988,0.1919,0.192,2956613.24,0
2025-02-25 07:00:00,0.1922,0.1925,0.181,0.1864,21008908.21,0
2025-02-25 08:00:00,0.1864,0.1934,0.1857,0.1918,5821633.1,0
2025-02-25 09:00:00,0.1917,0.1933,0.1898,0.1914,2990649.4,0
2025-02-25 10:00:00,0.1914,0.1939,0.1868,0.1924,5605013.86,0
2025-02-25 11:00:00,0.1923,0.1992,0.1893,0.1989,3108590.02,0
2025-02-25 12:00:00,0.1989,0.202,0.1975,0.2007,3705979.31,0
2025-02-25 13:00:00,0.2007,0.2018,0.1982,0.1994,1605936.98,0
2025-02-25 14:00:00,0.1992,0.2013,0.1944,0.1954,2641261.15,0
2025-02-25 15:00:00,0.1953,0.2033,0.194,0.2012,4525259.73,0
2025-02-25 16:00:00,0.2013,0.2052,0.1994,0.2033,2100929.32,0
2025-02-25 17:00:00,0.2033,0.2058,0.2024,0.2041,1639774.39,0
2025-02-25 18:00:00,0.2042,0.2058,0.2004,0.2014,1707827.86,0
2025-02-25 19:00:00,0.2015,0.2051,0.2,0.205,1439147.34,0
2025-02-25 20:00:00,0.205,0.2096,0.2038,0.2084,1831401.28,0
2025-02-25 21:00:00,0.2083,0.2089,0.206,0.2077,810496.87,0
2025-02-25 22:00:00,0.2076,0.2097,0.206,0.2076,1120292.89,0
2025-02-25 23:00:00,0.2076,0.2092,0.2063,0.2064,586002.86,0
2025-02-26 00:00:00,0.2064,0.2076,0.2058,0.206,468254.04,0
2025-02-26 01:00:00,0.2059,0.2085,0.2059,0.2078,411630.09,0
2025-02-26 02:00:00,0.2078,0.2116,0.2068,0.2111,750100.78,0
2025-02-26 03:00:00,0.2112,0.2123,0.2096,0.2098,813269.19,0
2025-02-26 04:00:00,0.2099,0.2133,0.2098,0.2111,462988.48,0
2025-02-26 05:00:00,0.211,0.2117,0.2085,0.2085,483172.3,0
2025-02-26 06:00:00,0.2085,0.2119,0.2084,0.2119,500582.79,0
2025-02-26 07:00:00,0.2118,0.2131,0.2098,0.2124,1141586.69,0
2025-02-26 08:00:00,0.2125,0.2133,0.2096,0.2112,1200990.05,0
2025-02-26 09:00:00,0.2111,0.2137,0.2103,0.2122,1310614.02,0
2025-02-26 10:00:00,0.2121,0.2145,0.2111,0.2141,2137881.7,0
2025-02-26 11:00:00,0.214,0.2145,0.2097,0.2104,950849.9,0
2025-02-26 12:00:00,0.2103,0.2106,0.2061,0.2076,832889.56,0
2025-02-26 13:00:00,0.2076,0.2096,0.2063,0.2078,886269.43,0
2025-02-26 14:00:00,0.2078,0.2118,0.2053,0.2116,4540188.26,0
2025-02-26 15:00:00,0.2116,0.2151,0.2115,0.2135,2677863.28,0
2025-02-26 16:00:00,0.2136,0.2144,0.2097,0.2124,2771251.78,0
2025-02-26 17:00:00,0.2125,0.213,0.2061,0.2067,1294377.34,0
2025-02-26 18:00:00,0.2067,0.2089,0.2017,0.2045,5751468.94,0
2025-02-26 19:00:00,0.2045,0.2077,0.2037,0.2057,2176677.05,0
2025-02-26 20:00:00,0.2057,0.2121,0.2034,0.2115,2642226.22,0
2025-02-26 21:00:00,0.2114,0.2147,0.2105,0.2147,1997897.06,0
2025-02-26 22:00:00,0.2148,0.218,0.2147,0.2163,1368171.26,0
2025-02-26 23:00:00,0.2163,0.2172,0.2131,0.214,560409.86,0
2025-02-27 00:00:00,0.2141,0.2167,0.2123,0.2155,1187530.91,0
2025-02-27 01:00:00,0.2153,0.2186,0.2133,0.2171,821041.45,0
2025-02-27 02:00:00,0.2171,0.2193,0.216,0.2171,732336.15,0
2025-02-27 03:00:00,0.2172,0.22,0.2165,0.2194,516601.6,0
2025-02-27 04:00:00,0.2193,0.2205,0.2165,0.2175,709906.12,0
2025-02-27 05:00:00,0.2174,0.2193,0.217,0.2188,611657.21,0
2025-02-27 06:00:00,0.2187,0.2203,0.2174,0.2186,1476392.06,0
2025-02-27 07:00:00,0.2186,0.22,0.2177,0.2192,665925.71,0
2025-02-27 08:00:00,0.2191,0.2215,0.2185,0.2196,673151.88,0
2025-02-27 09:00:00,0.2196,0.2213,0.219,0.2202,567822.41,0
2025-02-27 10:00:00,0.2201,0.2236,0.2193,0.2234,786797.58,0
2025-02-27 11:00:00,0.2234,0.2235,0.2201,0.2209,1021969.95,0
2025-02-27 12:00:00,0.221,0.2225,0.2197,0.2206,694800.65,0
2025-02-27 13:00:00,0.2205,0.2211,0.2172,0.218,1746209.5,0
2025-02-27 14:00:00,0.2181,0.2197,0.2162,0.2166,1533584.69,0
2025-02-27 15:00:00,0.2165,0.22,0.2153,0.2183,998026.38,0
2025-02-27 16:00:00,0.2183,0.2198,0.2144,0.2146,1105262.36,0
2025-02-27 17:00:00,0.2147,0.2166,0.214,0.2157,482394.76,0
2025-02-27 18:00:00,0.2159,0.2173,0.2155,0.2156,586007.69,0
2025-02-27 19:00:00,0.2155,0.2161,0.2122,0.2132,750239.54,0
2025-02-27 20:00:00,0.2134,0.2134,0.2086,0.2098,1496437.44,0
2025-02-27 21:00:00,0.2098,0.213,0.2078,0.2129,899100.94,0
2025-02-27 22:00:00,0.213,0.2145,0.2107,0.2143,599636.65,0
2025-02-27 23:00:00,0.2144,0.2152,0.2133,0.2145,621392.66,0
2025-02-28 00:00:00,0.2145,0.2147,0.2121,0.2122,459497.95,0
2025-02-28 01:00:00,0.2121,0.2129,0.2035,0.2041,5002686.63,0
2025-02-28 02:00:00,0.2038,0.2066,0.2016,0.2045,3779977.67,0
2025-02-28 03:00:00,0.2045,0.2075,0.1997,0.2001,2377609.03,0
2025-02-28 04:00:00,0.2001,0.2021,0.1969,0.2009,3329322.25,0
2025-02-28 05:00:00,0.2009,0.2017,0.1977,0.2004,4582208.62,0
2025-02-28 06:00:00,0.2004,0.2016,0.1982,0.2008,2597579.4,0
2025-02-28 07:00:00,0.2007,0.203,0.1991,0.2004,1670399.89,0
2025-02-28 08:00:00,0.2004,0.2033,0.1977,0.2028,2524217.79,0
2025-02-28 09:00:00,0.2027,0.2053,0.2022,0.2036,2479697.26,0
2025-02-28 10:00:00,0.2035,0.2038,0.1997,0.2001,1482273.21,0
2025-02-28 11:00:00,0.2002,0.2039,0.1996,0.2018,1069886.3,0
2025-02-28 12:00:00,0.2018,0.204,0.2006,0.2034,1055067.0,0
2025-02-28 13:00:00,0.2033,0.2097,0.2028,0.2079,3705680.91,0
2025-02-28 14:00:00,0.2079,0.212,0.2077,0.2103,1964304.58,0
2025-02-28 15:00:00,0.2102,0.2151,0.21,0.214,1712410.41,0
2025-02-28 16:00:00,0.2142,0.2176,0.2131,0.2157,1347476.73,0
2025-02-28 17:00:00,0.2156,0.2184,0.2153,0.2178,806163.68,0
2025-02-28 18:00:00,0.2178,0.2213,0.2173,0.2182,2888940.54,0
2025-02-28 19:00:00,0.2183,0.2188,0.2166,0.2173,652370.65,0
2025-02-28 20:00:00,0.2173,0.2185,0.2151,0.2165,855130.11,0
2025-02-28 21:00:00,0.2165,0.2183,0.2158,0.2173,567248.44,0
2025-02-28 22:00:00,0.2174,0.2179,0.2137,0.2142,2241634.43,0
2025-02-28 23:00:00,0.2142,0.2158,0.2137,0.2155,528681.18,0
2025-03-01 00:00:00,0.2156,0.2157,0.2115,0.2116,1006337.34,0
2025-03-01 01:00:00,0.2117,0.215,0.2105,0.2141,1302608.56,0
2025-03-01 02:00:00,0.214,0.2152,0.2123,0.2139,1180556.45,0
2025-03-01 03:00:00,0.2139,0.2151,0.213,0.2131,611109.47,0
2025-03-01 04:00:00,0.2131,0.2163,0.2126,0.2152,1303712.42,0
2025-03-01 05:00:00,0.2152,0.2152,0.2134,0.2135,733065.84,0
2025-03-01 06:00:00,0.2136,0.2146,0.2114,0.2119,465528.55,0
2025-03-01 07:00:00,0.2121,0.2121,0.2099,0.2111,591765.73,0
2025-03-01 08:00:00,0.2112,0.213,0.2112,0.2127,943151.64,0
2025-03-01 09:00:00,0.2126,0.2135,0.2093,0.2106,2411927.96,0
2025-03-01 10:00:00,0.2105,0.2106,0.2066,0.2072,1755546.2,0
2025-03-01 11:00:00,0.2073,0.2075,0.2054,0.2061,1085973.75,0
2025-03-01 12:00:00,0.2062,0.2063,0.2044,0.2057,1156057.65,0
2025-03-01 13:00:00,0.2057,0.2064,0.2019,0.2027,1428215.18,0
2025-03-01 14:00:00,0.2028,0.2049,0.2024,0.2037,705277.42,0
2025-03-01 15:00:00,0.2037,0.2053,0.2024,0.2037,1103584.29,0
2025-03-01 16:00:00,0.2036,0.2049,0.2015,0.2049,1730457.49,0
2025-03-01 17:00:00,0.2047,0.2049,0.2033,0.204,573141.04,0
2025-03-01 18:00:00,0.2039,0.2052,0.2032,0.2048,657512.84,0
2025-03-01 19:00:00,0.2047,0.2067,0.2044,0.205,729062.5,0
2025-03-01 20:00:00,0.205,0.2054,0.2038,0.2051,605116.32,0
2025-03-01 21:00:00,0.2052,0.2078,0.204,0.2075,753501.02,0
2025-03-01 22:00:00,0.2074,0.2086,0.2061,0.207,487962.34,0
2025-03-01 23:00:00,0.2071,0.2075,0.2054,0.2072,322951.44,0
2025-03-02 00:00:00,0.2073,0.2076,0.2053,0.2064,343910.52,0
2025-03-02 01:00:00,0.2064,0.2076,0.2056,0.2069,427618.84,0
2025-03-02 02:00:00,0.207,0.208,0.2056,0.2066,328051.99,0
2025-03-02 03:00:00,0.2066,0.2077,0.2062,0.2064,297510.7,0
2025-03-02 04:00:00,0.2063,0.2078,0.2062,0.2075,168839.54,0
2025-03-02 05:00:00,0.2076,0.2083,0.2067,0.2069,232032.27,0
2025-03-02 06:00:00,0.207,0.2079,0.2053,0.2065,370277.75,0
2025-03-02 07:00:00,0.2066,0.207,0.2051,0.2055,218832.5,0
2025-03-02 08:00:00,0.2056,0.2064,0.2044,0.2059,792146.5,0
2025-03-02 09:00:00,0.2059,0.2091,0.2058,0.2076,923231.49,0
2025-03-02 10:00:00,0.2075,0.2087,0.2074,0.2077,751241.06,0
2025-03-02 11:00:00,0.2075,0.2077,0.2063,0.2067,485394.59,0
2025-03-02 12:00:00,0.2067,0.2071,0.2055,0.2066,984369.59,0
2025-03-02 13:00:00,0.2066,0.2066,0.2044,0.2051,779873.24,0
2025-03-02 14:00:00,0.2053,0.2055,0.2019,0.2029,664968.68,0
2025-03-02 15:00:00,0.203,0.2122,0.2025,0.2072,8469989.89,0
2025-03-02 16:00:00,0.2073,0.2227,0.2072,0.2196,13966405.13,0
2025-03-02 17:00:00,0.2196,0.2258,0.217,0.2245,5679926.34,0
2025-03-02 18:00:00,0.2246,0.2256,0.2202,0.2218,2047763.42,0
2025-03-02 19:00:00,0.2219,0.2284,0.2218,0.2274,2485335.56,0
2025-03-02 20:00:00,0.2273,0.2298,0.2267,0.2293,1184060.93,0
2025-03-02 21:00:00,0.2296,0.2297,0.2271,0.2295,1100409.46,0
2025-03-02 22:00:00,0.2294,0.232,0.2276,0.2314,1950841.58,0
2025-03-02 23:00:00,0.2314,0.2325,0.2293,0.23,1445792.28,0
2025-03-03 00:00:00,0.23,0.2308,0.2261,0.2266,1858315.99,0
2025-03-03 01:00:00,0.2267,0.2283,0.2235,0.2241,3289751.6,0
2025-03-03 02:00:00,0.2241,0.2241,0.2203,0.2219,1436072.31,0
2025-03-03 03:00:00,0.2221,0.2228,0.2187,0.2215,760442.71,0
2025-03-03 04:00:00,0.2216,0.2234,0.2213,0.2227,641844.18,0
2025-03-03 05:00:00,0.2228,0.2241,0.2223,0.2231,1051998.83,0
2025-03-03 06:00:00,0.2231,0.2231,0.2133,0.2156,3154421.4,0
2025-03-03 07:00:00,0.2156,0.2181,0.2128,0.2177,1341131.47,0
2025-03-03 08:00:00,0.2177,0.218,0.2121,0.2137,1171664.22,0
2025-03-03 09:00:00,0.2137,0.2154,0.2123,0.2145,1327961.94,0
2025-03-03 10:00:00,0.2144,0.2165,0.214,0.2158,1285737.2,0
2025-03-03 11:00:00,0.2157,0.2161,0.2138,0.2156,561176.63,0
2025-03-03 12:00:00,0.2157,0.2175,0.2145,0.2161,1146424.77,0
2025-03-03 13:00:00,0.2158,0.2191,0.2157,0.2183,854536.95,0
2025-03-03 14:00:00,0.2183,0.2183,0.2096,0.2101,3530010.36,0
2025-03-03 15:00:00,0.2101,0.2157,0.21,0.2133,2560477.5,0
2025-03-03 16:00:00,0.2134,0.2142,0.2117,0.2128,819621.26,0
2025-03-03 17:00:00,0.2127,0.2138,0.2114,0.212,612576.83,0
2025-03-03 18:00:00,0.2119,0.2121,0.2028,0.2038,3869384.38,0
2025-03-03 19:00:00,0.2037,0.205,0.1941,0.1959,7700744.57,0
2025-03-03 20:00:00,0.196,0.1977,0.1934,0.1968,3887135.09,0
2025-03-03 21:00:00,0.1969,0.198,0.1929,0.1936,1193225.28,0
2025-03-03 22:00:00,0.1936,0.1998,0.1936,0.1995,1088468.85,0
2025-03-03 23:00:00,0.1994,0.2003,0.1973,0.1976,1130331.6,0
2025-03-04 00:00:00,0.1975,0.1983,0.194,0.1942,1429591.02,0
2025-03-04 01:00:00,0.1942,0.1948,0.1848,0.1858,10450560.22,0
2025-03-04 02:00:00,0.1858,0.1864,0.1791,0.1844,10141064.43,0
2025-03-04 03:00:00,0.1844,0.1888,0.1839,0.1863,2510180.97,0
2025-03-04 04:00:00,0.1864,0.1889,0.1856,0.1877,1887812.07,0
2025-03-04 05:00:00,0.1878,0.1916,0.1874,0.1881,1583759.79,0
2025-03-04 06:00:00,0.188,0.1884,0.1861,0.1875,898933.46,0
2025-03-04 07:00:00,0.1874,0.1882,0.1859,0.1863,1136663.27,0
2025-03-04 08:00:00,0.1863,0.1887,0.1854,0.1865,2554209.19,0
2025-03-04 09:00:00,0.1866,0.1891,0.1853,0.186,6440458.91,0
2025-03-04 10:00:00,0.1859,0.188,0.1855,0.1874,731480.44,0
2025-03-04 11:00:00,0.1873,0.1891,0.1862,0.1863,1683884.93,0
2025-03-04 12:00:00,0.1863,0.1865,0.1826,0.1828,4704037.03,0
2025-03-04 13:00:00,0.1828,0.1828,0.1776,0.1781,3813605.67,0
2025-03-04 14:00:00,0.1781,0.1856,0.1759,0.1769,14396512.0,0
2025-03-04 15:00:00,0.1768,0.1772,0.1715,0.1755,8762369.36,0
2025-03-04 16:00:00,0.1756,0.1761,0.163,0.171,9399256.55,0
2025-03-04 17:00:00,0.1711,0.1782,0.1707,0.1768,4942643.65,0
2025-03-04 18:00:00,0.1768,0.1814,0.1754,0.1812,3016784.09,0
2025-03-04 19:00:00,0.1811,0.1843,0.18,0.1837,4234615.99,0
2025-03-04 20:00:00,0.1836,0.1841,0.1793,0.1797,1457180.69,0
2025-03-04 21:00:00,0.1797,0.1856,0.1785,0.1819,3656124.38,0
2025-03-04 22:00:00,0.182,0.1831,0.1805,0.1805,1043336.27,0
2025-03-04 23:00:00,0.1805,0.1817,0.1792,0.1803,1395176.44,0
2025-03-05 00:00:00,0.1803,0.1813,0.1786,0.1793,1317770.86,0
2025-03-05 01:00:00,0.1794,0.1808,0.1777,0.1805,1552613.21,0
2025-03-05 02:00:00,0.1806,0.1821,0.1788,0.1794,3216994.65,0
2025-03-05 03:00:00,0.1794,0.1802,0.1775,0.1776,1177071.68,0
2025-03-05 04:00:00,0.1777,0.1795,0.1775,0.1792,847763.68,0
2025-03-05 05:00:00,0.1793,0.18,0.1787,0.1795,749847.8,0
2025-03-05 06:00:00,0.1795,0.1802,0.178,0.18,1024577.85,0
2025-03-05 07:00:00,0.1799,0.1818,0.179,0.1798,2238940.72,0
2025-03-05 08:00:00,0.1797,0.1822,0.1791,0.1814,1792512.5,0
2025-03-05 09:00:00,0.1812,0.1839,0.1811,0.1818,2854425.2,0
2025-03-05 10:00:00,0.1818,0.1859,0.1813,0.1834,2911830.42,0
2025-03-05 11:00:00,0.1834,0.1849,0.1801,0.1805,3639231.09,0
2025-03-05 12:00:00,0.1805,0.1838,0.1805,0.1827,1715576.27,0
2025-03-05 13:00:00,0.1827,0.1856,0.1819,0.1831,2543971.17,0
2025-03-05 14:00:00,0.183,0.1833,0.1795,0.1805,2672609.33,0
2025-03-05 15:00:00,0.1806,0.1834,0.1803,0.1811,3346182.84,0
2025-03-05 16:00:00,0.181,0.1816,0.1777,0.1802,2801976.91,0
2025-03-05 17:00:00,0.1802,0.1837,0.1801,0.1831,1999783.67,0
2025-03-05 18:00:00,0.1832,0.1851,0.1825,0.1848,1381396.48,0
2025-03-05 19:00:00,0.1848,0.1869,0.1843,0.1861,870521.8,0
2025-03-05 20:00:00,0.186,0.1874,0.1858,0.1864,1084088.2,0
2025-03-05 21:00:00,0.1865,0.1871,0.1854,0.1866,1593499.5,0
2025-03-05 22:00:00,0.1866,0.1884,0.1859,0.1876,642788.14,0
2025-03-05 23:00:00,0.1877,0.1883,0.1865,0.1867,1010458.94,0
2025-03-06 00:00:00,0.1867,0.1873,0.184,0.1844,1140418.23,0
2025-03-06 01:00:00,0.1844,0.187,0.1828,0.1845,2135714.57,0
2025-03-06 02:00:00,0.1844,0.1862,0.1838,0.1856,1174795.87,0
2025-03-06 03:00:00,0.1857,0.1881,0.1846,0.1878,1473074.09,0
2025-03-06 04:00:00,0.1879,0.191,0.1862,0.1901,1343791.9,0
2025-03-06 05:00:00,0.1902,0.1921,0.1893,0.1913,1154244.87,0
2025-03-06 06:00:00,0.1915,0.1916,0.1887,0.1897,1047647.51,0
2025-03-06 07:00:00,0.1897,0.1902,0.188,0.1894,1485270.75,0
2025-03-06 08:00:00,0.1894,0.1936,0.1892,0.1918,2500527.36,0
2025-03-06 09:00:00,0.1919,0.1935,0.1905,0.1923,1216974.59,0
2025-03-06 10:00:00,0.1924,0.1948,0.191,0.194,1575799.26,0
2025-03-06 11:00:00,0.194,0.1956,0.1925,0.1926,2292238.26,0
2025-03-06 12:00:00,0.1927,0.1927,0.1894,0.1908,2173883.99,0
2025-03-06 13:00:00,0.1908,0.1916,0.1884,0.1886,1654100.85,0
2025-03-06 14:00:00,0.1886,0.1914,0.1873,0.1889,2713121.11,0
2025-03-06 15:00:00,0.1889,0.1944,0.1887,0.1926,1823875.95,0
2025-03-06 16:00:00,0.1926,0.1937,0.1897,0.1898,1606482.11,0
2025-03-06 17:00:00,0.1898,0.1902,0.1853,0.1864,2298394.75,0
2025-03-06 18:00:00,0.1864,0.187,0.185,0.187,966487.01,0
2025-03-06 19:00:00,0.1869,0.1881,0.1848,0.1858,1426018.6,0
2025-03-06 20:00:00,0.1856,0.187,0.1853,0.1866,657634.64,0
2025-03-06 21:00:00,0.1866,0.1887,0.1846,0.1863,3281013.12,0
2025-03-06 22:00:00,0.1864,0.1897,0.186,0.188,2258028.41,0
2025-03-06 23:00:00,0.188,0.1891,0.1867,0.187,709103.69,0
2025-03-07 00:00:00,0.1871,0.1897,0.1785,0.1797,12027322.83,0
2025-03-07 01:00:00,0.1796,0.1869,0.1786,0.1855,3838943.86,0
2025-03-07 02:00:00,0.1854,0.1872,0.1845,0.185,2202897.86,0
2025-03-07 03:00:00,0.1851,0.1861,0.1839,0.184,852618.3,0
2025-03-07 04:00:00,0.1839,0.1854,0.1832,0.184,805677.2,0
2025-03-07 05:00:00,0.1839,0.1868,0.1838,0.1851,841872.37,0
2025-03-07 06:00:00,0.1852,0.1856,0.1837,0.1853,1229452.12,0
2025-03-07 07:00:00,0.1853,0.186,0.1844,0.1856,885438.24,0
2025-03-07 08:00:00,0.1855,0.1858,0.1832,0.1846,1214810.32,0
2025-03-07 09:00:00,0.1845,0.1887,0.1845,0.1873,2215253.07,0
2025-03-07 10:00:00,0.1873,0.1877,0.1862,0.1873,1629428.36,0
2025-03-07 11:00:00,0.1873,0.1886,0.1861,0.1874,1735086.71,0
2025-03-07 12:00:00,0.1875,0.1876,0.1844,0.1852,1365649.55,0
2025-03-07 13:00:00,0.1851,0.1899,0.1851,0.1869,3968686.77,0
2025-03-07 14:00:00,0.187,0.1911,0.186,0.1888,4130795.22,0
2025-03-07 15:00:00,0.1887,0.1908,0.1875,0.1896,2325178.34,0
2025-03-07 16:00:00,0.1895,0.1904,0.1842,0.1855,2784535.52,0
2025-03-07 17:00:00,0.1855,0.1884,0.1846,0.1869,1578895.16,0
2025-03-07 18:00:00,0.1868,0.1935,0.1865,0.1932,1607805.7,0
2025-03-07 19:00:00,0.1933,0.194,0.1897,0.1914,1884394.18,0
2025-03-07 20:00:00,0.1914,0.1924,0.1883,0.19,1741968.69,0
2025-03-07 21:00:00,0.19,0.1904,0.1851,0.1865,3647559.73,0
2025-03-07 22:00:00,0.1864,0.1868,0.1836,0.1852,938376.84,0
2025-03-07 23:00:00,0.1852,0.1854,0.1822,0.1841,975466.69,0
2025-03-08 00:00:00,0.1839,0.1852,0.1828,0.1848,666148.61,0
2025-03-08 01:00:00,0.1848,0.1852,0.1802,0.1826,1126909.09,0
2025-03-08 02:00:00,0.1827,0.1842,0.1823,0.1838,502830.3,0
2025-03-08 03:00:00,0.1838,0.1838,0.1817,0.1831,652846.55,0
2025-03-08 04:00:00,0.1832,0.1849,0.1821,0.1844,1285290.6,0
2025-03-08 05:00:00,0.1844,0.1846,0.1811,0.1818,648937.35,0
2025-03-08 06:00:00,0.1818,0.1828,0.1809,0.1813,632874.46,0
2025-03-08 07:00:00,0.1813,0.1824,0.1792,0.1793,721914.95,0
2025-03-08 08:00:00,0.1793,0.1802,0.1761,0.1763,1576400.81,0
2025-03-08 09:00:00,0.1762,0.1796,0.1761,0.1771,1094458.12,0
2025-03-08 10:00:00,0.1772,0.1789,0.1768,0.1783,787266.39,0
2025-03-08 11:00:00,0.1783,0.1784,0.175,0.1764,957875.66,0
2025-03-08 12:00:00,0.1764,0.1787,0.1744,0.1778,1548835.24,0
2025-03-08 13:00:00,0.1778,0.1794,0.177,0.1785,640392.3,0
2025-03-08 14:00:00,0.1785,0.1789,0.1767,0.1768,835809.65,0
2025-03-08 15:00:00,0.1767,0.1773,0.1756,0.1759,820872.5,0
2025-03-08 16:00:00,0.1759,0.1776,0.1743,0.177,1032377.08,0
2025-03-08 17:00:00,0.1769,0.1797,0.1762,0.1785,1002210.85,0
2025-03-08 18:00:00,0.1785,0.1805,0.178,0.1798,612961.29,0
2025-03-08 19:00:00,0.1798,0.1804,0.1787,0.1797,722819.04,0
2025-03-08 20:00:00,0.1798,0.1799,0.1784,0.1785,537175.39,0
2025-03-08 21:00:00,0.1785,0.1794,0.1772,0.1776,361904.13,0
2025-03-08 22:00:00,0.1776,0.1777,0.1743,0.1766,753207.87,0
2025-03-08 23:00:00,0.1767,0.1773,0.176,0.1765,323435.39,0
2025-03-09 00:00:00,0.1765,0.1777,0.176,0.1768,701923.05,0
2025-03-09 01:00:00,0.1768,0.1771,0.1749,0.1755,439727.87,0
2025-03-09 02:00:00,0.1754,0.1761,0.1732,0.1733,876443.77,0
2025-03-09 03:00:00,0.1735,0.1742,0.1725,0.1736,990321.19,0
2025-03-09 04:00:00,0.1736,0.1745,0.1728,0.1742,792813.66,0
2025-03-09 05:00:00,0.1742,0.1742,0.1721,0.1723,425681.08,0
2025-03-09 06:00:00,0.1724,0.1728,0.1708,0.1723,842203.83,0
2025-03-09 07:00:00,0.1724,0.1738,0.1721,0.1734,727277.23,0
2025-03-09 08:00:00,0.1734,0.1734,0.1713,0.1719,1085242.19,0
2025-03-09 09:00:00,0.172,0.1727,0.1707,0.171,829673.87,0
2025-03-09 10:00:00,0.171,0.1718,0.1679,0.1685,1861680.66,0
2025-03-09 11:00:00,0.1685,0.1698,0.168,0.1695,710240.28,0
2025-03-09 12:00:00,0.1695,0.1708,0.1685,0.1701,1462008.15,0
2025-03-09 13:00:00,0.1701,0.1707,0.1655,0.1656,2426850.53,0
2025-03-09 14:00:00,0.1655,0.1678,0.1648,0.1666,3070039.55,0
2025-03-09 15:00:00,0.1667,0.1674,0.162,0.1632,3305422.72,0
2025-03-09 16:00:00,0.1631,0.1644,0.1584,0.1588,5264436.07,0
2025-03-09 17:00:00,0.1588,0.1595,0.1541,0.1549,3353793.59,0
2025-03-09 18:00:00,0.1549,0.156,0.1506,0.1532,5252415.02,0
2025-03-09 19:00:00,0.1532,0.1578,0.1528,0.1566,2222017.02,0
2025-03-09 20:00:00,0.1566,0.159,0.1562,0.158,1597558.57,0
2025-03-09 21:00:00,0.1579,0.1584,0.1546,0.1549,2308528.79,0
2025-03-09 22:00:00,0.155,0.1555,0.153,0.1548,1805121.09,0
2025-03-09 23:00:00,0.1549,0.1566,0.1533,0.1551,2173413.69,0
2025-03-10 00:00:00,0.1552,0.1584,0.1528,0.1575,3056114.37,0
2025-03-10 01:00:00,0.1574,0.1594,0.1565,0.1566,1541651.59,0
2025-03-10 02:00:00,0.1567,0.1582,0.1554,0.1564,1613959.09,0
2025-03-10 03:00:00,0.1564,0.1579,0.1552,0.1568,624850.72,0
2025-03-10 04:00:00,0.1568,0.1601,0.1567,0.16,1415767.97,0
2025-03-10 05:00:00,0.1601,0.1607,0.1588,0.1588,694817.1,0
2025-03-10 06:00:00,0.1588,0.1595,0.1574,0.1594,3148059.04,0
2025-03-10 07:00:00,0.1594,0.1605,0.1589,0.1599,1098261.92,0
2025-03-10 08:00:00,0.16,0.1601,0.1575,0.1588,1498042.38,0
2025-03-10 09:00:00,0.1587,0.1649,0.1578,0.1611,8865398.35,0
2025-03-10 10:00:00,0.1611,0.162,0.1594,0.1608,1837021.21,0
2025-03-10 11:00:00,0.1608,0.1636,0.1596,0.1626,1664468.41,0
2025-03-10 12:00:00,0.1626,0.1648,0.1623,0.164,2911827.14,0
2025-03-10 13:00:00,0.1641,0.1649,0.1603,0.1607,2630298.97,0
2025-03-10 14:00:00,0.1607,0.1611,0.1529,0.1544,6740739.51,0
2025-03-10 15:00:00,0.1545,0.1576,0.1537,0.1556,2471023.21,0
2025-03-10 16:00:00,0.1557,0.1565,0.1541,0.1556,2702888.45,0
2025-03-10 17:00:00,0.1557,0.1563,0.148,0.1485,7323721.78,0
2025-03-10 18:00:00,0.1485,0.1505,0.1407,0.1411,10681439.98,0
2025-03-10 19:00:00,0.1411,0.1474,0.1404,0.1463,10532633.36,0
2025-03-10 20:00:00,0.1462,0.148,0.145,0.1471,2158334.84,0
2025-03-10 21:00:00,0.147,0.149,0.1459,0.1474,2586786.39,0
2025-03-10 22:00:00,0.1475,0.148,0.1455,0.1463,1611223.84,0
2025-03-10 23:00:00,0.1463,0.1478,0.1451,0.1454,1482675.23,0
2025-03-11 00:00:00,0.1454,0.1478,0.1349,0.1384,10099393.43,0
2025-03-11 01:00:00,0.1383,0.1421,0.135,0.1421,7926500.12,0
2025-03-11 02:00:00,0.1422,0.1455,0.1417,0.1446,1838258.32,0
2025-03-11 03:00:00,0.1445,0.1464,0.1439,0.144,1077554.53,0
2025-03-11 04:00:00,0.144,0.1465,0.1437,0.1454,870402.08,0
2025-03-11 05:00:00,0.1453,0.1494,0.1452,0.1487,3002654.71,0
2025-03-11 06:00:00,0.1487,0.1509,0.1484,0.1501,1275205.26,0
2025-03-11 07:00:00,0.1502,0.152,0.1496,0.1499,1508909.6,0
2025-03-11 08:00:00,0.1499,0.1519,0.1494,0.1507,1487361.4,0
2025-03-11 09:00:00,0.1508,0.1522,0.1506,0.1508,1582211.38,0
2025-03-11 10:00:00,0.1508,0.1522,0.1504,0.1517,1637020.35,0
2025-03-11 11:00:00,0.1517,0.1534,0.1503,0.1523,1484274.56,0
2025-03-11 12:00:00,0.1523,0.1524,0.1496,0.1496,1677199.53,0
2025-03-11 13:00:00,0.1495,0.1546,0.1476,0.152,8911767.96,0
2025-03-11 14:00:00,0.152,0.153,0.1447,0.1465,9233127.69,0
2025-03-11 15:00:00,0.1463,0.1535,0.1462,0.1528,3648067.41,0
2025-03-11 16:00:00,0.1527,0.1557,0.1522,0.1535,3178387.64,0
2025-03-11 17:00:00,0.1534,0.1542,0.1508,0.1517,1595396.8,0
2025-03-11 18:00:00,0.1517,0.1596,0.1517,0.1582,6495548.33,0
2025-03-11 19:00:00,0.1582,0.1607,0.1571,0.1598,2250382.09,0
2025-03-11 20:00:00,0.1597,0.1606,0.1581,0.1581,2252889.73,0
2025-03-11 21:00:00,0.1581,0.1593,0.1577,0.1588,1227111.13,0
2025-03-11 22:00:00,0.1587,0.1599,0.1584,0.1593,1128791.27,0
2025-03-11 23:00:00,0.1595,0.1596,0.1568,0.1572,1910024.4,0
2025-03-12 00:00:00,0.1572,0.1577,0.1555,0.1566,1178295.11,0
2025-03-12 01:00:00,0.1565,0.1606,0.1564,0.1594,1167612.2,0
2025-03-12 02:00:00,0.1594,0.1606,0.158,0.1586,3004094.95,0
2025-03-12 03:00:00,0.1587,0.1589,0.1553,0.1554,1304071.67,0
2025-03-12 04:00:00,0.1556,0.156,0.1536,0.1553,1231345.35,0
2025-03-12 05:00:00,0.1553,0.1587,0.1551,0.1578,1513657.77,0
2025-03-12 06:00:00,0.1577,0.1595,0.1562,0.1594,1065790.9,0
2025-03-12 07:00:00,0.1593,0.1626,0.1591,0.1624,3949075.54,0
2025-03-12 08:00:00,0.1624,0.1683,0.162,0.1671,5375873.25,0
2025-03-12 09:00:00,0.1671,0.1697,0.165,0.1674,5396518.91,0
2025-03-12 10:00:00,0.1673,0.1679,0.1645,0.1665,2853869.38,0
2025-03-12 11:00:00,0.1666,0.168,0.1659,0.168,1911333.13,0
2025-03-12 12:00:00,0.1681,0.1726,0.1672,0.1707,8930922.69,0
2025-03-12 13:00:00,0.1708,0.1711,0.1665,0.1674,3442548.16,0
2025-03-12 14:00:00,0.1673,0.1682,0.164,0.1642,3097341.8,0
2025-03-12 15:00:00,0.1644,0.165,0.1618,0.1646,4033620.13,0
2025-03-12 16:00:00,0.1646,0.1675,0.1638,0.1647,2316827.49,0
2025-03-12 17:00:00,0.1646,0.1665,0.1638,0.1641,1750135.93,0
2025-03-12 18:00:00,0.1641,0.1663,0.1639,0.1653,1020187.23,0
2025-03-12 19:00:00,0.1653,0.1656,0.1639,0.1648,1709449.4,0
2025-03-12 20:00:00,0.1647,0.1658,0.1642,0.1651,2524617.37,0
2025-03-12 21:00:00,0.1651,0.1672,0.165,0.1667,1406367.52,0
2025-03-12 22:00:00,0.1667,0.1679,0.1661,0.1667,1629851.19,0
2025-03-12 23:00:00,0.1666,0.1688,0.1657,0.1686,1369026.65,0
2025-03-13 00:00:00,0.1684,0.1695,0.167,0.1685,1836777.79,0
2025-03-13 01:00:00,0.1687,0.1699,0.1673,0.1693,1570611.0,0
2025-03-13 02:00:00,0.1693,0.1704,0.1679,0.1686,786675.46,0
2025-03-13 03:00:00,0.1686,0.1699,0.1681,0.1693,1329856.42,0
2025-03-13 04:00:00,0.1693,0.1701,0.1674,0.1678,1545934.97,0
2025-03-13 05:00:00,0.1677,0.1691,0.1669,0.1676,1224584.64,0
2025-03-13 06:00:00,0.1676,0.1699,0.1674,0.1698,1303973.47,0
2025-03-13 07:00:00,0.1698,0.1708,0.1689,0.1703,1667833.26,0
2025-03-13 08:00:00,0.1702,0.1713,0.1688,0.1711,1451323.84,0
2025-03-13 09:00:00,0.1712,0.1749,0.1704,0.1745,2275546.25,0
2025-03-13 10:00:00,0.1745,0.1773,0.1738,0.1768,2164897.4,0
2025-03-13 11:00:00,0.1768,0.1769,0.1742,0.1756,1460679.46,0
2025-03-13 12:00:00,0.1756,0.1784,0.1743,0.1747,5490111.6,0
2025-03-13 13:00:00,0.175,0.1766,0.1698,0.1705,3083282.99,0
2025-03-13 14:00:00,0.1705,0.1734,0.1699,0.1717,2138549.38,0
2025-03-13 15:00:00,0.1717,0.1721,0.1697,0.1711,2134823.49,0
2025-03-13 16:00:00,0.1711,0.1714,0.1661,0.1671,2840707.74,0
2025-03-13 17:00:00,0.1671,0.1678,0.1642,0.1653,3011747.18,0
2025-03-13 18:00:00,0.1652,0.1674,0.1651,0.1659,1387923.73,0
2025-03-13 19:00:00,0.1659,0.1666,0.1637,0.165,1676133.94,0
2025-03-13 20:00:00,0.165,0.1659,0.1633,0.1637,1212710.63,0
2025-03-13 21:00:00,0.1636,0.1655,0.1629,0.1655,1157357.01,0
2025-03-13 22:00:00,0.1655,0.171,0.1655,0.171,1419997.4,0
2025-03-13 23:00:00,0.1709,0.1724,0.1699,0.1702,1375263.74,0
2025-03-14 00:00:00,0.1702,0.1714,0.169,0.1703,1695703.62,0
2025-03-14 01:00:00,0.1703,0.1714,0.169,0.1706,1425054.69,0
2025-03-14 02:00:00,0.1707,0.1721,0.1705,0.1718,666194.85,0
2025-03-14 03:00:00,0.1718,0.172,0.1702,0.172,563034.15,0
2025-03-14 04:00:00,0.1719,0.1735,0.1719,0.1734,491615.34,0
2025-03-14 05:00:00,0.1734,0.1746,0.1729,0.1737,689971.12,0
2025-03-14 06:00:00,0.1736,0.1738,0.1717,0.1734,860747.47,0
2025-03-14 07:00:00,0.1733,0.1761,0.1728,0.1748,696960.43,0
2025-03-14 08:00:00,0.1748,0.1777,0.1741,0.1764,997095.69,0
2025-03-14 09:00:00,0.1764,0.1767,0.1742,0.1749,689638.92,0
2025-03-14 10:00:00,0.1748,0.1767,0.1739,0.1748,1323603.8,0
2025-03-14 11:00:00,0.1747,0.1758,0.1741,0.1754,1128575.4,0
2025-03-14 12:00:00,0.1754,0.1759,0.1734,0.1745,1780792.31,0
2025-03-14 13:00:00,0.1745,0.1755,0.1732,0.1745,1196578.0,0
2025-03-14 14:00:00,0.1745,0.1767,0.1729,0.1755,3345939.34,0
2025-03-14 15:00:00,0.1755,0.1796,0.1755,0.177,3334123.65,0
2025-03-14 16:00:00,0.1771,0.1801,0.1761,0.1799,1827834.12,0
2025-03-14 17:00:00,0.1799,0.1803,0.1776,0.1784,1003063.39,0
2025-03-14 18:00:00,0.1783,0.1798,0.1777,0.1791,1119578.06,0
2025-03-14 19:00:00,0.179,0.181,0.1787,0.1797,882521.23,0
2025-03-14 20:00:00,0.1796,0.1808,0.1787,0.1791,1206904.15,0
2025-03-14 21:00:00,0.1791,0.1793,0.1775,0.1777,852067.21,0
2025-03-14 22:00:00,0.1778,0.1779,0.1769,0.1775,615154.3,0
2025-03-14 23:00:00,0.1775,0.1776,0.1751,0.1754,1166587.47,0
2025-03-15 00:00:00,0.1753,0.1761,0.1744,0.1752,1208558.14,0
2025-03-15 01:00:00,0.1752,0.1761,0.1739,0.1744,770364.27,0
2025-03-15 02:00:00,0.1744,0.1753,0.1737,0.1752,434132.58,0
2025-03-15 03:00:00,0.1752,0.1771,0.1749,0.1769,853786.06,0
2025-03-15 04:00:00,0.1768,0.1772,0.1748,0.176,730160.63,0
2025-03-15 05:00:00,0.176,0.176,0.1744,0.1746,430466.43,0
2025-03-15 06:00:00,0.1746,0.1769,0.1746,0.1769,403829.37,0
2025-03-15 07:00:00,0.1769,0.177,0.1753,0.1761,651487.24,0
2025-03-15 08:00:00,0.1762,0.1776,0.1746,0.1774,1286369.48,0
2025-03-15 09:00:00,0.1774,0.1774,0.1756,0.1774,671448.98,0
2025-03-15 10:00:00,0.1774,0.1789,0.1772,0.1789,829716.22,0
2025-03-15 11:00:00,0.1788,0.1799,0.1779,0.1796,537010.68,0
2025-03-15 12:00:00,0.1796,0.1817,0.1793,0.1804,1365340.3,0
2025-03-15 13:00:00,0.1805,0.1837,0.18,0.1834,1513656.39,0
2025-03-15 14:00:00,0.1833,0.1843,0.1826,0.1835,1205968.24,0
2025-03-15 15:00:00,0.1834,0.1847,0.182,0.1841,1173472.15,0
2025-03-15 16:00:00,0.1843,0.1874,0.1843,0.1862,2205275.57,0
2025-03-15 17:00:00,0.1862,0.1878,0.1856,0.1868,769109.92,0
2025-03-15 18:00:00,0.1868,0.1871,0.1843,0.1865,833288.39,0
2025-03-15 19:00:00,0.1865,0.1867,0.1846,0.1851,594550.72,0
2025-03-15 20:00:00,0.1851,0.1861,0.1847,0.1848,298707.53,0
2025-03-15 21:00:00,0.1849,0.1888,0.1846,0.1888,1292658.45,0
2025-03-15 22:00:00,0.1886,0.1892,0.1876,0.1876,543694.48,0
2025-03-15 23:00:00,0.1875,0.1885,0.1864,0.1871,1130743.92,0
2025-03-16 00:00:00,0.1871,0.1871,0.1846,0.1846,653117.06,0
2025-03-16 01:00:00,0.1846,0.185,0.183,0.1836,1248829.44,0
2025-03-16 02:00:00,0.1836,0.184,0.1826,0.1829,604681.7,0
2025-03-16 03:00:00,0.1829,0.1855,0.1829,0.1847,332502.62,0
2025-03-16 04:00:00,0.1847,0.1853,0.1836,0.1847,525775.87,0
2025-03-16 05:00:00,0.1848,0.1867,0.184,0.1867,348162.5,0
2025-03-16 06:00:00,0.1867,0.1877,0.186,0.1869,311714.76,0
2025-03-16 07:00:00,0.1869,0.1897,0.1861,0.1892,617191.97,0
2025-03-16 08:00:00,0.1892,0.1904,0.1877,0.1901,1158100.34,0
2025-03-16 09:00:00,0.1901,0.1904,0.1861,0.1861,991692.48,0
2025-03-16 10:00:00,0.1861,0.1867,0.1831,0.1832,767042.14,0
2025-03-16 11:00:00,0.1831,0.1834,0.1793,0.18,2379392.66,0
2025-03-16 12:00:00,0.1799,0.1821,0.1793,0.1803,1205243.32,0
2025-03-16 13:00:00,0.1802,0.1818,0.1768,0.1771,2110850.02,0
2025-03-16 14:00:00,0.1771,0.1796,0.1769,0.1796,1151038.47,0
2025-03-16 15:00:00,0.1796,0.1805,0.1779,0.1802,931904.6,0
2025-03-16 16:00:00,0.1801,0.1834,0.1794,0.1821,5245744.87,0
2025-03-16 17:00:00,0.1821,0.183,0.1798,0.1807,780695.67,0
2025-03-16 18:00:00,0.1806,0.1808,0.1785,0.1788,720993.84,0
2025-03-16 19:00:00,0.1789,0.1791,0.1755,0.1766,1403282.5,0
2025-03-16 20:00:00,0.1767,0.1789,0.1765,0.1781,658543.03,0
2025-03-16 21:00:00,0.1781,0.1798,0.1772,0.1776,1160194.3,0
2025-03-16 22:00:00,0.1775,0.1779,0.1751,0.1752,466996.2,0
2025-03-16 23:00:00,0.1753,0.177,0.1746,0.1759,685430.67,0
2025-03-17 00:00:00,0.1759,0.1792,0.1757,0.1786,853109.62,0
2025-03-17 01:00:00,0.1787,0.1801,0.1773,0.1793,432318.07,0
2025-03-17 02:00:00,0.1794,0.1798,0.178,0.1782,714381.89,0
2025-03-17 03:00:00,0.1783,0.1802,0.178,0.1801,544763.78,0
2025-03-17 04:00:00,0.1801,0.181,0.1792,0.1797,817855.45,0
2025-03-17 05:00:00,0.1796,0.1798,0.178,0.178,532241.77,0
2025-03-17 06:00:00,0.1781,0.1791,0.1769,0.1784,817376.42,0
2025-03-17 07:00:00,0.1783,0.1817,0.1782,0.1813,889157.63,0
2025-03-17 08:00:00,0.1813,0.1825,0.1798,0.1814,1239466.26,0
2025-03-17 09:00:00,0.1814,0.1828,0.1809,0.1826,876962.47,0
2025-03-17 10:00:00,0.1827,0.1846,0.182,0.1842,1369024.22,0
2025-03-17 11:00:00,0.1842,0.186,0.1837,0.184,773701.53,0
2025-03-17 12:00:00,0.184,0.1874,0.1821,0.1822,5746198.56,0
2025-03-17 13:00:00,0.1822,0.1833,0.1809,0.1814,1515514.67,0
2025-03-17 14:00:00,0.1813,0.1836,0.1801,0.1822,1979574.06,0
2025-03-17 15:00:00,0.1823,0.1838,0.1812,0.1832,1201035.36,0
2025-03-17 16:00:00,0.1833,0.1846,0.1817,0.1824,1396462.78,0
2025-03-17 17:00:00,0.1824,0.1862,0.182,0.1853,1276414.65,0
2025-03-17 18:00:00,0.1853,0.1887,0.1849,0.1886,1049169.63,0
2025-03-17 19:00:00,0.1887,0.1887,0.1866,0.1868,721500.51,0
2025-03-17 20:00:00,0.1869,0.1869,0.1846,0.1852,1749368.88,0
2025-03-17 21:00:00,0.1852,0.1855,0.1834,0.1842,1292483.09,0
2025-03-17 22:00:00,0.1842,0.1846,0.1825,0.1829,691072.92,0
2025-03-17 23:00:00,0.1829,0.1829,0.181,0.1812,1091407.08,0
2025-03-18 00:00:00,0.1813,0.1821,0.1798,0.1807,783064.68,0
2025-03-18 01:00:00,0.1809,0.1816,0.1773,0.1779,1130879.25,0
2025-03-18 02:00:00,0.1779,0.1799,0.1777,0.1791,722436.71,0
2025-03-18 03:00:00,0.1791,0.1796,0.1768,0.1769,501145.71,0
2025-03-18 04:00:00,0.1769,0.1783,0.1766,0.1771,508101.46,0
2025-03-18 05:00:00,0.1772,0.1779,0.1757,0.1762,515428.04,0
2025-03-18 06:00:00,0.1763,0.1768,0.1738,0.1742,1752173.65,0
2025-03-18 07:00:00,0.174,0.1761,0.1737,0.1747,933109.22,0
2025-03-18 08:00:00,0.1747,0.1757,0.1738,0.1751,803092.73,0
2025-03-18 09:00:00,0.1751,0.1764,0.1742,0.1763,1312188.41,0
2025-03-18 10:00:00,0.1763,0.1771,0.1747,0.1764,1165430.54,0
2025-03-18 11:00:00,0.1765,0.1765,0.1741,0.1746,813006.24,0
2025-03-18 12:00:00,0.1745,0.176,0.1737,0.1749,1284648.73,0
2025-03-18 13:00:00,0.1748,0.1752,0.1722,0.1726,2354283.83,0
2025-03-18 14:00:00,0.1725,0.1741,0.1717,0.1734,1483081.11,0
2025-03-18 15:00:00,0.1733,0.1736,0.1707,0.171,2658881.02,0
2025-03-18 16:00:00,0.1709,0.1725,0.1697,0.1712,1053650.52,0
2025-03-18 17:00:00,0.1712,0.1718,0.1697,0.1703,1460190.11,0
2025-03-18 18:00:00,0.1702,0.1715,0.1693,0.1709,813688.79,0
2025-03-18 19:00:00,0.1708,0.1734,0.1707,0.1733,1358989.82,0
2025-03-18 20:00:00,0.1733,0.1741,0.1721,0.1731,620970.64,0
2025-03-18 21:00:00,0.173,0.1738,0.1727,0.1733,557623.07,0
2025-03-18 22:00:00,0.1732,0.1752,0.1732,0.1751,700078.41,0
2025-03-18 23:00:00,0.1751,0.1762,0.1747,0.1748,618056.33,0
2025-03-19 00:00:00,0.1749,0.1775,0.1745,0.1761,923499.78,0
2025-03-19 01:00:00,0.1761,0.1765,0.1743,0.1744,970443.55,0
2025-03-19 02:00:00,0.1744,0.1747,0.1734,0.1746,424968.25,0
2025-03-19 03:00:00,0.1746,0.176,0.1738,0.176,533309.82,0
2025-03-19 04:00:00,0.176,0.1765,0.1751,0.1753,814516.79,0
2025-03-19 05:00:00,0.1754,0.176,0.1751,0.1755,355763.46,0
2025-03-19 06:00:00,0.1756,0.1771,0.1751,0.1752,869193.93,0
2025-03-19 07:00:00,0.1752,0.1753,0.1723,0.1725,1523024.71,0
2025-03-19 08:00:00,0.1726,0.1735,0.1723,0.1729,906708.08,0
2025-03-19 09:00:00,0.1729,0.1737,0.1721,0.1727,663232.82,0
2025-03-19 10:00:00,0.1727,0.1757,0.1724,0.1738,4727769.34,0
2025-03-19 11:00:00,0.1739,0.1795,0.1736,0.1788,4366525.49,0
2025-03-19 12:00:00,0.1788,0.1792,0.1761,0.1773,1808919.04,0
2025-03-19 13:00:00,0.1773,0.1789,0.1751,0.1758,3335477.99,0
2025-03-19 14:00:00,0.1759,0.1783,0.1758,0.1763,1607825.24,0
2025-03-19 15:00:00,0.1762,0.178,0.1754,0.1771,1194555.04,0
2025-03-19 16:00:00,0.1773,0.1777,0.1757,0.1758,1514819.04,0
2025-03-19 17:00:00,0.1759,0.1759,0.1722,0.1737,2591891.09,0
2025-03-19 18:00:00,0.1738,0.177,0.1725,0.1767,4504065.85,0
2025-03-19 19:00:00,0.1768,0.178,0.1756,0.1764,1509811.48,0
2025-03-19 20:00:00,0.1765,0.1775,0.1752,0.1757,625438.48,0
2025-03-19 21:00:00,0.1757,0.1765,0.1745,0.1748,726874.77,0
2025-03-19 22:00:00,0.1749,0.1766,0.1746,0.1758,3369871.83,0
2025-03-19 23:00:00,0.1759,0.1767,0.1752,0.1761,1060853.53,0
2025-03-20 00:00:00,0.1761,0.1769,0.1747,0.1751,1793481.95,0
2025-03-20 01:00:00,0.1751,0.1754,0.1729,0.1734,1158169.04,0
2025-03-20 02:00:00,0.1735,0.1736,0.1723,0.1727,468566.72,0
2025-03-20 03:00:00,0.1728,0.1734,0.1719,0.1727,691635.53,0
2025-03-20 04:00:00,0.1726,0.1735,0.1723,0.1729,537979.11,0
2025-03-20 05:00:00,0.1729,0.1729,0.1707,0.1715,979980.29,0
2025-03-20 06:00:00,0.1715,0.1719,0.1698,0.17,1854888.68,0
2025-03-20 07:00:00,0.17,0.1713,0.1698,0.1702,900029.31,0
2025-03-20 08:00:00,0.1702,0.1728,0.1699,0.1725,1110431.86,0
2025-03-20 09:00:00,0.1724,0.1727,0.17,0.1704,1992541.83,0
2025-03-20 10:00:00,0.1702,0.1702,0.167,0.1674,3444217.98,0
2025-03-20 11:00:00,0.1674,0.1684,0.1672,0.1678,673789.27,0
2025-03-20 12:00:00,0.1679,0.1701,0.1671,0.1697,2963479.55,0
2025-03-20 13:00:00,0.1698,0.1699,0.1682,0.1685,1232436.5,0
2025-03-20 14:00:00,0.1685,0.1712,0.1685,0.1711,2160701.9,0
2025-03-20 15:00:00,0.1711,0.1715,0.1685,0.1685,2096721.92,0
2025-03-20 16:00:00,0.1684,0.1695,0.1642,0.1653,3053715.6,0
2025-03-20 17:00:00,0.1653,0.1679,0.165,0.1671,1070146.34,0
2025-03-20 18:00:00,0.1671,0.1683,0.1667,0.1668,628437.24,0
2025-03-20 19:00:00,0.167,0.169,0.1666,0.1679,656494.24,0
2025-03-20 20:00:00,0.1679,0.1704,0.1677,0.1684,4180972.65,0
2025-03-20 21:00:00,0.1685,0.1701,0.1678,0.1688,1210465.67,0
2025-03-20 22:00:00,0.1687,0.1696,0.1681,0.1684,681226.55,0
2025-03-20 23:00:00,0.1682,0.1685,0.1674,0.1676,640112.33,0
2025-03-21 00:00:00,0.1676,0.1697,0.1675,0.1697,1456689.99,0
2025-03-21 01:00:00,0.1696,0.1698,0.1688,0.1694,564097.15,0
2025-03-21 02:00:00,0.1695,0.1698,0.1678,0.1681,3007481.89,0
2025-03-21 03:00:00,0.168,0.1681,0.1662,0.1669,626244.9,0
2025-03-21 04:00:00,0.1669,0.168,0.1663,0.1673,919040.42,0
2025-03-21 05:00:00,0.1673,0.1673,0.166,0.1672,702304.86,0
2025-03-21 06:00:00,0.1671,0.1674,0.1662,0.1664,580047.77,0
2025-03-21 07:00:00,0.1665,0.1668,0.1647,0.1655,925063.38,0
2025-03-21 08:00:00,0.1655,0.1662,0.1633,0.1642,1495261.35,0
2025-03-21 09:00:00,0.1641,0.1646,0.1628,0.1634,949675.77,0
2025-03-21 10:00:00,0.1634,0.1636,0.1599,0.1613,2291142.39,0
2025-03-21 11:00:00,0.1613,0.1619,0.1601,0.1616,780542.32,0
2025-03-21 12:00:00,0.1616,0.163,0.1611,0.1616,1294860.19,0
2025-03-21 13:00:00,0.1617,0.1624,0.1599,0.1618,1335292.52,0
2025-03-21 14:00:00,0.1618,0.162,0.1601,0.1613,1295665.32,0
2025-03-21 15:00:00,0.1615,0.1617,0.16,0.1602,887280.82,0
2025-03-21 16:00:00,0.1602,0.1638,0.1594,0.163,2633599.55,0
2025-03-21 17:00:00,0.1631,0.164,0.1625,0.1628,1365597.2,0
2025-03-21 18:00:00,0.1628,0.1641,0.1612,0.1619,2290115.02,0
2025-03-21 19:00:00,0.1618,0.1621,0.1612,0.1615,481581.88,0
2025-03-21 20:00:00,0.1615,0.1626,0.1609,0.1624,896843.15,0
2025-03-21 21:00:00,0.1625,0.1652,0.1625,0.1637,700214.04,0
2025-03-21 22:00:00,0.1638,0.1639,0.1611,0.1621,1004685.1,0
2025-03-21 23:00:00,0.1622,0.1624,0.1614,0.1616,420777.4,0
2025-03-22 00:00:00,0.1615,0.1631,0.1614,0.1629,455690.3,0
2025-03-22 01:00:00,0.1629,0.1634,0.1614,0.1614,630425.5,0
2025-03-22 02:00:00,0.1614,0.1627,0.161,0.1618,532366.5,0
2025-03-22 03:00:00,0.1618,0.1635,0.1611,0.1634,517988.14,0
2025-03-22 04:00:00,0.1634,0.1649,0.1634,0.1647,674223.42,0
2025-03-22 05:00:00,0.1647,0.1673,0.1644,0.167,1133358.42,0
2025-03-22 06:00:00,0.1671,0.1682,0.1668,0.1676,515687.62,0
2025-03-22 07:00:00,0.1677,0.1691,0.1674,0.1676,652183.54,0
2025-03-22 08:00:00,0.1676,0.1682,0.167,0.1679,893664.61,0
2025-03-22 09:00:00,0.1679,0.1689,0.1673,0.1673,1307608.94,0
2025-03-22 10:00:00,0.1674,0.1678,0.1668,0.1672,654584.94,0
2025-03-22 11:00:00,0.1673,0.1679,0.1664,0.1679,1035921.64,0
2025-03-22 12:00:00,0.1678,0.1679,0.166,0.1662,715621.99,0
2025-03-22 13:00:00,0.1662,0.1666,0.165,0.1658,673803.13,0
2025-03-22 14:00:00,0.1658,0.1658,0.1645,0.1648,755298.54,0
2025-03-22 15:00:00,0.1649,0.1675,0.1648,0.1673,824788.93,0
2025-03-22 16:00:00,0.1673,0.1684,0.1663,0.1668,3525449.06,0
2025-03-22 17:00:00,0.1667,0.1675,0.1665,0.1674,574442.18,0
2025-03-22 18:00:00,0.1674,0.1685,0.1671,0.1682,999596.63,0
2025-03-22 19:00:00,0.1681,0.1683,0.1665,0.1669,668328.19,0
2025-03-22 20:00:00,0.1668,0.1675,0.1661,0.1662,422828.31,0
2025-03-22 21:00:00,0.1661,0.168,0.1639,0.1653,2724474.31,0
2025-03-22 22:00:00,0.1654,0.167,0.1651,0.1665,718586.75,0
2025-03-22 23:00:00,0.1665,0.1675,0.1657,0.1671,1345801.3,0
2025-03-23 00:00:00,0.1671,0.1681,0.1664,0.167,682968.47,0
2025-03-23 01:00:00,0.1669,0.1682,0.1665,0.1681,397646.7,0
2025-03-23 02:00:00,0.1681,0.1689,0.1672,0.1687,573337.18,0
2025-03-23 03:00:00,0.1689,0.1714,0.1687,0.171,1756013.6,0
2025-03-23 04:00:00,0.1711,0.1716,0.1688,0.1689,948018.31,0
2025-03-23 05:00:00,0.1689,0.1692,0.167,0.1678,732373.53,0
2025-03-23 06:00:00,0.1677,0.1691,0.1668,0.1685,840733.0,0
2025-03-23 07:00:00,0.1685,0.171,0.1684,0.1701,1077188.56,0
2025-03-23 08:00:00,0.1702,0.1718,0.1699,0.1703,1981119.79,0
2025-03-23 09:00:00,0.1703,0.1725,0.1701,0.1718,1962695.56,0
2025-03-23 10:00:00,0.1718,0.173,0.1712,0.1712,1679960.19,0
2025-03-23 11:00:00,0.1713,0.1722,0.1705,0.1722,1439916.35,0
2025-03-23 12:00:00,0.1723,0.1728,0.1707,0.1714,1526100.41,0
2025-03-23 13:00:00,0.1715,0.1718,0.17,0.1714,1292824.24,0
2025-03-23 14:00:00,0.1713,0.1713,0.168,0.1685,2224535.85,0
2025-03-23 15:00:00,0.1686,0.1701,0.1684,0.1685,1503290.95,0
2025-03-23 16:00:00,0.1685,0.1698,0.1675,0.1691,849836.4,0
2025-03-23 17:00:00,0.1691,0.1693,0.1661,0.1673,959031.07,0
2025-03-23 18:00:00,0.1672,0.1682,0.1667,0.1675,816124.4,0
2025-03-23 19:00:00,0.1676,0.1677,0.167,0.1671,710036.75,0
2025-03-23 20:00:00,0.1671,0.1684,0.167,0.1672,563807.61,0
2025-03-23 21:00:00,0.1672,0.1692,0.1661,0.1686,546903.61,0
2025-03-23 22:00:00,0.1687,0.1696,0.168,0.1684,651555.91,0
2025-03-23 23:00:00,0.1684,0.169,0.1678,0.1689,464271.8,0
2025-03-24 00:00:00,0.1689,0.171,0.1681,0.1696,1551165.95,0
2025-03-24 01:00:00,0.1697,0.1697,0.1667,0.1669,672108.53,0
2025-03-24 02:00:00,0.1668,0.1682,0.1666,0.1679,1281938.31,0
2025-03-24 03:00:00,0.1679,0.1714,0.1677,0.1712,1861873.36,0
2025-03-24 04:00:00,0.1712,0.1729,0.1709,0.1727,1076980.97,0
2025-03-24 05:00:00,0.1727,0.1742,0.1726,0.1732,1200727.25,0
2025-03-24 06:00:00,0.1733,0.1749,0.1726,0.173,2269040.84,0
2025-03-24 07:00:00,0.173,0.1741,0.1718,0.1723,2876219.56,0
2025-03-24 08:00:00,0.1722,0.1736,0.1722,0.1731,853569.04,0
2025-03-24 09:00:00,0.1732,0.1744,0.1727,0.1737,896661.17,0
2025-03-24 10:00:00,0.1738,0.1743,0.1733,0.1738,981061.32,0
2025-03-24 11:00:00,0.1739,0.1745,0.1728,0.1735,947533.08,0
2025-03-24 12:00:00,0.1736,0.1752,0.1731,0.1744,1245067.39,0
2025-03-24 13:00:00,0.1745,0.1749,0.1726,0.1747,1814591.82,0
2025-03-24 14:00:00,0.1748,0.1764,0.1734,0.1739,2220841.27,0
2025-03-24 15:00:00,0.174,0.1754,0.1736,0.1753,1455965.33,0
2025-03-24 16:00:00,0.1753,0.1763,0.174,0.1744,946801.31,0
2025-03-24 17:00:00,0.1744,0.1765,0.1738,0.1761,1159914.99,0
2025-03-24 18:00:00,0.1762,0.1789,0.1758,0.1787,1423062.34,0
2025-03-24 19:00:00,0.1787,0.1787,0.177,0.1778,1785462.72,0
2025-03-24 20:00:00,0.1778,0.1791,0.1775,0.178,1169129.2,0
2025-03-24 21:00:00,0.178,0.1793,0.1774,0.1791,617683.87,0
2025-03-24 22:00:00,0.1792,0.1793,0.1768,0.1769,592697.79,0
2025-03-24 23:00:00,0.1769,0.1772,0.1752,0.1771,2439654.21,0
2025-03-25 00:00:00,0.1771,0.1786,0.1763,0.1781,784284.8,0
2025-03-25 01:00:00,0.1781,0.1781,0.1741,0.1745,1349969.31,0
2025-03-25 02:00:00,0.1745,0.1755,0.1738,0.1747,663329.96,0
2025-03-25 03:00:00,0.1747,0.1751,0.1727,0.1736,966343.39,0
2025-03-25 04:00:00,0.1737,0.1749,0.1729,0.1749,900477.69,0
2025-03-25 05:00:00,0.1749,0.1772,0.1749,0.1763,896827.05,0
2025-03-25 06:00:00,0.1764,0.1787,0.1762,0.1773,1668408.73,0
2025-03-25 07:00:00,0.1773,0.1793,0.1764,0.1766,1127336.72,0
2025-03-25 08:00:00,0.1766,0.1779,0.1766,0.1771,923490.39,0
2025-03-25 09:00:00,0.1771,0.1785,0.1765,0.1781,1081800.38,0
2025-03-25 10:00:00,0.1782,0.1786,0.1765,0.178,1199536.43,0
2025-03-25 11:00:00,0.178,0.1794,0.1773,0.1786,1058693.61,0
2025-03-25 12:00:00,0.1786,0.1791,0.1763,0.1765,2405147.78,0
2025-03-25 13:00:00,0.1765,0.1785,0.1757,0.1758,2414230.5,0
2025-03-25 14:00:00,0.1759,0.1778,0.1752,0.1776,1566172.11,0
2025-03-25 15:00:00,0.1776,0.178,0.1761,0.1764,1214487.13,0
2025-03-25 16:00:00,0.1764,0.1779,0.1757,0.1771,1612942.57,0
2025-03-25 17:00:00,0.1771,0.1791,0.177,0.1782,1195537.85,0
2025-03-25 18:00:00,0.1781,0.1788,0.1767,0.1767,1176731.27,0
2025-03-25 19:00:00,0.1768,0.1791,0.1767,0.1788,1100508.83,0
2025-03-25 20:00:00,0.1788,0.1821,0.1788,0.1797,2592450.07,0
2025-03-25 21:00:00,0.1797,0.1813,0.1795,0.1802,770870.42,0
2025-03-25 22:00:00,0.1802,0.1804,0.1782,0.1792,999916.1,0
2025-03-25 23:00:00,0.1792,0.1793,0.178,0.1789,303407.68,0
2025-03-26 00:00:00,0.1789,0.1795,0.1781,0.1789,768072.8,0
2025-03-26 01:00:00,0.179,0.1801,0.1782,0.1801,698369.22,0
2025-03-26 02:00:00,0.1802,0.1805,0.1759,0.1762,1703368.65,0
2025-03-26 03:00:00,0.1762,0.177,0.1758,0.1767,487726.91,0
2025-03-26 04:00:00,0.1765,0.1785,0.1765,0.1782,714404.77,0
2025-03-26 05:00:00,0.1782,0.1801,0.178,0.1795,1110546.17,0
2025-03-26 06:00:00,0.1796,0.1806,0.1791,0.1804,557735.91,0
2025-03-26 07:00:00,0.1803,0.183,0.18,0.1827,1539445.44,0
2025-03-26 08:00:00,0.1827,0.1841,0.1823,0.1826,1307157.07,0
2025-03-26 09:00:00,0.1825,0.1827,0.1807,0.1821,1079312.47,0
2025-03-26 10:00:00,0.1821,0.184,0.1819,0.1835,584000.1,0
2025-03-26 11:00:00,0.1836,0.1842,0.1828,0.1836,1197985.28,0
2025-03-26 12:00:00,0.1837,0.1843,0.1825,0.1837,1646888.15,0
2025-03-26 13:00:00,0.1837,0.1837,0.1775,0.1779,2358209.47,0
2025-03-26 14:00:00,0.1779,0.1789,0.1742,0.1756,3242420.76,0
2025-03-26 15:00:00,0.1757,0.1779,0.1753,0.1771,876320.4,0
2025-03-26 16:00:00,0.177,0.1787,0.1766,0.1773,749443.96,0
2025-03-26 17:00:00,0.1773,0.1776,0.1747,0.1752,1027262.29,0
2025-03-26 18:00:00,0.175,0.1766,0.1745,0.1746,1116999.44,0
2025-03-26 19:00:00,0.1746,0.1759,0.1722,0.1752,1870188.03,0
2025-03-26 20:00:00,0.1751,0.1781,0.1749,0.1772,744645.77,0
2025-03-26 21:00:00,0.1771,0.1776,0.1739,0.1765,1087237.91,0
2025-03-26 22:00:00,0.1765,0.1768,0.1747,0.1755,411507.04,0
2025-03-26 23:00:00,0.1754,0.1762,0.1747,0.1758,468192.28,0
2025-03-27 00:00:00,0.1759,0.179,0.1754,0.1787,1217835.95,0
2025-03-27 01:00:00,0.1788,0.1795,0.1783,0.1784,607860.04,0
2025-03-27 02:00:00,0.1785,0.1804,0.1784,0.1796,547470.04,0
2025-03-27 03:00:00,0.1796,0.1802,0.1793,0.18,421960.35,0
2025-03-27 04:00:00,0.1799,0.1817,0.1789,0.1817,1010160.32,0
2025-03-27 05:00:00,0.1817,0.1817,0.1786,0.1788,600601.17,0
2025-03-27 06:00:00,0.1788,0.1796,0.1783,0.1787,885393.31,0
2025-03-27 07:00:00,0.1787,0.179,0.1771,0.1776,457647.67,0
2025-03-27 08:00:00,0.1776,0.1783,0.1763,0.1772,848897.32,0
2025-03-27 09:00:00,0.1772,0.1775,0.176,0.1762,723264.01,0
2025-03-27 10:00:00,0.1761,0.1772,0.1751,0.1752,897366.45,0
2025-03-27 11:00:00,0.1752,0.1761,0.1733,0.1737,1336776.37,0
2025-03-27 12:00:00,0.1736,0.1756,0.1729,0.1736,995469.89,0
2025-03-27 13:00:00,0.1736,0.1751,0.1714,0.173,1129088.38,0
2025-03-27 14:00:00,0.173,0.177,0.1727,0.1767,1222389.13,0
2025-03-27 15:00:00,0.1767,0.177,0.1746,0.1752,861744.73,0
2025-03-27 16:00:00,0.1753,0.1763,0.1742,0.1742,502403.32,0
2025-03-27 17:00:00,0.1742,0.1745,0.1723,0.1724,493324.7,0
2025-03-27 18:00:00,0.1723,0.1754,0.1723,0.175,525400.75,0
2025-03-27 19:00:00,0.1751,0.1761,0.1746,0.1747,512327.97,0
2025-03-27 20:00:00,0.1747,0.176,0.1739,0.1753,525520.31,0
2025-03-27 21:00:00,0.1753,0.1766,0.174,0.1758,847054.05,0
2025-03-27 22:00:00,0.1759,0.1762,0.1743,0.1743,410744.96,0
2025-03-27 23:00:00,0.1743,0.1745,0.1733,0.1735,408483.76,0
2025-03-28 00:00:00,0.1737,0.1737,0.1715,0.1728,457419.21,0
2025-03-28 01:00:00,0.1728,0.1745,0.1721,0.1737,429649.52,0
2025-03-28 02:00:00,0.1738,0.1746,0.1721,0.1723,616219.13,0
2025-03-28 03:00:00,0.1724,0.1727,0.1699,0.1707,1257528.12,0
2025-03-28 04:00:00,0.1706,0.1712,0.1631,0.1653,6531397.7,0
2025-03-28 05:00:00,0.1653,0.1655,0.1613,0.1618,3398257.36,0
2025-03-28 06:00:00,0.1616,0.163,0.1608,0.1613,2170504.9,0
2025-03-28 07:00:00,0.1614,0.1626,0.1605,0.1614,1995583.59,0
2025-03-28 08:00:00,0.1614,0.1629,0.161,0.1625,2320996.43,0
2025-03-28 09:00:00,0.1625,0.1628,0.1612,0.1621,972351.12,0
2025-03-28 10:00:00,0.1621,0.1628,0.1603,0.1606,935374.25,0
2025-03-28 11:00:00,0.1605,0.1619,0.1595,0.1615,2672101.67,0
2025-03-28 12:00:00,0.1615,0.1618,0.1585,0.1593,3401829.88,0
2025-03-28 13:00:00,0.1592,0.1613,0.1588,0.1589,1025514.66,0
2025-03-28 14:00:00,0.1589,0.1606,0.1581,0.1597,1134386.67,0
2025-03-28 15:00:00,0.1596,0.1605,0.1588,0.1589,536027.92,0
2025-03-28 16:00:00,0.159,0.1598,0.1572,0.1576,952266.31,0
2025-03-28 17:00:00,0.1576,0.159,0.1575,0.1589,534396.46,0
2025-03-28 18:00:00,0.1589,0.1594,0.1584,0.1593,792473.7,0
2025-03-28 19:00:00,0.1592,0.1595,0.1574,0.1579,581231.02,0
2025-03-28 20:00:00,0.1579,0.1595,0.1553,0.1559,2067127.28,0
2025-03-28 21:00:00,0.1558,0.1576,0.1552,0.1574,1184293.59,0
2025-03-28 22:00:00,0.1575,0.1584,0.1573,0.1582,1014916.77,0
2025-03-28 23:00:00,0.1582,0.1583,0.1571,0.1579,433396.27,0
2025-03-29 00:00:00,0.158,0.1599,0.1576,0.1583,528098.23,0
2025-03-29 01:00:00,0.1583,0.159,0.1575,0.158,363381.88,0
2025-03-29 02:00:00,0.1581,0.1586,0.1555,0.1557,509384.48,0
2025-03-29 03:00:00,0.1557,0.1572,0.1529,0.157,1531146.43,0
2025-03-29 04:00:00,0.1568,0.1571,0.1555,0.1557,349922.73,0
2025-03-29 05:00:00,0.1557,0.156,0.1541,0.1547,351782.6,0
2025-03-29 06:00:00,0.1546,0.1546,0.1523,0.1532,1211782.71,0
2025-03-29 07:00:00,0.1532,0.1536,0.1511,0.152,1209855.65,0
2025-03-29 08:00:00,0.1519,0.1537,0.1515,0.1534,913766.93,0
2025-03-29 09:00:00,0.1534,0.1534,0.1504,0.1525,1586361.58,0
2025-03-29 10:00:00,0.1525,0.1529,0.1513,0.1514,822924.6,0
2025-03-29 11:00:00,0.1514,0.1516,0.1488,0.1502,2115849.45,0
2025-03-29 12:00:00,0.1504,0.1523,0.1499,0.1515,678713.17,0
2025-03-29 13:00:00,0.1516,0.1528,0.1516,0.1522,698250.67,0
2025-03-29 14:00:00,0.1522,0.1524,0.1506,0.1508,332249.92,0
2025-03-29 15:00:00,0.1508,0.1516,0.1499,0.1501,478927.3,0
2025-03-29 16:00:00,0.15,0.1507,0.1471,0.1473,1525450.81,0
2025-03-29 17:00:00,0.1474,0.149,0.1457,0.1473,1815853.43,0
2025-03-29 18:00:00,0.1472,0.1488,0.1469,0.1474,1018086.57,0
2025-03-29 19:00:00,0.1475,0.1483,0.1468,0.1482,780291.01,0
2025-03-29 20:00:00,0.1482,0.1483,0.1453,0.1454,1159066.22,0
2025-03-29 21:00:00,0.1455,0.147,0.1452,0.1463,844697.87,0
2025-03-29 22:00:00,0.1464,0.1468,0.1455,0.146,564521.6,0
2025-03-29 23:00:00,0.146,0.1478,0.1455,0.1475,480662.21,0
2025-03-30 00:00:00,0.1475,0.1477,0.1455,0.1475,643950.46,0
2025-03-30 01:00:00,0.1475,0.15,0.1474,0.149,1051542.52,0
2025-03-30 02:00:00,0.149,0.1517,0.149,0.1509,880108.48,0
2025-03-30 03:00:00,0.151,0.1519,0.1501,0.1503,778651.51,0
2025-03-30 04:00:00,0.1503,0.1527,0.1503,0.1521,602323.02,0
2025-03-30 05:00:00,0.1521,0.153,0.1511,0.1512,1167703.85,0
2025-03-30 06:00:00,0.1513,0.1523,0.1504,0.1515,438156.86,0
2025-03-30 07:00:00,0.1514,0.1524,0.1513,0.1514,211500.55,0
2025-03-30 08:00:00,0.1515,0.1535,0.1513,0.1534,696398.59,0
2025-03-30 09:00:00,0.1536,0.154,0.1529,0.1532,704338.47,0
2025-03-30 10:00:00,0.1531,0.154,0.1507,0.1507,851637.0,0
2025-03-30 11:00:00,0.1506,0.1525,0.1506,0.1516,695346.53,0
2025-03-30 12:00:00,0.1517,0.1524,0.1511,0.152,681401.43,0
2025-03-30 13:00:00,0.1519,0.1529,0.1491,0.1492,2389425.31,0
2025-03-30 14:00:00,0.1493,0.152,0.1483,0.1507,4962202.1,0
2025-03-30 15:00:00,0.1507,0.1525,0.1505,0.1506,1402014.9,0
2025-03-30 16:00:00,0.1507,0.1511,0.148,0.1485,690176.03,0
2025-03-30 17:00:00,0.1484,0.1505,0.1483,0.1502,756692.87,0
2025-03-30 18:00:00,0.1502,0.1527,0.1498,0.1526,1344089.39,0
2025-03-30 19:00:00,0.1528,0.154,0.1525,0.1526,499262.61,0
2025-03-30 20:00:00,0.1526,0.1538,0.1519,0.1519,664651.74,0
2025-03-30 21:00:00,0.152,0.1525,0.1502,0.1508,815452.51,0
2025-03-30 22:00:00,0.1508,0.1531,0.1486,0.1523,1116073.22,0
2025-03-30 23:00:00,0.1524,0.1525,0.1501,0.1512,707337.89,0
2025-03-31 00:00:00,0.1513,0.1515,0.1482,0.1491,958567.81,0
2025-03-31 01:00:00,0.149,0.1533,0.1489,0.1527,1301561.85,0
2025-03-31 02:00:00,0.1527,0.1532,0.1511,0.152,393235.85,0
2025-03-31 03:00:00,0.152,0.1526,0.1501,0.1504,446997.62,0
2025-03-31 04:00:00,0.1505,0.1523,0.1498,0.1519,520105.96,0
2025-03-31 05:00:00,0.1518,0.1529,0.1513,0.1514,737191.83,0
2025-03-31 06:00:00,0.1515,0.1518,0.1504,0.1507,820313.78,0
2025-03-31 07:00:00,0.1508,0.1518,0.1484,0.1497,1290046.13,0
2025-03-31 08:00:00,0.15,0.1512,0.1489,0.1494,3788078.68,0
2025-03-31 09:00:00,0.1495,0.1501,0.1465,0.1474,2715676.28,0
2025-03-31 10:00:00,0.1474,0.1494,0.1458,0.1492,1090974.07,0
2025-03-31 11:00:00,0.1494,0.1513,0.1483,0.1506,930244.97,0
2025-03-31 12:00:00,0.1506,0.1531,0.1492,0.1523,2815965.84,0
2025-03-31 13:00:00,0.1523,0.1525,0.1481,0.15,2294342.92,0
2025-03-31 14:00:00,0.1501,0.1531,0.15,0.1529,2286932.26,0
2025-03-31 15:00:00,0.153,0.154,0.1517,0.1518,4066796.32,0
2025-03-31 16:00:00,0.152,0.1529,0.1511,0.1518,1443797.81,0
2025-03-31 17:00:00,0.1519,0.1529,0.1495,0.1505,1133290.73,0
2025-03-31 18:00:00,0.1506,0.1521,0.1502,0.1514,1202527.35,0
2025-03-31 19:00:00,0.1514,0.1521,0.15,0.1503,432369.85,0
2025-03-31 20:00:00,0.1503,0.1513,0.1492,0.1493,428274.96,0
2025-03-31 21:00:00,0.1493,0.1503,0.1486,0.1487,657237.85,0
2025-03-31 22:00:00,0.1486,0.149,0.1476,0.1489,781392.42,0
2025-03-31 23:00:00,0.1489,0.1498,0.1484,0.1485,416877.24,0
2025-04-01 00:00:00,0.1485,0.1507,0.1482,0.1502,988520.67,0
2025-04-01 01:00:00,0.1501,0.1502,0.1488,0.1491,407818.73,0
2025-04-01 02:00:00,0.1491,0.1524,0.149,0.1524,536930.74,0
2025-04-01 03:00:00,0.1525,0.1533,0.1519,0.1523,401894.62,0
2025-04-01 04:00:00,0.1524,0.1538,0.1522,0.1535,737450.43,0
2025-04-01 05:00:00,0.1535,0.1555,0.1535,0.1538,742928.33,0
2025-04-01 06:00:00,0.1539,0.1559,0.1532,0.1553,2331114.48,0
2025-04-01 07:00:00,0.1553,0.1563,0.1546,0.1552,831988.52,0
2025-04-01 08:00:00,0.1552,0.1583,0.1552,0.1579,1887866.71,0
2025-04-01 09:00:00,0.158,0.1588,0.1561,0.1566,2567799.73,0
2025-04-01 10:00:00,0.1567,0.1567,0.1528,0.1529,3498691.34,0
2025-04-01 11:00:00,0.1529,0.1533,0.1517,0.1528,750620.08,0
2025-04-01 12:00:00,0.1528,0.1545,0.1512,0.152,1545848.96,0
2025-04-01 13:00:00,0.1521,0.1537,0.1514,0.153,949727.77,0
2025-04-01 14:00:00,0.153,0.1535,0.1495,0.1527,2285472.24,0
2025-04-01 15:00:00,0.1528,0.1559,0.1523,0.155,3795282.91,0
2025-04-01 16:00:00,0.1551,0.1561,0.1532,0.1533,1442639.74,0
2025-04-01 17:00:00,0.1534,0.1543,0.1516,0.152,3696441.19,0
2025-04-01 18:00:00,0.1521,0.1522,0.1502,0.151,1644964.21,0
2025-04-01 19:00:00,0.151,0.1512,0.1493,0.1501,747249.0,0
2025-04-01 20:00:00,0.15,0.1507,0.1482,0.1505,883062.76,0
2025-04-01 21:00:00,0.1506,0.1519,0.1498,0.1506,643646.99,0
2025-04-01 22:00:00,0.1507,0.152,0.1503,0.1503,321169.81,0
2025-04-01 23:00:00,0.1503,0.151,0.1489,0.1498,328835.6,0
2025-04-02 00:00:00,0.1499,0.1502,0.1465,0.1472,1235328.12,0
2025-04-02 01:00:00,0.1472,0.1473,0.1447,0.1467,2072744.26,0
2025-04-02 02:00:00,0.1467,0.1467,0.1437,0.145,1218482.11,0
2025-04-02 03:00:00,0.145,0.1476,0.1449,0.1465,610086.06,0
2025-04-02 04:00:00,0.1465,0.147,0.1451,0.1453,1001697.04,0
2025-04-02 05:00:00,0.1452,0.1452,0.1431,0.1433,1585666.58,0
2025-04-02 06:00:00,0.1433,0.1441,0.143,0.143,5312282.71,0
2025-04-02 07:00:00,0.143,0.1447,0.142,0.143,2816480.71,0
2025-04-02 08:00:00,0.143,0.1443,0.1424,0.1432,1144585.63,0
2025-04-02 09:00:00,0.1432,0.1455,0.1432,0.1453,981910.35,0
2025-04-02 10:00:00,0.1453,0.1459,0.1432,0.1434,1487522.04,0
2025-04-02 11:00:00,0.1434,0.144,0.1423,0.1426,1020569.03,0
2025-04-02 12:00:00,0.1425,0.1435,0.1417,0.1434,968703.69,0
2025-04-02 13:00:00,0.1434,0.1451,0.1407,0.1432,1955469.59,0
2025-04-02 14:00:00,0.1432,0.1444,0.1418,0.144,2760789.7,0
2025-04-02 15:00:00,0.1441,0.1474,0.1436,0.1457,8339783.24,0
2025-04-02 16:00:00,0.1458,0.1473,0.1449,0.1453,1194423.25,0
2025-04-02 17:00:00,0.1453,0.1459,0.1415,0.1425,1509666.01,0
2025-04-02 18:00:00,0.1426,0.1441,0.1419,0.143,1218437.93,0
2025-04-02 19:00:00,0.1431,0.144,0.1425,0.1436,726998.05,0
2025-04-02 20:00:00,0.1435,0.1472,0.141,0.1425,13362253.08,0
2025-04-02 21:00:00,0.1425,0.1428,0.1406,0.1416,3081955.24,0
2025-04-02 22:00:00,0.1416,0.1416,0.1337,0.1345,7443052.29,0
2025-04-02 23:00:00,0.1346,0.1365,0.1337,0.1358,1901103.02,0
2025-04-03 00:00:00,0.1358,0.1386,0.1347,0.1385,1976649.08,0
2025-04-03 01:00:00,0.1386,0.1396,0.1381,0.1388,956306.91,0
2025-04-03 02:00:00,0.1389,0.1404,0.1384,0.1401,898588.0,0
2025-04-03 03:00:00,0.1402,0.1405,0.1396,0.1397,433592.95,0
2025-04-03 04:00:00,0.1397,0.1416,0.1397,0.141,1424903.49,0
2025-04-03 05:00:00,0.141,0.1411,0.1385,0.1387,2050035.98,0
2025-04-03 06:00:00,0.1388,0.1397,0.1372,0.1374,1872278.97,0
2025-04-03 07:00:00,0.1374,0.1378,0.1339,0.1352,5364671.68,0
2025-04-03 08:00:00,0.1352,0.1361,0.1334,0.1342,3885694.4,0
2025-04-03 09:00:00,0.1341,0.1344,0.1317,0.1328,4219530.55,0
2025-04-03 10:00:00,0.1327,0.1331,0.1282,0.1298,7253769.57,0
2025-04-03 11:00:00,0.1297,0.131,0.129,0.1307,2040956.26,0
2025-04-03 12:00:00,0.1306,0.1313,0.1269,0.1273,4663597.63,0
2025-04-03 13:00:00,0.1273,0.1314,0.1273,0.1313,4635280.83,0
2025-04-03 14:00:00,0.1313,0.1318,0.1287,0.129,2701147.92,0
2025-04-03 15:00:00,0.129,0.1321,0.129,0.1319,1700490.77,0
2025-04-03 16:00:00,0.1319,0.1331,0.1312,0.1315,1027988.24,0
2025-04-03 17:00:00,0.1315,0.1326,0.1309,0.1318,1139615.48,0
2025-04-03 18:00:00,0.132,0.134,0.131,0.133,1952475.02,0
2025-04-03 19:00:00,0.1331,0.1341,0.1328,0.1339,1043229.37,0
2025-04-03 20:00:00,0.134,0.1354,0.1333,0.1352,1627983.14,0
2025-04-03 21:00:00,0.1351,0.1383,0.135,0.138,1668714.3,0
2025-04-03 22:00:00,0.1379,0.1379,0.1363,0.1373,1185759.92,0
2025-04-03 23:00:00,0.1374,0.1381,0.1364,0.1371,1026154.16,0
2025-04-04 00:00:00,0.1371,0.1383,0.1364,0.1365,428804.88,0
2025-04-04 01:00:00,0.1365,0.1371,0.1348,0.1353,990115.28,0
2025-04-04 02:00:00,0.1353,0.1377,0.1353,0.1362,831537.75,0
2025-04-04 03:00:00,0.1364,0.1369,0.1356,0.1365,582932.75,0
2025-04-04 04:00:00,0.1367,0.1367,0.1357,0.1358,597912.87,0
2025-04-04 05:00:00,0.1358,0.138,0.1353,0.1376,893560.7,0
2025-04-04 06:00:00,0.1377,0.1379,0.1363,0.1363,773537.83,0
2025-04-04 07:00:00,0.1364,0.1378,0.1363,0.1377,1303524.67,0
2025-04-04 08:00:00,0.1378,0.1392,0.1377,0.1385,1583034.48,0
2025-04-04 09:00:00,0.1386,0.1387,0.1371,0.138,904013.19,0
2025-04-04 10:00:00,0.138,0.1384,0.1329,0.1332,1896386.7,0
2025-04-04 11:00:00,0.1333,0.1339,0.1309,0.1339,2397257.88,0
2025-04-04 12:00:00,0.1338,0.1357,0.1329,0.1356,3120334.79,0
2025-04-04 13:00:00,0.1356,0.1367,0.1333,0.1364,1744884.38,0
2025-04-04 14:00:00,0.1362,0.1369,0.135,0.1366,1961980.18,0
2025-04-04 15:00:00,0.1366,0.1395,0.1361,0.1362,2998912.45,0
2025-04-04 16:00:00,0.1363,0.1374,0.1356,0.1367,1250214.82,0
2025-04-04 17:00:00,0.1368,0.1397,0.1363,0.1394,1602255.8,0
2025-04-04 18:00:00,0.1395,0.1399,0.1376,0.1383,4393687.09,0
2025-04-04 19:00:00,0.1383,0.1399,0.1381,0.1389,924005.98,0
2025-04-04 20:00:00,0.139,0.1418,0.1389,0.1411,1583178.35,0
2025-04-04 21:00:00,0.141,0.1419,0.1398,0.1414,900116.81,0
2025-04-04 22:00:00,0.1415,0.1417,0.1406,0.1409,437737.07,0
2025-04-04 23:00:00,0.1409,0.1409,0.14,0.1401,406431.2,0
2025-04-05 00:00:00,0.1401,0.1401,0.1388,0.1397,598744.42,0
2025-04-05 01:00:00,0.1397,0.1405,0.1389,0.1389,873330.19,0
2025-04-05 02:00:00,0.1389,0.1389,0.1373,0.1374,562710.76,0
2025-04-05 03:00:00,0.1374,0.1382,0.137,0.1374,652136.37,0
2025-04-05 04:00:00,0.1375,0.1378,0.1367,0.1369,434094.2,0
2025-04-05 05:00:00,0.1369,0.1375,0.1367,0.1369,281952.74,0
2025-04-05 06:00:00,0.1369,0.1383,0.1367,0.1382,505722.38,0
2025-04-05 07:00:00,0.1382,0.1389,0.1377,0.1386,324080.88,0
2025-04-05 08:00:00,0.1386,0.139,0.1381,0.1388,562664.04,0
2025-04-05 09:00:00,0.1388,0.1394,0.1377,0.1383,2555190.26,0
2025-04-05 10:00:00,0.1384,0.1388,0.1378,0.1382,683196.75,0
2025-04-05 11:00:00,0.1382,0.1384,0.1374,0.1376,493038.09,0
2025-04-05 12:00:00,0.1377,0.1382,0.1361,0.1367,1384971.93,0
2025-04-05 13:00:00,0.1367,0.1368,0.1353,0.1358,963789.49,0
2025-04-05 14:00:00,0.1358,0.1376,0.1357,0.1369,483258.4,0
2025-04-05 15:00:00,0.1369,0.1371,0.1355,0.1363,566728.75,0
2025-04-05 16:00:00,0.1363,0.1375,0.1362,0.1368,1326239.73,0
2025-04-05 17:00:00,0.1368,0.1377,0.1363,0.1374,349094.19,0
2025-04-05 18:00:00,0.1373,0.1381,0.1369,0.1375,507615.93,0
2025-04-05 19:00:00,0.1375,0.138,0.1369,0.137,331959.21,0
2025-04-05 20:00:00,0.1371,0.1386,0.137,0.138,860553.15,0
2025-04-05 21:00:00,0.138,0.138,0.1367,0.1367,494512.99,0
2025-04-05 22:00:00,0.1367,0.1378,0.1367,0.1377,516604.88,0
2025-04-05 23:00:00,0.1376,0.1388,0.1373,0.1382,439547.3,0
2025-04-06 00:00:00,0.1382,0.1382,0.1375,0.1376,306969.34,0
2025-04-06 01:00:00,0.1377,0.1383,0.1376,0.1381,212294.68,0
2025-04-06 02:00:00,0.1381,0.1385,0.1372,0.1372,298945.4,0
2025-04-06 03:00:00,0.1373,0.1374,0.1367,0.1372,351099.99,0
2025-04-06 04:00:00,0.1373,0.1377,0.1364,0.1376,306105.1,0
2025-04-06 05:00:00,0.1377,0.1393,0.1376,0.1391,729217.36,0
2025-04-06 06:00:00,0.1391,0.1395,0.1374,0.1374,755671.67,0
2025-04-06 07:00:00,0.1374,0.1379,0.137,0.1375,406348.67,0
2025-04-06 08:00:00,0.1376,0.1383,0.1366,0.1383,541504.56,0
2025-04-06 09:00:00,0.1382,0.1387,0.1373,0.1373,1085227.55,0
2025-04-06 10:00:00,0.1374,0.1375,0.1358,0.1363,1021856.95,0
2025-04-06 11:00:00,0.1362,0.1366,0.1355,0.1361,979403.91,0
2025-04-06 12:00:00,0.1361,0.1363,0.1332,0.1334,1279413.51,0
2025-04-06 13:00:00,0.1334,0.1341,0.1298,0.1307,2850777.82,0
2025-04-06 14:00:00,0.1307,0.133,0.1299,0.133,2047276.21,0
2025-04-06 15:00:00,0.1329,0.1334,0.1316,0.1317,755363.84,0
2025-04-06 16:00:00,0.1317,0.1318,0.1285,0.1288,1456276.14,0
2025-04-06 17:00:00,0.1287,0.1298,0.1253,0.1263,6053609.69,0
2025-04-06 18:00:00,0.1262,0.1266,0.1213,0.122,6204987.73,0
2025-04-06 19:00:00,0.1221,0.1234,0.1203,0.1231,3908429.12,0
2025-04-06 20:00:00,0.1231,0.1238,0.1193,0.1202,7277426.99,0
2025-04-06 21:00:00,0.1202,0.1224,0.12,0.1211,2221223.85,0
2025-04-06 22:00:00,0.1211,0.1236,0.12,0.1211,4713496.13,0
2025-04-06 23:00:00,0.121,0.123,0.1186,0.1226,4805782.03,0
2025-04-07 00:00:00,0.1227,0.1237,0.1212,0.1223,2794120.43,0
2025-04-07 01:00:00,0.1224,0.1256,0.1223,0.1242,2189621.58,0
2025-04-07 02:00:00,0.1244,0.1246,0.1223,0.1226,959633.92,0
2025-04-07 03:00:00,0.1227,0.123,0.1178,0.119,4036209.44,0
2025-04-07 04:00:00,0.119,0.1211,0.1185,0.1203,2767662.78,0
2025-04-07 05:00:00,0.1203,0.1213,0.1187,0.1193,3116284.76,0
2025-04-07 06:00:00,0.1194,0.1202,0.1086,0.1105,17923506.56,0
2025-04-07 07:00:00,0.1105,0.1161,0.1103,0.1131,8886482.15,0
2025-04-07 08:00:00,0.1132,0.1183,0.1115,0.1179,6878729.74,0
2025-04-07 09:00:00,0.1179,0.1204,0.1175,0.1187,4725267.46,0
2025-04-07 10:00:00,0.1188,0.1213,0.1185,0.1196,2808306.25,0
2025-04-07 11:00:00,0.1196,0.121,0.1184,0.1191,1748052.2,0
2025-04-07 12:00:00,0.1192,0.1226,0.1187,0.122,2979962.12,0
2025-04-07 13:00:00,0.122,0.1262,0.1196,0.1256,11097524.36,0
2025-04-07 14:00:00,0.1255,0.1315,0.1229,0.125,21583479.97,0
2025-04-07 15:00:00,0.1248,0.1261,0.123,0.1247,5128711.69,0
2025-04-07 16:00:00,0.1246,0.125,0.1218,0.1222,2335080.77,0
2025-04-07 17:00:00,0.1221,0.1271,0.1221,0.1264,3041296.74,0
2025-04-07 18:00:00,0.1264,0.1267,0.125,0.1252,1809448.53,0
2025-04-07 19:00:00,0.1252,0.1269,0.125,0.1251,3135311.93,0
2025-04-07 20:00:00,0.1252,0.1276,0.125,0.1264,788184.22,0
2025-04-07 21:00:00,0.1265,0.1273,0.1252,0.1263,562796.02,0
2025-04-07 22:00:00,0.1264,0.1277,0.1262,0.1265,725438.03,0
2025-04-07 23:00:00,0.1265,0.1268,0.1249,0.125,531161.6,0
2025-04-08 00:00:00,0.125,0.1263,0.1245,0.1246,893898.42,0
2025-04-08 01:00:00,0.1246,0.1285,0.1239,0.1279,1476643.72,0
2025-04-08 02:00:00,0.1279,0.1293,0.127,0.1271,1201334.04,0
2025-04-08 03:00:00,0.1271,0.1275,0.1259,0.1264,599105.86,0
2025-04-08 04:00:00,0.1264,0.127,0.1261,0.1265,666916.33,0
2025-04-08 05:00:00,0.1264,0.1266,0.1243,0.1246,842368.37,0
2025-04-08 06:00:00,0.1246,0.1246,0.1229,0.123,950139.05,0
2025-04-08 07:00:00,0.1229,0.1234,0.1224,0.123,903892.91,0
2025-04-08 08:00:00,0.123,0.1234,0.1219,0.1231,833276.63,0
2025-04-08 09:00:00,0.1232,0.1247,0.1231,0.1237,814270.72,0
2025-04-08 10:00:00,0.1238,0.1247,0.1236,0.1237,649066.18,0
2025-04-08 11:00:00,0.1238,0.1274,0.1237,0.1272,982467.28,0
2025-04-08 12:00:00,0.1273,0.1277,0.1252,0.126,1058227.12,0
2025-04-08 13:00:00,0.126,0.1279,0.1259,0.1274,1699680.99,0
2025-04-08 14:00:00,0.1273,0.1279,0.1243,0.1243,1102205.15,0
2025-04-08 15:00:00,0.1243,0.1253,0.1238,0.1247,1031252.05,0
2025-04-08 16:00:00,0.1247,0.1247,0.1206,0.1211,1947351.38,0
2025-04-08 17:00:00,0.1211,0.1212,0.1178,0.1206,3811696.29,0
2025-04-08 18:00:00,0.1206,0.1222,0.1196,0.1222,2267397.51,0
2025-04-08 19:00:00,0.1223,0.1233,0.1194,0.1203,5538903.56,0
2025-04-08 20:00:00,0.1203,0.122,0.1199,0.1213,884693.32,0
2025-04-08 21:00:00,0.1214,0.1219,0.1202,0.121,618340.77,0
2025-04-08 22:00:00,0.121,0.1211,0.1187,0.1202,1128447.16,0
2025-04-08 23:00:00,0.1201,0.1205,0.1192,0.1201,1045806.45,0
2025-04-09 00:00:00,0.1201,0.1208,0.1188,0.1189,940808.6,0
2025-04-09 01:00:00,0.119,0.1191,0.1141,0.1186,5187449.65,0
2025-04-09 02:00:00,0.1188,0.1197,0.1172,0.1172,2730030.11,0
2025-04-09 03:00:00,0.1171,0.1178,0.1157,0.117,1457843.59,0
2025-04-09 04:00:00,0.1169,0.1201,0.1168,0.1191,2058574.77,0
2025-04-09 05:00:00,0.1192,0.1212,0.119,0.1207,1846793.88,0
2025-04-09 06:00:00,0.1208,0.1228,0.1208,0.1216,1430662.77,0
2025-04-09 07:00:00,0.1217,0.1241,0.1216,0.1235,2741481.0,0
2025-04-09 08:00:00,0.1236,0.1244,0.1229,0.1241,1022397.19,0
2025-04-09 09:00:00,0.1241,0.1246,0.123,0.1237,865966.03,0
2025-04-09 10:00:00,0.1237,0.1252,0.1233,0.1246,1747624.8,0
2025-04-09 11:00:00,0.1246,0.1247,0.1214,0.1219,4768838.04,0
2025-04-09 12:00:00,0.122,0.1229,0.1201,0.1225,1787398.54,0
2025-04-09 13:00:00,0.1226,0.1253,0.1218,0.124,4187865.15,0
2025-04-09 14:00:00,0.124,0.1252,0.1232,0.1233,2595418.12,0
2025-04-09 15:00:00,0.1233,0.1252,0.1232,0.1245,930964.85,0
2025-04-09 16:00:00,0.1245,0.1268,0.1242,0.1265,1545603.55,0
2025-04-09 17:00:00,0.1265,0.1369,0.1254,0.1367,21263723.68,0
2025-04-09 18:00:00,0.1366,0.1392,0.1353,0.1361,15748845.57,0
2025-04-09 19:00:00,0.1361,0.1384,0.136,0.1379,1407668.21,0
2025-04-09 20:00:00,0.1379,0.1391,0.1373,0.139,1097133.05,0
2025-04-09 21:00:00,0.1389,0.1397,0.1377,0.1386,1069642.76,0
2025-04-09 22:00:00,0.1386,0.139,0.1375,0.1376,647959.36,0
2025-04-09 23:00:00,0.1377,0.1384,0.1371,0.1378,599335.2,0
2025-04-10 00:00:00,0.1379,0.138,0.1354,0.1364,595210.86,0
2025-04-10 01:00:00,0.1365,0.1368,0.1352,0.1355,416420.63,0
2025-04-10 02:00:00,0.1356,0.1363,0.135,0.1358,526917.42,0
2025-04-10 03:00:00,0.1358,0.1359,0.1316,0.1335,1340298.79,0
2025-04-10 04:00:00,0.1333,0.1334,0.1319,0.1332,893369.73,0
2025-04-10 05:00:00,0.1333,0.1348,0.1329,0.1346,678277.7,0
2025-04-10 06:00:00,0.1345,0.1348,0.1333,0.1342,827792.99,0
2025-04-10 07:00:00,0.1342,0.1348,0.1326,0.1335,1031593.44,0
2025-04-10 08:00:00,0.1336,0.1339,0.1326,0.1327,714708.54,0
2025-04-10 09:00:00,0.1328,0.1334,0.131,0.1312,1707285.51,0
2025-04-10 10:00:00,0.1311,0.1312,0.1259,0.1272,4952294.45,0
2025-04-10 11:00:00,0.1272,0.129,0.1262,0.1286,2235373.63,0
2025-04-10 12:00:00,0.1286,0.1314,0.1282,0.1294,3998495.63,0
2025-04-10 13:00:00,0.1294,0.1298,0.1273,0.1283,2578848.55,0
2025-04-10 14:00:00,0.1284,0.1304,0.1275,0.1291,1619658.26,0
2025-04-10 15:00:00,0.129,0.1293,0.1246,0.1251,3062049.17,0
2025-04-10 16:00:00,0.1252,0.1268,0.1247,0.1267,2747892.99,0
2025-04-10 17:00:00,0.1267,0.1277,0.1258,0.1274,2392231.02,0
2025-04-10 18:00:00,0.1274,0.1279,0.1267,0.1272,521481.25,0
2025-04-10 19:00:00,0.1272,0.1278,0.1267,0.1271,1057295.56,0
2025-04-10 20:00:00,0.1272,0.1285,0.1271,0.1284,407631.45,0
2025-04-10 21:00:00,0.1284,0.1295,0.1278,0.1286,683931.95,0
2025-04-10 22:00:00,0.1287,0.1298,0.1284,0.1287,2589051.78,0
2025-04-10 23:00:00,0.1287,0.1291,0.1282,0.1284,733320.27,0
2025-04-11 00:00:00,0.1285,0.1289,0.1269,0.127,813798.77,0
2025-04-11 01:00:00,0.127,0.1291,0.1269,0.1285,1749389.3,0
2025-04-11 02:00:00,0.1286,0.1292,0.1277,0.1285,530185.45,0
2025-04-11 03:00:00,0.1285,0.1299,0.1284,0.1291,1252240.65,0
2025-04-11 04:00:00,0.1291,0.1301,0.1287,0.1288,742906.0,0
2025-04-11 05:00:00,0.1289,0.1295,0.1285,0.1294,541703.1,0
2025-04-11 06:00:00,0.1295,0.1309,0.1294,0.1304,1274082.24,0
2025-04-11 07:00:00,0.1305,0.1309,0.1294,0.1301,802697.56,0
2025-04-11 08:00:00,0.1302,0.1314,0.1294,0.1299,1642070.28,0
2025-04-11 09:00:00,0.1299,0.1309,0.1291,0.1309,890903.75,0
2025-04-11 10:00:00,0.1309,0.135,0.1305,0.1329,4172692.33,0
2025-04-11 11:00:00,0.1327,0.1335,0.1314,0.1316,1733500.62,0
2025-04-11 12:00:00,0.1317,0.1328,0.1309,0.1313,2892622.26,0
2025-04-11 13:00:00,0.1313,0.1332,0.1307,0.1326,1878094.53,0
2025-04-11 14:00:00,0.1325,0.1326,0.1306,0.132,3089234.65,0
2025-04-11 15:00:00,0.1321,0.1338,0.1316,0.1336,2285263.5,0
2025-04-11 16:00:00,0.1337,0.1347,0.1329,0.1339,1195207.48,0
2025-04-11 17:00:00,0.1338,0.1359,0.1334,0.1353,1825293.32,0
2025-04-11 18:00:00,0.1352,0.1359,0.1342,0.1342,1357869.36,0
2025-04-11 19:00:00,0.1342,0.1348,0.1332,0.1334,2766649.75,0
2025-04-11 20:00:00,0.1334,0.1339,0.1328,0.1338,1077411.07,0
2025-04-11 21:00:00,0.1338,0.1348,0.1328,0.1331,966568.92,0
2025-04-11 22:00:00,0.1331,0.1336,0.1329,0.1331,617725.19,0
2025-04-11 23:00:00,0.133,0.1336,0.1327,0.1331,747115.78,0
2025-04-12 00:00:00,0.1331,0.1332,0.1319,0.1321,750525.51,0
2025-04-12 01:00:00,0.1321,0.1327,0.1319,0.1321,536717.52,0
2025-04-12 02:00:00,0.1321,0.1324,0.1314,0.1314,597635.05,0
2025-04-12 03:00:00,0.1314,0.1319,0.131,0.1313,506273.06,0
2025-04-12 04:00:00,0.1313,0.1328,0.1307,0.1327,1222919.35,0
2025-04-12 05:00:00,0.1327,0.1332,0.1321,0.1328,588171.79,0
2025-04-12 06:00:00,0.1327,0.1333,0.1318,0.1318,660454.63,0
2025-04-12 07:00:00,0.1317,0.1323,0.1311,0.1315,1383975.52,0
2025-04-12 08:00:00,0.1316,0.1327,0.1316,0.1322,993491.66,0
2025-04-12 09:00:00,0.1321,0.1327,0.132,0.1322,819711.91,0
2025-04-12 10:00:00,0.1321,0.1324,0.1314,0.1314,411033.39,0
2025-04-12 11:00:00,0.1314,0.1325,0.1314,0.1319,643292.72,0
2025-04-12 12:00:00,0.1319,0.1329,0.1316,0.1326,2592338.76,0
2025-04-12 13:00:00,0.1326,0.1352,0.1322,0.1346,2581266.94,0
2025-04-12 14:00:00,0.1347,0.1366,0.1343,0.1344,8387891.02,0
2025-04-12 15:00:00,0.1344,0.1359,0.1343,0.1352,1912660.61,0
2025-04-12 16:00:00,0.1353,0.136,0.1344,0.1348,1298563.07,0
2025-04-12 17:00:00,0.1349,0.1351,0.1337,0.1338,1039384.06,0
2025-04-12 18:00:00,0.1338,0.1345,0.1332,0.1344,956344.59,0
2025-04-12 19:00:00,0.1345,0.1347,0.1335,0.1338,731597.3,0
2025-04-12 20:00:00,0.1338,0.135,0.1335,0.1344,993568.81,0
2025-04-12 21:00:00,0.1342,0.1349,0.1338,0.1338,1025280.72,0
2025-04-12 22:00:00,0.1339,0.1347,0.1337,0.1343,1197608.45,0
2025-04-12 23:00:00,0.1344,0.1347,0.1337,0.1337,786986.74,0
2025-04-13 00:00:00,0.1338,0.1345,0.1331,0.1334,793705.92,0
2025-04-13 01:00:00,0.1333,0.1335,0.1312,0.1316,1126591.92,0
2025-04-13 02:00:00,0.1315,0.1325,0.1312,0.1323,778492.37,0
2025-04-13 03:00:00,0.1323,0.1326,0.1316,0.132,565099.61,0
2025-04-13 04:00:00,0.132,0.1323,0.13,0.1303,982851.92,0
2025-04-13 05:00:00,0.1303,0.1307,0.1294,0.1301,1243154.69,0
2025-04-13 06:00:00,0.1302,0.1313,0.1301,0.1308,722906.14,0
2025-04-13 07:00:00,0.1309,0.1317,0.1309,0.1309,547393.03,0
2025-04-13 08:00:00,0.131,0.1321,0.1304,0.1319,1101074.39,0
2025-04-13 09:00:00,0.1319,0.1336,0.1315,0.1334,703496.33,0
2025-04-13 10:00:00,0.1334,0.1337,0.1325,0.1334,670400.09,0
2025-04-13 11:00:00,0.1334,0.1335,0.1314,0.132,1325078.75,0
2025-04-13 12:00:00,0.132,0.1325,0.1312,0.1317,1106031.85,0
2025-04-13 13:00:00,0.1317,0.1323,0.1285,0.1291,1497117.71,0
2025-04-13 14:00:00,0.1291,0.1308,0.1286,0.1307,1311763.52,0
2025-04-13 15:00:00,0.1307,0.1307,0.1293,0.1301,1521208.47,0
2025-04-13 16:00:00,0.1301,0.1314,0.1301,0.1312,647566.49,0
2025-04-13 17:00:00,0.1312,0.1337,0.131,0.1334,2319656.87,0
2025-04-13 18:00:00,0.1334,0.1343,0.1318,0.1318,1001020.68,0
2025-04-13 19:00:00,0.1318,0.1319,0.1246,0.1259,3854764.66,0
2025-04-13 20:00:00,0.1259,0.1274,0.1249,0.1253,1350590.23,0
2025-04-13 21:00:00,0.1252,0.1254,0.1219,0.1246,2170660.77,0
2025-04-13 22:00:00,0.1246,0.1254,0.123,0.1231,899676.08,0
2025-04-13 23:00:00,0.123,0.1248,0.1228,0.1245,1008613.71,0
2025-04-14 00:00:00,0.1245,0.1276,0.1242,0.1257,2357408.31,0
2025-04-14 01:00:00,0.1258,0.1265,0.125,0.1252,1155154.24,0
2025-04-14 02:00:00,0.1253,0.1293,0.125,0.1277,1780996.91,0
2025-04-14 03:00:00,0.1278,0.1279,0.1257,0.1258,923359.74,0
2025-04-14 04:00:00,0.1259,0.1278,0.1257,0.1273,830052.45,0
2025-04-14 05:00:00,0.1273,0.1277,0.126,0.1261,523817.3,0
2025-04-14 06:00:00,0.1262,0.1262,0.1249,0.1253,1071139.95,0
2025-04-14 07:00:00,0.1252,0.1254,0.124,0.125,1137544.6,0
2025-04-14 08:00:00,0.1251,0.126,0.1245,0.1255,930488.63,0
2025-04-14 09:00:00,0.1255,0.1261,0.1245,0.125,883631.84,0
2025-04-14 10:00:00,0.1249,0.1278,0.1249,0.1276,1932368.83,0
2025-04-14 11:00:00,0.1277,0.1285,0.1274,0.1281,979532.57,0
2025-04-14 12:00:00,0.1282,0.1284,0.1271,0.1279,1413181.8,0
2025-04-14 13:00:00,0.1279,0.1286,0.1246,0.1252,2091246.79,0
2025-04-14 14:00:00,0.1252,0.1281,0.1249,0.1273,2350775.91,0
2025-04-14 15:00:00,0.1273,0.1275,0.122,0.1222,2516137.64,0
2025-04-14 16:00:00,0.1222,0.1228,0.1206,0.1216,2407128.71,0
2025-04-14 17:00:00,0.1217,0.1242,0.1217,0.1242,2448238.02,0
2025-04-14 18:00:00,0.1241,0.1246,0.1234,0.1236,1105064.33,0
2025-04-14 19:00:00,0.1236,0.1242,0.1231,0.1234,1054676.43,0
2025-04-14 20:00:00,0.1234,0.1237,0.1219,0.1227,1080416.3,0
2025-04-14 21:00:00,0.1227,0.1232,0.1211,0.1221,647576.06,0
2025-04-14 22:00:00,0.122,0.1225,0.1215,0.1217,491554.1,0
2025-04-14 23:00:00,0.1217,0.1218,0.1207,0.1208,773919.53,0
2025-04-15 00:00:00,0.1209,0.1211,0.1194,0.1202,1010938.79,0
2025-04-15 01:00:00,0.1202,0.121,0.1187,0.1207,1334120.81,0
2025-04-15 02:00:00,0.1207,0.1212,0.1186,0.1194,1285905.33,0
2025-04-15 03:00:00,0.1196,0.1213,0.1194,0.1211,1029255.21,0
2025-04-15 04:00:00,0.1211,0.1216,0.1191,0.1208,1335920.27,0
2025-04-15 05:00:00,0.1208,0.1221,0.1208,0.1211,954409.41,0
2025-04-15 06:00:00,0.1211,0.1213,0.1197,0.1201,526914.9,0
2025-04-15 07:00:00,0.1202,0.1218,0.1201,0.1215,604745.37,0
2025-04-15 08:00:00,0.1215,0.1221,0.1213,0.1214,1393894.19,0
2025-04-15 09:00:00,0.1214,0.1226,0.1211,0.1225,935756.65,0
2025-04-15 10:00:00,0.1225,0.123,0.1204,0.1208,780965.06,0
2025-04-15 11:00:00,0.1209,0.1209,0.1196,0.1204,764489.52,0
2025-04-15 12:00:00,0.1204,0.1207,0.1191,0.1205,1042907.67,0
2025-04-15 13:00:00,0.1204,0.1213,0.1189,0.1192,3942562.82,0
2025-04-15 14:00:00,0.1191,0.1212,0.1176,0.1208,5008289.8,0
2025-04-15 15:00:00,0.1208,0.1245,0.1208,0.1244,4089578.04,0
2025-04-15 16:00:00,0.1245,0.1254,0.1227,0.1231,3529246.79,0
2025-04-15 17:00:00,0.1229,0.1233,0.1213,0.1218,862001.13,0
2025-04-15 18:00:00,0.1218,0.1222,0.1208,0.1216,1075653.79,0
2025-04-15 19:00:00,0.1215,0.1221,0.1208,0.1214,837136.43,0
2025-04-15 20:00:00,0.1213,0.1236,0.1212,0.1222,2312507.78,0
2025-04-15 21:00:00,0.1221,0.1255,0.1216,0.1238,6044320.94,0
2025-04-15 22:00:00,0.1237,0.1261,0.1232,0.1249,4776139.67,0
2025-04-15 23:00:00,0.1249,0.1277,0.1248,0.1272,3936096.04,0
2025-04-16 00:00:00,0.1272,0.1279,0.1249,0.125,2918969.35,0
2025-04-16 01:00:00,0.1249,0.1272,0.1248,0.1264,1274503.84,0
2025-04-16 02:00:00,0.1264,0.1267,0.1249,0.1259,1067335.06,0
2025-04-16 03:00:00,0.1259,0.1274,0.1256,0.1271,1002132.71,0
2025-04-16 04:00:00,0.1271,0.1278,0.1257,0.1263,2983163.51,0
2025-04-16 05:00:00,0.1263,0.1277,0.1251,0.1264,1569658.21,0
2025-04-16 06:00:00,0.1264,0.1282,0.1262,0.1266,2063454.83,0
2025-04-16 07:00:00,0.1266,0.1266,0.124,0.1244,1589871.25,0
2025-04-16 08:00:00,0.1245,0.1259,0.123,0.1243,1696449.33,0
2025-04-16 09:00:00,0.1244,0.1253,0.1223,0.1223,2269646.39,0
2025-04-16 10:00:00,0.1223,0.1239,0.1218,0.123,2785256.74,0
2025-04-16 11:00:00,0.1231,0.1241,0.122,0.1228,2745279.88,0
2025-04-16 12:00:00,0.1228,0.1233,0.1202,0.1204,4675700.14,0
2025-04-16 13:00:00,0.1205,0.1213,0.1194,0.1194,5028096.88,0
2025-04-16 14:00:00,0.1194,0.1222,0.1193,0.1214,5230722.34,0
2025-04-16 15:00:00,0.1213,0.1232,0.1204,0.1205,3783753.01,0
2025-04-16 16:00:00,0.1205,0.1217,0.1188,0.1205,2775495.6,0
2025-04-16 17:00:00,0.1205,0.1229,0.1165,0.1168,5714516.59,0
2025-04-16 18:00:00,0.1169,0.1213,0.1167,0.12,2855301.61,0
2025-04-16 19:00:00,0.1201,0.1222,0.1187,0.1215,3646480.89,0
2025-04-16 20:00:00,0.1215,0.1224,0.1198,0.1199,1724915.24,0
2025-04-16 21:00:00,0.12,0.1216,0.1197,0.1202,1961655.81,0
2025-04-16 22:00:00,0.1203,0.1208,0.1198,0.1203,1185378.99,0
2025-04-16 23:00:00,0.1204,0.1204,0.1181,0.1186,1088856.63,0
2025-04-17 00:00:00,0.1186,0.1191,0.1177,0.119,1210384.62,0
2025-04-17 01:00:00,0.119,0.1201,0.1186,0.1193,595568.89,0
2025-04-17 02:00:00,0.1193,0.1193,0.118,0.1185,746915.39,0
2025-04-17 03:00:00,0.1186,0.1193,0.118,0.1184,982730.42,0
2025-04-17 04:00:00,0.1184,0.1206,0.1181,0.1206,882705.66,0
2025-04-17 05:00:00,0.1207,0.1227,0.1207,0.1219,1463395.63,0
2025-04-17 06:00:00,0.122,0.1224,0.1206,0.1212,3726210.38,0
2025-04-17 07:00:00,0.1212,0.1222,0.1208,0.1213,864791.35,0
2025-04-17 08:00:00,0.1212,0.1216,0.1202,0.1203,1030883.27,0
2025-04-17 09:00:00,0.1204,0.1212,0.1201,0.1208,1041329.14,0
2025-04-17 10:00:00,0.1208,0.1211,0.1199,0.121,1957514.78,0
2025-04-17 11:00:00,0.121,0.1221,0.1207,0.1216,858155.17,0
2025-04-17 12:00:00,0.1216,0.1229,0.1216,0.1216,2484018.9,0
2025-04-17 13:00:00,0.1216,0.1216,0.1193,0.1195,1274701.57,0
2025-04-17 14:00:00,0.1195,0.1198,0.1171,0.1182,1991026.03,0
2025-04-17 15:00:00,0.1183,0.1203,0.1182,0.1202,2342372.39,0
2025-04-17 16:00:00,0.1203,0.1222,0.1192,0.1216,2722637.58,0
2025-04-17 17:00:00,0.1217,0.1223,0.1213,0.1217,1276035.81,0
2025-04-17 18:00:00,0.1218,0.1224,0.1212,0.1212,1159501.46,0
2025-04-17 19:00:00,0.1211,0.1214,0.1189,0.1202,1073780.44,0
2025-04-17 20:00:00,0.1202,0.1213,0.1202,0.1211,746796.25,0
2025-04-17 21:00:00,0.1212,0.1216,0.1206,0.1214,729857.91,0
2025-04-17 22:00:00,0.1214,0.1218,0.1198,0.1199,568836.49,0
2025-04-17 23:00:00,0.1199,0.1207,0.1198,0.1205,487211.28,0
2025-04-18 00:00:00,0.1206,0.1209,0.1194,0.1197,958887.53,0
2025-04-18 01:00:00,0.1197,0.1211,0.1193,0.1206,732914.65,0
2025-04-18 02:00:00,0.1207,0.1215,0.1202,0.1212,484763.19,0
2025-04-18 03:00:00,0.1212,0.1215,0.1202,0.1212,445940.12,0
2025-04-18 04:00:00,0.1212,0.1216,0.1204,0.1214,654108.3,0
2025-04-18 05:00:00,0.1213,0.1224,0.1207,0.1223,767782.16,0
2025-04-18 06:00:00,0.1224,0.1227,0.1217,0.1224,506252.2,0
2025-04-18 07:00:00,0.1225,0.1248,0.1223,0.1245,2954500.06,0
2025-04-18 08:00:00,0.1246,0.1258,0.1243,0.1251,3531944.32,0
2025-04-18 09:00:00,0.1251,0.1257,0.1245,0.1248,1010820.76,0
2025-04-18 10:00:00,0.1248,0.1251,0.1233,0.1235,912995.17,0
2025-04-18 11:00:00,0.1235,0.1241,0.1231,0.1234,947853.19,0
2025-04-18 12:00:00,0.1235,0.1242,0.1229,0.1233,2040760.75,0
2025-04-18 13:00:00,0.1234,0.1234,0.1221,0.1233,1396051.13,0
2025-04-18 14:00:00,0.1232,0.1236,0.1222,0.1226,744814.9,0
2025-04-18 15:00:00,0.1227,0.123,0.1216,0.122,994030.79,0
2025-04-18 16:00:00,0.1219,0.123,0.1218,0.1227,737808.54,0
2025-04-18 17:00:00,0.1227,0.1239,0.1226,0.1237,715974.59,0
2025-04-18 18:00:00,0.1237,0.1242,0.1235,0.1237,913400.72,0
2025-04-18 19:00:00,0.1237,0.1244,0.1235,0.1237,603179.3,0
2025-04-18 20:00:00,0.1237,0.1239,0.1231,0.1234,925469.67,0
2025-04-18 21:00:00,0.1234,0.124,0.1233,0.1237,305406.42,0
2025-04-18 22:00:00,0.1237,0.1238,0.1229,0.1232,420732.71,0
2025-04-18 23:00:00,0.1232,0.1241,0.1229,0.124,639056.09,0
2025-04-19 00:00:00,0.124,0.1241,0.1233,0.1233,1368277.43,0
2025-04-19 01:00:00,0.1233,0.1236,0.1229,0.1229,1088325.19,0
2025-04-19 02:00:00,0.123,0.1252,0.1227,0.1249,1069057.02,0
2025-04-19 03:00:00,0.1249,0.1262,0.1248,0.1251,520895.12,0
2025-04-19 04:00:00,0.1252,0.1262,0.1249,0.1251,1008667.21,0
2025-04-19 05:00:00,0.1251,0.1254,0.1245,0.1253,729278.39,0
2025-04-19 06:00:00,0.1253,0.1254,0.1246,0.1247,512322.32,0
2025-04-19 07:00:00,0.1247,0.1264,0.1247,0.1258,1259000.81,0
2025-04-19 08:00:00,0.1259,0.1266,0.1255,0.1262,1011281.53,0
2025-04-19 09:00:00,0.1263,0.1265,0.1252,0.1252,719349.66,0
2025-04-19 10:00:00,0.1252,0.1252,0.1243,0.1246,1319119.16,0
2025-04-19 11:00:00,0.1245,0.1251,0.1245,0.1247,405478.86,0
2025-04-19 12:00:00,0.1247,0.1252,0.1241,0.1251,451212.05,0
2025-04-19 13:00:00,0.125,0.126,0.1248,0.1257,421755.8,0
2025-04-19 14:00:00,0.1257,0.1265,0.1252,0.1263,377715.41,0
2025-04-19 15:00:00,0.1264,0.1289,0.1264,0.128,1705196.4,0
2025-04-19 16:00:00,0.1281,0.1294,0.1277,0.1278,702393.62,0
2025-04-19 17:00:00,0.1279,0.1302,0.1274,0.1299,1467943.93,0
2025-04-19 18:00:00,0.1299,0.132,0.1297,0.1299,3110729.15,0
2025-04-19 19:00:00,0.1299,0.1305,0.1294,0.1294,851979.12,0
2025-04-19 20:00:00,0.1295,0.1313,0.129,0.1308,1360518.75,0
2025-04-19 21:00:00,0.1309,0.132,0.1308,0.1315,827009.77,0
2025-04-19 22:00:00,0.1315,0.1318,0.1307,0.1313,718630.28,0
2025-04-19 23:00:00,0.1312,0.1314,0.1303,0.1306,470717.79,0
2025-04-20 00:00:00,0.1307,0.1314,0.1302,0.1303,553797.54,0
2025-04-20 01:00:00,0.1303,0.1321,0.1303,0.1317,521573.36,0
2025-04-20 02:00:00,0.1316,0.1332,0.1312,0.1327,486476.59,0
2025-04-20 03:00:00,0.1328,0.1339,0.1323,0.1339,857261.15,0
2025-04-20 04:00:00,0.1338,0.135,0.1332,0.1348,824848.63,0
2025-04-20 05:00:00,0.1349,0.1355,0.1328,0.1328,3551402.31,0
2025-04-20 06:00:00,0.1329,0.1342,0.1326,0.1332,635419.54,0
2025-04-20 07:00:00,0.1332,0.1333,0.1309,0.1313,1220555.66,0
2025-04-20 08:00:00,0.1314,0.1316,0.1303,0.1306,897211.21,0
2025-04-20 09:00:00,0.1305,0.1324,0.1305,0.1316,997187.86,0
2025-04-20 10:00:00,0.1316,0.1325,0.1304,0.1308,2147484.88,0
2025-04-20 11:00:00,0.1308,0.1316,0.1298,0.131,777386.48,0
2025-04-20 12:00:00,0.131,0.1322,0.1307,0.1314,528099.51,0
2025-04-20 13:00:00,0.1314,0.1314,0.1303,0.1306,674978.5,0
2025-04-20 14:00:00,0.1306,0.1325,0.1303,0.1321,1014479.04,0
2025-04-20 15:00:00,0.1322,0.1324,0.1306,0.132,696000.6,0
2025-04-20 16:00:00,0.132,0.1339,0.1318,0.1338,1704447.51,0
2025-04-20 17:00:00,0.1339,0.1339,0.1325,0.1327,512915.17,0
2025-04-20 18:00:00,0.1326,0.133,0.1323,0.1326,493805.22,0
2025-04-20 19:00:00,0.1327,0.1353,0.1324,0.135,1120849.66,0
2025-04-20 20:00:00,0.135,0.1363,0.1341,0.1344,3636392.88,0
2025-04-20 21:00:00,0.1345,0.1346,0.1333,0.134,677424.77,0
2025-04-20 22:00:00,0.1341,0.1341,0.1326,0.1329,692957.94,0
2025-04-20 23:00:00,0.133,0.1345,0.1329,0.1334,636557.81,0
2025-04-21 00:00:00,0.1334,0.1364,0.133,0.1355,1764109.99,0
2025-04-21 01:00:00,0.1356,0.136,0.135,0.1355,1374334.69,0
2025-04-21 02:00:00,0.1355,0.1361,0.1345,0.135,853131.16,0
2025-04-21 03:00:00,0.1351,0.1356,0.1344,0.1351,1046708.93,0
2025-04-21 04:00:00,0.135,0.1362,0.1346,0.136,1299956.84,0
2025-04-21 05:00:00,0.136,0.1378,0.1354,0.1368,1489412.32,0
2025-04-21 06:00:00,0.1367,0.1375,0.1365,0.1368,609837.45,0
2025-04-21 07:00:00,0.1368,0.137,0.1357,0.1358,764929.38,0
2025-04-21 08:00:00,0.1359,0.1377,0.1358,0.1374,705899.93,0
2025-04-21 09:00:00,0.1373,0.1377,0.1359,0.1373,875786.06,0
2025-04-21 10:00:00,0.1373,0.1382,0.1368,0.1378,1673899.77,0
2025-04-21 11:00:00,0.1379,0.1381,0.1362,0.1377,1265889.07,0
2025-04-21 12:00:00,0.1377,0.1395,0.1375,0.1392,1598827.44,0
2025-04-21 13:00:00,0.1392,0.1402,0.1378,0.1386,4170733.77,0
2025-04-21 14:00:00,0.1386,0.1399,0.1381,0.1391,2095386.1,0
2025-04-21 15:00:00,0.139,0.1391,0.1371,0.1375,1491679.36,0
2025-04-21 16:00:00,0.1376,0.1383,0.1355,0.1357,2275620.84,0
2025-04-21 17:00:00,0.1356,0.1358,0.134,0.1351,1761347.75,0
2025-04-21 18:00:00,0.1351,0.1361,0.1344,0.135,717638.76,0
2025-04-21 19:00:00,0.1348,0.1376,0.1348,0.137,888404.96,0
2025-04-21 20:00:00,0.137,0.137,0.1358,0.1365,391596.39,0
2025-04-21 21:00:00,0.1364,0.1369,0.1357,0.1362,355587.76,0
2025-04-21 22:00:00,0.1362,0.1364,0.1356,0.1357,511780.74,0
2025-04-21 23:00:00,0.1357,0.1359,0.1349,0.1354,435439.26,0
2025-04-22 00:00:00,0.1354,0.1357,0.1332,0.1354,1669850.48,0
2025-04-22 01:00:00,0.1353,0.1382,0.1351,0.1374,2762949.1,0
2025-04-22 02:00:00,0.1374,0.138,0.1354,0.1356,1163515.12,0
2025-04-22 03:00:00,0.1355,0.1358,0.1344,0.1355,828690.46,0
2025-04-22 04:00:00,0.1354,0.1364,0.1349,0.1349,807567.37,0
2025-04-22 05:00:00,0.1349,0.1357,0.1345,0.1353,846987.41,0
2025-04-22 06:00:00,0.1353,0.1357,0.1326,0.1336,1056041.96,0
2025-04-22 07:00:00,0.1337,0.1362,0.1335,0.1359,1181031.61,0
2025-04-22 08:00:00,0.136,0.1367,0.1352,0.1354,770405.67,0
2025-04-22 09:00:00,0.1354,0.136,0.1344,0.1351,1732798.2,0
2025-04-22 10:00:00,0.1351,0.1356,0.1344,0.135,883665.94,0
2025-04-22 11:00:00,0.1351,0.1359,0.1347,0.1356,639015.59,0
2025-04-22 12:00:00,0.1356,0.1366,0.1354,0.1364,878953.45,0
2025-04-22 13:00:00,0.1364,0.1382,0.1358,0.1371,2098872.65,0
2025-04-22 14:00:00,0.1373,0.1396,0.1368,0.1394,3595772.89,0
2025-04-22 15:00:00,0.1393,0.1417,0.1382,0.139,2971862.38,0
2025-04-22 16:00:00,0.139,0.1396,0.1374,0.1382,2628175.79,0
2025-04-22 17:00:00,0.1383,0.1393,0.1376,0.139,1594371.07,0
2025-04-22 18:00:00,0.139,0.1403,0.1389,0.14,1016388.43,0
2025-04-22 19:00:00,0.14,0.1401,0.138,0.1391,1226536.53,0
2025-04-22 20:00:00,0.1391,0.1393,0.138,0.1381,542890.63,0
2025-04-22 21:00:00,0.138,0.1436,0.1375,0.1423,2273083.87,0
2025-04-22 22:00:00,0.1424,0.1436,0.1412,0.143,2062287.86,0
2025-04-22 23:00:00,0.1431,0.1444,0.143,0.1431,1864614.36,0
2025-04-23 00:00:00,0.1431,0.1447,0.1424,0.1445,1432778.17,0
2025-04-23 01:00:00,0.1446,0.147,0.1442,0.1445,2324086.4,0
2025-04-23 02:00:00,0.1446,0.1472,0.1442,0.1463,1375265.01,0
2025-04-23 03:00:00,0.1463,0.1478,0.1457,0.1477,1455990.07,0
2025-04-23 04:00:00,0.1476,0.1502,0.1464,0.15,2612388.57,0
2025-04-23 05:00:00,0.15,0.15,0.1482,0.1484,1565207.25,0
2025-04-23 06:00:00,0.1484,0.1489,0.1476,0.1483,1091586.99,0
2025-04-23 07:00:00,0.1482,0.1492,0.1467,0.1486,1785281.43,0
2025-04-23 08:00:00,0.1485,0.1495,0.1475,0.1493,1544136.02,0
2025-04-23 09:00:00,0.1491,0.1503,0.1479,0.1479,1561982.38,0
2025-04-23 10:00:00,0.148,0.1486,0.1464,0.1484,1324996.64,0
2025-04-23 11:00:00,0.1485,0.1491,0.1473,0.1476,616521.84,0
2025-04-23 12:00:00,0.1476,0.1495,0.1474,0.1482,1385480.99,0
2025-04-23 13:00:00,0.1482,0.1486,0.1444,0.1448,3748673.33,0
2025-04-23 14:00:00,0.1449,0.1467,0.1441,0.1449,2216521.01,0
2025-04-23 15:00:00,0.1449,0.1457,0.1427,0.1453,3520638.75,0
2025-04-23 16:00:00,0.1453,0.1481,0.1438,0.1479,3383603.44,0
2025-04-23 17:00:00,0.1479,0.1508,0.1475,0.1503,2442379.95,0
2025-04-23 18:00:00,0.1503,0.1524,0.1491,0.1492,2619424.01,0
2025-04-23 19:00:00,0.1492,0.1496,0.1473,0.1481,2425589.78,0
2025-04-23 20:00:00,0.1481,0.1514,0.1476,0.1493,3052697.44,0
2025-04-23 21:00:00,0.1493,0.1501,0.1486,0.1495,979719.64,0
2025-04-23 22:00:00,0.1494,0.1524,0.1494,0.1517,1012484.23,0
2025-04-23 23:00:00,0.1517,0.1529,0.1509,0.1509,1046988.94,0
2025-04-24 00:00:00,0.151,0.1529,0.1509,0.152,1456474.81,0
2025-04-24 01:00:00,0.152,0.153,0.1502,0.1517,1618651.38,0
2025-04-24 02:00:00,0.1517,0.1528,0.1491,0.1495,924779.31,0
2025-04-24 03:00:00,0.1495,0.1504,0.1472,0.1473,1133564.4,0
2025-04-24 04:00:00,0.1472,0.1501,0.1471,0.15,1106953.09,0
2025-04-24 05:00:00,0.15,0.1522,0.1499,0.1514,1234081.47,0
2025-04-24 06:00:00,0.1514,0.1534,0.1507,0.1508,1573181.53,0
2025-04-24 07:00:00,0.1509,0.1518,0.1492,0.1498,1101585.06,0
2025-04-24 08:00:00,0.1499,0.1504,0.1457,0.1462,1940213.46,0
2025-04-24 09:00:00,0.1462,0.1473,0.1456,0.1466,1010133.21,0
2025-04-24 10:00:00,0.1465,0.1477,0.1456,0.1476,1036274.42,0
2025-04-24 11:00:00,0.1476,0.1488,0.1465,0.1486,1483703.1,0
2025-04-24 12:00:00,0.1486,0.1493,0.1479,0.1491,1384126.04,0
2025-04-24 13:00:00,0.1492,0.1527,0.1492,0.1518,3977016.21,0
2025-04-24 14:00:00,0.1517,0.1549,0.1513,0.1536,4123930.02,0
2025-04-24 15:00:00,0.1536,0.1554,0.1528,0.1531,2649507.5,0
2025-04-24 16:00:00,0.1532,0.1541,0.1525,0.1527,1676865.2,0
2025-04-24 17:00:00,0.1526,0.1532,0.1481,0.1492,3003339.15,0
2025-04-24 18:00:00,0.1492,0.1516,0.1492,0.1506,2398568.65,0
2025-04-24 19:00:00,0.1507,0.1508,0.1491,0.1502,1210678.38,0
2025-04-24 20:00:00,0.1502,0.1516,0.1502,0.1511,1491378.18,0
2025-04-24 21:00:00,0.1511,0.152,0.1507,0.1518,1098634.27,0
2025-04-24 22:00:00,0.1518,0.1526,0.1505,0.1506,1162539.03,0
2025-04-24 23:00:00,0.1507,0.1527,0.1504,0.1523,1979858.72,0
2025-04-25 00:00:00,0.1524,0.1541,0.1522,0.1538,1189632.6,0
2025-04-25 01:00:00,0.1539,0.1553,0.1523,0.1525,1471312.08,0
2025-04-25 02:00:00,0.1525,0.1526,0.1495,0.15,1133928.36,0
2025-04-25 03:00:00,0.15,0.1513,0.1496,0.1511,603933.44,0
2025-04-25 04:00:00,0.1511,0.1526,0.1508,0.1519,638616.04,0
2025-04-25 05:00:00,0.152,0.1537,0.1517,0.1537,593197.14,0
2025-04-25 06:00:00,0.1537,0.1572,0.1534,0.1571,1328563.47,0
2025-04-25 07:00:00,0.1572,0.1583,0.1566,0.1577,1836864.93,0
2025-04-25 08:00:00,0.1578,0.1581,0.1564,0.1569,1541026.16,0
2025-04-25 09:00:00,0.157,0.1572,0.155,0.1569,1185301.54,0
2025-04-25 10:00:00,0.1569,0.158,0.155,0.1564,3928618.87,0
2025-04-25 11:00:00,0.1565,0.1581,0.1564,0.1576,1879431.54,0
2025-04-25 12:00:00,0.1576,0.159,0.1551,0.1554,2944116.29,0
2025-04-25 13:00:00,0.1556,0.1559,0.1535,0.155,1215768.36,0
2025-04-25 14:00:00,0.1551,0.1585,0.1551,0.1579,1951506.86,0
2025-04-25 15:00:00,0.1579,0.1582,0.156,0.157,2068415.66,0
2025-04-25 16:00:00,0.157,0.1573,0.1545,0.1564,772751.91,0
2025-04-25 17:00:00,0.1564,0.1571,0.153,0.1533,1084354.45,0
2025-04-25 18:00:00,0.1534,0.1545,0.1528,0.1535,1164022.09,0
2025-04-25 19:00:00,0.1535,0.1537,0.1519,0.1529,614555.59,0
2025-04-25 20:00:00,0.1529,0.1538,0.1523,0.1532,494563.29,0
2025-04-25 21:00:00,0.1532,0.1543,0.1514,0.152,815644.04,0
2025-04-25 22:00:00,0.152,0.155,0.1519,0.1544,647657.58,0
2025-04-25 23:00:00,0.1545,0.155,0.1539,0.1543,453075.41,0
2025-04-26 00:00:00,0.1543,0.1564,0.1543,0.1561,788795.7,0
2025-04-26 01:00:00,0.1561,0.1609,0.1554,0.1607,1658471.15,0
2025-04-26 02:00:00,0.1607,0.1617,0.1598,0.1604,1114841.25,0
2025-04-26 03:00:00,0.1605,0.1606,0.1588,0.159,633456.35,0
2025-04-26 04:00:00,0.159,0.159,0.1571,0.1573,553464.53,0
2025-04-26 05:00:00,0.1572,0.1588,0.1565,0.158,654519.35,0
2025-04-26 06:00:00,0.158,0.1596,0.1578,0.1583,763051.23,0
2025-04-26 07:00:00,0.1583,0.16,0.1581,0.1586,663500.66,0
2025-04-26 08:00:00,0.1585,0.1602,0.1572,0.1575,1235102.23,0
2025-04-26 09:00:00,0.1575,0.1586,0.1543,0.1577,5246796.18,0
2025-04-26 10:00:00,0.1576,0.159,0.1573,0.1582,694649.58,0
2025-04-26 11:00:00,0.1582,0.1585,0.1552,0.1558,974822.51,0
2025-04-26 12:00:00,0.1558,0.1571,0.1555,0.1561,684817.51,0
2025-04-26 13:00:00,0.1562,0.1564,0.1533,0.1548,2678724.38,0
2025-04-26 14:00:00,0.1548,0.1562,0.1537,0.1554,775612.81,0
2025-04-26 15:00:00,0.1554,0.1592,0.1554,0.1589,2417282.69,0
2025-04-26 16:00:00,0.1589,0.1592,0.1561,0.1572,946982.24,0
2025-04-26 17:00:00,0.1572,0.1586,0.1568,0.1579,558749.49,0
2025-04-26 18:00:00,0.1578,0.1584,0.157,0.1571,485928.43,0
2025-04-26 19:00:00,0.1571,0.1582,0.1567,0.1582,459124.86,0
2025-04-26 20:00:00,0.1581,0.1587,0.1567,0.1567,399119.98,0
2025-04-26 21:00:00,0.1567,0.1578,0.1567,0.1571,300869.55,0
2025-04-26 22:00:00,0.1573,0.1595,0.1573,0.1584,571893.8,0
2025-04-26 23:00:00,0.1584,0.1598,0.1583,0.1598,439050.58,0
2025-04-27 00:00:00,0.1599,0.1608,0.159,0.1607,814534.7,0
2025-04-27 01:00:00,0.1608,0.1608,0.1552,0.1554,2049959.07,0
2025-04-27 02:00:00,0.1555,0.157,0.1551,0.1568,587099.75,0
2025-04-27 03:00:00,0.1568,0.1599,0.1566,0.1578,458253.23,0
2025-04-27 04:00:00,0.1579,0.1598,0.1557,0.1567,1205188.91,0
2025-04-27 05:00:00,0.1566,0.1568,0.154,0.1552,796795.32,0
2025-04-27 06:00:00,0.1552,0.1563,0.154,0.1544,1054976.44,0
2025-04-27 07:00:00,0.1545,0.1555,0.1536,0.1552,922841.55,0
2025-04-27 08:00:00,0.1553,0.1557,0.154,0.1544,1065726.97,0
2025-04-27 09:00:00,0.1544,0.1547,0.1536,0.1542,906918.98,0
2025-04-27 10:00:00,0.1542,0.1543,0.1528,0.1534,979665.68,0
2025-04-27 11:00:00,0.1534,0.1537,0.1496,0.1497,5702983.56,0
2025-04-27 12:00:00,0.1496,0.1497,0.1464,0.1465,1941963.78,0
2025-04-27 13:00:00,0.1465,0.1505,0.1453,0.1498,2132195.38,0
2025-04-27 14:00:00,0.1498,0.1503,0.1488,0.149,684361.63,0
2025-04-27 15:00:00,0.149,0.1492,0.1463,0.1469,1110221.98,0
2025-04-27 16:00:00,0.1469,0.1476,0.1458,0.1462,1104270.24,0
2025-04-27 17:00:00,0.1462,0.1476,0.1459,0.1471,667672.48,0
2025-04-27 18:00:00,0.1472,0.1499,0.1468,0.1489,935105.93,0
2025-04-27 19:00:00,0.149,0.1503,0.1483,0.15,672903.37,0
2025-04-27 20:00:00,0.1499,0.1499,0.1485,0.1487,665108.98,0
2025-04-27 21:00:00,0.1487,0.151,0.148,0.1497,1101011.95,0
2025-04-27 22:00:00,0.1497,0.1501,0.1478,0.1487,916995.62,0
2025-04-27 23:00:00,0.1487,0.1487,0.1474,0.1475,546370.24,0
2025-04-28 00:00:00,0.1476,0.1491,0.1465,0.148,2319037.02,0
2025-04-28 01:00:00,0.148,0.1488,0.1432,0.1442,2628463.73,0
2025-04-28 02:00:00,0.1442,0.147,0.1439,0.1468,1070306.26,0
2025-04-28 03:00:00,0.1468,0.1481,0.1462,0.1476,495628.86,0
2025-04-28 04:00:00,0.1476,0.1502,0.1476,0.1494,1057991.22,0
2025-04-28 05:00:00,0.1494,0.1519,0.1492,0.1503,1094609.19,0
2025-04-28 06:00:00,0.1504,0.1531,0.15,0.1524,1134190.55,0
2025-04-28 07:00:00,0.1524,0.1547,0.1521,0.154,1341210.18,0
2025-04-28 08:00:00,0.1541,0.1577,0.154,0.1553,2729879.08,0
2025-04-28 09:00:00,0.1554,0.1557,0.1532,0.1532,1300948.47,0
2025-04-28 10:00:00,0.1533,0.1549,0.1508,0.1534,2314712.5,0
2025-04-28 11:00:00,0.1533,0.1543,0.1526,0.1537,1403548.18,0
2025-04-28 12:00:00,0.1538,0.1538,0.152,0.152,1896217.44,0
2025-04-28 13:00:00,0.152,0.1528,0.1493,0.1495,1457845.77,0
2025-04-28 14:00:00,0.1494,0.1506,0.1485,0.149,1319369.43,0
2025-04-28 15:00:00,0.1491,0.1493,0.1459,0.147,1859241.77,0
2025-04-28 16:00:00,0.147,0.1495,0.1458,0.1485,1357456.4,0
2025-04-28 17:00:00,0.1486,0.1523,0.1485,0.1519,869725.74,0
2025-04-28 18:00:00,0.152,0.1525,0.1504,0.1524,768980.08,0
2025-04-28 19:00:00,0.1524,0.1538,0.1521,0.1533,923638.82,0
2025-04-28 20:00:00,0.1534,0.1538,0.1522,0.1525,727205.46,0
2025-04-28 21:00:00,0.1526,0.1527,0.1514,0.1523,510040.52,0
2025-04-28 22:00:00,0.1523,0.1528,0.1515,0.1519,710206.7,0
2025-04-28 23:00:00,0.152,0.1521,0.1505,0.1515,584458.48,0
2025-04-29 00:00:00,0.1516,0.1529,0.1508,0.1521,489314.48,0
2025-04-29 01:00:00,0.1521,0.154,0.152,0.1532,763637.87,0
2025-04-29 02:00:00,0.1531,0.1562,0.1528,0.1556,893613.27,0
2025-04-29 03:00:00,0.1556,0.1567,0.1547,0.1567,925084.52,0
2025-04-29 04:00:00,0.1568,0.1568,0.1525,0.1528,1508284.22,0
2025-04-29 05:00:00,0.1528,0.1534,0.1514,0.1528,548480.33,0
2025-04-29 06:00:00,0.1528,0.1559,0.1528,0.1539,746730.51,0
2025-04-29 07:00:00,0.1538,0.1539,0.1521,0.1531,1287175.53,0
2025-04-29 08:00:00,0.1531,0.1537,0.1525,0.1534,962319.63,0
2025-04-29 09:00:00,0.1535,0.1539,0.1514,0.1523,985972.04,0
2025-04-29 10:00:00,0.1522,0.1525,0.1493,0.1502,1147201.34,0
2025-04-29 11:00:00,0.1502,0.1516,0.1501,0.151,1082813.71,0
2025-04-29 12:00:00,0.1511,0.1511,0.1484,0.1488,1163294.41,0
2025-04-29 13:00:00,0.1487,0.1513,0.1474,0.1506,2694126.94,0
2025-04-29 14:00:00,0.1506,0.1524,0.1501,0.1514,1956021.53,0
2025-04-29 15:00:00,0.1515,0.1516,0.1493,0.1498,931794.55,0
2025-04-29 16:00:00,0.1498,0.1503,0.1486,0.1488,1731029.24,0
2025-04-29 17:00:00,0.1489,0.1498,0.1481,0.1486,1043345.17,0
2025-04-29 18:00:00,0.1487,0.1496,0.1482,0.149,766149.31,0
2025-04-29 19:00:00,0.1489,0.1497,0.1484,0.1484,668576.98,0
2025-04-29 20:00:00,0.1485,0.1487,0.1474,0.1485,618611.09,0
2025-04-29 21:00:00,0.1484,0.1485,0.1451,0.1466,1398008.92,0
2025-04-29 22:00:00,0.1466,0.1467,0.1442,0.1445,1259709.12,0
2025-04-29 23:00:00,0.1445,0.146,0.1433,0.1452,1148390.47,0
2025-04-30 00:00:00,0.1452,0.1464,0.1446,0.1454,700203.5,0
2025-04-30 01:00:00,0.1454,0.1458,0.1436,0.1458,1111478.27,0
2025-04-30 02:00:00,0.1459,0.1473,0.1453,0.1467,816059.17,0
2025-04-30 03:00:00,0.1467,0.1473,0.1457,0.1471,430457.0,0
2025-04-30 04:00:00,0.1471,0.1476,0.1463,0.1474,415670.73,0
2025-04-30 05:00:00,0.1475,0.1476,0.1464,0.1476,1696933.81,0
2025-04-30 06:00:00,0.1476,0.1487,0.1471,0.1476,646657.08,0
2025-04-30 07:00:00,0.1476,0.1477,0.1441,0.1452,2140019.79,0
2025-04-30 08:00:00,0.1453,0.1464,0.1452,0.146,798386.9,0
2025-04-30 09:00:00,0.146,0.1485,0.146,0.1482,486545.15,0
2025-04-30 10:00:00,0.1481,0.1483,0.1473,0.1479,729512.27,0
2025-04-30 11:00:00,0.148,0.1481,0.1471,0.1476,437885.02,0
2025-04-30 12:00:00,0.1476,0.1482,0.1444,0.1459,1583045.52,0
2025-04-30 13:00:00,0.1459,0.1461,0.1413,0.1418,2734883.59,0
2025-04-30 14:00:00,0.1418,0.1461,0.141,0.144,1767977.64,0
2025-04-30 15:00:00,0.144,0.146,0.1435,0.1455,1087734.96,0
2025-04-30 16:00:00,0.1454,0.1467,0.1437,0.1465,813028.54,0
2025-04-30 17:00:00,0.1465,0.1491,0.1454,0.1477,1060024.18,0
2025-04-30 18:00:00,0.1476,0.1493,0.1473,0.1475,1122252.79,0
2025-04-30 19:00:00,0.1476,0.1477,0.1456,0.1471,796024.4,0
2025-04-30 20:00:00,0.1472,0.1494,0.1471,0.1475,1105348.04,0
2025-04-30 21:00:00,0.1476,0.1479,0.1461,0.1464,681539.96,0
2025-04-30 22:00:00,0.1465,0.1475,0.146,0.1462,877947.55,0
2025-04-30 23:00:00,0.1463,0.1465,0.1452,0.1452,1049600.14,0
2025-05-01 00:00:00,0.1453,0.146,0.1445,0.146,1162451.83,0
2025-05-01 01:00:00,0.1461,0.1477,0.1459,0.1467,831516.47,0
2025-05-01 02:00:00,0.1466,0.1468,0.1444,0.1445,689314.4,0
2025-05-01 03:00:00,0.1446,0.1449,0.143,0.1433,609857.65,0
2025-05-01 04:00:00,0.1433,0.1445,0.1428,0.1442,885975.1,0
2025-05-01 05:00:00,0.1442,0.146,0.1441,0.1451,734967.83,0
2025-05-01 06:00:00,0.1451,0.1464,0.1447,0.1455,743155.84,0
2025-05-01 07:00:00,0.1455,0.147,0.1454,0.1464,537831.61,0
2025-05-01 08:00:00,0.1463,0.1482,0.146,0.1482,885239.77,0
2025-05-01 09:00:00,0.1482,0.1489,0.1479,0.1481,705652.73,0
2025-05-01 10:00:00,0.1482,0.1497,0.1482,0.1485,1336953.57,0
2025-05-01 11:00:00,0.1486,0.149,0.1475,0.1487,893739.62,0
2025-05-01 12:00:00,0.1488,0.1501,0.1476,0.15,1093522.7,0
2025-05-01 13:00:00,0.15,0.1507,0.1464,0.1465,1939569.72,0
2025-05-01 14:00:00,0.1465,0.1489,0.1465,0.1488,2127031.59,0
2025-05-01 15:00:00,0.1488,0.1499,0.1481,0.1482,2436813.24,0
2025-05-01 16:00:00,0.1481,0.1486,0.1459,0.1461,2888173.11,0
2025-05-01 17:00:00,0.1461,0.1476,0.1448,0.1461,1719479.73,0
2025-05-01 18:00:00,0.1461,0.1468,0.1451,0.1465,662047.29,0
2025-05-01 19:00:00,0.1465,0.1476,0.1459,0.1468,807415.48,0
2025-05-01 20:00:00,0.1468,0.1475,0.1461,0.1465,750254.37,0
2025-05-01 21:00:00,0.1466,0.1476,0.1462,0.1468,609825.76,0
2025-05-01 22:00:00,0.1469,0.1473,0.1447,0.1447,1038382.65,0
2025-05-01 23:00:00,0.1448,0.1449,0.1436,0.1448,1274003.7,0
2025-05-02 00:00:00,0.1448,0.1465,0.1446,0.1464,1355729.36,0
2025-05-02 01:00:00,0.1465,0.1495,0.1464,0.1475,4252488.81,0
2025-05-02 02:00:00,0.1475,0.1482,0.147,0.1478,757621.62,0
2025-05-02 03:00:00,0.1479,0.1479,0.1459,0.1461,896386.35,0
2025-05-02 04:00:00,0.1461,0.1466,0.1444,0.1451,1017944.07,0
2025-05-02 05:00:00,0.1451,0.1454,0.1438,0.1452,1734824.68,0
2025-05-02 06:00:00,0.1452,0.1466,0.1448,0.146,1108931.59,0
2025-05-02 07:00:00,0.1459,0.1467,0.1451,0.1451,1109464.66,0
2025-05-02 08:00:00,0.1452,0.1465,0.1449,0.1461,783099.76,0
2025-05-02 09:00:00,0.1461,0.1465,0.1446,0.1447,778431.78,0
2025-05-02 10:00:00,0.1447,0.145,0.1432,0.1432,1228818.5,0
2025-05-02 11:00:00,0.1433,0.1441,0.1431,0.1432,690876.51,0
2025-05-02 12:00:00,0.1431,0.1441,0.1416,0.1437,3532792.91,0
2025-05-02 13:00:00,0.1438,0.1438,0.1423,0.1427,1283776.74,0
2025-05-02 14:00:00,0.1426,0.1454,0.1426,0.1454,1359116.74,0
2025-05-02 15:00:00,0.1454,0.1458,0.1426,0.1432,982100.66,0
2025-05-02 16:00:00,0.1432,0.1449,0.1429,0.1435,1075938.0,0
2025-05-02 17:00:00,0.1435,0.1443,0.1428,0.144,769868.36,0
2025-05-02 18:00:00,0.1441,0.1446,0.1437,0.1441,670009.01,0
2025-05-02 19:00:00,0.144,0.1442,0.1406,0.1414,1717928.53,0
2025-05-02 20:00:00,0.1412,0.1436,0.1409,0.1432,663570.49,0
2025-05-02 21:00:00,0.1433,0.1437,0.1421,0.1429,592265.24,0
2025-05-02 22:00:00,0.143,0.1444,0.1425,0.1435,889196.53,0
2025-05-02 23:00:00,0.1435,0.1438,0.1433,0.1436,422275.45,0
2025-05-03 00:00:00,0.1437,0.1437,0.1416,0.1419,810220.77,0
2025-05-03 01:00:00,0.1419,0.142,0.1406,0.1408,907516.27,0
2025-05-03 02:00:00,0.1409,0.1417,0.1406,0.1413,284055.66,0
2025-05-03 03:00:00,0.1413,0.1417,0.1406,0.1406,424820.03,0
2025-05-03 04:00:00,0.1406,0.1409,0.1399,0.1406,711901.36,0
2025-05-03 05:00:00,0.1406,0.141,0.1399,0.1406,753285.91,0
2025-05-03 06:00:00,0.1406,0.1406,0.139,0.1394,1002543.93,0
2025-05-03 07:00:00,0.1394,0.1396,0.1385,0.1389,613667.29,0
2025-05-03 08:00:00,0.1389,0.1392,0.1379,0.1389,979412.55,0
2025-05-03 09:00:00,0.1389,0.1393,0.1372,0.1376,931252.22,0
2025-05-03 10:00:00,0.1377,0.1377,0.134,0.1342,2375446.71,0
2025-05-03 11:00:00,0.1344,0.1354,0.1337,0.1341,1147273.65,0
2025-05-03 12:00:00,0.1342,0.1352,0.1342,0.1348,964965.43,0
2025-05-03 13:00:00,0.1348,0.135,0.1339,0.1339,618369.83,0
2025-05-03 14:00:00,0.134,0.1349,0.1338,0.1347,1482921.72,0
2025-05-03 15:00:00,0.1348,0.1359,0.1345,0.1348,1026078.28,0
2025-05-03 16:00:00,0.1348,0.1349,0.1315,0.1322,2384747.53,0
2025-05-03 17:00:00,0.1323,0.1323,0.1293,0.1312,3307613.57,0
2025-05-03 18:00:00,0.1313,0.1322,0.1307,0.1312,935524.61,0
2025-05-03 19:00:00,0.1312,0.1335,0.1311,0.1333,766451.44,0
2025-05-03 20:00:00,0.1335,0.1337,0.1319,0.1324,630354.28,0
2025-05-03 21:00:00,0.1323,0.133,0.1311,0.1319,649074.05,0
2025-05-03 22:00:00,0.1318,0.1323,0.1312,0.1318,579636.58,0
2025-05-03 23:00:00,0.1318,0.1319,0.1308,0.1311,496847.65,0
2025-05-04 00:00:00,0.131,0.1317,0.1289,0.1297,1777127.04,0
2025-05-04 01:00:00,0.1297,0.1309,0.129,0.1308,809882.25,0
2025-05-04 02:00:00,0.1309,0.132,0.13,0.1308,842723.12,0
2025-05-04 03:00:00,0.1308,0.1309,0.1295,0.1298,360104.48,0
2025-05-04 04:00:00,0.1298,0.1307,0.1295,0.1304,902989.65,0
2025-05-04 05:00:00,0.1304,0.132,0.13,0.1314,617997.97,0
2025-05-04 06:00:00,0.1314,0.1327,0.1309,0.1327,496913.89,0
2025-05-04 07:00:00,0.1326,0.133,0.1317,0.1326,1168494.49,0
2025-05-04 08:00:00,0.1327,0.1328,0.1306,0.1312,1156639.49,0
2025-05-04 09:00:00,0.131,0.1317,0.1305,0.1311,662629.24,0
2025-05-04 10:00:00,0.1311,0.1327,0.131,0.132,448403.19,0
2025-05-04 11:00:00,0.132,0.1345,0.132,0.1344,1663226.33,0
2025-05-04 12:00:00,0.1344,0.1386,0.1342,0.1378,3737126.95,0
2025-05-04 13:00:00,0.1376,0.1382,0.1318,0.1332,4198934.97,0
2025-05-04 14:00:00,0.1332,0.1351,0.1329,0.1343,996560.66,0
2025-05-04 15:00:00,0.1342,0.1345,0.1318,0.1327,783471.61,0
2025-05-04 16:00:00,0.1327,0.1336,0.1302,0.1314,1950032.72,0
2025-05-04 17:00:00,0.1314,0.1318,0.1294,0.131,1333914.53,0
2025-05-04 18:00:00,0.131,0.1317,0.1298,0.1302,568967.03,0
2025-05-04 19:00:00,0.1301,0.1305,0.1294,0.1296,849363.52,0
2025-05-04 20:00:00,0.1296,0.132,0.1294,0.1316,637430.02,0
2025-05-04 21:00:00,0.1316,0.1323,0.1306,0.1321,592781.78,0
2025-05-04 22:00:00,0.1321,0.1321,0.1297,0.1309,1293828.47,0
2025-05-04 23:00:00,0.1308,0.1316,0.13,0.1313,1167863.81,0
2025-05-05 00:00:00,0.1313,0.1342,0.1312,0.1341,1449512.33,0
2025-05-05 01:00:00,0.1341,0.1341,0.1318,0.1331,1734645.71,0
2025-05-05 02:00:00,0.133,0.1379,0.1323,0.1369,3814866.8,0
2025-05-05 03:00:00,0.1369,0.1371,0.1338,0.1341,1306035.12,0
2025-05-05 04:00:00,0.134,0.1354,0.1336,0.1346,1171917.63,0
2025-05-05 05:00:00,0.1346,0.1351,0.1333,0.1349,951786.71,0
2025-05-05 06:00:00,0.1347,0.135,0.1334,0.1338,738884.38,0
2025-05-05 07:00:00,0.1338,0.1347,0.1328,0.1346,543679.34,0
2025-05-05 08:00:00,0.1346,0.136,0.1346,0.1348,1053882.41,0
2025-05-05 09:00:00,0.1349,0.1354,0.1336,0.1336,655702.07,0
2025-05-05 10:00:00,0.1336,0.1337,0.1304,0.1315,1727609.35,0
2025-05-05 11:00:00,0.1316,0.1321,0.1302,0.131,1294678.09,0
2025-05-05 12:00:00,0.131,0.132,0.13,0.1303,1839609.52,0
2025-05-05 13:00:00,0.1302,0.1312,0.1289,0.1308,2475896.61,0
2025-05-05 14:00:00,0.1309,0.1317,0.1302,0.1307,1811043.24,0
2025-05-05 15:00:00,0.1307,0.131,0.1281,0.1288,1573862.07,0
2025-05-05 16:00:00,0.1288,0.1305,0.1284,0.1298,1255403.98,0
2025-05-05 17:00:00,0.1298,0.1313,0.1288,0.1312,1731209.08,0
2025-05-05 18:00:00,0.1312,0.1326,0.1309,0.1318,1119454.39,0
2025-05-05 19:00:00,0.1318,0.1326,0.1296,0.1297,1002443.01,0
2025-05-05 20:00:00,0.1297,0.1298,0.1266,0.1283,2928288.66,0
2025-05-05 21:00:00,0.1284,0.1306,0.1284,0.1301,1390930.97,0
2025-05-05 22:00:00,0.1302,0.1312,0.13,0.1305,716073.53,0
2025-05-05 23:00:00,0.1305,0.1306,0.1293,0.1296,594139.5,0
2025-05-06 00:00:00,0.1296,0.1305,0.1291,0.1297,506429.11,0
2025-05-06 01:00:00,0.1296,0.1313,0.1293,0.1294,762369.66,0
2025-05-06 02:00:00,0.1294,0.1296,0.1271,0.1295,1265143.72,0
2025-05-06 03:00:00,0.1294,0.1302,0.1285,0.1298,1285839.16,0
2025-05-06 04:00:00,0.1298,0.1307,0.1295,0.1297,722125.71,0
2025-05-06 05:00:00,0.1297,0.1298,0.1287,0.1288,870465.14,0
2025-05-06 06:00:00,0.1288,0.1292,0.1281,0.1288,980149.41,0
2025-05-06 07:00:00,0.1288,0.1295,0.1282,0.1284,650644.47,0
2025-05-06 08:00:00,0.1283,0.1287,0.126,0.1287,2934986.53,0
2025-05-06 09:00:00,0.1286,0.129,0.1272,0.1279,1150584.64,0
2025-05-06 10:00:00,0.1279,0.128,0.126,0.1262,1816523.24,0
2025-05-06 11:00:00,0.1262,0.1273,0.125,0.1261,2280139.45,0
2025-05-06 12:00:00,0.1263,0.1267,0.1252,0.1264,1813260.71,0
2025-05-06 13:00:00,0.1264,0.1264,0.1243,0.1252,3156336.48,0
2025-05-06 14:00:00,0.1253,0.1282,0.1253,0.1269,1973898.26,0
2025-05-06 15:00:00,0.1268,0.1286,0.1262,0.1266,2199660.2,0
2025-05-06 16:00:00,0.1266,0.1274,0.1255,0.1269,2507094.75,0
2025-05-06 17:00:00,0.127,0.1294,0.1269,0.1285,1684774.3,0
2025-05-06 18:00:00,0.1285,0.1302,0.1283,0.1302,1275669.32,0
2025-05-06 19:00:00,0.1301,0.1304,0.1273,0.1277,1089120.34,0
2025-05-06 20:00:00,0.1278,0.1283,0.125,0.1256,1210050.42,0
2025-05-06 21:00:00,0.1255,0.127,0.1241,0.1265,1824581.41,0
2025-05-06 22:00:00,0.1264,0.1306,0.1264,0.1306,2488078.47,0
2025-05-06 23:00:00,0.1306,0.1311,0.1296,0.1305,1718526.85,0
2025-05-07 00:00:00,0.1306,0.1325,0.1302,0.1324,1537177.27,0
2025-05-07 01:00:00,0.1323,0.1334,0.1316,0.1333,1208265.18,0
2025-05-07 02:00:00,0.1333,0.1347,0.1313,0.132,3146418.99,0
2025-05-07 03:00:00,0.132,0.1326,0.1303,0.1322,1005199.94,0
2025-05-07 04:00:00,0.1322,0.1334,0.1321,0.133,1700681.37,0
2025-05-07 05:00:00,0.1329,0.1335,0.132,0.1325,1078747.27,0
2025-05-07 06:00:00,0.1325,0.1333,0.1312,0.1321,1065180.68,0
2025-05-07 07:00:00,0.1321,0.1341,0.1321,0.1332,2664282.31,0
2025-05-07 08:00:00,0.1331,0.1347,0.131,0.1338,3443201.44,0
2025-05-07 09:00:00,0.1338,0.1338,0.1311,0.1315,2024740.02,0
2025-05-07 10:00:00,0.1315,0.1327,0.1314,0.1317,1397787.82,0
2025-05-07 11:00:00,0.1317,0.132,0.1303,0.1319,1254029.96,0
2025-05-07 12:00:00,0.1318,0.1321,0.1305,0.131,1201124.14,0
2025-05-07 13:00:00,0.131,0.1315,0.1296,0.1307,1288734.52,0
2025-05-07 14:00:00,0.1307,0.1315,0.1289,0.1294,1635055.08,0
2025-05-07 15:00:00,0.1293,0.1295,0.1276,0.1285,1419165.94,0
2025-05-07 16:00:00,0.1285,0.1285,0.1249,0.1268,4656720.4,0
2025-05-07 17:00:00,0.1269,0.1271,0.1256,0.1271,1296000.02,0
2025-05-07 18:00:00,0.1272,0.1299,0.1264,0.1283,3665654.08,0
2025-05-07 19:00:00,0.1284,0.1286,0.1261,0.1266,830906.27,0
2025-05-07 20:00:00,0.1266,0.1273,0.1259,0.127,638166.46,0
2025-05-07 21:00:00,0.127,0.1292,0.1263,0.1284,709177.43,0
2025-05-07 22:00:00,0.1285,0.1297,0.128,0.1287,919945.17,0
2025-05-07 23:00:00,0.1288,0.1295,0.1281,0.1286,734270.97,0
2025-05-08 00:00:00,0.1285,0.1318,0.1284,0.1316,892473.6,0
2025-05-08 01:00:00,0.1316,0.133,0.1299,0.1303,1743116.98,0
2025-05-08 02:00:00,0.1303,0.1336,0.1302,0.1326,1898547.04,0
2025-05-08 03:00:00,0.1327,0.1343,0.1323,0.1336,1701231.71,0
2025-05-08 04:00:00,0.1337,0.1359,0.1334,0.1352,2300903.42,0
2025-05-08 05:00:00,0.1353,0.1374,0.135,0.135,2093471.99,0
2025-05-08 06:00:00,0.135,0.1367,0.1349,0.1363,1663654.12,0
2025-05-08 07:00:00,0.1364,0.1394,0.1361,0.1386,2825286.82,0
2025-05-08 08:00:00,0.1386,0.1409,0.1384,0.1396,2677575.83,0
2025-05-08 09:00:00,0.1396,0.14,0.137,0.1385,3778728.81,0
2025-05-08 10:00:00,0.1384,0.1395,0.1381,0.139,2334844.59,0
2025-05-08 11:00:00,0.1389,0.1397,0.1377,0.139,1645048.22,0
2025-05-08 12:00:00,0.1391,0.1408,0.1381,0.1381,1326843.01,0
2025-05-08 13:00:00,0.1381,0.1385,0.1363,0.1369,1420631.3,0
2025-05-08 14:00:00,0.137,0.1392,0.1363,0.1377,2372971.17,0
2025-05-08 15:00:00,0.1377,0.144,0.1376,0.1424,5187844.95,0
2025-05-08 16:00:00,0.1426,0.1442,0.1419,0.1421,2880058.66,0
2025-05-08 17:00:00,0.1422,0.1423,0.1403,0.1413,1833553.94,0
2025-05-08 18:00:00,0.1413,0.1427,0.1413,0.1426,2058440.35,0
2025-05-08 19:00:00,0.1425,0.1442,0.1419,0.1437,1944117.07,0
2025-05-08 20:00:00,0.1438,0.1469,0.1424,0.1464,2216669.89,0
2025-05-08 21:00:00,0.1464,0.1498,0.145,0.1476,4606610.7,0
2025-05-08 22:00:00,0.1476,0.1482,0.1466,0.1478,1958527.01,0
2025-05-08 23:00:00,0.1479,0.1502,0.1472,0.15,1342282.97,0
2025-05-09 00:00:00,0.1499,0.1532,0.1494,0.152,2195962.75,0
2025-05-09 01:00:00,0.152,0.1545,0.1513,0.1518,1582229.83,0
2025-05-09 02:00:00,0.1518,0.1531,0.151,0.1531,1784028.79,0
2025-05-09 03:00:00,0.153,0.1574,0.1528,0.1548,4948458.04,0
2025-05-09 04:00:00,0.1549,0.1566,0.1531,0.1546,2551557.97,0
2025-05-09 05:00:00,0.1546,0.159,0.1546,0.159,1709858.22,0
2025-05-09 06:00:00,0.159,0.1601,0.1573,0.1596,3203124.81,0
2025-05-09 07:00:00,0.1595,0.1666,0.1593,0.1633,7196117.1,0
2025-05-09 08:00:00,0.1632,0.1723,0.1628,0.1659,8000732.12,0
2025-05-09 09:00:00,0.1659,0.1688,0.1636,0.1666,8163421.1,0
2025-05-09 10:00:00,0.1666,0.1738,0.1643,0.1715,4416351.99,0
2025-05-09 11:00:00,0.1714,0.1787,0.1708,0.1718,7962625.8,0
2025-05-09 12:00:00,0.1718,0.1733,0.1694,0.1699,3975668.1,0
2025-05-09 13:00:00,0.1699,0.1726,0.1698,0.1702,2436403.79,0
2025-05-09 14:00:00,0.1702,0.1707,0.1651,0.1664,2984212.91,0
2025-05-09 15:00:00,0.1665,0.1683,0.1653,0.168,2455780.04,0
2025-05-09 16:00:00,0.1681,0.1691,0.1658,0.1667,2113973.9,0
2025-05-09 17:00:00,0.1666,0.1719,0.1666,0.1713,2385405.78,0
2025-05-09 18:00:00,0.1712,0.172,0.1694,0.1698,1831116.33,0
2025-05-09 19:00:00,0.1699,0.1708,0.1673,0.1689,1885424.26,0
2025-05-09 20:00:00,0.1688,0.1701,0.1671,0.1697,1501862.72,0
2025-05-09 21:00:00,0.1698,0.1728,0.1685,0.1718,2025259.07,0
2025-05-09 22:00:00,0.172,0.1738,0.1694,0.1694,1323632.48,0
2025-05-09 23:00:00,0.1694,0.1728,0.169,0.1719,1646285.79,0
2025-05-10 00:00:00,0.1719,0.1771,0.1701,0.1714,2575270.89,0
2025-05-10 01:00:00,0.1715,0.1756,0.1706,0.1727,1301941.5,0
2025-05-10 02:00:00,0.1727,0.1765,0.1718,0.1755,1460822.27,0
2025-05-10 03:00:00,0.1756,0.1769,0.1732,0.1737,1547450.32,0
2025-05-10 04:00:00,0.1736,0.1739,0.1694,0.1704,2345848.18,0
2025-05-10 05:00:00,0.1704,0.1727,0.1691,0.1721,1431217.55,0
2025-05-10 06:00:00,0.172,0.1748,0.1713,0.1739,2335024.17,0
2025-05-10 07:00:00,0.1738,0.177,0.1732,0.1765,2561760.12,0
2025-05-10 08:00:00,0.1765,0.181,0.1757,0.1778,5354604.79,0
2025-05-10 09:00:00,0.1779,0.179,0.1747,0.1779,2796076.66,0
2025-05-10 10:00:00,0.1778,0.179,0.1764,0.1773,2315551.83,0
2025-05-10 11:00:00,0.1773,0.1787,0.1733,0.1741,3463008.41,0
2025-05-10 12:00:00,0.1741,0.1773,0.1739,0.1768,1937750.4,0
2025-05-10 13:00:00,0.1767,0.1797,0.1764,0.1785,2115651.24,0
2025-05-10 14:00:00,0.1785,0.1816,0.1779,0.1798,2618520.53,0
2025-05-10 15:00:00,0.1798,0.1806,0.1765,0.177,3241214.02,0
2025-05-10 16:00:00,0.177,0.1806,0.1751,0.1805,3588032.46,0
2025-05-10 17:00:00,0.1803,0.1817,0.1792,0.1794,3403741.76,0
2025-05-10 18:00:00,0.1794,0.1799,0.1766,0.1778,1269001.89,0
2025-05-10 19:00:00,0.1778,0.1818,0.1776,0.1809,1900688.27,0
2025-05-10 20:00:00,0.1809,0.1847,0.1787,0.182,3010671.28,0
2025-05-10 21:00:00,0.1821,0.1862,0.1816,0.1851,1787101.34,0
2025-05-10 22:00:00,0.1851,0.1909,0.1851,0.1904,3415220.72,0
2025-05-10 23:00:00,0.1905,0.1935,0.1892,0.1915,3987840.09,0
2025-05-11 00:00:00,0.1915,0.1935,0.1826,0.186,4870999.53,0
2025-05-11 01:00:00,0.186,0.1877,0.1835,0.185,2568513.45,0
2025-05-11 02:00:00,0.1851,0.192,0.1838,0.1884,3417495.02,0
2025-05-11 03:00:00,0.1885,0.1915,0.1867,0.1876,2303597.3,0
2025-05-11 04:00:00,0.1875,0.1908,0.1867,0.1905,2726496.98,0
2025-05-11 05:00:00,0.1905,0.1915,0.1862,0.1865,1348597.72,0
2025-05-11 06:00:00,0.1864,0.1867,0.1813,0.1826,2505856.41,0
2025-05-11 07:00:00,0.1824,0.1824,0.1756,0.1768,3514121.59,0
2025-05-11 08:00:00,0.1769,0.1796,0.1751,0.1781,1635711.49,0
2025-05-11 09:00:00,0.1781,0.1828,0.1781,0.1814,1398005.94,0
2025-05-11 10:00:00,0.1813,0.1827,0.1811,0.1822,953397.33,0
2025-05-11 11:00:00,0.1822,0.1829,0.1811,0.1826,1014055.64,0
2025-05-11 12:00:00,0.1826,0.1833,0.1798,0.1812,1710488.51,0
2025-05-11 13:00:00,0.1811,0.1823,0.176,0.1761,2192619.54,0
2025-05-11 14:00:00,0.1761,0.1793,0.1761,0.1784,1180524.44,0
2025-05-11 15:00:00,0.1785,0.1813,0.1763,0.1774,1976238.95,0
2025-05-11 16:00:00,0.1775,0.1784,0.1743,0.1781,2660898.19,0
2025-05-11 17:00:00,0.1781,0.1802,0.1778,0.1798,1481859.47,0
2025-05-11 18:00:00,0.1797,0.1824,0.1791,0.181,1858702.88,0
2025-05-11 19:00:00,0.181,0.1823,0.1807,0.1811,861975.84,0
2025-05-11 20:00:00,0.181,0.1817,0.1791,0.1801,776075.45,0
2025-05-11 21:00:00,0.1801,0.1821,0.1788,0.1819,1044932.09,0
2025-05-11 22:00:00,0.182,0.1836,0.1795,0.1807,833688.73,0
2025-05-11 23:00:00,0.1808,0.1826,0.1791,0.1796,408649.21,0
2025-05-12 00:00:00,0.1797,0.1834,0.1793,0.1833,1223737.8,0
2025-05-12 01:00:00,0.1833,0.1866,0.1777,0.1805,2713589.91,0
2025-05-12 02:00:00,0.1805,0.1836,0.1797,0.1829,1649332.79,0
2025-05-12 03:00:00,0.183,0.1851,0.1817,0.1847,1225149.49,0
2025-05-12 04:00:00,0.1846,0.1858,0.1829,0.1843,929078.55,0
2025-05-12 05:00:00,0.1844,0.1857,0.1799,0.1813,1328003.27,0
2025-05-12 06:00:00,0.1812,0.1846,0.1792,0.1844,916628.36,0
2025-05-12 07:00:00,0.1845,0.1919,0.1845,0.1884,4770378.76,0
2025-05-12 08:00:00,0.1884,0.1935,0.186,0.1929,1797710.31,0
2025-05-12 09:00:00,0.193,0.1952,0.1912,0.1922,3025854.26,0
2025-05-12 10:00:00,0.1923,0.194,0.1908,0.1925,2365740.86,0
2025-05-12 11:00:00,0.1925,0.1934,0.1873,0.1877,1707010.02,0
2025-05-12 12:00:00,0.1876,0.19,0.1861,0.1889,1597033.91,0
2025-05-12 13:00:00,0.1891,0.1912,0.1866,0.1897,2549380.34,0
2025-05-12 14:00:00,0.1898,0.1918,0.1823,0.1833,4511349.28,0
2025-05-12 15:00:00,0.1835,0.1847,0.1794,0.1815,3414326.68,0
2025-05-12 16:00:00,0.1815,0.1844,0.1803,0.1837,1089780.25,0
2025-05-12 17:00:00,0.1836,0.1853,0.1786,0.1796,1302958.64,0
2025-05-12 18:00:00,0.1797,0.1807,0.1695,0.1728,3028208.47,0
2025-05-12 19:00:00,0.1729,0.1773,0.1725,0.1766,1481383.51,0
2025-05-12 20:00:00,0.1766,0.1793,0.1759,0.1779,743835.83,0
2025-05-12 21:00:00,0.1779,0.1792,0.1775,0.1787,550773.01,0
2025-05-12 22:00:00,0.1787,0.1808,0.178,0.1796,353748.74,0
2025-05-12 23:00:00,0.1796,0.1819,0.1795,0.1798,514240.39,0
2025-05-13 00:00:00,0.18,0.1803,0.1756,0.1757,835446.12,0
2025-05-13 01:00:00,0.1757,0.1766,0.1715,0.1724,1036897.69,0
2025-05-13 02:00:00,0.1724,0.1737,0.1682,0.1692,3525624.11,0
2025-05-13 03:00:00,0.1692,0.1708,0.1664,0.1668,1719630.81,0
2025-05-13 04:00:00,0.1666,0.1716,0.1657,0.1714,1433053.57,0
2025-05-13 05:00:00,0.1714,0.1724,0.1697,0.1711,961496.0,0
2025-05-13 06:00:00,0.1712,0.1737,0.171,0.1714,807251.02,0
2025-05-13 07:00:00,0.1713,0.1749,0.1712,0.1736,715903.4,0
2025-05-13 08:00:00,0.1736,0.1754,0.1723,0.1738,841615.92,0
2025-05-13 09:00:00,0.174,0.1787,0.1737,0.1781,1259481.83,0
2025-05-13 10:00:00,0.1781,0.1783,0.1753,0.1773,1604415.39,0
2025-05-13 11:00:00,0.1772,0.1797,0.1758,0.1785,1190431.99,0
2025-05-13 12:00:00,0.1785,0.1819,0.1764,0.1805,3583838.66,0
2025-05-13 13:00:00,0.1806,0.1842,0.1804,0.1813,1353799.42,0
2025-05-13 14:00:00,0.1812,0.1817,0.1776,0.1784,2196776.53,0
2025-05-13 15:00:00,0.1784,0.183,0.178,0.183,1109115.05,0
2025-05-13 16:00:00,0.1829,0.1888,0.1822,0.1877,2786076.06,0
2025-05-13 17:00:00,0.1878,0.1905,0.1874,0.1886,2437386.47,0
2025-05-13 18:00:00,0.1886,0.1926,0.1884,0.1925,2305594.48,0
2025-05-13 19:00:00,0.1926,0.1982,0.1918,0.1963,3594884.93,0
2025-05-13 20:00:00,0.1962,0.1987,0.1928,0.1986,1776270.06,0
2025-05-13 21:00:00,0.1985,0.1987,0.1945,0.1958,1177990.77,0
2025-05-13 22:00:00,0.1959,0.1977,0.1934,0.1946,1391290.39,0
2025-05-13 23:00:00,0.1946,0.1962,0.1922,0.1946,1559304.19,0
2025-05-14 00:00:00,0.1946,0.1967,0.1917,0.1957,1298602.35,0
2025-05-14 01:00:00,0.1956,0.1973,0.1934,0.1944,1436237.26,0
2025-05-14 02:00:00,0.1944,0.1952,0.1912,0.1942,1119391.21,0
2025-05-14 03:00:00,0.1942,0.1949,0.1921,0.1947,1861356.58,0
2025-05-14 04:00:00,0.1948,0.1954,0.1907,0.1934,1472519.88,0
2025-05-14 05:00:00,0.1935,0.1952,0.1915,0.194,906796.11,0
2025-05-14 06:00:00,0.194,0.1945,0.1918,0.1925,1508730.97,0
2025-05-14 07:00:00,0.1924,0.1929,0.1885,0.1888,2069296.08,0
2025-05-14 08:00:00,0.1888,0.1896,0.1824,0.1827,3826959.96,0
2025-05-14 09:00:00,0.1828,0.1856,0.1823,0.1854,2053851.74,0
2025-05-14 10:00:00,0.1853,0.1873,0.1852,0.1859,1878708.19,0
2025-05-14 11:00:00,0.186,0.1882,0.186,0.1873,943913.11,0
2025-05-14 12:00:00,0.1872,0.1876,0.1838,0.1841,1123704.99,0
2025-05-14 13:00:00,0.1842,0.1857,0.1809,0.1848,2041563.2,0
2025-05-14 14:00:00,0.1847,0.1849,0.1813,0.1814,1774912.92,0
2025-05-14 15:00:00,0.1813,0.1818,0.1793,0.1818,1650548.84,0
2025-05-14 16:00:00,0.1818,0.183,0.1796,0.1813,1139335.23,0
2025-05-14 17:00:00,0.1813,0.1815,0.1783,0.1806,1230873.3,0
2025-05-14 18:00:00,0.1806,0.182,0.1799,0.1807,1632177.42,0
2025-05-14 19:00:00,0.1807,0.1818,0.1801,0.1807,862563.93,0
2025-05-14 20:00:00,0.1809,0.1815,0.1796,0.1797,776282.27,0
2025-05-14 21:00:00,0.1798,0.1815,0.178,0.181,1394796.13,0
2025-05-14 22:00:00,0.1811,0.1818,0.1786,0.179,532394.02,0
2025-05-14 23:00:00,0.179,0.1797,0.1775,0.179,908616.64,0
2025-05-15 00:00:00,0.179,0.1814,0.1786,0.1804,901936.19,0
2025-05-15 01:00:00,0.1803,0.1814,0.1738,0.1747,1842738.93,0
2025-05-15 02:00:00,0.1748,0.1763,0.1739,0.1755,715028.85,0
2025-05-15 03:00:00,0.1756,0.1759,0.1727,0.173,1078446.47,0
2025-05-15 04:00:00,0.1729,0.1741,0.1718,0.173,1139344.36,0
2025-05-15 05:00:00,0.173,0.1737,0.1687,0.1693,4585023.05,0
2025-05-15 06:00:00,0.1693,0.1706,0.1675,0.1691,1633615.43,0
2025-05-15 07:00:00,0.1691,0.1696,0.1648,0.1652,2951746.86,0
2025-05-15 08:00:00,0.1651,0.1703,0.1651,0.1699,2511430.38,0
2025-05-15 09:00:00,0.1699,0.1702,0.1642,0.1653,2712773.62,0
2025-05-15 10:00:00,0.1654,0.1657,0.1603,0.1622,3707809.11,0
2025-05-15 11:00:00,0.1621,0.1654,0.1616,0.1648,2040488.19,0
2025-05-15 12:00:00,0.1648,0.1674,0.1639,0.1657,4472415.95,0
2025-05-15 13:00:00,0.1657,0.1677,0.1602,0.1623,2797113.42,0
2025-05-15 14:00:00,0.1625,0.163,0.1589,0.1608,2823969.48,0
2025-05-15 15:00:00,0.1606,0.1683,0.1603,0.168,4815143.56,0
2025-05-15 16:00:00,0.1681,0.1689,0.1649,0.1687,2887985.1,0
2025-05-15 17:00:00,0.1687,0.17,0.1669,0.1677,3800127.46,0
2025-05-15 18:00:00,0.1677,0.1681,0.161,0.1618,2216360.45,0
2025-05-15 19:00:00,0.1618,0.1635,0.1602,0.1616,1254817.54,0
2025-05-15 20:00:00,0.1617,0.163,0.1587,0.1604,5420545.66,0
2025-05-15 21:00:00,0.1604,0.1604,0.1557,0.1593,2286440.84,0
2025-05-15 22:00:00,0.1594,0.1614,0.1582,0.1582,1728706.16,0
2025-05-15 23:00:00,0.1582,0.1592,0.1537,0.1588,3030085.55,0
2025-05-16 00:00:00,0.1588,0.1616,0.158,0.1594,2212434.4,0
2025-05-16 01:00:00,0.1595,0.1608,0.1574,0.1599,1078601.34,0
2025-05-16 02:00:00,0.16,0.1623,0.1598,0.1611,3374203.46,0
2025-05-16 03:00:00,0.1611,0.1621,0.1602,0.1618,823060.89,0
2025-05-16 04:00:00,0.1618,0.163,0.1592,0.1607,1381091.28,0
2025-05-16 05:00:00,0.1608,0.1634,0.1608,0.1627,1230599.62,0
2025-05-16 06:00:00,0.1626,0.1645,0.1621,0.1629,2172991.01,0
2025-05-16 07:00:00,0.1629,0.1652,0.1622,0.1639,1588688.03,0
2025-05-16 08:00:00,0.164,0.1645,0.1594,0.162,1799578.86,0
2025-05-16 09:00:00,0.1621,0.1653,0.1616,0.1648,1494967.19,0
2025-05-16 10:00:00,0.1648,0.1652,0.1628,0.1652,1167157.35,0
2025-05-16 11:00:00,0.1652,0.166,0.163,0.1632,914428.25,0
2025-05-16 12:00:00,0.1635,0.1642,0.1616,0.1621,794850.57,0
2025-05-16 13:00:00,0.162,0.1639,0.1615,0.1634,2084958.09,0
2025-05-16 14:00:00,0.1634,0.1634,0.1586,0.1597,2977486.59,0
2025-05-16 15:00:00,0.1598,0.1625,0.1598,0.1611,1713088.14,0
2025-05-16 16:00:00,0.1612,0.1622,0.1576,0.1593,1413130.08,0
2025-05-16 17:00:00,0.1593,0.1596,0.1555,0.1559,2397572.75,0
2025-05-16 18:00:00,0.1559,0.1582,0.1558,0.1576,1063377.1,0
2025-05-16 19:00:00,0.1575,0.159,0.157,0.1588,760341.92,0
2025-05-16 20:00:00,0.1588,0.1588,0.1542,0.1557,1813257.05,0
2025-05-16 21:00:00,0.1555,0.1578,0.1551,0.1563,792699.6,0
2025-05-16 22:00:00,0.1563,0.1564,0.1519,0.1532,1985878.31,0
2025-05-16 23:00:00,0.1533,0.1562,0.1532,0.155,851494.06,0
2025-05-17 00:00:00,0.1549,0.1554,0.1506,0.1516,2640349.08,0
2025-05-17 01:00:00,0.1515,0.1515,0.147,0.1483,3507024.7,0
2025-05-17 02:00:00,0.1485,0.1503,0.1466,0.1496,1290774.58,0
2025-05-17 03:00:00,0.1496,0.1505,0.1473,0.1503,1439001.6,0
2025-05-17 04:00:00,0.1502,0.1517,0.1497,0.151,636801.73,0
2025-05-17 05:00:00,0.1509,0.1515,0.1479,0.1483,768035.83,0
2025-05-17 06:00:00,0.1484,0.1497,0.1475,0.1493,1798676.97,0
2025-05-17 07:00:00,0.1493,0.1524,0.149,0.1504,4171061.83,0
2025-05-17 08:00:00,0.1505,0.151,0.1487,0.1487,1605103.91,0
2025-05-17 09:00:00,0.1487,0.1502,0.1477,0.1496,1149945.72,0
2025-05-17 10:00:00,0.1496,0.1516,0.1493,0.1507,825163.85,0
2025-05-17 11:00:00,0.1507,0.1518,0.1491,0.1505,786223.88,0
2025-05-17 12:00:00,0.1505,0.1509,0.1489,0.1491,709470.06,0
2025-05-17 13:00:00,0.1492,0.1501,0.1472,0.1483,767812.04,0
2025-05-17 14:00:00,0.1482,0.1508,0.1482,0.1505,1414782.47,0
2025-05-17 15:00:00,0.1506,0.1509,0.1491,0.1491,1035485.29,0
2025-05-17 16:00:00,0.1492,0.1497,0.1453,0.1475,2546264.55,0
2025-05-17 17:00:00,0.1475,0.1491,0.1472,0.1472,731215.79,0
2025-05-17 18:00:00,0.1473,0.1492,0.1466,0.1467,2022200.29,0
2025-05-17 19:00:00,0.1466,0.1489,0.1464,0.1481,1177113.34,0
2025-05-17 20:00:00,0.148,0.1513,0.1478,0.1512,1451296.42,0
2025-05-17 21:00:00,0.1512,0.1514,0.149,0.1497,588426.19,0
2025-05-17 22:00:00,0.1496,0.1498,0.1476,0.1487,695193.03,0
2025-05-17 23:00:00,0.1487,0.1502,0.1483,0.149,636635.67,0
2025-05-18 00:00:00,0.149,0.15,0.1479,0.1497,753602.82,0
2025-05-18 01:00:00,0.1498,0.151,0.1488,0.1502,1128457.55,0
2025-05-18 02:00:00,0.1502,0.1504,0.1488,0.1494,325434.96,0
2025-05-18 03:00:00,0.1494,0.1504,0.1484,0.1495,1555475.57,0
2025-05-18 04:00:00,0.1495,0.1506,0.1487,0.1504,857238.46,0
2025-05-18 05:00:00,0.1505,0.155,0.1505,0.1546,2334833.37,0
2025-05-18 06:00:00,0.1546,0.1549,0.1528,0.1532,1958205.9,0
2025-05-18 07:00:00,0.1531,0.1559,0.1528,0.1558,1003997.46,0
2025-05-18 08:00:00,0.1557,0.16,0.1555,0.1594,2308671.9,0
2025-05-18 09:00:00,0.1594,0.1601,0.156,0.1568,1843764.9,0
2025-05-18 10:00:00,0.1568,0.1573,0.155,0.1559,1230704.0,0
2025-05-18 11:00:00,0.1559,0.156,0.1532,0.1534,1546266.98,0
2025-05-18 12:00:00,0.1534,0.1539,0.1518,0.1535,1536187.75,0
2025-05-18 13:00:00,0.1536,0.1574,0.1529,0.1573,1391982.63,0
2025-05-18 14:00:00,0.1573,0.1605,0.1562,0.16,1886120.4,0
2025-05-18 15:00:00,0.1601,0.1641,0.1593,0.1637,3326375.88,0
2025-05-18 16:00:00,0.1638,0.1682,0.1635,0.1666,4622050.62,0
2025-05-18 17:00:00,0.1666,0.1666,0.1588,0.1592,3856555.49,0
2025-05-18 18:00:00,0.1593,0.1596,0.1549,0.1581,3361794.69,0
2025-05-18 19:00:00,0.158,0.1591,0.1546,0.1547,2053552.17,0
2025-05-18 20:00:00,0.1546,0.1546,0.1504,0.154,3678339.53,0
2025-05-18 21:00:00,0.154,0.1594,0.154,0.1575,2076143.15,0
2025-05-18 22:00:00,0.1575,0.1601,0.1553,0.1599,1184935.77,0
2025-05-18 23:00:00,0.1599,0.1641,0.1571,0.1631,5350983.91,0
2025-05-19 00:00:00,0.1631,0.1646,0.1584,0.1588,2378723.25,0
2025-05-19 01:00:00,0.1588,0.1598,0.157,0.1575,1301826.96,0
2025-05-19 02:00:00,0.1574,0.1583,0.1551,0.1556,1320276.63,0
2025-05-19 03:00:00,0.1557,0.1561,0.1536,0.1544,1315171.61,0
2025-05-19 04:00:00,0.1544,0.1557,0.1515,0.1524,1468457.86,0
2025-05-19 05:00:00,0.1525,0.1534,0.1513,0.1526,2528616.18,0
2025-05-19 06:00:00,0.1526,0.1541,0.149,0.1493,2148532.68,0
2025-05-19 07:00:00,0.1493,0.1535,0.1492,0.1516,1084178.57,0
2025-05-19 08:00:00,0.1516,0.1517,0.1478,0.1484,2575971.22,0
2025-05-19 09:00:00,0.1483,0.1497,0.146,0.1494,6219680.82,0
2025-05-19 10:00:00,0.1493,0.1503,0.1479,0.1487,2282847.32,0
2025-05-19 11:00:00,0.1486,0.1494,0.1479,0.1485,728048.12,0
2025-05-19 12:00:00,0.1485,0.1491,0.1465,0.1473,1406534.42,0
2025-05-19 13:00:00,0.1473,0.1523,0.1469,0.1507,1589630.45,0
2025-05-19 14:00:00,0.1507,0.1528,0.1497,0.1521,1117349.41,0
2025-05-19 15:00:00,0.1521,0.1535,0.1509,0.1518,2026990.68,0
2025-05-19 16:00:00,0.1519,0.1546,0.15,0.1542,1907837.53,0
2025-05-19 17:00:00,0.1542,0.1566,0.1532,0.1538,1542512.69,0
2025-05-19 18:00:00,0.1537,0.1547,0.1503,0.1513,1723025.23,0
2025-05-19 19:00:00,0.1514,0.1527,0.1505,0.1521,2141575.44,0
2025-05-19 20:00:00,0.152,0.1532,0.1502,0.1509,1196303.62,0
2025-05-19 21:00:00,0.151,0.152,0.1494,0.1518,989508.85,0
2025-05-19 22:00:00,0.1517,0.1519,0.1496,0.1501,890302.4,0
2025-05-19 23:00:00,0.1501,0.1522,0.15,0.1513,754792.47,0
2025-05-20 00:00:00,0.1514,0.1546,0.1496,0.15,1195711.61,0
2025-05-20 01:00:00,0.1499,0.1547,0.1495,0.1535,971561.26,0
2025-05-20 02:00:00,0.1536,0.1569,0.1534,0.1542,1368526.66,0
2025-05-20 03:00:00,0.1543,0.1547,0.1512,0.1526,1284876.7,0
2025-05-20 04:00:00,0.1526,0.154,0.1515,0.1534,855643.75,0
2025-05-20 05:00:00,0.1535,0.1552,0.1525,0.1526,1123661.11,0
2025-05-20 06:00:00,0.1526,0.1538,0.1513,0.153,980926.53,0
2025-05-20 07:00:00,0.1531,0.1534,0.1505,0.151,1376865.73,0
2025-05-20 08:00:00,0.1509,0.1515,0.1491,0.1496,1241554.83,0
2025-05-20 09:00:00,0.1496,0.1508,0.1481,0.1485,2439084.36,0
2025-05-20 10:00:00,0.1486,0.1494,0.147,0.1478,1615267.16,0
2025-05-20 11:00:00,0.1479,0.1484,0.1458,0.1474,1933309.32,0
2025-05-20 12:00:00,0.1474,0.1478,0.1455,0.1466,1573648.41,0
2025-05-20 13:00:00,0.1467,0.1475,0.1459,0.1469,1686350.84,0
2025-05-20 14:00:00,0.1468,0.1484,0.1463,0.1474,1140047.66,0
2025-05-20 15:00:00,0.1473,0.1494,0.1472,0.1483,760518.72,0
2025-05-20 16:00:00,0.1484,0.1489,0.1462,0.1466,1334637.87,0
2025-05-20 17:00:00,0.1467,0.1509,0.1465,0.1496,1474090.09,0
2025-05-20 18:00:00,0.1496,0.1502,0.1454,0.1457,965658.67,0
2025-05-20 19:00:00,0.1456,0.1512,0.145,0.1502,892660.76,0
2025-05-20 20:00:00,0.1502,0.1537,0.1495,0.1528,1488123.48,0
2025-05-20 21:00:00,0.1529,0.1545,0.1518,0.1534,1377823.45,0
2025-05-20 22:00:00,0.1535,0.1541,0.1505,0.1517,1915373.18,0
2025-05-20 23:00:00,0.1516,0.1537,0.1513,0.1526,716416.52,0
2025-05-21 00:00:00,0.1525,0.1545,0.1518,0.1522,1098588.62,0
2025-05-21 01:00:00,0.1522,0.1534,0.151,0.1512,603449.54,0
2025-05-21 02:00:00,0.1512,0.1526,0.1495,0.1525,830374.09,0
2025-05-21 03:00:00,0.1525,0.1547,0.1522,0.1537,1026700.77,0
2025-05-21 04:00:00,0.1537,0.1551,0.1523,0.1535,2104302.94,0
2025-05-21 05:00:00,0.1535,0.1566,0.1535,0.1563,1613305.2,0
2025-05-21 06:00:00,0.1562,0.1576,0.1543,0.1568,1542820.18,0
2025-05-21 07:00:00,0.1569,0.1573,0.1531,0.1537,1628677.96,0
2025-05-21 08:00:00,0.1537,0.1542,0.1515,0.1517,916042.89,0
2025-05-21 09:00:00,0.1517,0.1521,0.1503,0.1509,700163.86,0
2025-05-21 10:00:00,0.1508,0.1517,0.1499,0.151,772659.5,0
2025-05-21 11:00:00,0.151,0.1541,0.1507,0.1532,912280.52,0
2025-05-21 12:00:00,0.1532,0.1543,0.1523,0.1527,720033.43,0
2025-05-21 13:00:00,0.1528,0.1548,0.151,0.1535,1918910.81,0
2025-05-21 14:00:00,0.1536,0.1552,0.1515,0.1552,2708225.83,0
2025-05-21 15:00:00,0.1552,0.1559,0.1538,0.1551,2227762.4,0
2025-05-21 16:00:00,0.1552,0.1621,0.1548,0.1589,3011621.01,0
2025-05-21 17:00:00,0.159,0.1599,0.1506,0.152,6907947.43,0
2025-05-21 18:00:00,0.1521,0.1556,0.1516,0.1538,2303260.05,0
2025-05-21 19:00:00,0.1539,0.1562,0.1524,0.1561,972568.59,0
2025-05-21 20:00:00,0.1561,0.1566,0.1539,0.155,616954.04,0
2025-05-21 21:00:00,0.1551,0.1565,0.1541,0.1541,560406.99,0
2025-05-21 22:00:00,0.1541,0.1564,0.1541,0.156,975098.91,0
2025-05-21 23:00:00,0.1561,0.1592,0.1556,0.1565,1835697.02,0
2025-05-22 00:00:00,0.1567,0.1608,0.1566,0.1607,1919499.41,0
2025-05-22 01:00:00,0.1607,0.1624,0.16,0.1602,1656846.07,0
2025-05-22 02:00:00,0.1603,0.1621,0.1596,0.161,1084411.15,0
2025-05-22 03:00:00,0.1611,0.1641,0.1599,0.1631,1912333.14,0
2025-05-22 04:00:00,0.1631,0.1644,0.162,0.1636,1216471.04,0
2025-05-22 05:00:00,0.1636,0.1655,0.1631,0.1633,1391651.75,0
2025-05-22 06:00:00,0.1633,0.1648,0.1627,0.164,1560222.91,0
2025-05-22 07:00:00,0.164,0.1683,0.1636,0.1682,2265500.12,0
2025-05-22 08:00:00,0.1682,0.1742,0.1681,0.1739,6589508.86,0
2025-05-22 09:00:00,0.1738,0.1752,0.1713,0.1727,2910710.68,0
2025-05-22 10:00:00,0.1727,0.1729,0.1704,0.1709,2472759.22,0
2025-05-22 11:00:00,0.1709,0.1726,0.1691,0.1714,1761466.76,0
2025-05-22 12:00:00,0.1715,0.1725,0.1704,0.1711,2006762.84,0
2025-05-22 13:00:00,0.1711,0.1717,0.1688,0.1708,2362259.65,0
2025-05-22 14:00:00,0.1709,0.175,0.1709,0.1744,1870623.74,0
2025-05-22 15:00:00,0.1745,0.1793,0.1744,0.1771,4326251.1,0
2025-05-22 16:00:00,0.1771,0.1802,0.1746,0.1749,3177598.95,0
2025-05-22 17:00:00,0.1749,0.1785,0.1746,0.177,1421637.25,0
2025-05-22 18:00:00,0.1771,0.1775,0.1754,0.1773,1323229.06,0
2025-05-22 19:00:00,0.1773,0.1785,0.1746,0.1753,1902489.53,0
2025-05-22 20:00:00,0.1754,0.1784,0.1751,0.1752,1457842.23,0
2025-05-22 21:00:00,0.1752,0.1752,0.1721,0.1731,2006012.94,0
2025-05-22 22:00:00,0.173,0.1754,0.1726,0.1749,1400076.58,0
2025-05-22 23:00:00,0.1749,0.1774,0.1744,0.177,792104.9,0
2025-05-23 00:00:00,0.1771,0.1779,0.1746,0.1749,1541295.43,0
2025-05-23 01:00:00,0.175,0.1794,0.1742,0.1785,999244.42,0
2025-05-23 02:00:00,0.1785,0.1834,0.1781,0.1817,1907167.3,0
2025-05-23 03:00:00,0.1817,0.1838,0.1813,0.1832,1673759.14,0
2025-05-23 04:00:00,0.1833,0.1838,0.1773,0.178,1715466.68,0
2025-05-23 05:00:00,0.1781,0.1796,0.1756,0.1775,1083723.52,0
2025-05-23 06:00:00,0.1774,0.1778,0.1726,0.1737,1791526.76,0
2025-05-23 07:00:00,0.1737,0.1756,0.1723,0.1725,1485104.97,0
2025-05-23 08:00:00,0.1726,0.1764,0.1724,0.1754,2083560.82,0
2025-05-23 09:00:00,0.1755,0.1784,0.1748,0.1777,1167146.41,0
2025-05-23 10:00:00,0.1778,0.1778,0.1754,0.1774,927740.38,0
2025-05-23 11:00:00,0.1774,0.1775,0.1645,0.166,8174312.57,0
2025-05-23 12:00:00,0.1661,0.168,0.1612,0.1661,7599661.31,0
2025-05-23 13:00:00,0.1662,0.1707,0.1648,0.1704,2676407.69,0
2025-05-23 14:00:00,0.1704,0.172,0.1686,0.1704,1768528.83,0
2025-05-23 15:00:00,0.1703,0.171,0.1661,0.1662,1779992.84,0
2025-05-23 16:00:00,0.1663,0.1675,0.1643,0.1666,1709335.98,0
2025-05-23 17:00:00,0.1667,0.168,0.1657,0.1668,776210.01,0
2025-05-23 18:00:00,0.1669,0.1672,0.1641,0.1644,961337.86,0
2025-05-23 19:00:00,0.1645,0.1659,0.1633,0.1639,723027.89,0
2025-05-23 20:00:00,0.1639,0.1639,0.1603,0.1606,955632.47,0
2025-05-23 21:00:00,0.1605,0.1619,0.1595,0.1606,1578437.56,0
2025-05-23 22:00:00,0.1606,0.1617,0.1587,0.1589,855384.98,0
2025-05-23 23:00:00,0.1587,0.159,0.1527,0.155,5064599.52,0
2025-05-24 00:00:00,0.1551,0.1569,0.1537,0.1542,2182827.2,0
2025-05-24 01:00:00,0.1543,0.1567,0.1543,0.1546,798777.45,0
2025-05-24 02:00:00,0.1545,0.1563,0.1541,0.1556,795073.61,0
2025-05-24 03:00:00,0.1555,0.1583,0.1552,0.1578,737364.11,0
2025-05-24 04:00:00,0.1579,0.1592,0.1569,0.1585,1024630.22,0
2025-05-24 05:00:00,0.1584,0.1588,0.1559,0.1566,2630689.95,0
2025-05-24 06:00:00,0.1566,0.1573,0.1552,0.1571,2026715.0,0
2025-05-24 07:00:00,0.1571,0.1591,0.1565,0.1572,1610196.28,0
2025-05-24 08:00:00,0.1572,0.1575,0.1555,0.157,722516.9,0
2025-05-24 09:00:00,0.1569,0.1578,0.156,0.1564,763225.24,0
2025-05-24 10:00:00,0.1564,0.1595,0.156,0.1592,712628.31,0
2025-05-24 11:00:00,0.1593,0.1601,0.1583,0.1583,810749.18,0
2025-05-24 12:00:00,0.1583,0.1588,0.1572,0.1585,884786.92,0
2025-05-24 13:00:00,0.1585,0.1589,0.1568,0.1568,1092384.55,0
2025-05-24 14:00:00,0.1568,0.1593,0.1565,0.1591,837693.56,0
2025-05-24 15:00:00,0.159,0.1595,0.1567,0.1575,586090.86,0
2025-05-24 16:00:00,0.1575,0.1577,0.1558,0.1571,526171.57,0
2025-05-24 17:00:00,0.1572,0.1589,0.1567,0.1574,537257.05,0
2025-05-24 18:00:00,0.1574,0.1583,0.1559,0.1561,622605.46,0
2025-05-24 19:00:00,0.1561,0.1571,0.156,0.1569,206906.99,0
2025-05-24 20:00:00,0.1569,0.1578,0.1563,0.1573,611446.37,0
2025-05-24 21:00:00,0.1572,0.1575,0.1551,0.1566,574229.94,0
2025-05-24 22:00:00,0.1567,0.1567,0.1551,0.1552,524472.8,0
2025-05-24 23:00:00,0.1551,0.1565,0.1545,0.1562,686491.05,0
2025-05-25 00:00:00,0.1562,0.1573,0.1518,0.1528,1579737.5,0
2025-05-25 01:00:00,0.1527,0.1543,0.151,0.1533,1076969.12,0
2025-05-25 02:00:00,0.1533,0.154,0.1517,0.1538,484390.34,0
2025-05-25 03:00:00,0.1538,0.1548,0.1537,0.1542,333211.71,0
2025-05-25 04:00:00,0.1541,0.1543,0.1528,0.1542,380346.01,0
2025-05-25 05:00:00,0.1541,0.1547,0.1533,0.1544,543765.19,0
2025-05-25 06:00:00,0.1544,0.1545,0.1527,0.1538,312017.79,0
2025-05-25 07:00:00,0.1536,0.1537,0.1506,0.1519,702888.63,0
2025-05-25 08:00:00,0.1519,0.152,0.1494,0.15,1242005.45,0
2025-05-25 09:00:00,0.15,0.1512,0.1493,0.1508,1072373.05,0
2025-05-25 10:00:00,0.1509,0.1519,0.1502,0.1503,812315.98,0
2025-05-25 11:00:00,0.1503,0.1524,0.1499,0.1521,947078.29,0
2025-05-25 12:00:00,0.1521,0.1524,0.15,0.1523,884987.47,0
2025-05-25 13:00:00,0.1521,0.1529,0.1509,0.1513,605610.54,0
2025-05-25 14:00:00,0.1513,0.1517,0.1496,0.15,684985.9,0
2025-05-25 15:00:00,0.15,0.1508,0.147,0.1508,3326741.41,0
2025-05-25 16:00:00,0.1508,0.1508,0.1481,0.1495,1597692.11,0
2025-05-25 17:00:00,0.1494,0.1516,0.1494,0.1504,1094517.22,0
2025-05-25 18:00:00,0.1505,0.1511,0.1494,0.1508,709624.48,0
2025-05-25 19:00:00,0.1508,0.1527,0.1504,0.1517,998601.38,0
2025-05-25 20:00:00,0.1516,0.1519,0.1506,0.1513,835576.89,0
2025-05-25 21:00:00,0.1512,0.1523,0.1504,0.1517,319372.11,0
2025-05-25 22:00:00,0.1518,0.1581,0.1514,0.1576,1709771.07,0
2025-05-25 23:00:00,0.1577,0.1595,0.1562,0.1591,1437170.88,0
2025-05-26 00:00:00,0.159,0.1622,0.1578,0.1621,972252.39,0
2025-05-26 01:00:00,0.1622,0.1629,0.1604,0.1622,1265398.3,0
2025-05-26 02:00:00,0.1621,0.1627,0.1602,0.1609,695126.89,0
2025-05-26 03:00:00,0.1609,0.1643,0.1601,0.1623,794694.56,0
2025-05-26 04:00:00,0.1624,0.1629,0.162,0.1622,838133.72,0
2025-05-26 05:00:00,0.1621,0.1635,0.1619,0.163,992013.56,0
2025-05-26 06:00:00,0.163,0.1637,0.1615,0.1624,1313633.61,0
2025-05-26 07:00:00,0.1624,0.1659,0.1624,0.1656,2012293.46,0
2025-05-26 08:00:00,0.1656,0.166,0.1635,0.164,1142965.83,0
2025-05-26 09:00:00,0.164,0.1647,0.162,0.1625,1556521.96,0
2025-05-26 10:00:00,0.1625,0.1634,0.1606,0.1612,634868.56,0
2025-05-26 11:00:00,0.1612,0.1621,0.1601,0.1618,833712.26,0
2025-05-26 12:00:00,0.1618,0.1622,0.16,0.1616,1519745.16,0
2025-05-26 13:00:00,0.1616,0.1626,0.1579,0.1585,2069140.2,0
2025-05-26 14:00:00,0.1585,0.1594,0.1566,0.1578,1625827.0,0
2025-05-26 15:00:00,0.1579,0.1614,0.1571,0.1602,2114141.17,0
2025-05-26 16:00:00,0.1602,0.1612,0.1563,0.1572,3412820.38,0
2025-05-26 17:00:00,0.1571,0.158,0.1547,0.1556,740460.96,0
2025-05-26 18:00:00,0.1556,0.1575,0.1549,0.1562,673077.09,0
2025-05-26 19:00:00,0.1562,0.1575,0.1557,0.1568,450941.9,0
2025-05-26 20:00:00,0.1567,0.1583,0.1563,0.1583,676705.32,0
2025-05-26 21:00:00,0.1583,0.1588,0.1572,0.1582,515440.48,0
2025-05-26 22:00:00,0.1583,0.1595,0.1563,0.1564,445188.4,0
2025-05-26 23:00:00,0.1564,0.1572,0.1558,0.157,442726.99,0
2025-05-27 00:00:00,0.157,0.1584,0.1559,0.156,481448.56,0
2025-05-27 01:00:00,0.1561,0.1561,0.1522,0.1545,1573264.01,0
2025-05-27 02:00:00,0.1544,0.1563,0.1543,0.1553,513647.9,0
2025-05-27 03:00:00,0.1552,0.158,0.1552,0.157,1128401.66,0
2025-05-27 04:00:00,0.1571,0.1594,0.1568,0.1579,1052638.79,0
2025-05-27 05:00:00,0.1579,0.1583,0.1559,0.1582,619989.55,0
2025-05-27 06:00:00,0.1582,0.1625,0.1582,0.1596,1620495.56,0
2025-05-27 07:00:00,0.1597,0.1614,0.1588,0.1602,1536447.99,0
2025-05-27 08:00:00,0.1603,0.1637,0.1603,0.1634,3249999.35,0
2025-05-27 09:00:00,0.1634,0.1642,0.1618,0.1636,2148565.46,0
2025-05-27 10:00:00,0.1636,0.1637,0.1612,0.1619,3089125.86,0
2025-05-27 11:00:00,0.1618,0.1621,0.1603,0.1618,1185941.12,0
2025-05-27 12:00:00,0.1619,0.1632,0.161,0.1621,1881041.74,0
2025-05-27 13:00:00,0.1621,0.165,0.161,0.1613,2344426.63,0
2025-05-27 14:00:00,0.1614,0.1623,0.1588,0.1604,1756351.37,0
2025-05-27 15:00:00,0.1605,0.1631,0.1593,0.1624,2255722.43,0
2025-05-27 16:00:00,0.1625,0.1646,0.1612,0.1632,1643443.24,0
2025-05-27 17:00:00,0.1632,0.1646,0.1624,0.1631,981491.05,0
2025-05-27 18:00:00,0.1631,0.1637,0.1617,0.1619,1300472.8,0
2025-05-27 19:00:00,0.1618,0.1622,0.1607,0.1613,1137184.24,0
2025-05-27 20:00:00,0.1615,0.1625,0.161,0.1618,596523.07,0
2025-05-27 21:00:00,0.1618,0.1626,0.1595,0.1599,973451.0,0
2025-05-27 22:00:00,0.16,0.1607,0.1587,0.1592,904112.42,0
2025-05-27 23:00:00,0.1593,0.1596,0.1583,0.1591,747132.74,0
2025-05-28 00:00:00,0.1592,0.1605,0.1574,0.1604,1222159.63,0
2025-05-28 01:00:00,0.1605,0.1612,0.1587,0.1588,1903536.07,0
2025-05-28 02:00:00,0.1589,0.1599,0.158,0.1593,940588.79,0
2025-05-28 03:00:00,0.1593,0.1617,0.1589,0.1609,906313.13,0
2025-05-28 04:00:00,0.1609,0.1612,0.1589,0.1606,796885.06,0
2025-05-28 05:00:00,0.1607,0.1614,0.1596,0.1603,1089942.4,0
2025-05-28 06:00:00,0.1602,0.1602,0.1573,0.1578,851429.88,0
2025-05-28 07:00:00,0.1579,0.1606,0.1574,0.1593,541935.49,0
2025-05-28 08:00:00,0.1593,0.1611,0.1587,0.1606,1000685.3,0
2025-05-28 09:00:00,0.1606,0.1619,0.1597,0.1611,1487037.09,0
2025-05-28 10:00:00,0.1609,0.1621,0.1589,0.1616,1276287.76,0
2025-05-28 11:00:00,0.1616,0.1652,0.1616,0.1647,2121208.05,0
2025-05-28 12:00:00,0.1647,0.1699,0.1637,0.1676,3822413.67,0
2025-05-28 13:00:00,0.1676,0.1682,0.1635,0.1636,2953326.42,0
2025-05-28 14:00:00,0.1636,0.1641,0.16,0.1601,1958035.53,0
2025-05-28 15:00:00,0.1601,0.1608,0.158,0.1584,1586413.56,0
2025-05-28 16:00:00,0.1586,0.1608,0.158,0.1603,855155.57,0
2025-05-28 17:00:00,0.1605,0.1622,0.1585,0.1593,1339738.55,0
2025-05-28 18:00:00,0.1593,0.1606,0.1563,0.1565,1460278.88,0
2025-05-28 19:00:00,0.1564,0.1581,0.1546,0.1552,971107.27,0
2025-05-28 20:00:00,0.1551,0.1567,0.154,0.1566,1262485.87,0
2025-05-28 21:00:00,0.1565,0.1587,0.1561,0.1586,560447.27,0
2025-05-28 22:00:00,0.1584,0.159,0.1563,0.1575,685136.07,0
2025-05-28 23:00:00,0.1575,0.162,0.1571,0.1615,733552.83,0
2025-05-29 00:00:00,0.1616,0.1667,0.16,0.1665,2283224.44,0
2025-05-29 01:00:00,0.1666,0.1682,0.1633,0.1664,5237200.0,0
2025-05-29 02:00:00,0.1664,0.171,0.1652,0.1699,4060389.7,0
2025-05-29 03:00:00,0.1701,0.1707,0.1672,0.1679,2227691.11,0
2025-05-29 04:00:00,0.168,0.1683,0.162,0.1638,1977958.05,0
2025-05-29 05:00:00,0.1639,0.1646,0.1621,0.1627,1339377.85,0
2025-05-29 06:00:00,0.1627,0.1638,0.1623,0.1631,372890.99,0
2025-05-29 07:00:00,0.1631,0.1635,0.1614,0.1616,891464.06,0
2025-05-29 08:00:00,0.1617,0.1627,0.1605,0.1622,1583857.77,0
2025-05-29 09:00:00,0.1621,0.1632,0.1607,0.1626,2129655.47,0
2025-05-29 10:00:00,0.1626,0.1631,0.1603,0.1613,1089909.95,0
2025-05-29 11:00:00,0.1613,0.1621,0.1607,0.1614,671495.89,0
2025-05-29 12:00:00,0.1614,0.1614,0.1584,0.1591,1306711.9,0
2025-05-29 13:00:00,0.1592,0.1602,0.1566,0.1569,2790911.33,0
2025-05-29 14:00:00,0.1567,0.1574,0.1532,0.1565,5220648.75,0
2025-05-29 15:00:00,0.1566,0.1572,0.1541,0.1543,1962788.66,0
2025-05-29 16:00:00,0.1544,0.1556,0.1524,0.1531,3806318.4,0
2025-05-29 17:00:00,0.153,0.1538,0.152,0.1528,2264525.09,0
2025-05-29 18:00:00,0.1529,0.1551,0.1524,0.1526,1060750.05,0
2025-05-29 19:00:00,0.1526,0.1534,0.151,0.1516,1275109.19,0
2025-05-29 20:00:00,0.1517,0.1529,0.1515,0.1522,1036240.07,0
2025-05-29 21:00:00,0.1522,0.155,0.1518,0.1548,771311.55,0
2025-05-29 22:00:00,0.1549,0.1555,0.1537,0.1537,1597230.67,0
2025-05-29 23:00:00,0.1537,0.1543,0.1511,0.1521,1079091.25,0
2025-05-30 00:00:00,0.152,0.1524,0.1394,0.1419,14100198.76,0
2025-05-30 01:00:00,0.1419,0.1456,0.1412,0.1439,3965040.92,0
2025-05-30 02:00:00,0.1438,0.1466,0.1435,0.1455,2182447.13,0
2025-05-30 03:00:00,0.1455,0.1469,0.145,0.1454,1266221.73,0
2025-05-30 04:00:00,0.1453,0.1453,0.1435,0.1445,1489226.51,0
2025-05-30 05:00:00,0.1446,0.1458,0.1428,0.1445,2814829.84,0
2025-05-30 06:00:00,0.1444,0.1447,0.1403,0.1412,2154964.42,0
2025-05-30 07:00:00,0.1412,0.1439,0.1412,0.1424,2269288.55,0
2025-05-30 08:00:00,0.1424,0.1433,0.1408,0.1418,1859689.67,0
2025-05-30 09:00:00,0.1419,0.143,0.1401,0.1424,2146659.11,0
2025-05-30 10:00:00,0.1422,0.1429,0.1403,0.1426,3233124.9,0
2025-05-30 11:00:00,0.1426,0.1435,0.1417,0.1429,1954577.05,0
2025-05-30 12:00:00,0.1429,0.1431,0.1397,0.1425,2269983.7,0
2025-05-30 13:00:00,0.1425,0.1433,0.1406,0.1408,1557295.25,0
2025-05-30 14:00:00,0.1409,0.143,0.1404,0.1418,2400852.84,0
2025-05-30 15:00:00,0.1418,0.1423,0.1395,0.1398,4441410.59,0
2025-05-30 16:00:00,0.1398,0.1402,0.131,0.1342,15107725.3,0
2025-05-30 17:00:00,0.1341,0.1363,0.1337,0.1361,4305669.11,0
2025-05-30 18:00:00,0.1361,0.1384,0.1357,0.1374,2383981.62,0
2025-05-30 19:00:00,0.1374,0.1381,0.1368,0.1369,1254329.49,0
2025-05-30 20:00:00,0.1369,0.1374,0.136,0.1361,1642208.55,0
2025-05-30 21:00:00,0.136,0.1366,0.1348,0.1353,795101.99,0
2025-05-30 22:00:00,0.1352,0.1356,0.129,0.1292,5711872.71,0
2025-05-30 23:00:00,0.1292,0.1306,0.1269,0.1288,5096940.78,0
2025-05-31 00:00:00,0.1288,0.1292,0.1243,0.1263,5930502.43,0
2025-05-31 01:00:00,0.1263,0.1278,0.124,0.1261,4188929.4,0
2025-05-31 02:00:00,0.126,0.1277,0.1255,0.126,1903088.86,0
2025-05-31 03:00:00,0.126,0.1282,0.1251,0.1278,1065575.92,0
2025-05-31 04:00:00,0.1278,0.1308,0.1264,0.1307,1858373.22,0
2025-05-31 05:00:00,0.1306,0.1319,0.1296,0.13,1424392.45,0
2025-05-31 06:00:00,0.1301,0.1327,0.1298,0.1314,1321203.38,0
2025-05-31 07:00:00,0.1313,0.1326,0.1311,0.1318,940473.81,0
2025-05-31 08:00:00,0.1318,0.1321,0.13,0.1309,1053698.52,0
2025-05-31 09:00:00,0.1308,0.1314,0.1291,0.1294,1175290.4,0
2025-05-31 10:00:00,0.1294,0.131,0.1287,0.1305,1628772.17,0
2025-05-31 11:00:00,0.1304,0.1306,0.129,0.1294,844052.06,0
2025-05-31 12:00:00,0.1294,0.1319,0.1289,0.1319,1856183.2,0
2025-05-31 13:00:00,0.1319,0.1339,0.1315,0.1319,2019795.78,0
2025-05-31 14:00:00,0.1318,0.1342,0.1317,0.1337,1494254.95,0
2025-05-31 15:00:00,0.1336,0.1351,0.1327,0.1329,1982179.58,0
2025-05-31 16:00:00,0.1329,0.1349,0.1316,0.1341,2308695.44,0
2025-05-31 17:00:00,0.1341,0.1351,0.1334,0.1335,946736.91,0
2025-05-31 18:00:00,0.1335,0.1349,0.1334,0.1346,354989.92,0
2025-05-31 19:00:00,0.1347,0.1352,0.1342,0.1345,484363.99,0
2025-05-31 20:00:00,0.1344,0.1348,0.1339,0.1347,635705.64,0
2025-05-31 21:00:00,0.1347,0.1363,0.1344,0.1346,1247803.45,0
2025-05-31 22:00:00,0.1346,0.1347,0.1329,0.1329,943910.42,0
2025-05-31 23:00:00,0.133,0.1341,0.1326,0.1332,899404.7,0
2025-06-01 00:00:00,0.1332,0.1338,0.1323,0.1332,877354.8,0
2025-06-01 01:00:00,0.1331,0.1344,0.1316,0.132,884680.13,0
2025-06-01 02:00:00,0.1319,0.1325,0.1303,0.1321,811641.32,0
2025-06-01 03:00:00,0.1322,0.1327,0.1309,0.1319,555210.72,0
2025-06-01 04:00:00,0.132,0.1343,0.1313,0.1341,993779.55,0
2025-06-01 05:00:00,0.1341,0.1349,0.1334,0.1339,822778.69,0
2025-06-01 06:00:00,0.134,0.1353,0.133,0.135,1213869.68,0
2025-06-01 07:00:00,0.1349,0.135,0.1331,0.1338,1000043.8,0
2025-06-01 08:00:00,0.1338,0.134,0.1323,0.1327,649934.83,0
2025-06-01 09:00:00,0.1327,0.1334,0.1303,0.1313,1681189.21,0
2025-06-01 10:00:00,0.1312,0.1319,0.1304,0.1315,847200.58,0
2025-06-01 11:00:00,0.1315,0.133,0.1309,0.1321,915185.51,0
2025-06-01 12:00:00,0.1322,0.1326,0.1307,0.1319,1550552.48,0
2025-06-01 13:00:00,0.1318,0.1346,0.1317,0.1337,1788648.75,0
2025-06-01 14:00:00,0.1336,0.1372,0.1336,0.1357,1612776.16,0
2025-06-01 15:00:00,0.1358,0.1361,0.135,0.1354,963352.67,0
2025-06-01 16:00:00,0.1355,0.138,0.1348,0.1364,2161248.14,0
2025-06-01 17:00:00,0.1363,0.1369,0.1357,0.1362,641575.84,0
2025-06-01 18:00:00,0.1362,0.1364,0.1327,0.1345,2122024.66,0
2025-06-01 19:00:00,0.1346,0.1357,0.1345,0.1353,716738.62,0
2025-06-01 20:00:00,0.1353,0.1368,0.1349,0.136,572530.32,0
2025-06-01 21:00:00,0.1361,0.1383,0.136,0.1381,551425.91,0
2025-06-01 22:00:00,0.1381,0.1392,0.1372,0.1373,750461.92,0
2025-06-01 23:00:00,0.1374,0.1389,0.1372,0.1375,442724.36,0
2025-06-02 00:00:00,0.1375,0.1375,0.1363,0.137,680641.42,0
2025-06-02 01:00:00,0.1369,0.138,0.1357,0.1357,753142.65,0
2025-06-02 02:00:00,0.1358,0.136,0.1343,0.1349,771545.48,0
2025-06-02 03:00:00,0.1349,0.135,0.1335,0.1341,993903.9,0
2025-06-02 04:00:00,0.1341,0.1345,0.133,0.1332,1240655.57,0
2025-06-02 05:00:00,0.1332,0.1345,0.1326,0.1336,733274.91,0
2025-06-02 06:00:00,0.1337,0.1357,0.1328,0.1348,706477.45,0
2025-06-02 07:00:00,0.1348,0.1365,0.1348,0.1356,1126641.35,0
2025-06-02 08:00:00,0.1356,0.14,0.1354,0.1363,5812769.35,0
2025-06-02 09:00:00,0.1362,0.1363,0.1336,0.1341,1720728.95,0
2025-06-02 10:00:00,0.1341,0.1346,0.1332,0.1343,2152922.15,0
2025-06-02 11:00:00,0.1343,0.1348,0.1333,0.1339,1046691.15,0
2025-06-02 12:00:00,0.134,0.1371,0.1333,0.1366,1821776.36,0
2025-06-02 13:00:00,0.1365,0.1382,0.135,0.1362,1435218.01,0
2025-06-02 14:00:00,0.1362,0.1392,0.1358,0.1381,2030070.17,0
2025-06-02 15:00:00,0.1381,0.1391,0.1365,0.1377,1351892.43,0
2025-06-02 16:00:00,0.1377,0.1377,0.1358,0.1375,1819993.42,0
2025-06-02 17:00:00,0.1376,0.1383,0.1363,0.1374,656971.23,0
2025-06-02 18:00:00,0.1375,0.139,0.1371,0.1372,625748.92,0
2025-06-02 19:00:00,0.1373,0.1379,0.1351,0.1362,583710.8,0
2025-06-02 20:00:00,0.1361,0.1394,0.1361,0.1394,721493.98,0
2025-06-02 21:00:00,0.1394,0.1409,0.1389,0.1406,1680247.17,0
2025-06-02 22:00:00,0.1408,0.1426,0.1408,0.1415,946081.2,0
2025-06-02 23:00:00,0.1416,0.1432,0.1414,0.1425,2292906.03,0
2025-06-03 00:00:00,0.1426,0.1449,0.1423,0.1443,1232982.16,0
2025-06-03 01:00:00,0.1443,0.1464,0.1441,0.1458,892489.77,0
2025-06-03 02:00:00,0.1458,0.1461,0.1426,0.1428,951791.22,0
2025-06-03 03:00:00,0.1428,0.1432,0.1405,0.1407,1833319.12,0
2025-06-03 04:00:00,0.1408,0.1408,0.1391,0.1394,870150.07,0
2025-06-03 05:00:00,0.1394,0.1426,0.1394,0.1426,1234063.47,0
2025-06-03 06:00:00,0.1426,0.1432,0.1413,0.1421,961532.44,0
2025-06-03 07:00:00,0.1422,0.1426,0.1404,0.141,868695.51,0
2025-06-03 08:00:00,0.1409,0.1415,0.1395,0.1413,1143145.04,0
2025-06-03 09:00:00,0.1413,0.1418,0.1403,0.1415,931239.21,0
2025-06-03 10:00:00,0.1416,0.1424,0.141,0.1419,771480.99,0
2025-06-03 11:00:00,0.142,0.1426,0.1413,0.1419,405202.58,0
2025-06-03 12:00:00,0.1419,0.1431,0.1413,0.1429,827217.77,0
2025-06-03 13:00:00,0.1429,0.1445,0.1425,0.1436,1774527.03,0
2025-06-03 14:00:00,0.1436,0.1447,0.1419,0.1445,1922278.23,0
2025-06-03 15:00:00,0.1446,0.1449,0.1429,0.1435,1467889.88,0
2025-06-03 16:00:00,0.1435,0.1437,0.1422,0.1424,858585.45,0
2025-06-03 17:00:00,0.1423,0.1444,0.1421,0.1434,930725.32,0
2025-06-03 18:00:00,0.1434,0.1434,0.1418,0.1426,552867.25,0
2025-06-03 19:00:00,0.1426,0.1443,0.1426,0.1437,668496.71,0
2025-06-03 20:00:00,0.1437,0.1437,0.1405,0.142,1376765.63,0
2025-06-03 21:00:00,0.1419,0.1426,0.1391,0.1397,995319.42,0
2025-06-03 22:00:00,0.1398,0.1416,0.1397,0.141,553654.55,0
2025-06-03 23:00:00,0.141,0.1414,0.1401,0.1404,496839.05,0
2025-06-04 00:00:00,0.1404,0.1415,0.1393,0.1413,735287.23,0
2025-06-04 01:00:00,0.1413,0.1437,0.1411,0.1421,906352.39,0
2025-06-04 02:00:00,0.1421,0.1431,0.1412,0.1413,509128.75,0
2025-06-04 03:00:00,0.1414,0.1434,0.1411,0.1422,1052643.78,0
2025-06-04 04:00:00,0.1423,0.1425,0.1414,0.1417,345362.36,0
2025-06-04 05:00:00,0.1418,0.1423,0.1406,0.1407,462361.2,0
2025-06-04 06:00:00,0.1407,0.1414,0.14,0.1403,761749.24,0
2025-06-04 07:00:00,0.1405,0.1411,0.14,0.1404,629377.71,0
2025-06-04 08:00:00,0.1404,0.1422,0.1404,0.1411,801934.28,0
2025-06-04 09:00:00,0.1412,0.1415,0.1358,0.1401,4697107.96,0
2025-06-04 10:00:00,0.1401,0.1404,0.1381,0.1383,778650.11,0
2025-06-04 11:00:00,0.1382,0.1387,0.1375,0.138,701639.21,0
2025-06-04 12:00:00,0.138,0.1388,0.1368,0.1373,640670.77,0
2025-06-04 13:00:00,0.1372,0.1381,0.1365,0.137,959171.03,0
2025-06-04 14:00:00,0.137,0.1389,0.1361,0.1388,1226440.38,0
2025-06-04 15:00:00,0.1388,0.1412,0.1385,0.1409,1519762.92,0
2025-06-04 16:00:00,0.1409,0.1411,0.1393,0.1397,735430.92,0
2025-06-04 17:00:00,0.1398,0.1398,0.1371,0.1379,800037.82,0
2025-06-04 18:00:00,0.138,0.1397,0.1378,0.1378,1000781.51,0
2025-06-04 19:00:00,0.1378,0.1384,0.1368,0.137,514822.45,0
2025-06-04 20:00:00,0.1369,0.1371,0.1344,0.1352,959569.07,0
2025-06-04 21:00:00,0.1352,0.137,0.134,0.1363,1542114.35,0
2025-06-04 22:00:00,0.1363,0.1368,0.1352,0.1354,529456.26,0
2025-06-04 23:00:00,0.1354,0.136,0.1347,0.1352,644844.83,0
2025-06-05 00:00:00,0.1352,0.1364,0.1346,0.136,809947.34,0
2025-06-05 01:00:00,0.136,0.1368,0.1343,0.1347,775514.5,0
2025-06-05 02:00:00,0.1348,0.1368,0.1347,0.1356,1032441.55,0
2025-06-05 03:00:00,0.1356,0.1359,0.135,0.1353,477544.8,0
2025-06-05 04:00:00,0.1354,0.1357,0.1348,0.1354,493018.99,0
2025-06-05 05:00:00,0.1354,0.1355,0.1325,0.1332,1110316.34,0
2025-06-05 06:00:00,0.1333,0.1339,0.1321,0.1328,1047085.59,0
2025-06-05 07:00:00,0.1329,0.136,0.1323,0.1341,2213563.37,0
2025-06-05 08:00:00,0.1341,0.1348,0.1336,0.1337,1003827.15,0
2025-06-05 09:00:00,0.1337,0.1351,0.1336,0.1346,1236743.19,0
2025-06-05 10:00:00,0.1346,0.1346,0.1321,0.1331,1228387.79,0
2025-06-05 11:00:00,0.1332,0.1334,0.1322,0.1333,603582.23,0
2025-06-05 12:00:00,0.1333,0.137,0.1329,0.1365,1924133.0,0
2025-06-05 13:00:00,0.1366,0.1368,0.1324,0.1326,1986327.13,0
2025-06-05 14:00:00,0.1326,0.1348,0.1309,0.1338,2016637.52,0
2025-06-05 15:00:00,0.1338,0.1341,0.1329,0.1336,642523.19,0
2025-06-05 16:00:00,0.1336,0.1338,0.1302,0.1312,1428809.37,0
2025-06-05 17:00:00,0.1313,0.1321,0.1302,0.1308,1293333.31,0
2025-06-05 18:00:00,0.1309,0.1312,0.1294,0.1303,1347582.08,0
2025-06-05 19:00:00,0.1304,0.1306,0.1261,0.128,3675245.18,0
2025-06-05 20:00:00,0.1281,0.1285,0.1225,0.1228,4420994.33,0
2025-06-05 21:00:00,0.1228,0.126,0.1228,0.1259,2321925.66,0
2025-06-05 22:00:00,0.1259,0.1261,0.1245,0.1254,838738.36,0
2025-06-05 23:00:00,0.1255,0.126,0.1244,0.1244,896561.56,0
2025-06-06 00:00:00,0.1244,0.1262,0.1236,0.1258,1002594.13,0
2025-06-06 01:00:00,0.1257,0.1261,0.1248,0.125,788535.29,0
2025-06-06 02:00:00,0.125,0.1255,0.1234,0.1254,491662.96,0
2025-06-06 03:00:00,0.1255,0.1271,0.1246,0.1268,1162003.45,0
2025-06-06 04:00:00,0.1267,0.1275,0.1261,0.1271,499607.43,0
2025-06-06 05:00:00,0.1272,0.1276,0.1262,0.127,730289.71,0
2025-06-06 06:00:00,0.1269,0.1275,0.1262,0.1271,1309607.18,0
2025-06-06 07:00:00,0.1271,0.1283,0.1269,0.1273,1291533.76,0
2025-06-06 08:00:00,0.1273,0.1291,0.127,0.128,762703.87,0
2025-06-06 09:00:00,0.128,0.1293,0.128,0.1283,627935.89,0
2025-06-06 10:00:00,0.1283,0.1293,0.1279,0.1284,815846.21,0
2025-06-06 11:00:00,0.1284,0.13,0.1282,0.1294,851890.67,0
2025-06-06 12:00:00,0.1294,0.1316,0.129,0.1293,3229815.59,0
2025-06-06 13:00:00,0.1294,0.1323,0.1294,0.131,2297805.45,0
2025-06-06 14:00:00,0.131,0.132,0.1307,0.1317,1081301.69,0
2025-06-06 15:00:00,0.1317,0.1322,0.1297,0.1301,1240621.52,0
2025-06-06 16:00:00,0.1302,0.1306,0.1286,0.1288,971263.9,0
2025-06-06 17:00:00,0.1289,0.129,0.127,0.128,796627.16,0
2025-06-06 18:00:00,0.1281,0.1282,0.127,0.1274,963087.29,0
2025-06-06 19:00:00,0.1274,0.1276,0.1265,0.1273,997326.71,0
2025-06-06 20:00:00,0.1272,0.129,0.1271,0.128,545114.23,0
2025-06-06 21:00:00,0.128,0.1285,0.1274,0.128,503370.93,0
2025-06-06 22:00:00,0.1281,0.1281,0.1267,0.127,935158.3,0
2025-06-06 23:00:00,0.127,0.1271,0.1263,0.1266,620295.02,0
2025-06-07 00:00:00,0.1265,0.1289,0.1263,0.1289,593350.38,0
2025-06-07 01:00:00,0.1289,0.1294,0.1281,0.1287,572248.15,0
2025-06-07 02:00:00,0.1288,0.1308,0.1286,0.1305,1168202.45,0
2025-06-07 03:00:00,0.1305,0.1317,0.1302,0.1315,948617.67,0
2025-06-07 04:00:00,0.1315,0.1317,0.1308,0.1317,486699.64,0
2025-06-07 05:00:00,0.1317,0.1327,0.1311,0.1323,1037637.66,0
2025-06-07 06:00:00,0.1324,0.1332,0.1313,0.1332,799634.9,0
2025-06-07 07:00:00,0.1332,0.1332,0.1321,0.1322,1150259.13,0
2025-06-07 08:00:00,0.1322,0.1328,0.1315,0.1317,906641.71,0
2025-06-07 09:00:00,0.1317,0.1323,0.1309,0.1312,977389.38,0
2025-06-07 10:00:00,0.1313,0.1325,0.1312,0.1323,801178.01,0
2025-06-07 11:00:00,0.1323,0.1327,0.132,0.1322,796352.15,0
2025-06-07 12:00:00,0.1322,0.1331,0.132,0.1322,717295.21,0
2025-06-07 13:00:00,0.1322,0.1332,0.1318,0.1325,725270.11,0
2025-06-07 14:00:00,0.1325,0.133,0.1319,0.1324,748024.73,0
2025-06-07 15:00:00,0.1324,0.1327,0.1316,0.132,907000.89,0
2025-06-07 16:00:00,0.132,0.1327,0.1311,0.1313,729940.45,0
2025-06-07 17:00:00,0.1313,0.1317,0.1307,0.1308,482798.57,0
2025-06-07 18:00:00,0.1308,0.1319,0.1307,0.1316,695556.36,0
2025-06-07 19:00:00,0.1316,0.132,0.1313,0.1315,530075.72,0
2025-06-07 20:00:00,0.1316,0.132,0.1313,0.1315,416130.86,0
2025-06-07 21:00:00,0.1315,0.1325,0.1315,0.1321,275710.28,0
2025-06-07 22:00:00,0.1321,0.1325,0.1315,0.1318,625249.25,0
2025-06-07 23:00:00,0.1318,0.1319,0.131,0.1312,336730.25,0
2025-06-08 00:00:00,0.1313,0.1314,0.1303,0.131,392240.61,0
2025-06-08 01:00:00,0.1309,0.1317,0.1306,0.1316,452965.29,0
2025-06-08 02:00:00,0.1316,0.1321,0.131,0.1316,765314.86,0
2025-06-08 03:00:00,0.1316,0.1327,0.1312,0.1322,802434.85,0
2025-06-08 04:00:00,0.1321,0.1331,0.1318,0.1326,885255.88,0
2025-06-08 05:00:00,0.1326,0.1327,0.1313,0.1314,500904.15,0
2025-06-08 06:00:00,0.1314,0.1318,0.1308,0.1309,433183.13,0
2025-06-08 07:00:00,0.131,0.1351,0.1309,0.1321,4693217.57,0
2025-06-08 08:00:00,0.1321,0.1321,0.1306,0.1313,2513624.5,0
2025-06-08 09:00:00,0.1313,0.1316,0.1297,0.13,2487380.08,0
2025-06-08 10:00:00,0.1301,0.1305,0.1292,0.1301,903906.38,0
2025-06-08 11:00:00,0.1302,0.1324,0.1302,0.1323,1182673.28,0
2025-06-08 12:00:00,0.1324,0.1327,0.1316,0.1323,979587.14,0
2025-06-08 13:00:00,0.1324,0.1337,0.1314,0.1319,1029020.72,0
2025-06-08 14:00:00,0.1319,0.1331,0.1317,0.1327,1254465.48,0
2025-06-08 15:00:00,0.1326,0.1332,0.1319,0.132,692255.67,0
2025-06-08 16:00:00,0.1321,0.1335,0.132,0.1332,1757479.51,0
2025-06-08 17:00:00,0.1332,0.1338,0.1323,0.1323,460536.89,0
2025-06-08 18:00:00,0.1324,0.133,0.1318,0.1329,447955.7,0
2025-06-08 19:00:00,0.1329,0.1331,0.132,0.133,322928.35,0
2025-06-08 20:00:00,0.1331,0.1337,0.1324,0.1326,424768.27,0
2025-06-08 21:00:00,0.1327,0.1336,0.1327,0.1335,537944.71,0
2025-06-08 22:00:00,0.1336,0.1336,0.1315,0.1316,806731.58,0
2025-06-08 23:00:00,0.1315,0.1317,0.1308,0.1312,604995.0,0
2025-06-09 00:00:00,0.1312,0.1319,0.1306,0.1312,625184.72,0
2025-06-09 01:00:00,0.1312,0.1313,0.1297,0.13,681355.06,0
2025-06-09 02:00:00,0.1299,0.1307,0.1293,0.1296,418185.14,0
2025-06-09 03:00:00,0.1296,0.1297,0.1283,0.1296,771656.98,0
2025-06-09 04:00:00,0.1296,0.1304,0.129,0.1292,755657.83,0
2025-06-09 05:00:00,0.1292,0.1293,0.1281,0.1285,680819.53,0
2025-06-09 06:00:00,0.1285,0.1305,0.1283,0.1304,753010.23,0
2025-06-09 07:00:00,0.1303,0.1309,0.1298,0.1308,522968.35,0
2025-06-09 08:00:00,0.1307,0.1317,0.1299,0.1314,554294.24,0
2025-06-09 09:00:00,0.1314,0.1334,0.1307,0.1328,1247825.95,0
2025-06-09 10:00:00,0.1329,0.1346,0.1328,0.1339,1693357.61,0
2025-06-09 11:00:00,0.1339,0.1349,0.1335,0.1342,1390808.34,0
2025-06-09 12:00:00,0.1343,0.1355,0.1334,0.1353,2106656.62,0
2025-06-09 13:00:00,0.1352,0.1354,0.1324,0.1327,1163833.67,0
2025-06-09 14:00:00,0.1327,0.1341,0.1323,0.1332,987745.21,0
2025-06-09 15:00:00,0.1332,0.1361,0.1332,0.1343,1647033.74,0
2025-06-09 16:00:00,0.1344,0.1379,0.1343,0.1368,2453601.31,0
2025-06-09 17:00:00,0.1368,0.1375,0.136,0.1365,1402301.5,0
2025-06-09 18:00:00,0.1366,0.1369,0.136,0.1368,672746.75,0
2025-06-09 19:00:00,0.1368,0.1369,0.1353,0.1357,762466.6,0
2025-06-09 20:00:00,0.1356,0.1366,0.1356,0.1362,495343.62,0
2025-06-09 21:00:00,0.1361,0.1411,0.1361,0.1398,2477409.99,0
2025-06-09 22:00:00,0.1399,0.1409,0.1396,0.1407,885728.88,0
2025-06-09 23:00:00,0.1407,0.1409,0.1393,0.1397,955878.87,0
2025-06-10 00:00:00,0.1398,0.1423,0.1396,0.1405,1681913.3,0
2025-06-10 01:00:00,0.1405,0.1411,0.14,0.1405,814886.62,0
2025-06-10 02:00:00,0.1405,0.1405,0.139,0.1393,816875.38,0
2025-06-10 03:00:00,0.1394,0.1396,0.1381,0.1388,1013910.37,0
2025-06-10 04:00:00,0.1389,0.1392,0.1378,0.1386,737156.32,0
2025-06-10 05:00:00,0.1386,0.1396,0.137,0.1374,1125469.34,0
2025-06-10 06:00:00,0.1374,0.1382,0.1368,0.1379,1009556.88,0
2025-06-10 07:00:00,0.1379,0.139,0.1373,0.1386,881034.08,0
2025-06-10 08:00:00,0.1386,0.1403,0.1379,0.1387,1263642.93,0
2025-06-10 09:00:00,0.1387,0.1406,0.1383,0.1406,1153332.88,0
2025-06-10 10:00:00,0.1406,0.1408,0.1392,0.1401,505315.43,0
2025-06-10 11:00:00,0.1401,0.1459,0.1391,0.1459,3217512.89,0
2025-06-10 12:00:00,0.1458,0.148,0.1451,0.1478,2449514.85,0
2025-06-10 13:00:00,0.1478,0.1481,0.1435,0.145,2859398.85,0
2025-06-10 14:00:00,0.1451,0.1454,0.1404,0.1431,4537087.89,0
2025-06-10 15:00:00,0.1431,0.1443,0.1409,0.1434,2928065.53,0
2025-06-10 16:00:00,0.1435,0.1445,0.1422,0.1424,2185869.88,0
2025-06-10 17:00:00,0.1423,0.1438,0.1423,0.1429,1349422.95,0
2025-06-10 18:00:00,0.1429,0.1464,0.1424,0.1458,1689253.68,0
2025-06-10 19:00:00,0.1459,0.1482,0.1454,0.1467,2072254.69,0
2025-06-10 20:00:00,0.1468,0.1472,0.1453,0.1472,1294201.49,0
2025-06-10 21:00:00,0.1472,0.1476,0.1449,0.1466,1411876.17,0
2025-06-10 22:00:00,0.1466,0.1497,0.1465,0.1487,2079827.02,0
2025-06-10 23:00:00,0.1487,0.1496,0.1477,0.1493,2032386.75,0
2025-06-11 00:00:00,0.1493,0.15,0.1457,0.1461,2976269.1,0
2025-06-11 01:00:00,0.146,0.1463,0.1451,0.1455,704698.03,0
2025-06-11 02:00:00,0.1455,0.1465,0.1441,0.1446,1114284.88,0
2025-06-11 03:00:00,0.1444,0.1467,0.1444,0.1456,1640691.73,0
2025-06-11 04:00:00,0.1456,0.1459,0.1443,0.1448,775347.47,0
2025-06-11 05:00:00,0.1449,0.1449,0.1439,0.1442,806356.79,0
2025-06-11 06:00:00,0.1442,0.146,0.1442,0.1449,1261014.37,0
2025-06-11 07:00:00,0.145,0.1458,0.1444,0.1449,1185909.82,0
2025-06-11 08:00:00,0.145,0.1456,0.1433,0.1437,1117093.86,0
2025-06-11 09:00:00,0.1437,0.1444,0.1411,0.1417,1708696.02,0
2025-06-11 10:00:00,0.1417,0.1423,0.141,0.142,998417.79,0
2025-06-11 11:00:00,0.142,0.1422,0.1397,0.1414,1798541.56,0
2025-06-11 12:00:00,0.1414,0.1455,0.1401,0.1442,5807743.86,0
2025-06-11 13:00:00,0.1443,0.1456,0.1433,0.1446,1369830.05,0
2025-06-11 14:00:00,0.1446,0.1482,0.1444,0.1467,2670834.33,0
2025-06-11 15:00:00,0.1467,0.1487,0.1461,0.1477,2011926.48,0
2025-06-11 16:00:00,0.1477,0.1478,0.1461,0.147,1191217.51,0
2025-06-11 17:00:00,0.1469,0.1469,0.1439,0.144,1843172.02,0
2025-06-11 18:00:00,0.144,0.1447,0.1428,0.1434,1437986.92,0
2025-06-11 19:00:00,0.1434,0.1436,0.1421,0.1424,788826.83,0
2025-06-11 20:00:00,0.1423,0.1439,0.1413,0.1427,1101743.48,0
2025-06-11 21:00:00,0.1428,0.1437,0.1384,0.1389,2332658.94,0
2025-06-11 22:00:00,0.1389,0.1397,0.137,0.1379,2017546.66,0
2025-06-11 23:00:00,0.1378,0.1388,0.1365,0.138,2100806.95,0
2025-06-12 00:00:00,0.138,0.1384,0.136,0.1376,1132584.91,0
2025-06-12 01:00:00,0.1375,0.1381,0.1359,0.1375,888647.69,0
2025-06-12 02:00:00,0.1374,0.1379,0.1358,0.1363,931823.38,0
2025-06-12 03:00:00,0.1363,0.1363,0.1345,0.135,1327783.12,0
2025-06-12 04:00:00,0.135,0.1355,0.1341,0.1353,974455.91,0
2025-06-12 05:00:00,0.1352,0.1357,0.134,0.1351,901060.61,0
2025-06-12 06:00:00,0.1351,0.1361,0.1342,0.1355,785849.26,0
2025-06-12 07:00:00,0.1355,0.136,0.1342,0.1344,1194107.07,0
2025-06-12 08:00:00,0.1344,0.1346,0.1332,0.1343,1025604.18,0
2025-06-12 09:00:00,0.1342,0.135,0.1338,0.1342,932417.74,0
2025-06-12 10:00:00,0.1342,0.1343,0.1324,0.1332,1694502.23,0
2025-06-12 11:00:00,0.1331,0.1333,0.1318,0.132,1771058.1,0
2025-06-12 12:00:00,0.132,0.1344,0.1312,0.1336,2107078.51,0
2025-06-12 13:00:00,0.1335,0.1352,0.1331,0.1345,1638940.47,0
2025-06-12 14:00:00,0.1346,0.1351,0.1332,0.1333,3067689.21,0
2025-06-12 15:00:00,0.1334,0.1345,0.1306,0.1312,1712695.83,0
2025-06-12 16:00:00,0.1312,0.133,0.1308,0.1325,1138201.66,0
2025-06-12 17:00:00,0.1325,0.1345,0.1323,0.1336,980884.88,0
2025-06-12 18:00:00,0.1336,0.1336,0.1295,0.1306,1945337.12,0
2025-06-12 19:00:00,0.1306,0.131,0.1267,0.1276,2240578.86,0
2025-06-12 20:00:00,0.1275,0.1277,0.1246,0.1255,3054593.82,0
2025-06-12 21:00:00,0.1255,0.1276,0.1252,0.126,2750842.44,0
2025-06-12 22:00:00,0.1259,0.127,0.1258,0.1265,1485371.74,0
2025-06-12 23:00:00,0.1263,0.1275,0.1261,0.1262,1142197.55,0
2025-06-13 00:00:00,0.1262,0.1262,0.1182,0.1203,11847957.29,0
2025-06-13 01:00:00,0.1202,0.1203,0.1156,0.1175,5794328.5,0
2025-06-13 02:00:00,0.1174,0.1182,0.1159,0.1173,2195082.01,0
2025-06-13 03:00:00,0.1173,0.1211,0.1169,0.1201,3205577.29,0
2025-06-13 04:00:00,0.12,0.1202,0.1184,0.1199,3774129.66,0
2025-06-13 05:00:00,0.1198,0.1208,0.1195,0.1198,1542375.51,0
2025-06-13 06:00:00,0.1197,0.1199,0.118,0.1199,2164137.53,0
2025-06-13 07:00:00,0.1199,0.1203,0.119,0.1197,2204942.0,0
2025-06-13 08:00:00,0.1197,0.1212,0.1191,0.1194,1596948.62,0
2025-06-13 09:00:00,0.1194,0.1196,0.118,0.1185,1088795.33,0
2025-06-13 10:00:00,0.1185,0.1191,0.1173,0.1184,1947981.98,0
2025-06-13 11:00:00,0.1184,0.1195,0.1175,0.1195,1964569.42,0
2025-06-13 12:00:00,0.1195,0.1202,0.118,0.1182,2247216.85,0
2025-06-13 13:00:00,0.1183,0.1196,0.1173,0.1182,1326021.01,0
2025-06-13 14:00:00,0.1183,0.119,0.116,0.1183,5775941.68,0
2025-06-13 15:00:00,0.1184,0.1208,0.1179,0.1198,2141324.86,0
2025-06-13 16:00:00,0.12,0.122,0.1189,0.1206,1890471.09,0
2025-06-13 17:00:00,0.1206,0.1207,0.1188,0.1204,1711621.97,0
2025-06-13 18:00:00,0.1204,0.1206,0.1175,0.1188,2253637.81,0
2025-06-13 19:00:00,0.1187,0.1193,0.1179,0.1189,1184933.16,0
2025-06-13 20:00:00,0.1189,0.1211,0.1184,0.1205,1346130.46,0
2025-06-13 21:00:00,0.1205,0.1212,0.1198,0.1206,1016678.82,0
2025-06-13 22:00:00,0.1207,0.122,0.1205,0.121,718122.82,0
2025-06-13 23:00:00,0.1211,0.1223,0.1209,0.1221,782844.77,0
2025-06-14 00:00:00,0.1221,0.1225,0.1212,0.1213,1199166.93,0
2025-06-14 01:00:00,0.1212,0.1212,0.1199,0.12,449351.6,0
2025-06-14 02:00:00,0.12,0.1207,0.1197,0.1201,321725.24,0
2025-06-14 03:00:00,0.1202,0.1212,0.1201,0.1204,480946.86,0
2025-06-14 04:00:00,0.1204,0.121,0.1203,0.1205,455736.33,0
2025-06-14 05:00:00,0.1205,0.1215,0.12,0.1211,654052.01,0
2025-06-14 06:00:00,0.121,0.1214,0.12,0.12,1027143.19,0
2025-06-14 07:00:00,0.1201,0.1206,0.1191,0.1202,583840.37,0
2025-06-14 08:00:00,0.1201,0.1205,0.1193,0.1202,414085.61,0
2025-06-14 09:00:00,0.1202,0.1208,0.1194,0.1195,493483.25,0
2025-06-14 10:00:00,0.1196,0.1208,0.1194,0.1202,904469.78,0
2025-06-14 11:00:00,0.1202,0.1209,0.1199,0.12,862184.1,0
2025-06-14 12:00:00,0.1199,0.1202,0.1191,0.1202,694365.18,0
2025-06-14 13:00:00,0.1201,0.1208,0.1193,0.1199,663211.19,0
2025-06-14 14:00:00,0.1198,0.1203,0.119,0.1194,670650.87,0
2025-06-14 15:00:00,0.1195,0.1198,0.1172,0.1182,1482441.75,0
2025-06-14 16:00:00,0.1181,0.1184,0.1153,0.1159,2026433.92,0
2025-06-14 17:00:00,0.1158,0.118,0.1157,0.1175,2683049.6,0
2025-06-14 18:00:00,0.1174,0.1183,0.1158,0.1171,1159381.2,0
2025-06-14 19:00:00,0.1172,0.1191,0.1171,0.1175,2106731.15,0
2025-06-14 20:00:00,0.1175,0.118,0.1164,0.1176,969987.87,0
2025-06-14 21:00:00,0.1177,0.1197,0.1173,0.1191,1310601.1,0
2025-06-14 22:00:00,0.1191,0.1202,0.1189,0.1195,604960.23,0
2025-06-14 23:00:00,0.1194,0.1199,0.1191,0.1191,505795.02,0
2025-06-15 00:00:00,0.1192,0.12,0.119,0.1198,1181025.22,0
2025-06-15 01:00:00,0.1198,0.1199,0.1185,0.1188,681051.05,0
2025-06-15 02:00:00,0.1189,0.1194,0.1183,0.1183,831125.42,0
2025-06-15 03:00:00,0.1184,0.1189,0.118,0.1183,894345.77,0
2025-06-15 04:00:00,0.1182,0.1189,0.1182,0.1188,1173698.57,0
2025-06-15 05:00:00,0.1188,0.1196,0.1178,0.1196,859397.46,0
2025-06-15 06:00:00,0.1196,0.1198,0.118,0.1181,745917.83,0
2025-06-15 07:00:00,0.1181,0.1185,0.1174,0.1181,641424.68,0
2025-06-15 08:00:00,0.1181,0.1185,0.1173,0.1176,844618.64,0
2025-06-15 09:00:00,0.1175,0.1175,0.1162,0.1169,2259308.91,0
2025-06-15 10:00:00,0.1169,0.1182,0.1168,0.1181,564999.79,0
2025-06-15 11:00:00,0.1182,0.1184,0.117,0.1175,802831.33,0
2025-06-15 12:00:00,0.1176,0.118,0.1167,0.1176,764015.23,0
2025-06-15 13:00:00,0.1175,0.1185,0.1168,0.1179,1298327.86,0
2025-06-15 14:00:00,0.1179,0.1197,0.1167,0.1194,1876714.91,0
2025-06-15 15:00:00,0.1195,0.12,0.1182,0.1184,1578454.97,0
2025-06-15 16:00:00,0.1185,0.1189,0.1179,0.1182,867100.27,0
2025-06-15 17:00:00,0.1182,0.1192,0.1176,0.1187,1081544.6,0
2025-06-15 18:00:00,0.1187,0.1188,0.1178,0.1188,1001941.98,0
2025-06-15 19:00:00,0.1187,0.1193,0.1174,0.1177,850587.61,0
2025-06-15 20:00:00,0.1178,0.1178,0.1144,0.1157,3755486.31,0
2025-06-15 21:00:00,0.1157,0.1169,0.1149,0.1168,1444041.98,0
2025-06-15 22:00:00,0.1168,0.1188,0.1166,0.1183,1377956.34,0
2025-06-15 23:00:00,0.1183,0.1186,0.1179,0.1184,566194.8,0
2025-06-16 00:00:00,0.1185,0.1193,0.1178,0.1186,1611528.98,0
2025-06-16 01:00:00,0.1186,0.1202,0.1173,0.1202,2311030.68,0
2025-06-16 02:00:00,0.1202,0.1213,0.1201,0.1202,1296275.5,0
2025-06-16 03:00:00,0.1203,0.1203,0.1189,0.1189,410992.93,0
2025-06-16 04:00:00,0.119,0.1206,0.1189,0.1205,659144.46,0
2025-06-16 05:00:00,0.1206,0.1223,0.1202,0.1216,1323916.86,0
2025-06-16 06:00:00,0.1217,0.1227,0.1213,0.1223,1197568.04,0
2025-06-16 07:00:00,0.1224,0.1234,0.1222,0.1234,756377.99,0
2025-06-16 08:00:00,0.1233,0.1242,0.1228,0.1234,2661361.63,0
2025-06-16 09:00:00,0.1234,0.1259,0.1233,0.1249,4091831.42,0
2025-06-16 10:00:00,0.1249,0.125,0.1226,0.1235,2215420.78,0
2025-06-16 11:00:00,0.1234,0.1242,0.1224,0.1239,1658128.52,0
2025-06-16 12:00:00,0.1239,0.1242,0.1229,0.1233,1726259.35,0
2025-06-16 13:00:00,0.1233,0.1252,0.1231,0.1251,1785154.32,0
2025-06-16 14:00:00,0.1251,0.1259,0.1243,0.1248,2462864.35,0
2025-06-16 15:00:00,0.1247,0.1259,0.1244,0.1247,2454571.07,0
2025-06-16 16:00:00,0.1248,0.1265,0.1245,0.125,1236112.99,0
2025-06-16 17:00:00,0.1251,0.1251,0.124,0.1246,1053665.36,0
2025-06-16 18:00:00,0.1246,0.1252,0.1243,0.1252,877044.76,0
2025-06-16 19:00:00,0.1252,0.1265,0.1248,0.1254,2143396.24,0
2025-06-16 20:00:00,0.1254,0.1268,0.1249,0.1264,1367384.3,0
2025-06-16 21:00:00,0.1264,0.1267,0.1256,0.1258,2014293.71,0
2025-06-16 22:00:00,0.1259,0.1263,0.1205,0.1219,3880570.55,0
2025-06-16 23:00:00,0.1219,0.1231,0.1198,0.1201,3065093.25,0
2025-06-17 00:00:00,0.1202,0.1235,0.1183,0.1234,3890186.19,0
2025-06-17 01:00:00,0.1235,0.1237,0.1217,0.1219,1429737.22,0
2025-06-17 02:00:00,0.1219,0.1238,0.121,0.1237,1656328.84,0
2025-06-17 03:00:00,0.1237,0.125,0.1232,0.1246,3605728.22,0
2025-06-17 04:00:00,0.1245,0.1247,0.1231,0.1232,1538490.53,0
2025-06-17 05:00:00,0.1232,0.1234,0.1215,0.1217,1462508.25,0
2025-06-17 06:00:00,0.1217,0.1225,0.1208,0.1218,1489910.39,0
2025-06-17 07:00:00,0.1217,0.1222,0.1205,0.1207,949090.27,0
2025-06-17 08:00:00,0.1207,0.1211,0.1188,0.1192,3158015.55,0
2025-06-17 09:00:00,0.1192,0.1201,0.1188,0.1194,1517143.09,0
2025-06-17 10:00:00,0.1193,0.1194,0.1174,0.1188,1550782.2,0
2025-06-17 11:00:00,0.1187,0.1188,0.1173,0.1182,891902.64,0
2025-06-17 12:00:00,0.1183,0.1186,0.1174,0.118,1270124.72,0
2025-06-17 13:00:00,0.118,0.1197,0.1178,0.1188,732791.8,0
2025-06-17 14:00:00,0.1189,0.1201,0.1175,0.1178,1921383.54,0
2025-06-17 15:00:00,0.1177,0.1178,0.1146,0.1163,5773633.16,0
2025-06-17 16:00:00,0.1163,0.1164,0.1122,0.1123,3486837.23,0
2025-06-17 17:00:00,0.1123,0.1149,0.1121,0.1136,2516263.15,0
2025-06-17 18:00:00,0.1135,0.1153,0.1126,0.1152,1374891.55,0
2025-06-17 19:00:00,0.1152,0.1177,0.115,0.1166,1379483.72,0
2025-06-17 20:00:00,0.1166,0.1171,0.1153,0.1153,1228451.26,0
2025-06-17 21:00:00,0.1153,0.1155,0.1131,0.1138,1607500.92,0
2025-06-17 22:00:00,0.1139,0.114,0.1125,0.1127,921389.74,0
2025-06-17 23:00:00,0.1127,0.1147,0.1127,0.1136,921743.65,0
2025-06-18 00:00:00,0.1137,0.1154,0.1136,0.1147,1070172.53,0
2025-06-18 01:00:00,0.1147,0.1155,0.114,0.1142,814785.7,0
2025-06-18 02:00:00,0.1142,0.115,0.1137,0.1137,1116912.3,0
2025-06-18 03:00:00,0.1137,0.1149,0.1136,0.1147,808354.42,0
2025-06-18 04:00:00,0.1146,0.1156,0.1141,0.115,954341.09,0
2025-06-18 05:00:00,0.115,0.1155,0.1145,0.1145,614896.69,0
2025-06-18 06:00:00,0.1145,0.1148,0.1132,0.1137,792863.57,0
2025-06-18 07:00:00,0.1137,0.114,0.113,0.1137,829073.48,0
2025-06-18 08:00:00,0.1137,0.1141,0.1122,0.113,1151521.09,0
2025-06-18 09:00:00,0.113,0.1132,0.1109,0.1115,2104395.93,0
2025-06-18 10:00:00,0.1114,0.1115,0.1092,0.1095,3833334.12,0
2025-06-18 11:00:00,0.1094,0.1111,0.109,0.111,1176031.27,0
2025-06-18 12:00:00,0.111,0.111,0.1093,0.1094,998308.57,0
2025-06-18 13:00:00,0.1095,0.1103,0.1071,0.11,4042790.07,0
2025-06-18 14:00:00,0.1101,0.1126,0.1094,0.1107,3943486.77,0
2025-06-18 15:00:00,0.1106,0.1118,0.1096,0.1109,1873367.0,0
2025-06-18 16:00:00,0.1108,0.1111,0.1099,0.1105,1242464.75,0
2025-06-18 17:00:00,0.1105,0.1121,0.1097,0.1115,1898839.94,0
2025-06-18 18:00:00,0.1116,0.1124,0.1097,0.1097,2750370.58,0
2025-06-18 19:00:00,0.1097,0.112,0.1095,0.1104,1637306.18,0
2025-06-18 20:00:00,0.1103,0.1142,0.11,0.1141,775514.0,0
2025-06-18 21:00:00,0.1141,0.1149,0.1132,0.1148,1030302.84,0
2025-06-18 22:00:00,0.1147,0.1151,0.114,0.1144,759616.01,0
2025-06-18 23:00:00,0.1144,0.1152,0.114,0.1149,939709.27,0
2025-06-19 00:00:00,0.1149,0.1166,0.1144,0.1152,877603.79,0
2025-06-19 01:00:00,0.1153,0.1153,0.1138,0.1141,1176077.45,0
2025-06-19 02:00:00,0.1141,0.1143,0.1132,0.1134,3391233.63,0
2025-06-19 03:00:00,0.1134,0.1151,0.1133,0.1147,1005027.37,0
2025-06-19 04:00:00,0.1147,0.115,0.1139,0.1147,614450.68,0
2025-06-19 05:00:00,0.1147,0.1156,0.1139,0.1139,942490.93,0
2025-06-19 06:00:00,0.1139,0.1144,0.113,0.113,2115866.71,0
2025-06-19 07:00:00,0.113,0.1137,0.113,0.1131,605435.76,0
2025-06-19 08:00:00,0.1131,0.1143,0.1131,0.1134,958052.72,0
2025-06-19 09:00:00,0.1135,0.1145,0.1133,0.1141,871455.79,0
2025-06-19 10:00:00,0.1141,0.1143,0.1133,0.1137,808265.37,0
2025-06-19 11:00:00,0.1137,0.1137,0.1127,0.1129,444200.19,0
2025-06-19 12:00:00,0.113,0.1137,0.1127,0.113,1210351.4,0
2025-06-19 13:00:00,0.1131,0.1133,0.1117,0.1119,1110710.92,0
2025-06-19 14:00:00,0.1118,0.1126,0.1107,0.1111,1750881.26,0
2025-06-19 15:00:00,0.1111,0.1117,0.1105,0.1112,713301.99,0
2025-06-19 16:00:00,0.1111,0.1114,0.11,0.1101,1148375.41,0
2025-06-19 17:00:00,0.1101,0.1129,0.1099,0.1116,1441560.18,0
2025-06-19 18:00:00,0.1116,0.113,0.1111,0.1118,899988.55,0
2025-06-19 19:00:00,0.1118,0.1121,0.1108,0.1109,830151.88,0
2025-06-19 20:00:00,0.111,0.1119,0.1106,0.1111,681502.4,0
2025-06-19 21:00:00,0.111,0.1121,0.1108,0.1115,1367717.59,0
2025-06-19 22:00:00,0.1115,0.1128,0.1115,0.1119,653326.37,0
2025-06-19 23:00:00,0.1119,0.1122,0.1114,0.1115,739832.81,0
2025-06-20 00:00:00,0.1115,0.1125,0.1114,0.1115,810241.6,0
2025-06-20 01:00:00,0.1115,0.1116,0.1107,0.1116,770533.35,0
2025-06-20 02:00:00,0.1116,0.1117,0.1103,0.1108,681379.61,0
2025-06-20 03:00:00,0.1107,0.1108,0.11,0.1106,804952.98,0
2025-06-20 04:00:00,0.1106,0.1106,0.1094,0.1096,857879.5,0
2025-06-20 05:00:00,0.1096,0.1105,0.1095,0.1104,559112.02,0
2025-06-20 06:00:00,0.1105,0.1122,0.1099,0.1119,933406.24,0
2025-06-20 07:00:00,0.112,0.1144,0.1119,0.1144,1714219.83,0
2025-06-20 08:00:00,0.1145,0.1151,0.1131,0.1135,1736830.26,0
2025-06-20 09:00:00,0.1135,0.1137,0.1128,0.1134,737462.85,0
2025-06-20 10:00:00,0.1134,0.1141,0.1128,0.1137,572165.23,0
2025-06-20 11:00:00,0.1137,0.1139,0.1129,0.1132,781943.4,0
2025-06-20 12:00:00,0.1133,0.1142,0.1129,0.1133,761743.23,0
2025-06-20 13:00:00,0.1134,0.1136,0.1122,0.1128,917184.03,0
2025-06-20 14:00:00,0.1128,0.1131,0.1096,0.1098,1820363.18,0
2025-06-20 15:00:00,0.1098,0.111,0.1096,0.1103,970153.83,0
2025-06-20 16:00:00,0.1103,0.1103,0.1074,0.1074,2369188.21,0
2025-06-20 17:00:00,0.1074,0.1089,0.1055,0.1086,6297537.08,0
2025-06-20 18:00:00,0.1086,0.1093,0.1081,0.1091,1963314.43,0
2025-06-20 19:00:00,0.109,0.1093,0.1081,0.1091,665468.2,0
2025-06-20 20:00:00,0.1091,0.1107,0.1091,0.1098,940345.07,0
2025-06-20 21:00:00,0.1098,0.1098,0.1084,0.1085,848977.82,0
2025-06-20 22:00:00,0.1085,0.1085,0.1068,0.1073,1563150.23,0
2025-06-20 23:00:00,0.1073,0.1079,0.1069,0.1078,751492.87,0
2025-06-21 00:00:00,0.1078,0.1086,0.1074,0.1081,705373.29,0
2025-06-21 01:00:00,0.108,0.1095,0.108,0.1091,381234.7,0
2025-06-21 02:00:00,0.1092,0.1096,0.1087,0.1094,638409.37,0
2025-06-21 03:00:00,0.1093,0.11,0.1091,0.1095,616679.4,0
2025-06-21 04:00:00,0.1096,0.1102,0.1093,0.1096,943805.55,0
2025-06-21 05:00:00,0.1097,0.1103,0.1093,0.1099,549495.29,0
2025-06-21 06:00:00,0.11,0.1103,0.1096,0.11,315330.94,0
2025-06-21 07:00:00,0.11,0.1103,0.1092,0.11,684245.64,0
2025-06-21 08:00:00,0.11,0.1102,0.1091,0.11,543870.38,0
2025-06-21 09:00:00,0.1101,0.1103,0.1096,0.1099,602467.66,0
2025-06-21 10:00:00,0.1099,0.1102,0.1091,0.1093,557584.32,0
2025-06-21 11:00:00,0.1094,0.1098,0.1093,0.1095,326507.38,0
2025-06-21 12:00:00,0.1095,0.1099,0.1085,0.1086,789865.12,0
2025-06-21 13:00:00,0.1086,0.1094,0.1074,0.1076,992341.65,0
2025-06-21 14:00:00,0.1076,0.1081,0.1066,0.1073,1093614.02,0
2025-06-21 15:00:00,0.1073,0.1076,0.1056,0.1072,896464.75,0
2025-06-21 16:00:00,0.1072,0.1075,0.1059,0.1064,698145.74,0
2025-06-21 17:00:00,0.1064,0.1069,0.1035,0.1041,2915380.47,0
2025-06-21 18:00:00,0.1041,0.1051,0.1036,0.1039,1469769.89,0
2025-06-21 19:00:00,0.1039,0.1044,0.103,0.1032,1397801.61,0
2025-06-21 20:00:00,0.1032,0.1041,0.1028,0.1039,2021782.25,0
2025-06-21 21:00:00,0.104,0.1044,0.1025,0.1038,9209891.26,0
2025-06-21 22:00:00,0.1038,0.1049,0.1028,0.1036,1886274.53,0
2025-06-21 23:00:00,0.1036,0.1056,0.1025,0.1055,3744339.82,0
2025-06-22 00:00:00,0.1056,0.1063,0.1043,0.1055,1821217.53,0
2025-06-22 01:00:00,0.1055,0.1058,0.1031,0.1031,2019219.77,0
2025-06-22 02:00:00,0.1031,0.104,0.1021,0.1026,1879256.28,0
2025-06-22 03:00:00,0.1026,0.1029,0.1019,0.1027,1635372.8,0
2025-06-22 04:00:00,0.1028,0.1037,0.1022,0.1029,1002770.0,0
2025-06-22 05:00:00,0.1029,0.1035,0.1023,0.1032,705136.7,0
2025-06-22 06:00:00,0.1032,0.1045,0.1029,0.1045,576019.28,0
2025-06-22 07:00:00,0.1045,0.1049,0.1034,0.1038,566322.71,0
2025-06-22 08:00:00,0.1039,0.1039,0.1026,0.1032,532123.06,0
2025-06-22 09:00:00,0.1033,0.1037,0.1013,0.1013,1374194.2,0
2025-06-22 10:00:00,0.1014,0.1029,0.1011,0.1021,1503679.14,0
2025-06-22 11:00:00,0.1021,0.1033,0.1017,0.1025,626695.77,0
2025-06-22 12:00:00,0.1025,0.1032,0.1009,0.1023,1387444.16,0
2025-06-22 13:00:00,0.1023,0.1027,0.0963,0.0984,10260236.65,0
2025-06-22 14:00:00,0.0985,0.1004,0.0966,0.1003,4081724.88,0
2025-06-22 15:00:00,0.1003,0.1009,0.098,0.0983,2246498.64,0
2025-06-22 16:00:00,0.0984,0.099,0.0977,0.0984,1521580.21,0
2025-06-22 17:00:00,0.0984,0.0997,0.0975,0.0991,1449372.36,0
2025-06-22 18:00:00,0.0992,0.1,0.0985,0.099,905711.61,0
2025-06-22 19:00:00,0.0991,0.0995,0.0985,0.0991,731168.59,0
2025-06-22 20:00:00,0.0992,0.1001,0.0962,0.0996,4041488.27,0
2025-06-22 21:00:00,0.0997,0.1009,0.0987,0.0991,1672237.53,0
2025-06-22 22:00:00,0.0991,0.1026,0.0991,0.1025,2304906.01,0
2025-06-22 23:00:00,0.1026,0.1026,0.1018,0.1024,997731.68,0
2025-06-23 00:00:00,0.1024,0.1036,0.102,0.1025,1037174.15,0
2025-06-23 01:00:00,0.1026,0.1035,0.102,0.1034,659938.61,0
2025-06-23 02:00:00,0.1034,0.1039,0.103,0.1037,551874.54,0
2025-06-23 03:00:00,0.1037,0.1042,0.103,0.1034,625835.41,0
2025-06-23 04:00:00,0.1034,0.1039,0.103,0.1039,784408.45,0
2025-06-23 05:00:00,0.1039,0.1051,0.1038,0.105,1052488.78,0
2025-06-23 06:00:00,0.1051,0.1057,0.1048,0.1053,1552903.7,0
2025-06-23 07:00:00,0.1054,0.106,0.105,0.1051,1139537.77,0
2025-06-23 08:00:00,0.1051,0.1052,0.1041,0.1046,1457667.02,0
2025-06-23 09:00:00,0.1045,0.1051,0.1043,0.1047,587842.15,0
2025-06-23 10:00:00,0.1048,0.1048,0.1039,0.1043,644996.17,0
2025-06-23 11:00:00,0.1043,0.1044,0.1035,0.1042,519351.74,0
2025-06-23 12:00:00,0.1043,0.1061,0.1036,0.106,1374347.56,0
2025-06-23 13:00:00,0.1061,0.1077,0.1041,0.1076,2966402.03,0
2025-06-23 14:00:00,0.1075,0.1083,0.1058,0.1059,1669064.2,0
2025-06-23 15:00:00,0.1059,0.1066,0.1047,0.1047,1169913.53,0
2025-06-23 16:00:00,0.1048,0.1049,0.1012,0.1019,2533026.39,0
2025-06-23 17:00:00,0.1019,0.1074,0.1015,0.1062,3003686.7,0
2025-06-23 18:00:00,0.1062,0.1094,0.1062,0.1088,3211930.87,0
2025-06-23 19:00:00,0.1087,0.1095,0.108,0.1091,1087849.26,0
2025-06-23 20:00:00,0.1091,0.1127,0.1088,0.1115,3385068.25,0
2025-06-23 21:00:00,0.1115,0.1121,0.1105,0.1108,1051380.91,0
2025-06-23 22:00:00,0.1107,0.1149,0.1107,0.1142,4526456.42,0
2025-06-23 23:00:00,0.1143,0.1149,0.1142,0.1144,1585233.16,0
2025-06-24 00:00:00,0.1145,0.115,0.1142,0.1147,925291.03,0
2025-06-24 01:00:00,0.1148,0.1153,0.1138,0.1144,1822867.91,0
2025-06-24 02:00:00,0.1144,0.1144,0.1132,0.1134,1126801.03,0
2025-06-24 03:00:00,0.1133,0.1142,0.1129,0.1138,628440.19,0
2025-06-24 04:00:00,0.1139,0.1143,0.1136,0.1141,816840.84,0
2025-06-24 05:00:00,0.1141,0.1176,0.1141,0.1176,1086061.73,0
2025-06-24 06:00:00,0.1175,0.1188,0.1174,0.1181,1150570.77,0
2025-06-24 07:00:00,0.118,0.1184,0.1151,0.1152,1322318.4,0
2025-06-24 08:00:00,0.1153,0.1165,0.1147,0.1152,1595507.87,0
2025-06-24 09:00:00,0.1151,0.1168,0.1148,0.1153,1057421.17,0
2025-06-24 10:00:00,0.1153,0.1162,0.1149,0.1155,726880.86,0
2025-06-24 11:00:00,0.1155,0.1161,0.1144,0.1151,1620251.91,0
2025-06-24 12:00:00,0.1152,0.1158,0.1142,0.1145,1113481.59,0
2025-06-24 13:00:00,0.1146,0.1147,0.1131,0.1141,1700740.43,0
2025-06-24 14:00:00,0.1141,0.1161,0.1139,0.1151,1299509.51,0
2025-06-24 15:00:00,0.1152,0.1158,0.1141,0.1149,1561260.82,0
2025-06-24 16:00:00,0.1149,0.1183,0.1145,0.1183,1543005.58,0
2025-06-24 17:00:00,0.1183,0.1183,0.1153,0.1161,3908469.51,0
2025-06-24 18:00:00,0.1162,0.1166,0.1151,0.1155,2033477.62,0
2025-06-24 19:00:00,0.1154,0.1156,0.1141,0.1152,950790.52,0
2025-06-24 20:00:00,0.1152,0.1161,0.1145,0.116,541112.48,0
2025-06-24 21:00:00,0.116,0.1164,0.115,0.1162,609689.61,0
2025-06-24 22:00:00,0.1162,0.1162,0.1151,0.1157,385270.6,0
2025-06-24 23:00:00,0.1157,0.1164,0.1149,0.1163,545096.3,0
2025-06-25 00:00:00,0.1162,0.1167,0.1152,0.1161,988137.54,0
2025-06-25 01:00:00,0.116,0.1162,0.1148,0.1153,617333.55,0
2025-06-25 02:00:00,0.1154,0.1166,0.1152,0.1159,590549.55,0
2025-06-25 03:00:00,0.1159,0.1169,0.1156,0.116,507410.52,0
2025-06-25 04:00:00,0.116,0.1162,0.1145,0.1147,693361.56,0
2025-06-25 05:00:00,0.1147,0.1152,0.114,0.1141,903079.13,0
2025-06-25 06:00:00,0.1141,0.1143,0.1134,0.1141,1507729.07,0
2025-06-25 07:00:00,0.1141,0.1154,0.1138,0.1147,637949.5,0
2025-06-25 08:00:00,0.1148,0.1151,0.113,0.1139,1240113.71,0
2025-06-25 09:00:00,0.114,0.1146,0.1124,0.1127,1293646.74,0
2025-06-25 10:00:00,0.1127,0.1134,0.1118,0.1128,1258691.36,0
2025-06-25 11:00:00,0.1128,0.1136,0.1119,0.1136,733698.49,0
2025-06-25 12:00:00,0.1136,0.1138,0.1125,0.1136,1165822.01,0
2025-06-25 13:00:00,0.1136,0.1155,0.1134,0.1148,1441436.86,0
2025-06-25 14:00:00,0.1148,0.1148,0.1119,0.1131,2003606.98,0
2025-06-25 15:00:00,0.1131,0.1132,0.1104,0.1105,1374659.24,0
2025-06-25 16:00:00,0.1106,0.1113,0.1096,0.1099,1040509.59,0
2025-06-25 17:00:00,0.1099,0.1122,0.1098,0.1113,849082.66,0
2025-06-25 18:00:00,0.1113,0.1117,0.11,0.1102,619644.11,0
2025-06-25 19:00:00,0.1102,0.1114,0.1101,0.1112,840291.4,0
2025-06-25 20:00:00,0.1112,0.112,0.111,0.112,918696.94,0
2025-06-25 21:00:00,0.1119,0.1129,0.1105,0.1109,797731.27,0
2025-06-25 22:00:00,0.1108,0.1109,0.1094,0.1096,739221.67,0
2025-06-25 23:00:00,0.1096,0.1102,0.109,0.1099,491473.24,0
2025-06-26 00:00:00,0.1099,0.1105,0.1095,0.1099,592063.87,0
2025-06-26 01:00:00,0.1099,0.1127,0.1094,0.1118,1685983.34,0
2025-06-26 02:00:00,0.1118,0.1134,0.1113,0.1132,1324383.67,0
2025-06-26 03:00:00,0.1132,0.1146,0.1115,0.1119,1276917.2,0
2025-06-26 04:00:00,0.1119,0.112,0.1101,0.1106,721260.69,0
2025-06-26 05:00:00,0.1106,0.1109,0.1099,0.1106,924206.14,0
2025-06-26 06:00:00,0.1105,0.1116,0.1102,0.1115,827241.35,0
2025-06-26 07:00:00,0.1114,0.1127,0.1111,0.1119,914350.4,0
2025-06-26 08:00:00,0.1119,0.1129,0.1113,0.1114,997422.65,0
2025-06-26 09:00:00,0.1115,0.1118,0.1101,0.1106,1181765.22,0
2025-06-26 10:00:00,0.1106,0.1112,0.1103,0.1107,1014591.31,0
2025-06-26 11:00:00,0.1107,0.1108,0.11,0.1101,1087648.68,0
2025-06-26 12:00:00,0.1101,0.1103,0.1075,0.1077,2846916.54,0
2025-06-26 13:00:00,0.1078,0.108,0.1061,0.1066,2723513.08,0
2025-06-26 14:00:00,0.1066,0.1086,0.1057,0.1076,1486766.56,0
2025-06-26 15:00:00,0.1077,0.1081,0.1062,0.1075,2059116.84,0
2025-06-26 16:00:00,0.1074,0.1074,0.1064,0.1067,748625.14,0
2025-06-26 17:00:00,0.1068,0.1078,0.1059,0.106,832414.37,0
2025-06-26 18:00:00,0.106,0.1068,0.1056,0.1066,1002810.94,0
2025-06-26 19:00:00,0.1065,0.109,0.1064,0.1085,989185.77,0
2025-06-26 20:00:00,0.1085,0.1123,0.1081,0.1106,1958236.93,0
2025-06-26 21:00:00,0.1106,0.1107,0.1087,0.1098,1145173.84,0
2025-06-26 22:00:00,0.1097,0.1107,0.1089,0.109,392721.58,0
2025-06-26 23:00:00,0.1089,0.1095,0.1086,0.1091,451516.27,0
2025-06-27 00:00:00,0.1091,0.1096,0.1079,0.108,498577.99,0
2025-06-27 01:00:00,0.1081,0.11,0.1073,0.1095,1070922.7,0
2025-06-27 02:00:00,0.1095,0.1104,0.1093,0.11,332124.56,0
2025-06-27 03:00:00,0.1101,0.1103,0.1094,0.1101,435687.06,0
2025-06-27 04:00:00,0.11,0.11,0.1092,0.1094,313796.59,0
2025-06-27 05:00:00,0.1093,0.1109,0.1091,0.1092,864704.11,0
2025-06-27 06:00:00,0.1091,0.1097,0.1087,0.1088,652755.9,0
2025-06-27 07:00:00,0.1088,0.1096,0.1073,0.1075,2344028.02,0
2025-06-27 08:00:00,0.1076,0.1095,0.1074,0.1089,1100054.98,0
2025-06-27 09:00:00,0.1091,0.1092,0.108,0.1083,1074845.48,0
2025-06-27 10:00:00,0.1083,0.1083,0.1069,0.1069,829711.28,0
2025-06-27 11:00:00,0.107,0.1075,0.1066,0.107,795922.64,0
2025-06-27 12:00:00,0.1071,0.1083,0.1065,0.1068,1261409.53,0
2025-06-27 13:00:00,0.1068,0.1079,0.1064,0.1079,1314402.18,0
2025-06-27 14:00:00,0.1079,0.1085,0.1069,0.1072,1424094.37,0
2025-06-27 15:00:00,0.1072,0.1092,0.1069,0.1088,964592.43,0
2025-06-27 16:00:00,0.1089,0.1105,0.1082,0.1087,1388763.51,0
2025-06-27 17:00:00,0.1088,0.1089,0.1064,0.1073,1058475.59,0
2025-06-27 18:00:00,0.1072,0.1076,0.1059,0.1065,1105755.13,0
2025-06-27 19:00:00,0.1065,0.1075,0.1063,0.1074,623516.58,0
2025-06-27 20:00:00,0.1074,0.1086,0.1072,0.1082,824293.32,0
2025-06-27 21:00:00,0.1083,0.1093,0.1081,0.1091,508166.92,0
2025-06-27 22:00:00,0.109,0.1101,0.109,0.11,1113745.61,0
2025-06-27 23:00:00,0.11,0.1103,0.1096,0.1101,623153.87,0
2025-06-28 00:00:00,0.1101,0.1102,0.1093,0.1096,412419.68,0
2025-06-28 01:00:00,0.1096,0.1103,0.1092,0.1102,247728.95,0
2025-06-28 02:00:00,0.1102,0.1103,0.1096,0.1097,368379.59,0
2025-06-28 03:00:00,0.1097,0.1099,0.1091,0.1092,250399.01,0
2025-06-28 04:00:00,0.1091,0.1093,0.1087,0.1089,231175.59,0
2025-06-28 05:00:00,0.1089,0.1099,0.1087,0.1088,669087.06,0
2025-06-28 06:00:00,0.1089,0.1094,0.1086,0.1094,971595.65,0
2025-06-28 07:00:00,0.1094,0.1105,0.1093,0.1104,786030.53,0
2025-06-28 08:00:00,0.1104,0.1105,0.1093,0.1098,565924.42,0
2025-06-28 09:00:00,0.1098,0.1109,0.1093,0.1105,472924.44,0
2025-06-28 10:00:00,0.1106,0.1112,0.1103,0.1107,417202.64,0
2025-06-28 11:00:00,0.1107,0.1115,0.1105,0.1105,676041.92,0
2025-06-28 12:00:00,0.1105,0.1108,0.1102,0.1107,283948.5,0
2025-06-28 13:00:00,0.1106,0.1111,0.1099,0.1102,331270.63,0
2025-06-28 14:00:00,0.1101,0.1115,0.1101,0.1111,790999.67,0
2025-06-28 15:00:00,0.1111,0.1128,0.1109,0.1125,618221.68,0
2025-06-28 16:00:00,0.1125,0.1139,0.1118,0.1119,874353.07,0
2025-06-28 17:00:00,0.112,0.1133,0.1112,0.1131,813160.9,0
2025-06-28 18:00:00,0.1132,0.1138,0.1126,0.1138,1017391.37,0
2025-06-28 19:00:00,0.1139,0.115,0.1137,0.1138,1552738.22,0
2025-06-28 20:00:00,0.1139,0.1145,0.1135,0.1135,589539.01,0
2025-06-28 21:00:00,0.1135,0.1144,0.1133,0.1142,523608.19,0
2025-06-28 22:00:00,0.1143,0.1156,0.114,0.1148,797066.57,0
2025-06-28 23:00:00,0.115,0.1151,0.1139,0.114,455490.64,0
2025-06-29 00:00:00,0.114,0.1149,0.1138,0.1144,836647.68,0
2025-06-29 01:00:00,0.1144,0.1145,0.1132,0.1133,311950.09,0
2025-06-29 02:00:00,0.1133,0.1133,0.1126,0.1131,388246.9,0
2025-06-29 03:00:00,0.1131,0.1137,0.1126,0.1127,470005.85,0
2025-06-29 04:00:00,0.1127,0.1133,0.1126,0.1129,302978.42,0
2025-06-29 05:00:00,0.1129,0.1131,0.1124,0.113,247614.54,0
2025-06-29 06:00:00,0.1129,0.1132,0.1124,0.1129,732303.81,0
2025-06-29 07:00:00,0.113,0.1137,0.1124,0.1137,772667.21,0
2025-06-29 08:00:00,0.1137,0.1151,0.1134,0.1149,1342035.24,0
2025-06-29 09:00:00,0.115,0.1161,0.1145,0.1153,981791.31,0
2025-06-29 10:00:00,0.1153,0.1159,0.1148,0.1155,909672.15,0
2025-06-29 11:00:00,0.1156,0.1159,0.115,0.1154,519677.77,0
2025-06-29 12:00:00,0.1154,0.1156,0.1146,0.1153,483821.79,0
2025-06-29 13:00:00,0.1152,0.1158,0.1146,0.1147,726901.62,0
2025-06-29 14:00:00,0.1147,0.1152,0.1132,0.1135,797387.62,0
2025-06-29 15:00:00,0.1134,0.1137,0.1128,0.1131,814632.78,0
2025-06-29 16:00:00,0.1131,0.1148,0.113,0.1147,1130290.8,0
2025-06-29 17:00:00,0.1148,0.1156,0.1136,0.1155,802384.75,0
2025-06-29 18:00:00,0.1155,0.1168,0.1147,0.1164,1019131.12,0
2025-06-29 19:00:00,0.1164,0.1177,0.1162,0.1176,662602.14,0
2025-06-29 20:00:00,0.1176,0.1183,0.1168,0.1169,1122458.94,0
2025-06-29 21:00:00,0.1169,0.1195,0.1157,0.1193,1492747.56,0
2025-06-29 22:00:00,0.1194,0.1242,0.1194,0.1241,5088769.2,0
2025-06-29 23:00:00,0.1242,0.1248,0.1226,0.1228,2641670.56,0
2025-06-30 00:00:00,0.1228,0.1238,0.122,0.1221,2487325.79,0
2025-06-30 01:00:00,0.1222,0.1222,0.1212,0.1213,1347693.45,0
2025-06-30 02:00:00,0.1214,0.1221,0.1207,0.1209,1588045.31,0
2025-06-30 03:00:00,0.1209,0.1211,0.1204,0.1206,892825.63,0
2025-06-30 04:00:00,0.1205,0.1205,0.1194,0.1196,489667.83,0
2025-06-30 05:00:00,0.1197,0.1207,0.1194,0.1204,544574.56,0
2025-06-30 06:00:00,0.1204,0.1216,0.1186,0.1192,1644155.8,0
2025-06-30 07:00:00,0.1192,0.1213,0.119,0.1208,764413.31,0
2025-06-30 08:00:00,0.1208,0.1212,0.119,0.1191,901307.99,0
2025-06-30 09:00:00,0.1191,0.12,0.1179,0.118,964015.86,0
2025-06-30 10:00:00,0.1179,0.1189,0.1179,0.1188,623689.0,0
2025-06-30 11:00:00,0.1187,0.1205,0.1186,0.1194,1113914.63,0
2025-06-30 12:00:00,0.1195,0.1205,0.1179,0.1183,2340210.29,0
2025-06-30 13:00:00,0.1182,0.1192,0.117,0.1172,954094.93,0
2025-06-30 14:00:00,0.1173,0.1182,0.1162,0.1166,1827702.84,0
2025-06-30 15:00:00,0.1167,0.1184,0.1155,0.117,2385605.75,0
2025-06-30 16:00:00,0.117,0.1186,0.1167,0.1184,1011570.08,0
2025-06-30 17:00:00,0.1184,0.1191,0.1172,0.1175,829463.71,0
2025-06-30 18:00:00,0.1175,0.1179,0.1163,0.1166,689657.59,0
2025-06-30 19:00:00,0.1166,0.1192,0.1166,0.119,520687.95,0
2025-06-30 20:00:00,0.119,0.1197,0.1176,0.1177,1949128.94,0
2025-06-30 21:00:00,0.1177,0.1184,0.1169,0.1175,934115.83,0
2025-06-30 22:00:00,0.1176,0.1176,0.1167,0.1167,542318.8,0
2025-06-30 23:00:00,0.1168,0.1173,0.1164,0.1166,304139.94,0
2025-07-01 00:00:00,0.1167,0.1174,0.1151,0.1154,858990.08,0
2025-07-01 01:00:00,0.1154,0.1158,0.1145,0.1147,776994.7,0
2025-07-01 02:00:00,0.1146,0.1154,0.1141,0.1144,916590.22,0
2025-07-01 03:00:00,0.1145,0.1154,0.114,0.1149,1238439.76,0
2025-07-01 04:00:00,0.1149,0.1149,0.1132,0.1132,1026328.25,0
2025-07-01 05:00:00,0.1132,0.1135,0.1124,0.1134,794092.73,0
2025-07-01 06:00:00,0.1134,0.1138,0.1128,0.1137,839902.55,0
2025-07-01 07:00:00,0.1137,0.1142,0.1122,0.1139,818741.68,0
2025-07-01 08:00:00,0.1139,0.1142,0.1125,0.1142,2072659.01,0
2025-07-01 09:00:00,0.1141,0.1148,0.1133,0.1136,1595809.41,0
2025-07-01 10:00:00,0.1136,0.114,0.113,0.1135,690922.24,0
2025-07-01 11:00:00,0.1134,0.1135,0.1119,0.1124,562785.22,0
2025-07-01 12:00:00,0.1124,0.113,0.1114,0.1115,1471803.73,0
2025-07-01 13:00:00,0.1115,0.113,0.1111,0.113,1528114.3,0
2025-07-01 14:00:00,0.1129,0.1137,0.1112,0.1123,2292865.43,0
2025-07-01 15:00:00,0.1123,0.1125,0.1115,0.1118,773856.18,0
2025-07-01 16:00:00,0.1118,0.1125,0.1114,0.1119,1010916.49,0
2025-07-01 17:00:00,0.1119,0.1119,0.1106,0.1109,780217.18,0
2025-07-01 18:00:00,0.111,0.111,0.1095,0.1099,1690506.58,0
2025-07-01 19:00:00,0.1099,0.1108,0.1096,0.1102,677800.91,0
2025-07-01 20:00:00,0.1102,0.1108,0.1096,0.1104,920327.28,0
2025-07-01 21:00:00,0.1104,0.1109,0.1097,0.1105,605554.02,0
2025-07-01 22:00:00,0.1105,0.1109,0.1096,0.1096,981286.46,0
2025-07-01 23:00:00,0.1096,0.11,0.1086,0.1098,1485615.68,0
2025-07-02 00:00:00,0.1098,0.1101,0.1093,0.1096,892657.21,0
2025-07-02 01:00:00,0.1096,0.1108,0.1086,0.1102,1090765.17,0
2025-07-02 02:00:00,0.1102,0.1105,0.1097,0.1105,770929.55,0
2025-07-02 03:00:00,0.1106,0.1114,0.1099,0.11,988462.51,0
2025-07-02 04:00:00,0.11,0.1123,0.1096,0.1123,1295781.02,0
2025-07-02 05:00:00,0.1123,0.1128,0.1117,0.1124,1075660.58,0
2025-07-02 06:00:00,0.1125,0.1142,0.1124,0.1141,2130256.86,0
2025-07-02 07:00:00,0.1141,0.1146,0.1132,0.1142,1454946.75,0
2025-07-02 08:00:00,0.1143,0.1144,0.1128,0.1131,955689.64,0
2025-07-02 09:00:00,0.1131,0.1136,0.1128,0.1129,492760.44,0
2025-07-02 10:00:00,0.1129,0.1142,0.1127,0.1142,693872.51,0
2025-07-02 11:00:00,0.1142,0.1148,0.113,0.1132,781862.64,0
2025-07-02 12:00:00,0.1133,0.1136,0.1127,0.1134,532068.8,0
2025-07-02 13:00:00,0.1134,0.1149,0.1134,0.1139,938443.72,0
2025-07-02 14:00:00,0.1139,0.1157,0.1139,0.1155,1335211.69,0
2025-07-02 15:00:00,0.1155,0.117,0.1152,0.1169,1072070.61,0
2025-07-02 16:00:00,0.1169,0.1207,0.1166,0.1206,3212035.74,0
2025-07-02 17:00:00,0.1207,0.1211,0.118,0.1192,2051064.89,0
2025-07-02 18:00:00,0.1193,0.1207,0.1192,0.1203,1001721.6,0
2025-07-02 19:00:00,0.1203,0.1208,0.1195,0.1207,1046854.07,0
2025-07-02 20:00:00,0.1207,0.122,0.1205,0.1214,2515507.54,0
2025-07-02 21:00:00,0.1215,0.122,0.1207,0.1215,1065443.59,0
2025-07-02 22:00:00,0.1216,0.1222,0.1207,0.1208,746016.83,0
2025-07-02 23:00:00,0.1209,0.121,0.1197,0.1198,653991.32,0
2025-07-03 00:00:00,0.1198,0.1211,0.1195,0.1207,810581.32,0
2025-07-03 01:00:00,0.1207,0.1217,0.1201,0.1214,732676.03,0
2025-07-03 02:00:00,0.1214,0.1215,0.1202,0.1207,462362.68,0
2025-07-03 03:00:00,0.1207,0.1218,0.1206,0.1206,528291.86,0
2025-07-03 04:00:00,0.1205,0.1215,0.1202,0.1213,806167.15,0
2025-07-03 05:00:00,0.1214,0.1232,0.1211,0.1228,1667705.44,0
2025-07-03 06:00:00,0.1229,0.1236,0.1222,0.1236,745920.91,0
2025-07-03 07:00:00,0.1235,0.1239,0.1228,0.1231,3429551.99,0
2025-07-03 08:00:00,0.1231,0.1233,0.1221,0.1221,1115837.8,0
2025-07-03 09:00:00,0.1221,0.1233,0.122,0.1223,800484.57,0
2025-07-03 10:00:00,0.1223,0.1224,0.1202,0.1208,1137255.68,0
2025-07-03 11:00:00,0.1209,0.121,0.1196,0.1199,1073876.47,0
2025-07-03 12:00:00,0.1198,0.1218,0.1187,0.1201,1736477.12,0
2025-07-03 13:00:00,0.1201,0.122,0.1193,0.1215,1798142.27,0
2025-07-03 14:00:00,0.1215,0.1218,0.1196,0.1199,793392.68,0
2025-07-03 15:00:00,0.1199,0.1201,0.1171,0.1174,1775000.33,0
2025-07-03 16:00:00,0.1173,0.1183,0.117,0.1172,1166836.97,0
2025-07-03 17:00:00,0.1173,0.1185,0.1173,0.1179,266873.9,0
2025-07-03 18:00:00,0.1179,0.1183,0.1168,0.1171,1137771.32,0
2025-07-03 19:00:00,0.117,0.1184,0.1169,0.1181,935225.66,0
2025-07-03 20:00:00,0.1181,0.119,0.1179,0.1186,493384.88,0
2025-07-03 21:00:00,0.1186,0.1191,0.118,0.1187,345070.0,0
2025-07-03 22:00:00,0.1187,0.119,0.1184,0.1187,397214.77,0
2025-07-03 23:00:00,0.1187,0.119,0.118,0.1185,422206.37,0
2025-07-04 00:00:00,0.1185,0.1195,0.118,0.1186,706005.33,0
2025-07-04 01:00:00,0.1186,0.1196,0.1186,0.1186,346666.24,0
2025-07-04 02:00:00,0.1186,0.1186,0.1165,0.1169,692967.78,0
2025-07-04 03:00:00,0.1168,0.1176,0.1165,0.1171,390648.35,0
2025-07-04 04:00:00,0.1171,0.1175,0.1154,0.1155,538359.64,0
2025-07-04 05:00:00,0.1156,0.1169,0.1155,0.1159,573244.35,0
2025-07-04 06:00:00,0.1159,0.1159,0.1145,0.1148,843374.07,0
2025-07-04 07:00:00,0.1148,0.1152,0.1131,0.1133,768309.82,0
2025-07-04 08:00:00,0.1133,0.1144,0.1127,0.1142,920690.93,0
2025-07-04 09:00:00,0.1142,0.1148,0.1135,0.1137,861258.29,0
2025-07-04 10:00:00,0.1137,0.1141,0.1129,0.113,468047.01,0
2025-07-04 11:00:00,0.113,0.1136,0.1128,0.1132,1202356.4,0
2025-07-04 12:00:00,0.1131,0.1137,0.1126,0.1131,530606.49,0
2025-07-04 13:00:00,0.1131,0.1136,0.1117,0.1121,1908699.2,0
2025-07-04 14:00:00,0.112,0.1128,0.1111,0.1119,1605234.5,0
2025-07-04 15:00:00,0.1119,0.112,0.1103,0.1103,1832841.28,0
2025-07-04 16:00:00,0.1104,0.1107,0.1091,0.1102,2129625.29,0
2025-07-04 17:00:00,0.1102,0.111,0.1097,0.1108,1498081.29,0
2025-07-04 18:00:00,0.1108,0.1108,0.1096,0.1101,495162.47,0
2025-07-04 19:00:00,0.1101,0.1104,0.1094,0.1098,537974.67,0
2025-07-04 20:00:00,0.1097,0.1105,0.1095,0.1105,656931.01,0
2025-07-04 21:00:00,0.1104,0.1115,0.1102,0.1114,914333.82,0
2025-07-04 22:00:00,0.1113,0.1123,0.1112,0.1121,917087.72,0
2025-07-04 23:00:00,0.1121,0.1121,0.1113,0.1115,402809.16,0
2025-07-05 00:00:00,0.1116,0.1129,0.1116,0.1124,1551043.78,0
2025-07-05 01:00:00,0.1124,0.1127,0.1114,0.1117,780277.06,0
2025-07-05 02:00:00,0.1117,0.1117,0.1107,0.1116,611121.37,0
2025-07-05 03:00:00,0.1116,0.1123,0.1115,0.1116,434440.9,0
2025-07-05 04:00:00,0.1117,0.112,0.111,0.111,747576.15,0
2025-07-05 05:00:00,0.111,0.1115,0.1108,0.1113,733763.58,0
2025-07-05 06:00:00,0.1113,0.1127,0.1111,0.1126,831520.06,0
2025-07-05 07:00:00,0.1126,0.1127,0.1117,0.112,606634.72,0
2025-07-05 08:00:00,0.112,0.1121,0.111,0.1113,511154.32,0
2025-07-05 09:00:00,0.1113,0.1117,0.1106,0.1115,676803.79,0
2025-07-05 10:00:00,0.1115,0.1117,0.1108,0.1108,847523.32,0
2025-07-05 11:00:00,0.1109,0.1116,0.1108,0.111,519360.18,0
2025-07-05 12:00:00,0.111,0.111,0.1101,0.1107,1180464.83,0
2025-07-05 13:00:00,0.1106,0.1113,0.1104,0.1104,537834.29,0
2025-07-05 14:00:00,0.1105,0.1114,0.1102,0.1113,506390.8,0
2025-07-05 15:00:00,0.1113,0.1115,0.1103,0.1105,688523.41,0
2025-07-05 16:00:00,0.1105,0.1111,0.1101,0.111,547525.18,0
2025-07-05 17:00:00,0.111,0.1115,0.1099,0.1105,815039.11,0
2025-07-05 18:00:00,0.1105,0.1106,0.1094,0.1095,781922.96,0
2025-07-05 19:00:00,0.1096,0.1105,0.1093,0.1104,655233.08,0
2025-07-05 20:00:00,0.1104,0.1112,0.1101,0.1111,347074.45,0
2025-07-05 21:00:00,0.1112,0.1119,0.1109,0.1114,689577.67,0
2025-07-05 22:00:00,0.1114,0.1119,0.1112,0.1118,453495.91,0
2025-07-05 23:00:00,0.1118,0.1121,0.1112,0.1113,387472.7,0
2025-07-06 00:00:00,0.1113,0.1115,0.1109,0.1113,374253.99,0
2025-07-06 01:00:00,0.1113,0.1115,0.1108,0.111,298131.57,0
2025-07-06 02:00:00,0.111,0.1114,0.1106,0.1106,377250.4,0
2025-07-06 03:00:00,0.1105,0.1107,0.1103,0.1105,258319.19,0
2025-07-06 04:00:00,0.1105,0.1112,0.1104,0.1107,190261.63,0
2025-07-06 05:00:00,0.1108,0.1108,0.1102,0.1103,357429.94,0
2025-07-06 06:00:00,0.1103,0.1114,0.1103,0.1112,489225.12,0
2025-07-06 07:00:00,0.1113,0.1118,0.1106,0.1107,681297.98,0
2025-07-06 08:00:00,0.1107,0.1118,0.1105,0.1115,1353804.4,0
2025-07-06 09:00:00,0.1115,0.1118,0.1108,0.1108,913516.49,0
2025-07-06 10:00:00,0.1108,0.1115,0.1107,0.1112,962137.9,0
2025-07-06 11:00:00,0.1111,0.1119,0.1105,0.1118,959779.93,0
2025-07-06 12:00:00,0.1118,0.1125,0.1114,0.1124,1339744.22,0
2025-07-06 13:00:00,0.1124,0.1146,0.1122,0.1142,2177424.4,0
2025-07-06 14:00:00,0.1143,0.1146,0.1127,0.1135,1755576.98,0
2025-07-06 15:00:00,0.1135,0.1137,0.1129,0.1135,903797.58,0
2025-07-06 16:00:00,0.1135,0.1143,0.1134,0.1142,835373.18,0
2025-07-06 17:00:00,0.1142,0.1143,0.1133,0.1134,456371.47,0
2025-07-06 18:00:00,0.1135,0.1136,0.1119,0.1127,727461.27,0
2025-07-06 19:00:00,0.1127,0.1131,0.1125,0.1129,314776.55,0
2025-07-06 20:00:00,0.1129,0.1136,0.1128,0.1132,406513.45,0
2025-07-06 21:00:00,0.1132,0.1154,0.1131,0.1143,1153937.05,0
2025-07-06 22:00:00,0.1144,0.1154,0.1144,0.1147,901146.7,0
2025-07-06 23:00:00,0.1148,0.1148,0.113,0.1134,1190299.13,0
2025-07-07 00:00:00,0.1135,0.1139,0.1131,0.1137,685611.84,0
2025-07-07 01:00:00,0.1137,0.1141,0.1134,0.1138,504234.84,0
2025-07-07 02:00:00,0.1139,0.1152,0.1139,0.1144,507680.88,0
2025-07-07 03:00:00,0.1145,0.1156,0.1143,0.1144,457315.23,0
2025-07-07 04:00:00,0.1143,0.115,0.1138,0.1139,623653.87,0
2025-07-07 05:00:00,0.1139,0.1144,0.1133,0.1135,318345.68,0
2025-07-07 06:00:00,0.1135,0.114,0.113,0.1131,450348.98,0
2025-07-07 07:00:00,0.1131,0.1148,0.1129,0.1148,446450.41,0
2025-07-07 08:00:00,0.1148,0.1154,0.1146,0.1151,1010880.44,0
2025-07-07 09:00:00,0.115,0.115,0.1138,0.1139,571246.4,0
2025-07-07 10:00:00,0.1139,0.1139,0.1133,0.1137,1337015.4,0
2025-07-07 11:00:00,0.1137,0.1143,0.113,0.1137,889039.79,0
2025-07-07 12:00:00,0.1137,0.114,0.113,0.1134,935264.21,0
2025-07-07 13:00:00,0.1135,0.1146,0.1129,0.1145,820471.93,0
2025-07-07 14:00:00,0.1145,0.1146,0.1125,0.1131,1518593.1,0
2025-07-07 15:00:00,0.1131,0.1136,0.1127,0.1134,870014.99,0
2025-07-07 16:00:00,0.1133,0.1135,0.1116,0.1118,1980999.88,0
2025-07-07 17:00:00,0.1118,0.1129,0.1113,0.1122,884785.75,0
2025-07-07 18:00:00,0.1122,0.1123,0.1106,0.1116,1396315.57,0
2025-07-07 19:00:00,0.1116,0.1127,0.1114,0.1117,913167.84,0
2025-07-07 20:00:00,0.1116,0.1116,0.1104,0.1106,1814099.63,0
2025-07-07 21:00:00,0.1106,0.1111,0.1099,0.1106,1387210.44,0
2025-07-07 22:00:00,0.1107,0.1112,0.1101,0.1111,1491712.42,0
2025-07-07 23:00:00,0.1111,0.1117,0.1111,0.1115,800330.68,0
2025-07-08 00:00:00,0.1115,0.1118,0.1103,0.1104,3036258.8,0
2025-07-08 01:00:00,0.1104,0.1104,0.1096,0.1097,1390245.92,0
2025-07-08 02:00:00,0.1097,0.1103,0.1092,0.1099,2358623.21,0
2025-07-08 03:00:00,0.1099,0.1107,0.1099,0.1101,798648.33,0
2025-07-08 04:00:00,0.1101,0.1106,0.1096,0.1105,626151.32,0
2025-07-08 05:00:00,0.1105,0.111,0.1102,0.1108,451780.11,0
2025-07-08 06:00:00,0.1109,0.1113,0.1107,0.111,691894.26,0
2025-07-08 07:00:00,0.111,0.1111,0.1105,0.1109,1016640.19,0
2025-07-08 08:00:00,0.1109,0.111,0.1103,0.1103,490639.14,0
2025-07-08 09:00:00,0.1103,0.1112,0.1102,0.1109,492434.41,0
2025-07-08 10:00:00,0.1109,0.112,0.1108,0.112,479937.63,0
2025-07-08 11:00:00,0.112,0.1128,0.112,0.1126,1226820.59,0
2025-07-08 12:00:00,0.1126,0.1132,0.1121,0.1132,667967.76,0
2025-07-08 13:00:00,0.1132,0.1134,0.1121,0.1128,1198883.95,0
2025-07-08 14:00:00,0.1128,0.113,0.1108,0.1108,1355148.04,0
2025-07-08 15:00:00,0.1108,0.1111,0.1103,0.1108,757583.08,0
2025-07-08 16:00:00,0.1109,0.112,0.1104,0.1115,533658.3,0
2025-07-08 17:00:00,0.1114,0.1139,0.1114,0.1135,2241891.9,0
2025-07-08 18:00:00,0.1136,0.1145,0.1136,0.1144,1274508.69,0
2025-07-08 19:00:00,0.1145,0.1146,0.1131,0.1135,1455743.97,0
2025-07-08 20:00:00,0.1136,0.1139,0.1132,0.1132,387723.75,0
2025-07-08 21:00:00,0.1132,0.1143,0.1132,0.1141,647775.29,0
2025-07-08 22:00:00,0.1142,0.1145,0.1137,0.114,739848.06,0
2025-07-08 23:00:00,0.1139,0.1143,0.1136,0.1139,501383.4,0
2025-07-09 00:00:00,0.1139,0.1142,0.1131,0.1132,409876.09,0
2025-07-09 01:00:00,0.1132,0.1139,0.1122,0.1125,452068.94,0
2025-07-09 02:00:00,0.1125,0.1129,0.112,0.1126,377956.73,0
2025-07-09 03:00:00,0.1126,0.1131,0.1121,0.1123,566447.3,0
2025-07-09 04:00:00,0.1123,0.1133,0.1121,0.1132,253497.01,0
2025-07-09 05:00:00,0.1132,0.1148,0.1129,0.1141,1755244.09,0
2025-07-09 06:00:00,0.1142,0.1151,0.1139,0.1149,1043582.57,0
2025-07-09 07:00:00,0.1149,0.1157,0.1147,0.1153,704588.13,0
2025-07-09 08:00:00,0.1153,0.1162,0.1148,0.1159,840672.25,0
2025-07-09 09:00:00,0.1159,0.1163,0.1152,0.1161,1116751.31,0
2025-07-09 10:00:00,0.1161,0.1165,0.1154,0.1164,832565.84,0
2025-07-09 11:00:00,0.1165,0.1172,0.116,0.1165,1556322.82,0
2025-07-09 12:00:00,0.1166,0.118,0.1165,0.1172,1170250.01,0
2025-07-09 13:00:00,0.1172,0.1177,0.1168,0.1169,1157509.0,0
2025-07-09 14:00:00,0.1169,0.1174,0.1153,0.1161,1802367.16,0
2025-07-09 15:00:00,0.1161,0.1169,0.116,0.1165,653440.2,0
2025-07-09 16:00:00,0.1165,0.1173,0.1164,0.1168,623170.66,0
2025-07-09 17:00:00,0.1168,0.1169,0.1157,0.116,635753.67,0
2025-07-09 18:00:00,0.1161,0.1181,0.116,0.1174,1463240.09,0
2025-07-09 19:00:00,0.1175,0.1207,0.1175,0.1204,2225525.67,0
2025-07-09 20:00:00,0.1204,0.1216,0.119,0.1202,2457516.03,0
2025-07-09 21:00:00,0.1202,0.122,0.12,0.1209,1338380.62,0
2025-07-09 22:00:00,0.121,0.1222,0.121,0.1216,822467.33,0
2025-07-09 23:00:00,0.1216,0.122,0.1211,0.1216,747235.24,0
2025-07-10 00:00:00,0.1216,0.1222,0.1205,0.1206,920799.67,0
2025-07-10 01:00:00,0.1207,0.1217,0.1206,0.1211,631930.37,0
2025-07-10 02:00:00,0.1211,0.1225,0.1211,0.1225,853423.69,0
2025-07-10 03:00:00,0.1225,0.1228,0.122,0.1223,1055343.78,0
2025-07-10 04:00:00,0.1223,0.1228,0.1217,0.1227,1075012.84,0
2025-07-10 05:00:00,0.1227,0.1231,0.1219,0.122,640942.93,0
2025-07-10 06:00:00,0.122,0.1228,0.1213,0.1227,695136.94,0
2025-07-10 07:00:00,0.1227,0.1234,0.1222,0.1225,1471615.84,0
2025-07-10 08:00:00,0.1225,0.1238,0.1219,0.1237,986256.97,0
2025-07-10 09:00:00,0.1237,0.1244,0.1231,0.1236,2396970.14,0
2025-07-10 10:00:00,0.1235,0.1246,0.1228,0.1244,1839370.03,0
2025-07-10 11:00:00,0.1242,0.1242,0.1233,0.1237,1389037.12,0
2025-07-10 12:00:00,0.1237,0.1239,0.1224,0.1237,1452083.68,0
2025-07-10 13:00:00,0.1236,0.1254,0.1233,0.1244,1845612.44,0
2025-07-10 14:00:00,0.1244,0.1249,0.1228,0.1241,2107153.48,0
2025-07-10 15:00:00,0.1241,0.1241,0.1228,0.1228,1214808.4,0
2025-07-10 16:00:00,0.1229,0.1263,0.1229,0.1262,2356703.4,0
2025-07-10 17:00:00,0.1262,0.1293,0.1256,0.1292,2999029.12,0
2025-07-10 18:00:00,0.1292,0.1296,0.1269,0.1283,2318677.09,0
2025-07-10 19:00:00,0.1284,0.1285,0.1272,0.128,1277925.57,0
2025-07-10 20:00:00,0.1281,0.1306,0.1281,0.1302,2814640.36,0
2025-07-10 21:00:00,0.1302,0.1348,0.1297,0.1345,5162371.55,0
2025-07-10 22:00:00,0.1345,0.1374,0.1343,0.1372,3393426.47,0
2025-07-10 23:00:00,0.1373,0.1383,0.1364,0.1373,3422021.61,0
2025-07-11 00:00:00,0.1374,0.1378,0.1344,0.1369,2779934.79,0
2025-07-11 01:00:00,0.1369,0.1416,0.1367,0.1415,2472064.36,0
2025-07-11 02:00:00,0.1415,0.1429,0.1402,0.1425,2993480.03,0
2025-07-11 03:00:00,0.1425,0.145,0.1422,0.1447,3810561.39,0
2025-07-11 04:00:00,0.1448,0.1481,0.1442,0.148,4947361.05,0
2025-07-11 05:00:00,0.148,0.1514,0.1477,0.1498,9541058.0,0
2025-07-11 06:00:00,0.1499,0.1512,0.1439,0.1442,10362934.6,0
2025-07-11 07:00:00,0.1443,0.1465,0.143,0.1447,3637089.99,0
2025-07-11 08:00:00,0.1448,0.149,0.1448,0.149,3393728.11,0
2025-07-11 09:00:00,0.149,0.1505,0.148,0.1489,3812254.37,0
2025-07-11 10:00:00,0.1489,0.1492,0.1476,0.1477,1975260.95,0
2025-07-11 11:00:00,0.1478,0.1479,0.1459,0.1471,2684854.96,0
2025-07-11 12:00:00,0.1471,0.1494,0.1465,0.149,3561236.91,0
2025-07-11 13:00:00,0.1489,0.151,0.147,0.1504,4995618.67,0
2025-07-11 14:00:00,0.1505,0.1551,0.1488,0.1525,8591897.74,0
2025-07-11 15:00:00,0.1524,0.1528,0.1471,0.1476,5668903.56,0
2025-07-11 16:00:00,0.1478,0.1505,0.1466,0.1495,3266357.83,0
2025-07-11 17:00:00,0.1494,0.1513,0.1492,0.151,2074161.49,0
2025-07-11 18:00:00,0.1511,0.1521,0.1501,0.1514,1123180.06,0
2025-07-11 19:00:00,0.1513,0.1524,0.15,0.152,3061682.51,0
2025-07-11 20:00:00,0.1519,0.1524,0.1488,0.1488,3534726.89,0
2025-07-11 21:00:00,0.1489,0.1492,0.1454,0.1465,1856731.49,0
2025-07-11 22:00:00,0.1466,0.1467,0.1414,0.1429,5127330.86,0
2025-07-11 23:00:00,0.1429,0.1452,0.1427,0.1437,4129679.18,0
2025-07-12 00:00:00,0.1437,0.1445,0.1398,0.1413,2070816.12,0
2025-07-12 01:00:00,0.1415,0.1453,0.1414,0.1448,1730818.12,0
2025-07-12 02:00:00,0.1448,0.1458,0.143,0.1433,1135081.67,0
2025-07-12 03:00:00,0.1431,0.144,0.1427,0.1437,1060122.69,0
2025-07-12 04:00:00,0.1437,0.1437,0.1394,0.1397,1266102.9,0
2025-07-12 05:00:00,0.1397,0.1408,0.1382,0.14,4248711.4,0
2025-07-12 06:00:00,0.14,0.1424,0.1393,0.1415,1646201.93,0
2025-07-12 07:00:00,0.1414,0.1431,0.1404,0.141,1527042.15,0
2025-07-12 08:00:00,0.1411,0.1422,0.1399,0.1404,1684530.43,0
2025-07-12 09:00:00,0.1404,0.1423,0.1396,0.1419,1661274.28,0
2025-07-12 10:00:00,0.1419,0.142,0.141,0.1414,981121.73,0
2025-07-12 11:00:00,0.1414,0.1417,0.1402,0.1407,1288496.0,0
2025-07-12 12:00:00,0.1405,0.1413,0.1352,0.1371,3339513.21,0
2025-07-12 13:00:00,0.1371,0.1371,0.1341,0.1366,2295145.79,0
2025-07-12 14:00:00,0.1365,0.1377,0.135,0.1352,2327880.11,0
2025-07-12 15:00:00,0.1352,0.1354,0.1316,0.1331,3329281.48,0
2025-07-12 16:00:00,0.1332,0.135,0.1323,0.1335,1628669.04,0
2025-07-12 17:00:00,0.1335,0.1365,0.1332,0.1359,1029273.62,0
2025-07-12 18:00:00,0.1357,0.136,0.1346,0.1355,911693.76,0
2025-07-12 19:00:00,0.1355,0.1358,0.1345,0.1353,670362.4,0
2025-07-12 20:00:00,0.1353,0.1354,0.1328,0.1328,1132805.36,0
2025-07-12 21:00:00,0.1328,0.1357,0.1325,0.1354,1096536.98,0
2025-07-12 22:00:00,0.1355,0.1359,0.134,0.1356,765969.88,0
2025-07-12 23:00:00,0.1357,0.1362,0.1342,0.1357,1545237.82,0
2025-07-13 00:00:00,0.1356,0.1373,0.1351,0.1364,1410839.57,0
2025-07-13 01:00:00,0.1363,0.1372,0.136,0.1365,1158313.97,0
2025-07-13 02:00:00,0.1365,0.1368,0.1349,0.1363,889940.53,0
2025-07-13 03:00:00,0.1365,0.1372,0.1356,0.1367,661331.36,0
2025-07-13 04:00:00,0.1369,0.1385,0.1357,0.1382,755290.59,0
2025-07-13 05:00:00,0.1382,0.1396,0.1375,0.1378,904209.83,0
2025-07-13 06:00:00,0.1379,0.1395,0.1376,0.1383,930050.26,0
2025-07-13 07:00:00,0.1383,0.1404,0.1379,0.1395,888854.64,0
2025-07-13 08:00:00,0.1395,0.1398,0.1369,0.1377,977557.25,0
2025-07-13 09:00:00,0.1377,0.1383,0.1359,0.1366,1711080.14,0
2025-07-13 10:00:00,0.1367,0.1379,0.1367,0.1373,1050049.28,0
2025-07-13 11:00:00,0.1373,0.1392,0.1372,0.1391,960256.21,0
2025-07-13 12:00:00,0.1391,0.1411,0.1381,0.1403,1224969.8,0
2025-07-13 13:00:00,0.1403,0.1417,0.1392,0.1409,1067975.12,0
2025-07-13 14:00:00,0.1411,0.1427,0.1395,0.1401,2529406.07,0
2025-07-13 15:00:00,0.1402,0.1425,0.1396,0.1405,2081693.09,0
2025-07-13 16:00:00,0.1405,0.1419,0.1386,0.1387,1171672.54,0
2025-07-13 17:00:00,0.1388,0.1409,0.1382,0.1403,1396554.2,0
2025-07-13 18:00:00,0.1403,0.1422,0.14,0.1418,1155368.22,0
2025-07-13 19:00:00,0.1418,0.1428,0.1404,0.1405,1422338.16,0
2025-07-13 20:00:00,0.1406,0.1425,0.1396,0.1423,1260490.8,0
2025-07-13 21:00:00,0.1421,0.1422,0.1373,0.1385,1171483.66,0
2025-07-13 22:00:00,0.1386,0.139,0.1371,0.1377,1549970.41,0
2025-07-13 23:00:00,0.1378,0.1389,0.137,0.1386,1093366.79,0
2025-07-14 00:00:00,0.1386,0.1403,0.1375,0.1388,1607858.21,0
2025-07-14 01:00:00,0.1389,0.1413,0.1385,0.141,1342621.03,0
2025-07-14 02:00:00,0.1412,0.1432,0.1406,0.1418,2165198.14,0
2025-07-14 03:00:00,0.1418,0.1448,0.1416,0.1432,2068552.64,0
2025-07-14 04:00:00,0.1433,0.1473,0.1425,0.1473,2738828.45,0
2025-07-14 05:00:00,0.1472,0.1476,0.1421,0.1446,2993947.13,0
2025-07-14 06:00:00,0.1446,0.1447,0.1421,0.1429,1638730.13,0
2025-07-14 07:00:00,0.1428,0.1458,0.1428,0.1446,1702412.18,0
2025-07-14 08:00:00,0.1447,0.1448,0.1416,0.1437,2114140.5,0
2025-07-14 09:00:00,0.1439,0.1453,0.1428,0.1441,1516974.18,0
2025-07-14 10:00:00,0.144,0.1454,0.142,0.1442,1262453.38,0
2025-07-14 11:00:00,0.1442,0.1453,0.1427,0.1433,2365916.94,0
2025-07-14 12:00:00,0.1432,0.144,0.1419,0.1436,1113890.44,0
2025-07-14 13:00:00,0.1437,0.1446,0.1426,0.143,2491724.63,0
2025-07-14 14:00:00,0.1431,0.1443,0.1394,0.1407,2774074.52,0
2025-07-14 15:00:00,0.1406,0.1407,0.1372,0.1388,2396098.62,0
2025-07-14 16:00:00,0.1386,0.1413,0.138,0.1409,2165722.58,0
2025-07-14 17:00:00,0.1409,0.141,0.1379,0.1386,3952610.0,0
2025-07-14 18:00:00,0.1385,0.1386,0.1361,0.1361,1464155.65,0
2025-07-14 19:00:00,0.136,0.1372,0.1355,0.1361,1708675.44,0
2025-07-14 20:00:00,0.136,0.1376,0.1344,0.1368,1747888.76,0
2025-07-14 21:00:00,0.1368,0.1383,0.1364,0.1378,555590.11,0
2025-07-14 22:00:00,0.1378,0.1383,0.1367,0.1374,749695.84,0
2025-07-14 23:00:00,0.1375,0.1376,0.1362,0.137,614942.89,0
2025-07-15 00:00:00,0.1369,0.1386,0.1352,0.1357,976328.26,0
2025-07-15 01:00:00,0.1356,0.1368,0.1336,0.135,1974610.52,0
2025-07-15 02:00:00,0.135,0.1359,0.1337,0.1345,1572288.84,0
2025-07-15 03:00:00,0.1344,0.1344,0.132,0.1335,2036946.06,0
2025-07-15 04:00:00,0.1335,0.1351,0.1321,0.1346,1692235.96,0
2025-07-15 05:00:00,0.1347,0.1352,0.1337,0.1343,804037.66,0
2025-07-15 06:00:00,0.1341,0.1355,0.1339,0.1353,1297294.58,0
2025-07-15 07:00:00,0.1353,0.1362,0.1341,0.1343,1520588.19,0
2025-07-15 08:00:00,0.1343,0.1349,0.1324,0.1341,1520386.0,0
2025-07-15 09:00:00,0.134,0.136,0.134,0.1346,1423710.06,0
2025-07-15 10:00:00,0.1346,0.1356,0.1343,0.1348,1337582.65,0
2025-07-15 11:00:00,0.1348,0.1352,0.1336,0.1351,928512.9,0
2025-07-15 12:00:00,0.135,0.1363,0.1331,0.1357,3375483.77,0
2025-07-15 13:00:00,0.1357,0.1393,0.1356,0.1382,2506740.71,0
2025-07-15 14:00:00,0.1383,0.1392,0.1334,0.1338,1758251.65,0
2025-07-15 15:00:00,0.134,0.1386,0.1336,0.1382,1951565.78,0
2025-07-15 16:00:00,0.1383,0.1416,0.1382,0.1403,2005869.94,0
2025-07-15 17:00:00,0.1403,0.1447,0.1402,0.1447,1954528.74,0
2025-07-15 18:00:00,0.1447,0.1463,0.1415,0.1435,3748558.56,0
2025-07-15 19:00:00,0.1434,0.1448,0.1403,0.1408,2580770.83,0
2025-07-15 20:00:00,0.1409,0.1427,0.1402,0.1414,1379761.12,0
2025-07-15 21:00:00,0.1414,0.1441,0.1412,0.1433,862556.28,0
2025-07-15 22:00:00,0.1434,0.1441,0.1427,0.1441,739333.94,0
2025-07-15 23:00:00,0.1442,0.1475,0.1442,0.1466,2460565.1,0
2025-07-16 00:00:00,0.1466,0.1479,0.1454,0.1476,2263003.1,0
2025-07-16 01:00:00,0.1476,0.1483,0.1464,0.1472,3200293.42,0
2025-07-16 02:00:00,0.1471,0.1471,0.1427,0.1436,2079729.57,0
2025-07-16 03:00:00,0.1436,0.1447,0.1431,0.1439,773104.63,0
2025-07-16 04:00:00,0.1441,0.1446,0.1423,0.1444,1004064.59,0
2025-07-16 05:00:00,0.1445,0.1458,0.1441,0.1441,1651812.58,0
2025-07-16 06:00:00,0.1441,0.1452,0.1432,0.144,4933790.16,0
2025-07-16 07:00:00,0.1439,0.147,0.1435,0.1453,2141273.7,0
2025-07-16 08:00:00,0.1453,0.1453,0.1429,0.1431,3749212.31,0
2025-07-16 09:00:00,0.1431,0.1442,0.142,0.143,1357528.38,0
2025-07-16 10:00:00,0.143,0.143,0.1401,0.1403,4255499.57,0
2025-07-16 11:00:00,0.1403,0.1414,0.1397,0.1406,2553621.38,0
2025-07-16 12:00:00,0.1407,0.1423,0.1403,0.1414,4219747.18,0
2025-07-16 13:00:00,0.1413,0.1425,0.1403,0.1422,1675384.56,0
2025-07-16 14:00:00,0.1421,0.145,0.1411,0.1444,5391147.12,0
2025-07-16 15:00:00,0.1445,0.1451,0.1412,0.1423,6574520.41,0
2025-07-16 16:00:00,0.1425,0.1461,0.142,0.1459,2919943.72,0
2025-07-16 17:00:00,0.146,0.1477,0.1453,0.1474,3009742.38,0
2025-07-16 18:00:00,0.1474,0.1498,0.1472,0.1483,3518930.04,0
2025-07-16 19:00:00,0.1484,0.1487,0.1454,0.1469,2064526.22,0
2025-07-16 20:00:00,0.1469,0.1507,0.1469,0.1485,3355355.81,0
2025-07-16 21:00:00,0.1485,0.1502,0.1473,0.1493,1888853.62,0
2025-07-16 22:00:00,0.1494,0.1502,0.1459,0.1463,1386489.68,0
2025-07-16 23:00:00,0.1464,0.1465,0.1431,0.1434,1962361.64,0
2025-07-17 00:00:00,0.1435,0.1479,0.1431,0.1448,4097177.38,0
2025-07-17 01:00:00,0.1448,0.1462,0.1406,0.1423,2890500.56,0
2025-07-17 02:00:00,0.1422,0.1438,0.1415,0.1429,1588086.64,0
2025-07-17 03:00:00,0.143,0.143,0.1387,0.14,3230855.28,0
2025-07-17 04:00:00,0.14,0.1418,0.1391,0.1417,2994709.84,0
2025-07-17 05:00:00,0.1417,0.1431,0.14,0.1422,4377379.63,0
2025-07-17 06:00:00,0.1422,0.1447,0.1412,0.1444,4244685.63,0
2025-07-17 07:00:00,0.1445,0.1452,0.142,0.1445,1868630.81,0
2025-07-17 08:00:00,0.1446,0.1461,0.1427,0.1443,5025888.57,0
2025-07-17 09:00:00,0.1442,0.147,0.1435,0.1451,6721422.23,0
2025-07-17 10:00:00,0.1452,0.1453,0.1427,0.1438,3876034.95,0
2025-07-17 11:00:00,0.1438,0.1443,0.1423,0.1428,1633451.75,0
2025-07-17 12:00:00,0.1429,0.1434,0.1413,0.1427,2816814.39,0
2025-07-17 13:00:00,0.1426,0.1436,0.1391,0.1415,3116900.22,0
2025-07-17 14:00:00,0.1415,0.1422,0.1394,0.1413,4532289.36,0
2025-07-17 15:00:00,0.1413,0.1418,0.1385,0.1399,2846342.65,0
2025-07-17 16:00:00,0.1399,0.1402,0.1352,0.138,5766935.97,0
2025-07-17 17:00:00,0.138,0.1402,0.1373,0.1401,3647276.65,0
2025-07-17 18:00:00,0.1402,0.1406,0.1387,0.1396,1967546.5,0
2025-07-17 19:00:00,0.1398,0.1412,0.1372,0.1373,3158922.77,0
2025-07-17 20:00:00,0.1375,0.1381,0.1352,0.1374,2961135.99,0
2025-07-17 21:00:00,0.1376,0.1423,0.1375,0.1399,3317690.21,0
2025-07-17 22:00:00,0.1398,0.1429,0.1393,0.1413,1187015.86,0
2025-07-17 23:00:00,0.1414,0.1429,0.1403,0.1406,1612670.97,0
2025-07-18 00:00:00,0.1407,0.1443,0.1398,0.1442,1811902.19,0
2025-07-18 01:00:00,0.1442,0.1466,0.1435,0.1465,3343320.88,0
2025-07-18 02:00:00,0.1466,0.148,0.1449,0.1473,7171223.38,0
2025-07-18 03:00:00,0.1473,0.1485,0.1463,0.1477,2474752.21,0
2025-07-18 04:00:00,0.1478,0.1522,0.1472,0.1522,4248635.6,0
2025-07-18 05:00:00,0.1522,0.1558,0.1518,0.1555,6522471.14,0
2025-07-18 06:00:00,0.1554,0.1555,0.151,0.1529,9361284.19,0
2025-07-18 07:00:00,0.153,0.1544,0.1502,0.1502,3158013.8,0
2025-07-18 08:00:00,0.1502,0.1532,0.1498,0.1517,4946042.33,0
2025-07-18 09:00:00,0.1517,0.1536,0.1505,0.1536,5704694.15,0
2025-07-18 10:00:00,0.1534,0.1536,0.1498,0.1516,2759463.39,0
2025-07-18 11:00:00,0.1518,0.1518,0.1481,0.1494,2373758.65,0
2025-07-18 12:00:00,0.1496,0.1533,0.1488,0.1531,2531474.25,0
2025-07-18 13:00:00,0.1532,0.1535,0.1507,0.1511,3043149.05,0
2025-07-18 14:00:00,0.1512,0.1521,0.1433,0.145,7286645.85,0
2025-07-18 15:00:00,0.1449,0.146,0.1411,0.1419,4931847.56,0
2025-07-18 16:00:00,0.1419,0.1443,0.1411,0.1427,2104460.33,0
2025-07-18 17:00:00,0.1427,0.1447,0.1413,0.1432,1720118.25,0
2025-07-18 18:00:00,0.1431,0.1432,0.1402,0.1403,1614705.86,0
2025-07-18 19:00:00,0.1404,0.1412,0.1379,0.1403,3040025.59,0
2025-07-18 20:00:00,0.1403,0.1403,0.1348,0.1381,5151933.78,0
2025-07-18 21:00:00,0.138,0.1405,0.1378,0.1388,1240746.86,0
2025-07-18 22:00:00,0.139,0.1397,0.1366,0.1368,2081876.63,0
2025-07-18 23:00:00,0.1368,0.1383,0.1354,0.1383,1844357.8,0
2025-07-19 00:00:00,0.1384,0.1388,0.1351,0.1352,1702591.99,0
2025-07-19 01:00:00,0.1351,0.1373,0.1336,0.1368,1944872.64,0
2025-07-19 02:00:00,0.1368,0.1381,0.1358,0.1381,1133888.07,0
2025-07-19 03:00:00,0.1378,0.1418,0.1378,0.1415,2571098.72,0
2025-07-19 04:00:00,0.1414,0.1437,0.1402,0.1412,3060690.62,0
2025-07-19 05:00:00,0.1413,0.1414,0.1394,0.1397,1419353.54,0
2025-07-19 06:00:00,0.1397,0.1405,0.139,0.1395,2155695.29,0
2025-07-19 07:00:00,0.1395,0.1402,0.1379,0.1382,1749094.55,0
2025-07-19 08:00:00,0.1382,0.1383,0.1366,0.1372,1489386.28,0
2025-07-19 09:00:00,0.1372,0.1386,0.1369,0.1378,1362864.06,0
2025-07-19 10:00:00,0.1378,0.1391,0.1371,0.1379,1036804.44,0
2025-07-19 11:00:00,0.138,0.1386,0.1363,0.1372,1955110.96,0
2025-07-19 12:00:00,0.1371,0.1383,0.1362,0.1381,2494924.28,0
2025-07-19 13:00:00,0.1381,0.1381,0.1367,0.1373,1523784.11,0
2025-07-19 14:00:00,0.1373,0.1377,0.1346,0.1348,2565516.09,0
2025-07-19 15:00:00,0.1348,0.1379,0.1348,0.1363,1624757.24,0
2025-07-19 16:00:00,0.1363,0.138,0.1354,0.137,2064862.42,0
2025-07-19 17:00:00,0.1371,0.1371,0.1354,0.1364,1543585.65,0
2025-07-19 18:00:00,0.1364,0.1385,0.1362,0.1383,1160445.74,0
2025-07-19 19:00:00,0.1384,0.1428,0.1384,0.1419,3791526.46,0
2025-07-19 20:00:00,0.1418,0.1429,0.1409,0.1415,1597946.28,0
2025-07-19 21:00:00,0.1416,0.1421,0.1391,0.1408,1351376.74,0
2025-07-19 22:00:00,0.1408,0.1419,0.1401,0.1407,1011932.16,0
2025-07-19 23:00:00,0.1407,0.1417,0.1404,0.1412,632603.93,0
2025-07-20 00:00:00,0.1413,0.1415,0.14,0.1406,1393183.69,0
2025-07-20 01:00:00,0.1406,0.142,0.1399,0.1401,2314104.79,0
2025-07-20 02:00:00,0.1401,0.1412,0.1394,0.1402,2494057.23,0
2025-07-20 03:00:00,0.1402,0.1427,0.1394,0.1411,2789280.67,0
2025-07-20 04:00:00,0.1411,0.1429,0.1401,0.1411,1180332.41,0
2025-07-20 05:00:00,0.1413,0.1441,0.1409,0.1437,2010198.07,0
2025-07-20 06:00:00,0.1438,0.1456,0.1425,0.1428,2907729.16,0
2025-07-20 07:00:00,0.1427,0.1453,0.1426,0.1437,2339321.35,0
2025-07-20 08:00:00,0.1438,0.1463,0.1436,0.1457,1476089.65,0
2025-07-20 09:00:00,0.1457,0.1474,0.1443,0.1461,3795993.24,0
2025-07-20 10:00:00,0.1461,0.1462,0.1444,0.1447,3116614.06,0
2025-07-20 11:00:00,0.1447,0.1476,0.1446,0.1468,4756865.1,0
2025-07-20 12:00:00,0.1469,0.1473,0.1457,0.1469,2381898.14,0
2025-07-20 13:00:00,0.1468,0.1485,0.1459,0.1482,2582458.55,0
2025-07-20 14:00:00,0.1481,0.1483,0.1448,0.1466,3832325.31,0
2025-07-20 15:00:00,0.1467,0.1497,0.1464,0.1494,3767360.1,0
2025-07-20 16:00:00,0.1494,0.1534,0.1493,0.1528,5569755.28,0
2025-07-20 17:00:00,0.1528,0.1537,0.1497,0.1498,5788303.92,0
2025-07-20 18:00:00,0.1499,0.1508,0.1488,0.1508,2469509.46,0
2025-07-20 19:00:00,0.1509,0.152,0.149,0.1494,4770570.31,0
2025-07-20 20:00:00,0.1494,0.15,0.1481,0.1488,1225635.75,0
2025-07-20 21:00:00,0.1487,0.1499,0.1466,0.1499,2211942.24,0
2025-07-20 22:00:00,0.15,0.15,0.1434,0.1476,5757171.88,0
2025-07-20 23:00:00,0.1475,0.1493,0.1461,0.1476,1711127.95,0
2025-07-21 00:00:00,0.1476,0.1479,0.1442,0.1473,2508369.75,0
2025-07-21 01:00:00,0.1474,0.1481,0.1446,0.1465,1110448.29,0
2025-07-21 02:00:00,0.1466,0.1493,0.1465,0.1493,1502979.54,0
2025-07-21 03:00:00,0.1494,0.1522,0.1492,0.152,3310174.83,0
2025-07-21 04:00:00,0.152,0.1522,0.1503,0.1512,1384808.13,0
2025-07-21 05:00:00,0.1512,0.1516,0.1499,0.1515,2341069.99,0
2025-07-21 06:00:00,0.1516,0.1526,0.1501,0.1515,4930314.04,0
2025-07-21 07:00:00,0.1516,0.1534,0.1516,0.1527,2371003.29,0
2025-07-21 08:00:00,0.1526,0.1542,0.1511,0.152,6138078.8,0
2025-07-21 09:00:00,0.1522,0.1524,0.1498,0.1511,5527911.78,0
2025-07-21 10:00:00,0.1511,0.1523,0.1487,0.152,4486328.81,0
2025-07-21 11:00:00,0.152,0.1531,0.1512,0.1519,4496163.12,0
2025-07-21 12:00:00,0.1518,0.1524,0.1504,0.1517,3301731.51,0
2025-07-21 13:00:00,0.1518,0.1536,0.1497,0.1527,2759634.61,0
2025-07-21 14:00:00,0.1529,0.1561,0.1521,0.1558,4906918.61,0
2025-07-21 15:00:00,0.1558,0.1578,0.1523,0.1531,5845120.01,0
2025-07-21 16:00:00,0.1531,0.1535,0.1482,0.1506,7561161.6,0
2025-07-21 17:00:00,0.1505,0.1522,0.1497,0.1515,2084442.69,0
2025-07-21 18:00:00,0.1514,0.1539,0.1498,0.1504,2460320.32,0
2025-07-21 19:00:00,0.1504,0.152,0.1479,0.1487,3686253.88,0
2025-07-21 20:00:00,0.1486,0.1513,0.1477,0.1497,2650775.49,0
2025-07-21 21:00:00,0.1497,0.1515,0.1489,0.1501,1118378.21,0
2025-07-21 22:00:00,0.1502,0.153,0.1499,0.152,1767092.24,0
2025-07-21 23:00:00,0.1521,0.1543,0.1511,0.1523,1587710.26,0
2025-07-22 00:00:00,0.1524,0.1526,0.1489,0.1493,2559966.46,0
2025-07-22 01:00:00,0.1492,0.1543,0.1457,0.1529,5481703.7,0
2025-07-22 02:00:00,0.153,0.1537,0.1495,0.1501,2251507.12,0
2025-07-22 03:00:00,0.1502,0.1509,0.1473,0.1485,2328404.03,0
2025-07-22 04:00:00,0.1485,0.149,0.1435,0.1437,2922931.53,0
2025-07-22 05:00:00,0.1438,0.1459,0.1421,0.1447,7407103.17,0
2025-07-22 06:00:00,0.1447,0.1457,0.1438,0.1448,3892456.04,0
2025-07-22 07:00:00,0.1449,0.1476,0.1446,0.1453,3804541.13,0
2025-07-22 08:00:00,0.1453,0.1453,0.1406,0.1428,6084164.17,0
2025-07-22 09:00:00,0.1428,0.1432,0.1397,0.1421,5807123.49,0
2025-07-22 10:00:00,0.1421,0.1456,0.1414,0.1456,3949557.08,0
2025-07-22 11:00:00,0.1457,0.1457,0.1436,0.1451,1968030.21,0
2025-07-22 12:00:00,0.1451,0.146,0.144,0.1447,3183975.41,0
2025-07-22 13:00:00,0.1447,0.1462,0.142,0.1432,3259303.57,0
2025-07-22 14:00:00,0.143,0.1465,0.1409,0.1465,3251180.73,0
2025-07-22 15:00:00,0.1465,0.1477,0.145,0.1456,4702676.75,0
2025-07-22 16:00:00,0.1457,0.1481,0.1449,0.1455,3123705.11,0
2025-07-22 17:00:00,0.1454,0.1456,0.1425,0.1442,3000427.58,0
2025-07-22 18:00:00,0.1441,0.1475,0.1428,0.1463,3328503.21,0
2025-07-22 19:00:00,0.1465,0.1467,0.1424,0.143,1417652.79,0
2025-07-22 20:00:00,0.1428,0.1464,0.1425,0.1456,1538903.69,0
2025-07-22 21:00:00,0.1457,0.1472,0.1446,0.1468,903918.65,0
2025-07-22 22:00:00,0.1469,0.148,0.1463,0.1472,2121170.63,0
2025-07-22 23:00:00,0.1473,0.1487,0.1471,0.1484,1049992.41,0
2025-07-23 00:00:00,0.1485,0.1486,0.1438,0.144,1926985.43,0
2025-07-23 01:00:00,0.144,0.1455,0.1432,0.1449,1926150.21,0
2025-07-23 02:00:00,0.1449,0.1458,0.144,0.1448,1438676.74,0
2025-07-23 03:00:00,0.1448,0.1479,0.1438,0.1454,5239883.47,0
2025-07-23 04:00:00,0.1454,0.1475,0.1451,0.1473,2948877.49,0
2025-07-23 05:00:00,0.1473,0.1477,0.1461,0.1466,2256790.63,0
2025-07-23 06:00:00,0.1466,0.147,0.144,0.1452,1257801.59,0
2025-07-23 07:00:00,0.1452,0.1461,0.1433,0.1439,2717978.58,0
2025-07-23 08:00:00,0.1438,0.1451,0.1429,0.1449,2838886.39,0
2025-07-23 09:00:00,0.1449,0.1452,0.1415,0.1416,1984877.03,0
2025-07-23 10:00:00,0.1416,0.1417,0.1401,0.1413,2877850.12,0
2025-07-23 11:00:00,0.1413,0.1418,0.1401,0.1415,3859069.27,0
2025-07-23 12:00:00,0.1415,0.1416,0.137,0.1376,6506569.92,0
2025-07-23 13:00:00,0.1377,0.1389,0.1334,0.1354,11519090.78,0
2025-07-23 14:00:00,0.1354,0.138,0.135,0.1366,3309565.78,0
2025-07-23 15:00:00,0.1367,0.1378,0.1351,0.1374,2063764.43,0
2025-07-23 16:00:00,0.1374,0.1374,0.1334,0.1337,4664104.56,0
2025-07-23 17:00:00,0.1336,0.1341,0.1307,0.133,4427056.08,0
2025-07-23 18:00:00,0.133,0.1349,0.1326,0.1347,1217113.92,0
2025-07-23 19:00:00,0.1347,0.135,0.1329,0.133,1301189.29,0
2025-07-23 20:00:00,0.133,0.1337,0.1285,0.1311,4100327.8,0
2025-07-23 21:00:00,0.1312,0.1314,0.126,0.1305,4811019.75,0
2025-07-23 22:00:00,0.1307,0.1324,0.1295,0.1316,1997834.99,0
2025-07-23 23:00:00,0.1316,0.1327,0.1315,0.1317,1330808.55,0
2025-07-24 00:00:00,0.1317,0.1334,0.1306,0.1333,2046949.51,0
2025-07-24 01:00:00,0.1333,0.1336,0.1319,0.1335,1497166.76,0
2025-07-24 02:00:00,0.1335,0.1336,0.1317,0.1318,1421578.0,0
2025-07-24 03:00:00,0.1319,0.1333,0.1309,0.1309,1595903.98,0
2025-07-24 04:00:00,0.131,0.1318,0.129,0.1295,4625465.98,0
2025-07-24 05:00:00,0.1294,0.1295,0.1253,0.1259,4815563.18,0
2025-07-24 06:00:00,0.1259,0.1277,0.1209,0.1231,6922133.56,0
2025-07-24 07:00:00,0.1229,0.1262,0.1213,0.126,3881780.24,0
2025-07-24 08:00:00,0.126,0.1278,0.1251,0.1272,3160198.66,0
2025-07-24 09:00:00,0.1271,0.128,0.1266,0.1275,2455108.88,0
2025-07-24 10:00:00,0.1276,0.1285,0.1247,0.1264,3860498.68,0
2025-07-24 11:00:00,0.1264,0.1293,0.1262,0.129,2091190.91,0
2025-07-24 12:00:00,0.1289,0.1293,0.1267,0.1272,2235233.16,0
2025-07-24 13:00:00,0.1273,0.1286,0.126,0.1262,2331981.16,0
2025-07-24 14:00:00,0.1262,0.1313,0.1249,0.1313,2408492.25,0
2025-07-24 15:00:00,0.1312,0.1327,0.1299,0.1303,2485993.59,0
2025-07-24 16:00:00,0.1304,0.1307,0.1269,0.1274,1648301.62,0
2025-07-24 17:00:00,0.1275,0.1317,0.1272,0.1307,2131027.12,0
2025-07-24 18:00:00,0.1307,0.1319,0.1296,0.1314,1652711.14,0
2025-07-24 19:00:00,0.1314,0.1326,0.1303,0.1305,1551902.04,0
2025-07-24 20:00:00,0.1304,0.132,0.1303,0.1316,807446.92,0
2025-07-24 21:00:00,0.1314,0.1316,0.129,0.1296,902869.29,0
2025-07-24 22:00:00,0.1296,0.1299,0.1281,0.1288,2293450.61,0
2025-07-24 23:00:00,0.1285,0.1285,0.1261,0.1266,1151352.46,0
2025-07-25 00:00:00,0.1268,0.1268,0.124,0.1252,2491870.54,0
2025-07-25 01:00:00,0.1252,0.1275,0.1249,0.1272,853560.87,0
2025-07-25 02:00:00,0.1273,0.1279,0.1249,0.1254,1009824.68,0
2025-07-25 03:00:00,0.1253,0.1265,0.1229,0.1248,2763200.26,0
2025-07-25 04:00:00,0.1247,0.1272,0.1233,0.1272,1400746.63,0
2025-07-25 05:00:00,0.1271,0.1279,0.1256,0.1258,1476319.05,0
2025-07-25 06:00:00,0.1257,0.1276,0.1249,0.1268,1010643.04,0
2025-07-25 07:00:00,0.1268,0.1288,0.1258,0.1275,2208831.39,0
2025-07-25 08:00:00,0.1275,0.1301,0.1274,0.1292,2683433.73,0
2025-07-25 09:00:00,0.1292,0.1319,0.1285,0.131,4729095.43,0
2025-07-25 10:00:00,0.1312,0.132,0.1301,0.1315,2909234.9,0
2025-07-25 11:00:00,0.1315,0.1324,0.131,0.1317,1082081.47,0
2025-07-25 12:00:00,0.1318,0.1328,0.1309,0.1314,1436880.06,0
2025-07-25 13:00:00,0.1314,0.1317,0.1294,0.1308,2255243.22,0
2025-07-25 14:00:00,0.1309,0.1311,0.1268,0.1269,3236225.17,0
2025-07-25 15:00:00,0.1269,0.1278,0.1248,0.1269,2988581.23,0
2025-07-25 16:00:00,0.127,0.1287,0.126,0.1284,3254444.65,0
2025-07-25 17:00:00,0.1283,0.1293,0.1274,0.1276,2104946.98,0
2025-07-25 18:00:00,0.1277,0.1285,0.1275,0.128,1113248.45,0
2025-07-25 19:00:00,0.128,0.1294,0.1276,0.1287,1811713.82,0
2025-07-25 20:00:00,0.1288,0.1321,0.1286,0.1317,1208041.74,0
2025-07-25 21:00:00,0.1317,0.1332,0.1316,0.1329,868522.02,0
2025-07-25 22:00:00,0.133,0.1332,0.1321,0.1323,1111786.66,0
2025-07-25 23:00:00,0.1324,0.1328,0.1318,0.1325,526861.35,0
2025-07-26 00:00:00,0.1324,0.1327,0.132,0.1326,516553.08,0
2025-07-26 01:00:00,0.1326,0.1326,0.1312,0.1313,491789.88,0
2025-07-26 02:00:00,0.1314,0.1338,0.1312,0.1326,791522.72,0
2025-07-26 03:00:00,0.1326,0.1329,0.1317,0.1326,940524.79,0
2025-07-26 04:00:00,0.1326,0.1331,0.1321,0.1323,684146.78,0
2025-07-26 05:00:00,0.1323,0.133,0.132,0.1326,722872.65,0
2025-07-26 06:00:00,0.1326,0.1327,0.1316,0.1321,609685.52,0
2025-07-26 07:00:00,0.132,0.1331,0.1319,0.1325,1154084.78,0
2025-07-26 08:00:00,0.1325,0.1339,0.1325,0.1329,1162219.78,0
2025-07-26 09:00:00,0.1329,0.1332,0.1323,0.1328,428786.98,0
2025-07-26 10:00:00,0.1327,0.1333,0.1324,0.1327,708168.65,0
2025-07-26 11:00:00,0.1328,0.1337,0.132,0.1322,775934.66,0
2025-07-26 12:00:00,0.1323,0.1329,0.1315,0.1326,736894.54,0
2025-07-26 13:00:00,0.1326,0.1336,0.1323,0.1326,1536932.25,0
2025-07-26 14:00:00,0.1327,0.1335,0.132,0.1322,1687994.46,0
2025-07-26 15:00:00,0.1321,0.133,0.1316,0.133,881679.91,0
2025-07-26 16:00:00,0.1329,0.1337,0.1322,0.1327,1219357.06,0
2025-07-26 17:00:00,0.1328,0.1329,0.1317,0.1319,809199.16,0
2025-07-26 18:00:00,0.132,0.1337,0.1311,0.1333,914037.73,0
2025-07-26 19:00:00,0.1334,0.1342,0.1333,0.1339,835662.88,0
2025-07-26 20:00:00,0.1338,0.1339,0.1325,0.1327,594731.47,0
2025-07-26 21:00:00,0.1326,0.1335,0.1321,0.1333,1120091.12,0
2025-07-26 22:00:00,0.1334,0.1344,0.1324,0.1325,1028829.25,0
2025-07-26 23:00:00,0.1326,0.1326,0.1315,0.1318,489492.49,0
2025-07-27 00:00:00,0.1319,0.1322,0.1313,0.1322,442232.79,0
2025-07-27 01:00:00,0.1322,0.1331,0.1316,0.1322,364156.9,0
2025-07-27 02:00:00,0.1322,0.1339,0.1321,0.1333,616225.93,0
2025-07-27 03:00:00,0.1333,0.1337,0.1324,0.1327,768538.39,0
2025-07-27 04:00:00,0.1328,0.1343,0.1327,0.1341,2045672.89,0
2025-07-27 05:00:00,0.1341,0.1353,0.1336,0.1344,1353020.15,0
2025-07-27 06:00:00,0.1344,0.1347,0.1334,0.1344,830506.41,0
2025-07-27 07:00:00,0.1345,0.1357,0.1334,0.1339,1485795.62,0
2025-07-27 08:00:00,0.1339,0.1344,0.1325,0.1331,1024226.03,0
2025-07-27 09:00:00,0.1331,0.1331,0.1318,0.1322,832714.8,0
2025-07-27 10:00:00,0.1321,0.1356,0.1321,0.1353,2253838.81,0
2025-07-27 11:00:00,0.1354,0.1359,0.134,0.1343,1449020.78,0
2025-07-27 12:00:00,0.1343,0.1358,0.1336,0.1356,1026256.26,0
2025-07-27 13:00:00,0.1356,0.1362,0.1345,0.1349,848015.81,0
2025-07-27 14:00:00,0.1349,0.1358,0.1341,0.1349,806569.21,0
2025-07-27 15:00:00,0.1349,0.135,0.1305,0.1347,4466590.7,0
2025-07-27 16:00:00,0.1348,0.1371,0.1348,0.1354,2903562.42,0
2025-07-27 17:00:00,0.1352,0.1366,0.135,0.1365,1161673.31,0
2025-07-27 18:00:00,0.1366,0.1374,0.1362,0.1368,1050862.29,0
2025-07-27 19:00:00,0.1367,0.1369,0.1358,0.1364,472691.11,0
2025-07-27 20:00:00,0.1365,0.1374,0.1356,0.136,1254680.32,0
2025-07-27 21:00:00,0.1361,0.137,0.1352,0.1369,556134.16,0
2025-07-27 22:00:00,0.137,0.1386,0.137,0.1381,968469.93,0
2025-07-27 23:00:00,0.138,0.138,0.1367,0.1377,1038593.72,0
2025-07-28 00:00:00,0.1377,0.1393,0.1372,0.1377,2055999.4,0
2025-07-28 01:00:00,0.1376,0.1376,0.1357,0.1363,1293739.69,0
2025-07-28 02:00:00,0.1362,0.1391,0.1359,0.1386,1043691.34,0
2025-07-28 03:00:00,0.1388,0.139,0.1374,0.1382,603776.58,0
2025-07-28 04:00:00,0.1382,0.1397,0.137,0.1391,2338294.55,0
2025-07-28 05:00:00,0.1392,0.1414,0.1392,0.1405,5272188.07,0
2025-07-28 06:00:00,0.1405,0.1409,0.1392,0.14,2765573.89,0
2025-07-28 07:00:00,0.14,0.1403,0.1379,0.1397,2245503.68,0
2025-07-28 08:00:00,0.1396,0.1396,0.1377,0.1384,3564079.12,0
2025-07-28 09:00:00,0.1385,0.142,0.1382,0.1403,3441022.8,0
2025-07-28 10:00:00,0.1404,0.1408,0.1391,0.1395,1189749.96,0
2025-07-28 11:00:00,0.1396,0.1397,0.1382,0.1389,1744516.94,0
2025-07-28 12:00:00,0.1389,0.139,0.1368,0.1373,3047370.21,0
2025-07-28 13:00:00,0.1373,0.1373,0.1345,0.135,2689953.13,0
2025-07-28 14:00:00,0.1351,0.1355,0.1319,0.1322,3146096.57,0
2025-07-28 15:00:00,0.1321,0.1337,0.1316,0.1325,2088978.2,0
2025-07-28 16:00:00,0.1325,0.1335,0.1313,0.1324,2142847.19,0
2025-07-28 17:00:00,0.1324,0.1329,0.1312,0.1315,1292633.01,0
2025-07-28 18:00:00,0.1315,0.1316,0.1293,0.13,3319868.55,0
2025-07-28 19:00:00,0.1301,0.1311,0.1291,0.1301,1665733.22,0
2025-07-28 20:00:00,0.1302,0.1303,0.128,0.1294,2660733.89,0
2025-07-28 21:00:00,0.1294,0.1307,0.1281,0.1294,1655668.95,0
2025-07-28 22:00:00,0.1293,0.13,0.1275,0.1286,1319666.31,0
2025-07-28 23:00:00,0.1287,0.1294,0.1277,0.1287,866099.62,0
2025-07-29 00:00:00,0.1286,0.1297,0.1255,0.1276,3468223.06,0
2025-07-29 01:00:00,0.1277,0.1287,0.1268,0.1269,1669782.7,0
2025-07-29 02:00:00,0.1269,0.1272,0.1252,0.1259,1749918.2,0
2025-07-29 03:00:00,0.1259,0.1286,0.1259,0.1282,1334035.14,0
2025-07-29 04:00:00,0.1282,0.1288,0.1272,0.1274,737228.28,0
2025-07-29 05:00:00,0.1274,0.1318,0.1273,0.1317,1680326.16,0
2025-07-29 06:00:00,0.1318,0.1329,0.1313,0.1324,2105873.07,0
2025-07-29 07:00:00,0.1325,0.134,0.1321,0.1336,2278537.68,0
2025-07-29 08:00:00,0.1337,0.1342,0.1318,0.134,3187888.51,0
2025-07-29 09:00:00,0.1341,0.1349,0.1329,0.1333,1926933.46,0
2025-07-29 10:00:00,0.1333,0.1335,0.1295,0.1298,2464583.71,0
2025-07-29 11:00:00,0.1298,0.1311,0.1297,0.1305,995176.58,0
2025-07-29 12:00:00,0.1305,0.1327,0.1301,0.1315,1124779.97,0
2025-07-29 13:00:00,0.1314,0.1326,0.1297,0.13,1340617.82,0
2025-07-29 14:00:00,0.13,0.13,0.1263,0.1276,2920526.99,0
2025-07-29 15:00:00,0.1275,0.1283,0.1263,0.1275,2569111.03,0
2025-07-29 16:00:00,0.1275,0.1276,0.1248,0.1267,2819751.73,0
2025-07-29 17:00:00,0.1267,0.1285,0.1264,0.1273,1530837.51,0
2025-07-29 18:00:00,0.1271,0.1288,0.1263,0.1275,1971554.64,0
2025-07-29 19:00:00,0.1275,0.1283,0.1257,0.126,2356735.46,0
2025-07-29 20:00:00,0.126,0.127,0.1241,0.1252,4211889.11,0
2025-07-29 21:00:00,0.1252,0.1281,0.1243,0.1271,1332305.37,0
2025-07-29 22:00:00,0.1271,0.1274,0.1257,0.1268,753627.19,0
2025-07-29 23:00:00,0.1269,0.1276,0.1265,0.1274,783579.71,0
2025-07-30 00:00:00,0.1274,0.1274,0.125,0.126,1086087.56,0
2025-07-30 01:00:00,0.1261,0.1278,0.1244,0.1269,1163924.67,0
2025-07-30 02:00:00,0.127,0.128,0.1264,0.1273,607660.81,0
2025-07-30 03:00:00,0.1274,0.1279,0.1268,0.1268,1423932.99,0
2025-07-30 04:00:00,0.1268,0.1276,0.1254,0.1257,924262.03,0
2025-07-30 05:00:00,0.1257,0.1273,0.1251,0.1266,1328239.26,0
2025-07-30 06:00:00,0.1266,0.1273,0.1259,0.1267,598825.4,0
2025-07-30 07:00:00,0.1267,0.1272,0.1254,0.126,1490977.13,0
2025-07-30 08:00:00,0.126,0.1272,0.1251,0.126,1731280.72,0
2025-07-30 09:00:00,0.126,0.1265,0.1243,0.1246,1255003.14,0
2025-07-30 10:00:00,0.1247,0.1258,0.1233,0.1236,1519499.36,0
2025-07-30 11:00:00,0.1237,0.1245,0.1208,0.1217,4203081.15,0
2025-07-30 12:00:00,0.1218,0.123,0.1205,0.1221,2133245.44,0
2025-07-30 13:00:00,0.1222,0.1228,0.1211,0.1218,3327338.88,0
2025-07-30 14:00:00,0.1217,0.125,0.121,0.1244,3219219.11,0
2025-07-30 15:00:00,0.1245,0.1246,0.1224,0.1234,954089.26,0
2025-07-30 16:00:00,0.1236,0.1253,0.1231,0.1245,1409591.32,0
2025-07-30 17:00:00,0.1244,0.125,0.1234,0.1244,695367.07,0
2025-07-30 18:00:00,0.1245,0.1252,0.1215,0.1217,1993306.65,0
2025-07-30 19:00:00,0.1216,0.1236,0.1161,0.1231,8780803.97,0
2025-07-30 20:00:00,0.1231,0.1246,0.1225,0.123,1253111.96,0
2025-07-30 21:00:00,0.123,0.1237,0.1206,0.1222,1490498.26,0
2025-07-30 22:00:00,0.1222,0.1228,0.1212,0.1218,457949.04,0
2025-07-30 23:00:00,0.1217,0.1241,0.1217,0.1237,723974.03,0
2025-07-31 00:00:00,0.1238,0.1259,0.1233,0.1254,1600746.72,0
2025-07-31 01:00:00,0.1254,0.1259,0.1247,0.1252,1382375.74,0
2025-07-31 02:00:00,0.1252,0.126,0.1247,0.1259,1051203.84,0
2025-07-31 03:00:00,0.1259,0.1264,0.1256,0.1258,1303351.42,0
2025-07-31 04:00:00,0.1259,0.1263,0.1255,0.1261,510133.91,0
2025-07-31 05:00:00,0.1261,0.1264,0.1258,0.126,1033364.78,0
2025-07-31 06:00:00,0.126,0.1275,0.1255,0.1273,1777288.68,0
2025-07-31 07:00:00,0.1273,0.1273,0.1263,0.1266,904572.53,0
2025-07-31 08:00:00,0.1266,0.1273,0.1265,0.1269,513123.26,0
2025-07-31 09:00:00,0.1268,0.1271,0.1263,0.1268,452701.11,0
2025-07-31 10:00:00,0.1268,0.1274,0.1263,0.1268,759759.02,0
2025-07-31 11:00:00,0.1268,0.127,0.1251,0.1255,1422439.0,0
2025-07-31 12:00:00,0.1256,0.1257,0.1237,0.1244,1344848.56,0
2025-07-31 13:00:00,0.1243,0.1244,0.1218,0.1226,2032288.28,0
2025-07-31 14:00:00,0.1226,0.123,0.1203,0.1206,2584832.82,0
2025-07-31 15:00:00,0.1207,0.1231,0.1201,0.122,2190074.32,0
2025-07-31 16:00:00,0.122,0.1251,0.1214,0.124,1765132.63,0
2025-07-31 17:00:00,0.1241,0.1242,0.1215,0.1219,856545.02,0
2025-07-31 18:00:00,0.1219,0.1224,0.1204,0.1214,867134.89,0
2025-07-31 19:00:00,0.1214,0.1217,0.1198,0.1204,1143558.68,0
2025-07-31 20:00:00,0.1203,0.1204,0.1188,0.1195,1484702.57,0
2025-07-31 21:00:00,0.1194,0.1201,0.1172,0.1185,1402249.18,0
2025-07-31 22:00:00,0.1185,0.1186,0.1165,0.1171,2623220.72,0
2025-07-31 23:00:00,0.1171,0.1181,0.1153,0.1159,2429699.99,0
2025-08-01 00:00:00,0.1159,0.1161,0.1119,0.1146,5946259.88,0
2025-08-01 01:00:00,0.1146,0.1155,0.1136,0.115,2215461.78,0
2025-08-01 02:00:00,0.1149,0.1159,0.1145,0.1156,3178384.12,0
2025-08-01 03:00:00,0.1156,0.1163,0.1151,0.1155,983717.37,0
2025-08-01 04:00:00,0.1155,0.1156,0.1144,0.1145,816651.5,0
2025-08-01 05:00:00,0.1145,0.115,0.1132,0.1139,1808484.86,0
2025-08-01 06:00:00,0.1139,0.1147,0.1127,0.1142,2586543.21,0
2025-08-01 07:00:00,0.1142,0.1147,0.113,0.1136,2987868.73,0
2025-08-01 08:00:00,0.1135,0.1139,0.111,0.1126,5975083.92,0
2025-08-01 09:00:00,0.1126,0.1142,0.1125,0.113,2621017.7,0
2025-08-01 10:00:00,0.113,0.1142,0.1129,0.114,2224747.39,0
2025-08-01 11:00:00,0.1141,0.1149,0.1132,0.1147,1419920.46,0
2025-08-01 12:00:00,0.1147,0.1162,0.1142,0.1153,3786086.62,0
2025-08-01 13:00:00,0.1152,0.1158,0.1116,0.1127,4422665.45,0
2025-08-01 14:00:00,0.1126,0.1164,0.1118,0.116,4715719.99,0
2025-08-01 15:00:00,0.116,0.1162,0.1143,0.1159,2899114.31,0
2025-08-01 16:00:00,0.1159,0.1168,0.114,0.1144,1705986.13,0
2025-08-01 17:00:00,0.1143,0.1151,0.1131,0.1136,2159550.32,0
2025-08-01 18:00:00,0.1137,0.1152,0.1125,0.1142,2151461.42,0
2025-08-01 19:00:00,0.1141,0.1166,0.114,0.1165,1286608.62,0
2025-08-01 20:00:00,0.1165,0.1168,0.1131,0.1152,1938418.78,0
2025-08-01 21:00:00,0.1152,0.1164,0.1149,0.1154,1288029.82,0
2025-08-01 22:00:00,0.1154,0.1155,0.1099,0.1117,6635664.23,0
2025-08-01 23:00:00,0.1117,0.1137,0.1116,0.1132,1513584.79,0
2025-08-02 00:00:00,0.1132,0.1146,0.1128,0.1145,1154753.13,0
2025-08-02 01:00:00,0.1145,0.115,0.1137,0.1148,737958.23,0
2025-08-02 02:00:00,0.1149,0.1151,0.1146,0.1148,405886.62,0
2025-08-02 03:00:00,0.1149,0.1152,0.1146,0.115,469171.56,0
2025-08-02 04:00:00,0.1151,0.1154,0.1145,0.115,1199427.66,0
2025-08-02 05:00:00,0.1151,0.1156,0.1148,0.1149,442996.27,0
2025-08-02 06:00:00,0.1148,0.115,0.112,0.1128,2216239.94,0
2025-08-02 07:00:00,0.1127,0.1148,0.1116,0.1145,1330418.31,0
2025-08-02 08:00:00,0.1145,0.1147,0.1127,0.1128,824896.9,0
2025-08-02 09:00:00,0.1128,0.1136,0.1126,0.1134,493409.15,0
2025-08-02 10:00:00,0.1134,0.1135,0.1121,0.113,584421.27,0
2025-08-02 11:00:00,0.113,0.1142,0.1121,0.1133,1275948.07,0
2025-08-02 12:00:00,0.1133,0.1134,0.1121,0.1134,861774.95,0
2025-08-02 13:00:00,0.1132,0.1144,0.1125,0.1138,1595504.56,0
2025-08-02 14:00:00,0.1139,0.1139,0.1115,0.1121,1150394.06,0
2025-08-02 15:00:00,0.112,0.113,0.1106,0.1111,2024733.79,0
2025-08-02 16:00:00,0.111,0.1118,0.1097,0.1111,3546643.33,0
2025-08-02 17:00:00,0.1111,0.1121,0.1087,0.1093,2143835.06,0
2025-08-02 18:00:00,0.1094,0.1099,0.1079,0.1089,4596668.04,0
2025-08-02 19:00:00,0.109,0.1114,0.1084,0.1102,1370401.33,0
2025-08-02 20:00:00,0.1102,0.1116,0.1101,0.1116,1238581.0,0
2025-08-02 21:00:00,0.1116,0.1122,0.1105,0.1113,804217.24,0
2025-08-02 22:00:00,0.1112,0.112,0.1105,0.1113,1862475.67,0
2025-08-02 23:00:00,0.1112,0.1113,0.1097,0.1105,1240606.02,0
2025-08-03 00:00:00,0.1105,0.1116,0.1089,0.1115,1294891.23,0
2025-08-03 01:00:00,0.1115,0.112,0.1111,0.1116,522858.82,0
2025-08-03 02:00:00,0.1115,0.1124,0.1115,0.1123,420826.7,0
2025-08-03 03:00:00,0.1122,0.1126,0.112,0.112,946690.76,0
2025-08-03 04:00:00,0.1121,0.1123,0.1116,0.1122,885934.01,0
2025-08-03 05:00:00,0.1122,0.1131,0.1122,0.1126,519185.75,0
2025-08-03 06:00:00,0.1127,0.1141,0.1124,0.1139,2388059.63,0
2025-08-03 07:00:00,0.114,0.1145,0.1135,0.1145,2028581.45,0
2025-08-03 08:00:00,0.1145,0.1147,0.1139,0.1142,1541402.62,0
2025-08-03 09:00:00,0.1142,0.1145,0.1136,0.1144,1053729.3,0
2025-08-03 10:00:00,0.1144,0.1156,0.1143,0.1154,1208697.61,0
2025-08-03 11:00:00,0.1153,0.1161,0.1151,0.1151,1138590.62,0
2025-08-03 12:00:00,0.1151,0.116,0.1147,0.1157,720620.66,0
2025-08-03 13:00:00,0.1157,0.1162,0.1152,0.1156,950911.23,0
2025-08-03 14:00:00,0.1156,0.1158,0.1147,0.1152,1319264.28,0
2025-08-03 15:00:00,0.1152,0.1156,0.1147,0.1154,590697.52,0
2025-08-03 16:00:00,0.1154,0.1158,0.1149,0.1156,578535.03,0
2025-08-03 17:00:00,0.1157,0.1159,0.1151,0.1157,450269.65,0
2025-08-03 18:00:00,0.1158,0.1161,0.1153,0.116,372950.21,0
2025-08-03 19:00:00,0.116,0.1175,0.1158,0.1165,615729.72,0
2025-08-03 20:00:00,0.1166,0.117,0.1161,0.1167,494011.39,0
2025-08-03 21:00:00,0.1166,0.1174,0.1166,0.1172,683348.06,0
2025-08-03 22:00:00,0.1173,0.1175,0.116,0.1166,577803.76,0
2025-08-03 23:00:00,0.1165,0.1172,0.1161,0.1162,648076.21,0
2025-08-04 00:00:00,0.1163,0.1185,0.1161,0.1184,958605.5,0
2025-08-04 01:00:00,0.1184,0.1187,0.1169,0.1171,941437.29,0
2025-08-04 02:00:00,0.1172,0.1177,0.1166,0.1177,640457.15,0
2025-08-04 03:00:00,0.1178,0.1179,0.1169,0.1173,769908.61,0
2025-08-04 04:00:00,0.1173,0.1179,0.1171,0.1174,566534.9,0
2025-08-04 05:00:00,0.1174,0.1179,0.1169,0.1178,719182.42,0
2025-08-04 06:00:00,0.1178,0.1179,0.1166,0.1172,835677.48,0
2025-08-04 07:00:00,0.1172,0.118,0.1169,0.1173,758378.76,0
2025-08-04 08:00:00,0.1173,0.1178,0.1164,0.1167,1298088.69,0
2025-08-04 09:00:00,0.1169,0.1173,0.1162,0.1163,1618653.18,0
2025-08-04 10:00:00,0.1164,0.1171,0.1162,0.1167,598251.47,0
2025-08-04 11:00:00,0.1165,0.1169,0.1159,0.1163,890485.44,0
2025-08-04 12:00:00,0.1162,0.1168,0.116,0.1168,423373.54,0
2025-08-04 13:00:00,0.1168,0.1185,0.1159,0.1185,1516082.6,0
2025-08-04 14:00:00,0.1184,0.1196,0.1179,0.1181,2820672.89,0
2025-08-04 15:00:00,0.1181,0.1191,0.1179,0.1188,1483059.81,0
2025-08-04 16:00:00,0.1188,0.1203,0.1186,0.1203,992231.14,0
2025-08-04 17:00:00,0.1204,0.1214,0.1201,0.1204,984033.34,0
2025-08-04 18:00:00,0.1205,0.1206,0.1195,0.1199,1155882.72,0
2025-08-04 19:00:00,0.1199,0.1202,0.1186,0.1191,1294029.65,0
2025-08-04 20:00:00,0.1192,0.1202,0.119,0.1199,729522.74,0
2025-08-04 21:00:00,0.1199,0.1213,0.1198,0.121,951540.85,0
2025-08-04 22:00:00,0.1211,0.1217,0.121,0.1216,1250941.07,0
2025-08-04 23:00:00,0.1215,0.1216,0.1207,0.121,561173.09,0
2025-08-05 00:00:00,0.121,0.1211,0.1202,0.1205,697678.23,0
2025-08-05 01:00:00,0.1206,0.1209,0.1195,0.1196,1019712.52,0
2025-08-05 02:00:00,0.1196,0.1202,0.1192,0.1195,713925.51,0
2025-08-05 03:00:00,0.1195,0.1195,0.118,0.1181,1259347.52,0
2025-08-05 04:00:00,0.1182,0.119,0.1181,0.1183,713625.48,0
2025-08-05 05:00:00,0.1183,0.1191,0.1175,0.1184,1290279.01,0
2025-08-05 06:00:00,0.1185,0.1191,0.1174,0.1177,929834.15,0
2025-08-05 07:00:00,0.1176,0.1177,0.1157,0.1161,2183757.2,0
2025-08-05 08:00:00,0.1162,0.117,0.1159,0.1169,1015370.13,0
2025-08-05 09:00:00,0.1169,0.1189,0.1168,0.1189,893846.67,0
2025-08-05 10:00:00,0.1189,0.1203,0.1183,0.12,1066788.93,0
2025-08-05 11:00:00,0.12,0.1204,0.1195,0.1201,682476.78,0
2025-08-05 12:00:00,0.1202,0.1207,0.1179,0.1185,2062210.64,0
2025-08-05 13:00:00,0.1184,0.1194,0.1182,0.119,1145175.75,0
2025-08-05 14:00:00,0.1189,0.119,0.115,0.1157,4151959.58,0
2025-08-05 15:00:00,0.1157,0.1165,0.1137,0.1143,1933921.04,0
2025-08-05 16:00:00,0.1142,0.1153,0.1136,0.1144,1002870.03,0
2025-08-05 17:00:00,0.1145,0.116,0.1141,0.1158,1115205.57,0
2025-08-05 18:00:00,0.1157,0.1158,0.1142,0.1153,742600.28,0
2025-08-05 19:00:00,0.1153,0.1156,0.114,0.1144,545967.29,0
2025-08-05 20:00:00,0.1144,0.1159,0.1144,0.1149,879727.31,0
2025-08-05 21:00:00,0.1148,0.1153,0.1138,0.1141,771049.28,0
2025-08-05 22:00:00,0.1141,0.1147,0.1125,0.1147,1220061.28,0
2025-08-05 23:00:00,0.1146,0.116,0.1146,0.1159,594152.39,0
2025-08-06 00:00:00,0.1158,0.1158,0.1134,0.1136,2072851.2,0
2025-08-06 01:00:00,0.1136,0.1141,0.1129,0.1141,1151238.95,0
2025-08-06 02:00:00,0.114,0.114,0.1128,0.1134,662772.79,0
2025-08-06 03:00:00,0.1135,0.1135,0.1124,0.1126,673336.32,0
2025-08-06 04:00:00,0.1126,0.1128,0.1119,0.1127,747939.67,0
2025-08-06 05:00:00,0.1127,0.1162,0.1124,0.1151,2215657.73,0
2025-08-06 06:00:00,0.1152,0.116,0.1143,0.1158,1535742.6,0
2025-08-06 07:00:00,0.1159,0.1167,0.1155,0.1164,1175962.15,0
2025-08-06 08:00:00,0.1165,0.1167,0.1149,0.1155,1044137.04,0
2025-08-06 09:00:00,0.1155,0.1168,0.115,0.1164,2484435.51,0
2025-08-06 10:00:00,0.1164,0.1165,0.1154,0.1156,1168498.42,0
2025-08-06 11:00:00,0.1157,0.1167,0.1154,0.1154,670014.94,0
2025-08-06 12:00:00,0.1155,0.1159,0.1143,0.1147,1047466.14,0
2025-08-06 13:00:00,0.1149,0.1162,0.1145,0.1158,1293158.96,0
2025-08-06 14:00:00,0.1157,0.1178,0.1151,0.1177,1141596.31,0
2025-08-06 15:00:00,0.1178,0.1188,0.1173,0.1185,1581382.36,0
2025-08-06 16:00:00,0.1185,0.1189,0.117,0.1174,1874625.66,0
2025-08-06 17:00:00,0.1174,0.1185,0.1171,0.1185,743676.01,0
2025-08-06 18:00:00,0.1185,0.1194,0.1182,0.1183,1299833.39,0
2025-08-06 19:00:00,0.1184,0.1188,0.1173,0.118,1837809.47,0
2025-08-06 20:00:00,0.118,0.1181,0.1172,0.1177,905319.82,0
2025-08-06 21:00:00,0.1177,0.1182,0.1171,0.1178,604615.09,0
2025-08-06 22:00:00,0.1177,0.1181,0.1175,0.1178,376921.27,0
2025-08-06 23:00:00,0.1178,0.1179,0.1173,0.1173,470156.44,0
2025-08-07 00:00:00,0.1174,0.1184,0.1173,0.1178,873305.71,0
2025-08-07 01:00:00,0.1178,0.1191,0.1177,0.118,1100289.84,0
2025-08-07 02:00:00,0.118,0.1185,0.1176,0.1179,586703.55,0
2025-08-07 03:00:00,0.1179,0.1182,0.1172,0.1172,704512.42,0
2025-08-07 04:00:00,0.1172,0.1185,0.117,0.1179,706470.47,0
2025-08-07 05:00:00,0.1179,0.1191,0.1177,0.119,1126537.59,0
2025-08-07 06:00:00,0.119,0.1203,0.1188,0.1196,3144803.8,0
2025-08-07 07:00:00,0.1197,0.1202,0.1193,0.1199,2004435.8,0
2025-08-07 08:00:00,0.12,0.1212,0.1199,0.1203,1267615.17,0
2025-08-07 09:00:00,0.1203,0.1215,0.12,0.1213,1064200.7,0
2025-08-07 10:00:00,0.1213,0.1242,0.1212,0.1241,3173141.11,0
2025-08-07 11:00:00,0.1242,0.1245,0.1239,0.1243,2586856.56,0
2025-08-07 12:00:00,0.1244,0.125,0.1236,0.1246,2873202.75,0
2025-08-07 13:00:00,0.1245,0.125,0.124,0.1241,1449154.79,0
2025-08-07 14:00:00,0.1241,0.1242,0.1222,0.1229,3460828.24,0
2025-08-07 15:00:00,0.1229,0.1238,0.1223,0.1234,1536093.0,0
2025-08-07 16:00:00,0.1233,0.1239,0.1203,0.1219,2231645.45,0
2025-08-07 17:00:00,0.122,0.1224,0.1214,0.1221,954597.86,0
2025-08-07 18:00:00,0.1221,0.1222,0.1213,0.122,1088878.33,0
2025-08-07 19:00:00,0.1221,0.1244,0.1219,0.1244,2252873.26,0
2025-08-07 20:00:00,0.1244,0.1257,0.1242,0.1256,1824097.68,0
2025-08-07 21:00:00,0.1256,0.127,0.1253,0.1262,3444988.41,0
2025-08-07 22:00:00,0.1263,0.1269,0.1259,0.1268,2576878.67,0
2025-08-07 23:00:00,0.1268,0.1268,0.1257,0.1264,1445765.32,0
2025-08-08 00:00:00,0.1265,0.1287,0.1247,0.1268,4503940.76,0
2025-08-08 01:00:00,0.1269,0.128,0.1251,0.1262,6567614.86,0
2025-08-08 02:00:00,0.1262,0.1267,0.1252,0.1259,1212273.01,0
2025-08-08 03:00:00,0.126,0.1275,0.1257,0.1266,1391241.89,0
2025-08-08 04:00:00,0.1267,0.1267,0.1256,0.1256,944428.36,0
2025-08-08 05:00:00,0.1256,0.1261,0.1248,0.1249,614598.34,0
2025-08-08 06:00:00,0.125,0.1271,0.1248,0.1271,897119.97,0
2025-08-08 07:00:00,0.1271,0.1283,0.1258,0.1279,2219409.05,0
2025-08-08 08:00:00,0.1279,0.1288,0.1269,0.1274,2273597.57,0
2025-08-08 09:00:00,0.1273,0.1278,0.1267,0.1275,859169.83,0
2025-08-08 10:00:00,0.1275,0.1278,0.1263,0.1269,879812.09,0
2025-08-08 11:00:00,0.1269,0.128,0.1269,0.1278,555519.72,0
2025-08-08 12:00:00,0.1278,0.1278,0.125,0.1252,1057550.06,0
2025-08-08 13:00:00,0.1251,0.1289,0.125,0.1288,1688353.9,0
2025-08-08 14:00:00,0.1288,0.1294,0.1261,0.1271,2834365.61,0
2025-08-08 15:00:00,0.1271,0.128,0.1252,0.1266,6435742.77,0
2025-08-08 16:00:00,0.1267,0.1273,0.126,0.127,1157366.09,0
2025-08-08 17:00:00,0.127,0.1306,0.127,0.1306,1691455.93,0
2025-08-08 18:00:00,0.1306,0.1314,0.13,0.1302,2531832.93,0
2025-08-08 19:00:00,0.1303,0.131,0.1298,0.131,1932012.77,0
2025-08-08 20:00:00,0.1311,0.1313,0.1298,0.1304,946192.49,0
2025-08-08 21:00:00,0.1305,0.1306,0.1297,0.13,988568.48,0
2025-08-08 22:00:00,0.13,0.1308,0.1296,0.1302,1098055.22,0
2025-08-08 23:00:00,0.1301,0.1305,0.1293,0.1296,631666.45,0
2025-08-09 00:00:00,0.1296,0.13,0.1292,0.1296,755944.6,0
2025-08-09 01:00:00,0.1296,0.1303,0.1292,0.13,286057.39,0
2025-08-09 02:00:00,0.13,0.1304,0.1295,0.1295,887142.95,0
2025-08-09 03:00:00,0.1295,0.1301,0.1291,0.1298,716953.3,0
2025-08-09 04:00:00,0.1298,0.1315,0.1295,0.1311,923323.78,0
2025-08-09 05:00:00,0.1311,0.1348,0.1309,0.1342,3635813.22,0
2025-08-09 06:00:00,0.1343,0.1348,0.1329,0.1331,2008203.67,0
2025-08-09 07:00:00,0.1332,0.1357,0.1331,0.1352,2299153.01,0
2025-08-09 08:00:00,0.1352,0.1363,0.1346,0.1352,1762833.75,0
2025-08-09 09:00:00,0.1352,0.1366,0.1348,0.1361,1485479.41,0
2025-08-09 10:00:00,0.136,0.1375,0.1359,0.1369,1815272.7,0
2025-08-09 11:00:00,0.1369,0.1371,0.1356,0.1359,1023250.84,0
2025-08-09 12:00:00,0.136,0.1373,0.1357,0.1368,1527484.47,0
2025-08-09 13:00:00,0.1368,0.1371,0.1345,0.1345,2039421.22,0
2025-08-09 14:00:00,0.1346,0.1357,0.1337,0.1356,1930818.04,0
2025-08-09 15:00:00,0.1356,0.1371,0.1353,0.1366,1661879.09,0
2025-08-09 16:00:00,0.1367,0.1375,0.1359,0.136,807959.46,0
2025-08-09 17:00:00,0.136,0.1376,0.1358,0.1376,1076873.35,0
2025-08-09 18:00:00,0.1376,0.1388,0.1373,0.1384,2108854.36,0
2025-08-09 19:00:00,0.1383,0.14,0.1383,0.1392,2314660.87,0
2025-08-09 20:00:00,0.1392,0.1417,0.1392,0.1406,2083284.38,0
2025-08-09 21:00:00,0.1407,0.1408,0.138,0.1387,2149525.53,0
2025-08-09 22:00:00,0.1388,0.1399,0.1376,0.1379,1451652.59,0
2025-08-09 23:00:00,0.138,0.1383,0.1375,0.1378,1091523.98,0
2025-08-10 00:00:00,0.1378,0.14,0.1374,0.1392,985637.23,0
2025-08-10 01:00:00,0.1393,0.1403,0.1388,0.1394,1209860.55,0
2025-08-10 02:00:00,0.1393,0.1397,0.1377,0.1377,1551035.54,0
2025-08-10 03:00:00,0.1376,0.1392,0.1368,0.1387,2300816.37,0
2025-08-10 04:00:00,0.1388,0.1406,0.138,0.1398,1161544.38,0
2025-08-10 05:00:00,0.1398,0.1398,0.1375,0.1375,1168582.32,0
2025-08-10 06:00:00,0.1376,0.1377,0.1357,0.1363,1841829.76,0
2025-08-10 07:00:00,0.1363,0.1372,0.1334,0.1338,2433132.82,0
2025-08-10 08:00:00,0.1338,0.135,0.132,0.1345,2970069.85,0
2025-08-10 09:00:00,0.1345,0.1349,0.1338,0.1341,2005124.54,0
2025-08-10 10:00:00,0.134,0.1344,0.1317,0.1325,1552967.14,0
2025-08-10 11:00:00,0.1326,0.1336,0.132,0.1323,1617088.8,0
2025-08-10 12:00:00,0.1324,0.1333,0.1319,0.1332,859754.34,0
2025-08-10 13:00:00,0.1332,0.1338,0.1319,0.1321,926120.69,0
2025-08-10 14:00:00,0.132,0.1353,0.1316,0.1349,1674981.72,0
2025-08-10 15:00:00,0.1349,0.1359,0.1343,0.1344,1826724.08,0
2025-08-10 16:00:00,0.1345,0.1359,0.1343,0.1359,971674.45,0
2025-08-10 17:00:00,0.1358,0.1366,0.1352,0.1365,1155926.85,0
2025-08-10 18:00:00,0.1365,0.1376,0.1363,0.1376,1533144.03,0
2025-08-10 19:00:00,0.1377,0.1381,0.1367,0.1367,1501938.81,0
2025-08-10 20:00:00,0.1367,0.1369,0.1355,0.1359,4334516.9,0
2025-08-10 21:00:00,0.136,0.136,0.1339,0.1351,969811.17,0
2025-08-10 22:00:00,0.1352,0.1359,0.1345,0.1359,602885.59,0
2025-08-10 23:00:00,0.136,0.1367,0.1355,0.1365,878231.81,0
2025-08-11 00:00:00,0.1365,0.1369,0.1356,0.1359,1175667.63,0
2025-08-11 01:00:00,0.1358,0.1392,0.1355,0.1386,1539881.19,0
2025-08-11 02:00:00,0.1385,0.1408,0.1385,0.1401,2675512.95,0
2025-08-11 03:00:00,0.1401,0.1409,0.1395,0.1404,1897072.19,0
2025-08-11 04:00:00,0.1404,0.1416,0.1398,0.1398,1770420.13,0
2025-08-11 05:00:00,0.1397,0.1403,0.139,0.1396,1270928.94,0
2025-08-11 06:00:00,0.1396,0.14,0.1386,0.1387,953233.38,0
2025-08-11 07:00:00,0.1387,0.139,0.1354,0.1356,2035852.98,0
2025-08-11 08:00:00,0.1356,0.1367,0.135,0.1364,2407480.83,0
2025-08-11 09:00:00,0.1364,0.1375,0.1352,0.1355,3819545.85,0
2025-08-11 10:00:00,0.1355,0.1355,0.1338,0.1339,1487094.56,0
2025-08-11 11:00:00,0.1339,0.1339,0.1295,0.1303,3007292.67,0
2025-08-11 12:00:00,0.1304,0.131,0.1293,0.1301,1926616.42,0
2025-08-11 13:00:00,0.1302,0.1329,0.1287,0.1324,3724182.82,0
2025-08-11 14:00:00,0.1324,0.1338,0.1315,0.1319,2307226.6,0
2025-08-11 15:00:00,0.132,0.133,0.1312,0.1326,1433861.23,0
2025-08-11 16:00:00,0.1327,0.1348,0.1319,0.1328,2913529.96,0
2025-08-11 17:00:00,0.1327,0.1334,0.1307,0.1308,1197653.79,0
2025-08-11 18:00:00,0.1309,0.1319,0.1295,0.1313,1229204.6,0
2025-08-11 19:00:00,0.1313,0.1315,0.1293,0.1304,917025.83,0
2025-08-11 20:00:00,0.1304,0.1305,0.1292,0.1297,769077.19,0
2025-08-11 21:00:00,0.1297,0.1304,0.1266,0.128,1268097.22,0
2025-08-11 22:00:00,0.1279,0.128,0.126,0.1272,1793974.05,0
2025-08-11 23:00:00,0.1272,0.1286,0.1271,0.128,848300.67,0
2025-08-12 00:00:00,0.128,0.1299,0.1278,0.1295,1698387.95,0
2025-08-12 01:00:00,0.1295,0.13,0.129,0.1293,768238.67,0
2025-08-12 02:00:00,0.1293,0.1313,0.129,0.1299,1254379.68,0
2025-08-12 03:00:00,0.13,0.13,0.1288,0.1292,842574.78,0
2025-08-12 04:00:00,0.1292,0.1303,0.1289,0.1299,1044443.78,0
2025-08-12 05:00:00,0.1299,0.13,0.1275,0.1283,1908874.92,0
2025-08-12 06:00:00,0.1283,0.1287,0.1266,0.1276,2037761.44,0
2025-08-12 07:00:00,0.1276,0.1301,0.1276,0.13,1886998.52,0
2025-08-12 08:00:00,0.1301,0.1301,0.1275,0.1278,2729475.13,0
2025-08-12 09:00:00,0.1278,0.1282,0.1269,0.1269,1207066.56,0
2025-08-12 10:00:00,0.127,0.1273,0.126,0.1267,1338177.1,0
2025-08-12 11:00:00,0.1267,0.1278,0.1257,0.1274,1591306.0,0
2025-08-12 12:00:00,0.1274,0.1329,0.1269,0.1316,8561805.9,0
2025-08-12 13:00:00,0.1317,0.1336,0.13,0.1311,4484005.21,0
2025-08-12 14:00:00,0.1311,0.1342,0.1309,0.1335,2138018.94,0
2025-08-12 15:00:00,0.1336,0.1355,0.1334,0.1353,3044057.31,0
2025-08-12 16:00:00,0.1353,0.1368,0.1348,0.1364,4831257.67,0
2025-08-12 17:00:00,0.1364,0.1374,0.1361,0.1367,4230798.84,0
2025-08-12 18:00:00,0.1368,0.1388,0.1365,0.1374,2687327.21,0
2025-08-12 19:00:00,0.1375,0.1384,0.1369,0.1379,1640225.35,0
2025-08-12 20:00:00,0.138,0.1406,0.1377,0.1405,3790981.37,0
2025-08-12 21:00:00,0.1405,0.1405,0.1382,0.1384,2133273.35,0
2025-08-12 22:00:00,0.1385,0.1389,0.1376,0.138,1415223.27,0
2025-08-12 23:00:00,0.138,0.14,0.1376,0.1396,2370294.73,0
2025-08-13 00:00:00,0.1396,0.1408,0.1392,0.1398,2075990.59,0
2025-08-13 01:00:00,0.1399,0.1399,0.1371,0.1377,2108400.59,0
2025-08-13 02:00:00,0.1377,0.1397,0.1367,0.1397,1271555.97,0
2025-08-13 03:00:00,0.1396,0.1413,0.1387,0.1402,3129905.19,0
2025-08-13 04:00:00,0.1401,0.1411,0.1399,0.1405,2274120.8,0
2025-08-13 05:00:00,0.1405,0.1405,0.1382,0.1383,1477808.13,0
2025-08-13 06:00:00,0.1383,0.139,0.1374,0.1384,2077968.36,0
2025-08-13 07:00:00,0.1385,0.1408,0.1385,0.1407,1923494.87,0
2025-08-13 08:00:00,0.1407,0.1438,0.1407,0.1436,5382403.65,0
2025-08-13 09:00:00,0.1437,0.1451,0.143,0.1449,3597427.95,0
2025-08-13 10:00:00,0.1448,0.1473,0.1444,0.1467,6559143.37,0
2025-08-13 11:00:00,0.1466,0.1492,0.1455,0.149,9571574.02,0
2025-08-13 12:00:00,0.1489,0.1497,0.1455,0.1457,12522693.48,0
2025-08-13 13:00:00,0.1458,0.1514,0.1457,0.1494,10171630.77,0
2025-08-13 14:00:00,0.1495,0.152,0.1466,0.1481,8286820.83,0
2025-08-13 15:00:00,0.1482,0.1513,0.1463,0.1497,9985218.04,0
2025-08-13 16:00:00,0.1498,0.1504,0.1475,0.1479,7219070.2,0
2025-08-13 17:00:00,0.1479,0.1511,0.1477,0.1498,3827944.71,0
2025-08-13 18:00:00,0.1499,0.151,0.1466,0.1472,3717541.88,0
2025-08-13 19:00:00,0.1472,0.149,0.1467,0.1486,2168426.66,0
2025-08-13 20:00:00,0.1486,0.1492,0.1467,0.1478,2918504.45,0
2025-08-13 21:00:00,0.1478,0.1503,0.1477,0.1486,3409376.48,0
2025-08-13 22:00:00,0.1486,0.1521,0.1482,0.1509,2833102.12,0
2025-08-13 23:00:00,0.1509,0.1524,0.15,0.1504,2886046.52,0
2025-08-14 00:00:00,0.1505,0.1506,0.1475,0.1477,3212202.35,0
2025-08-14 01:00:00,0.1477,0.1492,0.1467,0.1484,2394093.31,0
2025-08-14 02:00:00,0.1484,0.1502,0.1473,0.1501,2063767.96,0
2025-08-14 03:00:00,0.1501,0.1503,0.1486,0.1496,2707576.52,0
2025-08-14 04:00:00,0.1496,0.1511,0.148,0.1481,3907011.62,0
2025-08-14 05:00:00,0.148,0.1491,0.1469,0.1471,3738031.57,0
2025-08-14 06:00:00,0.147,0.1471,0.1445,0.1465,4137275.87,0
2025-08-14 07:00:00,0.1464,0.1465,0.1436,0.145,3678060.54,0
2025-08-14 08:00:00,0.145,0.145,0.1419,0.1427,4461101.67,0
2025-08-14 09:00:00,0.1428,0.1447,0.1419,0.144,2741228.74,0
2025-08-14 10:00:00,0.1439,0.1443,0.1414,0.143,3199013.24,0
2025-08-14 11:00:00,0.143,0.1434,0.142,0.1425,2288573.93,0
2025-08-14 12:00:00,0.1426,0.1431,0.1312,0.1337,28189528.6,0
2025-08-14 13:00:00,0.1337,0.1383,0.1312,0.1374,13221014.31,0
2025-08-14 14:00:00,0.1375,0.1395,0.1362,0.1375,6574864.27,0
2025-08-14 15:00:00,0.1376,0.138,0.1352,0.1354,4011880.92,0
2025-08-14 16:00:00,0.1354,0.1354,0.1322,0.1329,4848163.62,0
2025-08-14 17:00:00,0.1329,0.1339,0.1318,0.1333,2382690.14,0
2025-08-14 18:00:00,0.1333,0.1335,0.131,0.133,2573238.58,0
2025-08-14 19:00:00,0.133,0.134,0.1326,0.1327,2007680.04,0
2025-08-14 20:00:00,0.1326,0.1328,0.1314,0.1323,1394845.64,0
2025-08-14 21:00:00,0.1322,0.1322,0.1285,0.1304,3108973.34,0
2025-08-14 22:00:00,0.1303,0.1318,0.1295,0.1314,1592762.08,0
2025-08-14 23:00:00,0.1314,0.1327,0.1313,0.1316,1553786.62,0
2025-08-15 00:00:00,0.1315,0.1328,0.1311,0.1314,1818554.66,0
2025-08-15 01:00:00,0.1314,0.1334,0.1311,0.1332,1534826.04,0
2025-08-15 02:00:00,0.1331,0.1341,0.1328,0.1329,1538199.21,0
2025-08-15 03:00:00,0.1328,0.1348,0.1325,0.134,1040619.99,0
2025-08-15 04:00:00,0.134,0.1344,0.1331,0.1335,1178866.59,0
2025-08-15 05:00:00,0.1334,0.1334,0.1326,0.1333,887225.54,0
2025-08-15 06:00:00,0.1333,0.136,0.1333,0.1345,1913902.85,0
2025-08-15 07:00:00,0.1345,0.1349,0.1337,0.1346,1833178.71,0
2025-08-15 08:00:00,0.1346,0.1351,0.1339,0.1342,1318990.36,0
2025-08-15 09:00:00,0.1342,0.1347,0.1319,0.1326,1242126.93,0
2025-08-15 10:00:00,0.1326,0.134,0.1326,0.1331,816142.74,0
2025-08-15 11:00:00,0.133,0.1336,0.1325,0.1331,1229388.54,0
2025-08-15 12:00:00,0.1331,0.1351,0.1319,0.1335,3373838.31,0
2025-08-15 13:00:00,0.1334,0.1341,0.1309,0.1316,4569573.77,0
2025-08-15 14:00:00,0.1315,0.1325,0.1293,0.1299,4002414.89,0
2025-08-15 15:00:00,0.1299,0.1301,0.1261,0.1273,4784806.73,0
2025-08-15 16:00:00,0.1272,0.1285,0.1255,0.1282,3152025.09,0
2025-08-15 17:00:00,0.1282,0.1299,0.1271,0.1291,3531961.79,0
2025-08-15 18:00:00,0.129,0.1293,0.1269,0.1275,2351553.17,0
2025-08-15 19:00:00,0.1275,0.1288,0.1268,0.1279,1259084.54,0
2025-08-15 20:00:00,0.1279,0.1299,0.1274,0.1298,1842359.93,0
2025-08-15 21:00:00,0.1298,0.1309,0.1291,0.1306,1342197.75,0
2025-08-15 22:00:00,0.1307,0.1332,0.1305,0.1332,912355.93,0
2025-08-15 23:00:00,0.1332,0.1336,0.1311,0.1319,1231508.0,0
2025-08-16 00:00:00,0.1319,0.134,0.1317,0.1337,1026696.06,0
2025-08-16 01:00:00,0.1336,0.1339,0.1325,0.1338,824195.31,0
2025-08-16 02:00:00,0.1338,0.1347,0.1332,0.1335,1074192.55,0
2025-08-16 03:00:00,0.1336,0.1345,0.1333,0.1335,723415.94,0
2025-08-16 04:00:00,0.1335,0.1353,0.1333,0.1351,762654.91,0
2025-08-16 05:00:00,0.1352,0.1352,0.1335,0.1336,1043387.37,0
2025-08-16 06:00:00,0.1337,0.1345,0.133,0.1331,1699859.46,0
2025-08-16 07:00:00,0.133,0.1349,0.133,0.1343,1034175.23,0
2025-08-16 08:00:00,0.1344,0.1347,0.1331,0.1331,542154.44,0
2025-08-16 09:00:00,0.1332,0.1345,0.1322,0.1324,1138768.87,0
2025-08-16 10:00:00,0.1324,0.1333,0.1319,0.133,1138772.82,0
2025-08-16 11:00:00,0.1331,0.1347,0.1331,0.1333,1107634.83,0
2025-08-16 12:00:00,0.1333,0.1361,0.133,0.1361,2215668.96,0
2025-08-16 13:00:00,0.1361,0.1383,0.1352,0.1352,3656397.97,0
2025-08-16 14:00:00,0.1353,0.1371,0.1348,0.137,2508630.79,0
2025-08-16 15:00:00,0.1371,0.1396,0.1371,0.1386,3278439.44,0
2025-08-16 16:00:00,0.1386,0.1392,0.1379,0.139,2830880.69,0
2025-08-16 17:00:00,0.1391,0.1394,0.1375,0.1381,1470912.36,0
2025-08-16 18:00:00,0.138,0.1396,0.1377,0.1384,1347466.94,0
2025-08-16 19:00:00,0.1383,0.1393,0.1376,0.1377,2769042.43,0
2025-08-16 20:00:00,0.1378,0.1392,0.1377,0.1386,1467754.41,0
2025-08-16 21:00:00,0.1386,0.1387,0.1374,0.1374,941746.57,0
2025-08-16 22:00:00,0.1375,0.1385,0.1372,0.138,922160.65,0
2025-08-16 23:00:00,0.138,0.138,0.1371,0.1374,658560.07,0
2025-08-17 00:00:00,0.1375,0.1381,0.1369,0.1372,924129.55,0
2025-08-17 01:00:00,0.1371,0.1374,0.1366,0.1371,914361.15,0
2025-08-17 02:00:00,0.1372,0.1383,0.1366,0.1383,937032.11,0
2025-08-17 03:00:00,0.1383,0.1395,0.1378,0.1387,1047031.51,0
2025-08-17 04:00:00,0.1387,0.1398,0.1385,0.1397,1295835.68,0
2025-08-17 05:00:00,0.1397,0.1409,0.1393,0.1396,2125164.93,0
2025-08-17 06:00:00,0.1396,0.142,0.1394,0.1413,3987910.71,0
2025-08-17 07:00:00,0.1414,0.1432,0.1404,0.141,5920368.34,0
2025-08-17 08:00:00,0.141,0.1427,0.1405,0.142,1917636.83,0
2025-08-17 09:00:00,0.142,0.1447,0.1418,0.1439,4381815.75,0
2025-08-17 10:00:00,0.1439,0.1453,0.1434,0.1442,3208987.31,0
2025-08-17 11:00:00,0.1441,0.1441,0.1426,0.143,2060537.08,0
2025-08-17 12:00:00,0.1431,0.1434,0.1415,0.1417,1692333.73,0
2025-08-17 13:00:00,0.1416,0.1431,0.1412,0.1427,1602358.07,0
2025-08-17 14:00:00,0.1427,0.1442,0.1416,0.144,3588465.62,0
2025-08-17 15:00:00,0.144,0.1448,0.1434,0.1447,1384675.04,0
2025-08-17 16:00:00,0.1448,0.1464,0.1422,0.1424,3106204.17,0
2025-08-17 17:00:00,0.1424,0.1428,0.1417,0.142,1152305.48,0
2025-08-17 18:00:00,0.1421,0.1422,0.1387,0.1406,2593806.21,0
2025-08-17 19:00:00,0.1406,0.141,0.1392,0.1395,1581502.06,0
2025-08-17 20:00:00,0.1395,0.1412,0.1394,0.1401,1107575.09,0
2025-08-17 21:00:00,0.14,0.1405,0.1394,0.1401,904953.95,0
2025-08-17 22:00:00,0.1401,0.1421,0.1399,0.1417,686233.76,0
2025-08-17 23:00:00,0.1418,0.1419,0.1396,0.1397,575203.73,0
2025-08-18 00:00:00,0.1398,0.1403,0.1389,0.1401,989252.08,0
2025-08-18 01:00:00,0.1402,0.1403,0.1372,0.1376,2769996.8,0
2025-08-18 02:00:00,0.1375,0.1377,0.1343,0.1347,3332485.42,0
2025-08-18 03:00:00,0.1348,0.136,0.1337,0.1358,3662140.03,0
2025-08-18 04:00:00,0.1357,0.1372,0.1353,0.1371,821117.48,0
2025-08-18 05:00:00,0.1371,0.1376,0.1348,0.1363,1765585.65,0
2025-08-18 06:00:00,0.1364,0.1364,0.1323,0.1331,3279062.5,0
2025-08-18 07:00:00,0.1333,0.1336,0.1322,0.133,1143296.22,0
2025-08-18 08:00:00,0.133,0.1337,0.1325,0.1326,1086495.77,0
2025-08-18 09:00:00,0.1325,0.1342,0.1312,0.1336,2835447.22,0
2025-08-18 10:00:00,0.1336,0.1341,0.1327,0.133,1361688.06,0
2025-08-18 11:00:00,0.133,0.134,0.1327,0.1337,1335219.36,0
2025-08-18 12:00:00,0.1336,0.1366,0.1332,0.1366,2160805.41,0
2025-08-18 13:00:00,0.1365,0.1372,0.1334,0.1334,5849202.13,0
2025-08-18 14:00:00,0.1335,0.1353,0.1329,0.1353,2294074.97,0
2025-08-18 15:00:00,0.1354,0.1355,0.1335,0.135,1681108.6,0
2025-08-18 16:00:00,0.135,0.1357,0.133,0.1333,1754680.47,0
2025-08-18 17:00:00,0.1332,0.1363,0.1332,0.1344,1454817.56,0
2025-08-18 18:00:00,0.1344,0.1353,0.1335,0.1352,1067246.32,0
2025-08-18 19:00:00,0.1352,0.1358,0.1342,0.1345,1627547.5,0
2025-08-18 20:00:00,0.1344,0.1349,0.1331,0.1339,1122734.22,0
2025-08-18 21:00:00,0.1338,0.1355,0.1336,0.1352,780147.32,0
2025-08-18 22:00:00,0.1352,0.1363,0.1342,0.1343,1509851.87,0
2025-08-18 23:00:00,0.1344,0.1349,0.1331,0.1335,1903512.58,0
2025-08-19 00:00:00,0.1335,0.1352,0.1315,0.1352,2275040.01,0
2025-08-19 01:00:00,0.1352,0.136,0.1333,0.1335,2165748.06,0
2025-08-19 02:00:00,0.1336,0.1338,0.1325,0.1326,1578651.75,0
2025-08-19 03:00:00,0.1327,0.1331,0.1303,0.1308,3166077.38,0
2025-08-19 04:00:00,0.1308,0.1324,0.1296,0.1324,2305310.87,0
2025-08-19 05:00:00,0.1324,0.1328,0.1315,0.1315,850537.95,0
2025-08-19 06:00:00,0.1314,0.1316,0.1304,0.1311,730984.59,0
2025-08-19 07:00:00,0.1311,0.1316,0.1302,0.1316,1139560.08,0
2025-08-19 08:00:00,0.1314,0.1338,0.1303,0.1331,2013531.37,0
2025-08-19 09:00:00,0.1331,0.1352,0.133,0.1343,1721678.1,0
2025-08-19 10:00:00,0.1344,0.1353,0.1339,0.1345,2046128.24,0
2025-08-19 11:00:00,0.1346,0.1353,0.134,0.1352,985798.11,0
2025-08-19 12:00:00,0.1351,0.1351,0.1338,0.1343,1012021.72,0
2025-08-19 13:00:00,0.1344,0.1355,0.1324,0.1334,1899420.79,0
2025-08-19 14:00:00,0.1335,0.1341,0.1304,0.1324,4580257.69,0
2025-08-19 15:00:00,0.1325,0.1348,0.1318,0.1326,2770411.12,0
2025-08-19 16:00:00,0.1326,0.1329,0.131,0.1314,1774961.58,0
2025-08-19 17:00:00,0.1315,0.134,0.1308,0.1337,1631697.08,0
2025-08-19 18:00:00,0.1336,0.1339,0.1312,0.1322,2871899.39,0
2025-08-19 19:00:00,0.1322,0.1347,0.1314,0.133,1914946.73,0
2025-08-19 20:00:00,0.133,0.1336,0.1323,0.1333,1134609.46,0
2025-08-19 21:00:00,0.1332,0.1332,0.1322,0.1329,514694.51,0
2025-08-19 22:00:00,0.1329,0.133,0.1315,0.1315,787753.99,0
2025-08-19 23:00:00,0.1316,0.1317,0.1291,0.1294,2123018.84,0
2025-08-20 00:00:00,0.1295,0.1314,0.1295,0.1304,1280678.55,0
2025-08-20 01:00:00,0.1305,0.131,0.128,0.1306,1668737.37,0
2025-08-20 02:00:00,0.1306,0.1315,0.1302,0.1304,1068062.64,0
2025-08-20 03:00:00,0.1304,0.132,0.1299,0.1307,825061.0,0
2025-08-20 04:00:00,0.1308,0.1325,0.1307,0.1317,1305044.09,0
2025-08-20 05:00:00,0.1316,0.1326,0.1313,0.1325,547574.7,0
2025-08-20 06:00:00,0.1324,0.1325,0.1312,0.1321,817373.64,0
2025-08-20 07:00:00,0.1322,0.1329,0.1314,0.1317,1518719.21,0
2025-08-20 08:00:00,0.1317,0.1354,0.1316,0.1353,1719676.59,0
2025-08-20 09:00:00,0.1353,0.1357,0.133,0.1333,1909913.26,0
2025-08-20 10:00:00,0.1332,0.1339,0.1329,0.1335,824449.94,0
2025-08-20 11:00:00,0.1334,0.1342,0.1316,0.1334,1228492.31,0
2025-08-20 12:00:00,0.1335,0.1347,0.1327,0.1334,1323690.0,0
2025-08-20 13:00:00,0.1333,0.1336,0.1303,0.1308,3107042.48,0
2025-08-20 14:00:00,0.1307,0.1349,0.1295,0.1339,3429714.2,0
2025-08-20 15:00:00,0.1339,0.1377,0.1337,0.1362,3255775.0,0
2025-08-20 16:00:00,0.1361,0.1386,0.1361,0.1365,2142987.47,0
2025-08-20 17:00:00,0.1364,0.1379,0.1364,0.1377,1685505.27,0
2025-08-20 18:00:00,0.1377,0.1379,0.135,0.1365,2433999.08,0
2025-08-20 19:00:00,0.1365,0.1391,0.1364,0.1389,1799341.8,0
2025-08-20 20:00:00,0.139,0.139,0.1379,0.1383,999172.48,0
2025-08-20 21:00:00,0.1383,0.1386,0.1373,0.1381,1224532.7,0
2025-08-20 22:00:00,0.1382,0.1393,0.1382,0.139,1015482.97,0
2025-08-20 23:00:00,0.1389,0.1392,0.1384,0.1387,1045010.93,0
2025-08-21 00:00:00,0.1388,0.1391,0.1378,0.1387,1249456.58,0
2025-08-21 01:00:00,0.1388,0.1399,0.1379,0.1397,2251804.75,0
2025-08-21 02:00:00,0.1397,0.1402,0.1371,0.1376,1766863.22,0
2025-08-21 03:00:00,0.1376,0.1396,0.1376,0.1382,1556591.74,0
2025-08-21 04:00:00,0.1382,0.1386,0.1373,0.1373,831069.98,0
2025-08-21 05:00:00,0.1373,0.138,0.1367,0.138,792297.99,0
2025-08-21 06:00:00,0.138,0.138,0.1363,0.1365,1719333.07,0
2025-08-21 07:00:00,0.1365,0.1369,0.1354,0.1365,1222785.49,0
2025-08-21 08:00:00,0.1366,0.1368,0.1345,0.1345,1692339.17,0
2025-08-21 09:00:00,0.1346,0.1347,0.1333,0.134,2307687.92,0
2025-08-21 10:00:00,0.1339,0.1344,0.1334,0.134,2123255.94,0
2025-08-21 11:00:00,0.1341,0.1346,0.1331,0.1337,1295659.18,0
2025-08-21 12:00:00,0.1336,0.1339,0.132,0.1324,1864785.51,0
2025-08-21 13:00:00,0.1324,0.1335,0.1316,0.1321,2329096.34,0
2025-08-21 14:00:00,0.1321,0.1345,0.1315,0.1322,2418849.51,0
2025-08-21 15:00:00,0.1323,0.1326,0.1294,0.1298,7290615.66,0
2025-08-21 16:00:00,0.1299,0.1312,0.1288,0.1289,7364941.57,0
2025-08-21 17:00:00,0.1289,0.1298,0.1278,0.1295,4258087.12,0
2025-08-21 18:00:00,0.1295,0.1302,0.1287,0.1299,836586.48,0
2025-08-21 19:00:00,0.1299,0.1301,0.1281,0.1284,1727385.05,0
2025-08-21 20:00:00,0.1284,0.1296,0.1278,0.129,1173129.11,0
2025-08-21 21:00:00,0.129,0.1296,0.1281,0.1294,785559.21,0
2025-08-21 22:00:00,0.1295,0.1301,0.1292,0.1296,579257.77,0
2025-08-21 23:00:00,0.1295,0.1298,0.1282,0.1286,1325480.47,0
2025-08-22 00:00:00,0.1286,0.1294,0.1275,0.1279,1469573.68,0
2025-08-22 01:00:00,0.1278,0.1292,0.1272,0.129,1080510.83,0
2025-08-22 02:00:00,0.129,0.1308,0.1286,0.1298,1339291.13,0
2025-08-22 03:00:00,0.1298,0.1302,0.1276,0.1281,1241538.21,0
2025-08-22 04:00:00,0.1281,0.1294,0.1278,0.1281,1267144.86,0
2025-08-22 05:00:00,0.1281,0.1286,0.1269,0.1276,1042308.65,0
2025-08-22 06:00:00,0.1277,0.1286,0.1266,0.1271,1658184.22,0
2025-08-22 07:00:00,0.1271,0.1286,0.1266,0.1282,3387402.99,0
2025-08-22 08:00:00,0.1281,0.1292,0.1278,0.1278,1533891.57,0
2025-08-22 09:00:00,0.1278,0.1282,0.1272,0.1278,909364.39,0
2025-08-22 10:00:00,0.1279,0.1279,0.1258,0.1262,3404502.64,0
2025-08-22 11:00:00,0.1262,0.1263,0.1244,0.1245,3062856.11,0
2025-08-22 12:00:00,0.1245,0.1251,0.122,0.1241,4557154.02,0
2025-08-22 13:00:00,0.1242,0.1269,0.1238,0.1255,3125869.14,0
2025-08-22 14:00:00,0.1256,0.1342,0.1256,0.1335,18006857.13,0
2025-08-22 15:00:00,0.1334,0.1362,0.1334,0.1344,4900685.64,0
2025-08-22 16:00:00,0.1344,0.1384,0.1344,0.1374,5782842.2,0
2025-08-22 17:00:00,0.1373,0.14,0.1373,0.1386,3535372.05,0
2025-08-22 18:00:00,0.1386,0.1395,0.1378,0.1391,4680220.35,0
2025-08-22 19:00:00,0.1392,0.1416,0.1389,0.1399,5889463.98,0
2025-08-22 20:00:00,0.1399,0.1415,0.1398,0.1412,5852978.53,0
2025-08-22 21:00:00,0.1413,0.1431,0.1411,0.1417,3250086.4,0
2025-08-22 22:00:00,0.1418,0.143,0.1407,0.1407,2444459.08,0
2025-08-22 23:00:00,0.1407,0.1417,0.1403,0.1412,1867717.25,0
2025-08-23 00:00:00,0.1412,0.1421,0.1403,0.1405,1953184.59,0
2025-08-23 01:00:00,0.1405,0.1417,0.1396,0.1408,7586925.47,0
2025-08-23 02:00:00,0.1409,0.1415,0.1362,0.1381,3717124.81,0
2025-08-23 03:00:00,0.1381,0.1386,0.137,0.1375,1545809.72,0
2025-08-23 04:00:00,0.1375,0.14,0.1375,0.1399,1278018.82,0
2025-08-23 05:00:00,0.1398,0.1409,0.1394,0.1407,1215434.0,0
2025-08-23 06:00:00,0.1407,0.1408,0.1382,0.1386,7542415.88,0
2025-08-23 07:00:00,0.1386,0.1388,0.1365,0.1368,2426158.39,0
2025-08-23 08:00:00,0.1368,0.138,0.1366,0.1371,1128141.53,0
2025-08-23 09:00:00,0.1371,0.1382,0.1367,0.138,1106002.71,0
2025-08-23 10:00:00,0.138,0.1384,0.1368,0.137,1265131.85,0
2025-08-23 11:00:00,0.1371,0.1374,0.1366,0.137,1253309.27,0
2025-08-23 12:00:00,0.137,0.1383,0.1365,0.1369,1981251.28,0
2025-08-23 13:00:00,0.1368,0.1381,0.1367,0.1373,1395879.18,0
2025-08-23 14:00:00,0.1373,0.1394,0.1372,0.1383,2258412.65,0
2025-08-23 15:00:00,0.1382,0.1391,0.1376,0.1387,804758.15,0
2025-08-23 16:00:00,0.1387,0.1389,0.1374,0.138,1035914.28,0
2025-08-23 17:00:00,0.138,0.1384,0.1374,0.1378,608853.36,0
2025-08-23 18:00:00,0.1378,0.1404,0.1377,0.1401,2087691.84,0
2025-08-23 19:00:00,0.1401,0.1449,0.1401,0.1448,4294861.13,0
2025-08-23 20:00:00,0.1447,0.146,0.1408,0.1418,5246962.27,0
2025-08-23 21:00:00,0.1417,0.1423,0.1404,0.1413,1760851.96,0
2025-08-23 22:00:00,0.1413,0.1436,0.1412,0.1434,1216123.34,0
2025-08-23 23:00:00,0.1434,0.1446,0.1428,0.1433,1259959.75,0
2025-08-24 00:00:00,0.1434,0.1452,0.1431,0.1434,3754834.25,0
2025-08-24 01:00:00,0.1434,0.1434,0.1419,0.1419,1201026.92,0
2025-08-24 02:00:00,0.142,0.1421,0.1408,0.1409,807938.43,0
2025-08-24 03:00:00,0.1409,0.1417,0.1402,0.1414,1283092.6,0
2025-08-24 04:00:00,0.1413,0.142,0.1406,0.1414,771246.66,0
2025-08-24 05:00:00,0.1413,0.1414,0.1402,0.1405,883825.87,0
2025-08-24 06:00:00,0.1405,0.1405,0.1371,0.1373,2124602.34,0
2025-08-24 07:00:00,0.1373,0.1388,0.1372,0.1376,1104509.76,0
2025-08-24 08:00:00,0.1375,0.1382,0.1371,0.1377,1734194.23,0
2025-08-24 09:00:00,0.1376,0.1381,0.1369,0.1373,1639930.77,0
2025-08-24 10:00:00,0.1373,0.1373,0.1352,0.1356,2703911.2,0
2025-08-24 11:00:00,0.1355,0.137,0.1352,0.1362,942157.03,0
2025-08-24 12:00:00,0.1361,0.1376,0.1359,0.1375,900878.93,0
2025-08-24 13:00:00,0.1375,0.1386,0.1369,0.1369,2748710.3,0
2025-08-24 14:00:00,0.137,0.1379,0.1362,0.1376,1151339.46,0
2025-08-24 15:00:00,0.1376,0.1403,0.1373,0.1382,2076808.48,0
2025-08-24 16:00:00,0.1382,0.1394,0.1378,0.1389,2085828.72,0
2025-08-24 17:00:00,0.1388,0.1431,0.1387,0.1422,4171869.79,0
2025-08-24 18:00:00,0.1423,0.1462,0.1417,0.1445,9293798.96,0
2025-08-24 19:00:00,0.1447,0.1467,0.138,0.1413,11795774.07,0
2025-08-24 20:00:00,0.1415,0.143,0.1374,0.142,6750443.06,0
2025-08-24 21:00:00,0.1421,0.1431,0.1404,0.1413,3465694.73,0
2025-08-24 22:00:00,0.1413,0.1415,0.1383,0.1408,1696006.84,0
2025-08-24 23:00:00,0.1408,0.1412,0.1391,0.1396,1451780.28,0
2025-08-25 00:00:00,0.1396,0.1406,0.1366,0.1378,2043978.06,0
2025-08-25 01:00:00,0.1378,0.1402,0.1377,0.1394,1616627.75,0
2025-08-25 02:00:00,0.1393,0.1422,0.1393,0.1419,1261068.37,0
2025-08-25 03:00:00,0.1419,0.1427,0.1407,0.141,1063013.01,0
2025-08-25 04:00:00,0.1411,0.1413,0.139,0.1392,1009602.93,0
2025-08-25 05:00:00,0.139,0.1395,0.1376,0.1376,1111426.49,0
2025-08-25 06:00:00,0.1376,0.138,0.1346,0.1351,2842954.13,0
2025-08-25 07:00:00,0.1351,0.1357,0.1321,0.1326,3477127.38,0
2025-08-25 08:00:00,0.1327,0.1334,0.1312,0.133,2353654.68,0
2025-08-25 09:00:00,0.1329,0.1335,0.1319,0.1329,2035393.37,0
2025-08-25 10:00:00,0.1329,0.1331,0.1299,0.1302,6150913.4,0
2025-08-25 11:00:00,0.1303,0.1316,0.1299,0.1316,1503488.14,0
2025-08-25 12:00:00,0.1315,0.1321,0.1306,0.1321,1231313.66,0
2025-08-25 13:00:00,0.1319,0.1319,0.1297,0.1308,2454915.48,0
2025-08-25 14:00:00,0.1309,0.1326,0.1305,0.1317,2509075.53,0
2025-08-25 15:00:00,0.1318,0.1321,0.1298,0.1302,1473689.72,0
2025-08-25 16:00:00,0.1302,0.1313,0.1291,0.1294,2355583.12,0
2025-08-25 17:00:00,0.1293,0.1293,0.1276,0.1282,3372555.65,0
2025-08-25 18:00:00,0.1283,0.1287,0.1274,0.128,1298888.2,0
2025-08-25 19:00:00,0.128,0.1286,0.125,0.1255,4147748.37,0
2025-08-25 20:00:00,0.1256,0.1263,0.1227,0.1234,7907257.7,0
2025-08-25 21:00:00,0.1233,0.1244,0.1228,0.1235,3782387.1,0
2025-08-25 22:00:00,0.1234,0.1258,0.1234,0.1252,720224.91,0
2025-08-25 23:00:00,0.1253,0.1258,0.1244,0.1255,1024738.89,0
2025-08-26 00:00:00,0.1255,0.1259,0.124,0.125,1853068.5,0
2025-08-26 01:00:00,0.1248,0.1268,0.1244,0.1265,2381941.18,0
2025-08-26 02:00:00,0.1265,0.1274,0.1259,0.1262,1216777.52,0
2025-08-26 03:00:00,0.1262,0.1264,0.1255,0.1258,658713.48,0
2025-08-26 04:00:00,0.1258,0.1277,0.1257,0.1273,1700962.74,0
2025-08-26 05:00:00,0.1273,0.1275,0.1258,0.1262,4675606.94,0
2025-08-26 06:00:00,0.1261,0.1266,0.1253,0.1256,1655952.08,0
2025-08-26 07:00:00,0.1256,0.1276,0.1251,0.1269,1240731.98,0
2025-08-26 08:00:00,0.1267,0.1271,0.1258,0.1265,697623.3,0
2025-08-26 09:00:00,0.1265,0.1271,0.1262,0.1266,1247237.07,0
2025-08-26 10:00:00,0.1267,0.1278,0.1264,0.1269,1084035.37,0
2025-08-26 11:00:00,0.127,0.1272,0.1255,0.1261,788465.52,0
2025-08-26 12:00:00,0.1262,0.1297,0.1253,0.1279,2642420.87,0
2025-08-26 13:00:00,0.1278,0.1284,0.1256,0.127,3453985.44,0
2025-08-26 14:00:00,0.1272,0.1289,0.1259,0.1288,4226488.18,0
2025-08-26 15:00:00,0.1286,0.129,0.127,0.1273,1738458.45,0
2025-08-26 16:00:00,0.1273,0.1287,0.127,0.1286,1096669.79,0
2025-08-26 17:00:00,0.1286,0.1287,0.1273,0.1279,1163813.7,0
2025-08-26 18:00:00,0.128,0.1291,0.1277,0.1288,1431437.77,0
2025-08-26 19:00:00,0.1288,0.131,0.1282,0.1308,1439953.1,0
2025-08-26 20:00:00,0.1307,0.1311,0.1297,0.1301,1558698.22,0
2025-08-26 21:00:00,0.1301,0.132,0.1291,0.1319,1017966.45,0
2025-08-26 22:00:00,0.132,0.1321,0.1309,0.1314,1148363.19,0
2025-08-26 23:00:00,0.1314,0.132,0.1303,0.1305,997871.31,0
2025-08-27 00:00:00,0.1305,0.1306,0.129,0.129,821025.8,0
2025-08-27 01:00:00,0.129,0.1299,0.1286,0.1297,526025.03,0
2025-08-27 02:00:00,0.1298,0.1306,0.1287,0.1298,2124412.47,0
2025-08-27 03:00:00,0.1297,0.132,0.1293,0.1316,694409.27,0
2025-08-27 04:00:00,0.1315,0.1327,0.1311,0.1326,819254.99,0
2025-08-27 05:00:00,0.1325,0.1328,0.1306,0.1309,1255090.42,0
2025-08-27 06:00:00,0.1309,0.1312,0.1298,0.1301,611699.16,0
2025-08-27 07:00:00,0.1301,0.1302,0.129,0.1295,873367.43,0
2025-08-27 08:00:00,0.1296,0.13,0.1288,0.1299,727975.43,0
2025-08-27 09:00:00,0.1298,0.1308,0.1297,0.1303,681174.98,0
2025-08-27 10:00:00,0.1302,0.131,0.1297,0.1301,548672.28,0
2025-08-27 11:00:00,0.1301,0.1308,0.1295,0.1304,637252.86,0
2025-08-27 12:00:00,0.1304,0.1309,0.1289,0.1299,993793.74,0
2025-08-27 13:00:00,0.1297,0.1311,0.129,0.1297,1732620.33,0
2025-08-27 14:00:00,0.1297,0.1317,0.129,0.1303,1024943.75,0
2025-08-27 15:00:00,0.1303,0.131,0.1299,0.1307,1195372.85,0
2025-08-27 16:00:00,0.1308,0.131,0.1291,0.1304,1412519.92,0
2025-08-27 17:00:00,0.1304,0.1319,0.1299,0.1314,2145328.11,0
2025-08-27 18:00:00,0.1315,0.1324,0.1305,0.1305,849606.63,0
2025-08-27 19:00:00,0.1305,0.1309,0.1292,0.1301,924919.23,0
2025-08-27 20:00:00,0.1301,0.132,0.1288,0.132,3509060.67,0
2025-08-27 21:00:00,0.1319,0.1324,0.13,0.1303,902587.49,0
2025-08-27 22:00:00,0.1304,0.1308,0.1291,0.1301,891147.46,0
2025-08-27 23:00:00,0.13,0.1305,0.1293,0.1297,765044.24,0
2025-08-28 00:00:00,0.1297,0.1304,0.1287,0.13,1378747.78,0
2025-08-28 01:00:00,0.1301,0.1321,0.1298,0.1314,3168608.18,0
2025-08-28 02:00:00,0.1314,0.1322,0.1308,0.1311,957963.01,0
2025-08-28 03:00:00,0.1311,0.1321,0.1309,0.1317,514195.72,0
2025-08-28 04:00:00,0.1318,0.1331,0.1314,0.1328,716494.61,0
2025-08-28 05:00:00,0.1328,0.1331,0.1321,0.1323,607076.88,0
2025-08-28 06:00:00,0.1324,0.1326,0.132,0.1325,573330.55,0
2025-08-28 07:00:00,0.1326,0.1334,0.1323,0.1332,602369.84,0
2025-08-28 08:00:00,0.1333,0.1348,0.1332,0.1336,1807244.03,0
2025-08-28 09:00:00,0.1336,0.1336,0.1323,0.1325,812696.29,0
2025-08-28 10:00:00,0.1325,0.1336,0.1324,0.1336,573998.82,0
2025-08-28 11:00:00,0.1335,0.1338,0.1325,0.1331,2696233.02,0
2025-08-28 12:00:00,0.1331,0.1335,0.1325,0.1332,1319948.82,0
2025-08-28 13:00:00,0.1332,0.1346,0.1329,0.1345,1937289.68,0
2025-08-28 14:00:00,0.1346,0.1367,0.1342,0.1361,4686294.44,0
2025-08-28 15:00:00,0.1362,0.1368,0.1332,0.1333,2570570.14,0
2025-08-28 16:00:00,0.1334,0.134,0.131,0.1311,1555994.31,0
2025-08-28 17:00:00,0.131,0.1325,0.1308,0.1322,1325568.38,0
2025-08-28 18:00:00,0.1322,0.1335,0.1317,0.1328,1319080.42,0
2025-08-28 19:00:00,0.1329,0.1335,0.1308,0.1308,2251899.76,0
2025-08-28 20:00:00,0.1309,0.1319,0.1307,0.1314,1224567.4,0
2025-08-28 21:00:00,0.1315,0.1328,0.1312,0.1327,632102.37,0
2025-08-28 22:00:00,0.1328,0.1344,0.1327,0.1344,1392163.42,0
2025-08-28 23:00:00,0.1344,0.1344,0.1331,0.1337,1140245.02,0
2025-08-29 00:00:00,0.1337,0.1341,0.1325,0.133,1173830.12,0
2025-08-29 01:00:00,0.133,0.1332,0.1311,0.132,2766822.63,0
2025-08-29 02:00:00,0.1319,0.1333,0.1319,0.1324,1005434.99,0
2025-08-29 03:00:00,0.1323,0.1334,0.1317,0.1328,773382.15,0
2025-08-29 04:00:00,0.1329,0.1342,0.1324,0.1329,1552981.1,0
2025-08-29 05:00:00,0.133,0.1336,0.1324,0.1331,1308219.77,0
2025-08-29 06:00:00,0.1332,0.1334,0.1301,0.1315,2145562.65,0
2025-08-29 07:00:00,0.1315,0.1316,0.1282,0.1286,7618746.18,0
2025-08-29 08:00:00,0.1286,0.1292,0.1264,0.1266,5171549.11,0
2025-08-29 09:00:00,0.1267,0.1279,0.1257,0.1276,3067389.91,0
2025-08-29 10:00:00,0.1275,0.1281,0.1274,0.128,1608995.99,0
2025-08-29 11:00:00,0.1279,0.1284,0.1271,0.1273,1303187.51,0
2025-08-29 12:00:00,0.1273,0.1312,0.1272,0.1294,5174422.71,0
2025-08-29 13:00:00,0.1294,0.1296,0.1265,0.1276,2765014.08,0
2025-08-29 14:00:00,0.1277,0.1289,0.1257,0.128,3422888.48,0
2025-08-29 15:00:00,0.128,0.1288,0.1266,0.127,1954578.15,0
2025-08-29 16:00:00,0.127,0.1276,0.1259,0.1269,1062461.94,0
2025-08-29 17:00:00,0.1269,0.127,0.1251,0.1258,1890227.22,0
2025-08-29 18:00:00,0.1258,0.1258,0.1243,0.1244,3077358.84,0
2025-08-29 19:00:00,0.1245,0.1263,0.1243,0.1257,1950328.83,0
2025-08-29 20:00:00,0.1257,0.1258,0.1243,0.1246,1370717.4,0
2025-08-29 21:00:00,0.1247,0.127,0.1242,0.1266,2752764.97,0
2025-08-29 22:00:00,0.1267,0.127,0.1259,0.1268,903334.65,0
2025-08-29 23:00:00,0.1268,0.1271,0.1265,0.1268,616764.27,0
2025-08-30 00:00:00,0.1268,0.1268,0.1254,0.1257,1776562.26,0
2025-08-30 01:00:00,0.1257,0.1261,0.1234,0.1235,1504234.94,0
2025-08-30 02:00:00,0.1235,0.1254,0.1233,0.1253,1014188.3,0
2025-08-30 03:00:00,0.1253,0.1276,0.1253,0.1269,1583122.8,0
2025-08-30 04:00:00,0.1269,0.1272,0.1267,0.1268,519379.37,0
2025-08-30 05:00:00,0.1268,0.128,0.1267,0.1274,979808.26,0
2025-08-30 06:00:00,0.1274,0.1282,0.1271,0.1277,795696.79,0
2025-08-30 07:00:00,0.1277,0.1287,0.1276,0.1287,818785.24,0
2025-08-30 08:00:00,0.1286,0.1288,0.1277,0.128,1601775.82,0
2025-08-30 09:00:00,0.1281,0.1282,0.1276,0.1277,790374.8,0
2025-08-30 10:00:00,0.1278,0.1285,0.1276,0.1283,554333.71,0
2025-08-30 11:00:00,0.1283,0.1285,0.1275,0.1281,501199.22,0
2025-08-30 12:00:00,0.1282,0.1282,0.1265,0.127,1430210.76,0
2025-08-30 13:00:00,0.1269,0.127,0.1255,0.1268,1156176.88,0
2025-08-30 14:00:00,0.1268,0.1272,0.1261,0.1272,725428.15,0
2025-08-30 15:00:00,0.1272,0.1287,0.1269,0.1283,807139.77,0
2025-08-30 16:00:00,0.1282,0.1282,0.127,0.1271,929557.42,0
2025-08-30 17:00:00,0.1271,0.1279,0.1269,0.1272,1201679.8,0
2025-08-30 18:00:00,0.1273,0.1278,0.1268,0.1273,805637.14,0
2025-08-30 19:00:00,0.1272,0.1276,0.1268,0.1276,430936.26,0
2025-08-30 20:00:00,0.1276,0.1277,0.1268,0.1271,360488.4,0
2025-08-30 21:00:00,0.1271,0.1274,0.1268,0.1271,390712.24,0
2025-08-30 22:00:00,0.1271,0.1277,0.1266,0.1275,385039.18,0
2025-08-30 23:00:00,0.1275,0.128,0.1274,0.1278,419749.47,0
2025-08-31 00:00:00,0.1279,0.1296,0.1277,0.1294,1141808.72,0
2025-08-31 01:00:00,0.1295,0.1299,0.1294,0.1296,705025.08,0
2025-08-31 02:00:00,0.1296,0.13,0.1291,0.1295,519480.82,0
2025-08-31 03:00:00,0.1296,0.1301,0.1293,0.13,867956.45,0
2025-08-31 04:00:00,0.1301,0.1303,0.1281,0.1284,1402321.14,0
2025-08-31 05:00:00,0.1285,0.1289,0.1281,0.1287,947394.75,0
2025-08-31 06:00:00,0.1287,0.1288,0.1278,0.1279,460696.0,0
2025-08-31 07:00:00,0.128,0.1285,0.1278,0.1279,649685.24,0
2025-08-31 08:00:00,0.1281,0.1296,0.1281,0.1295,847780.82,0
2025-08-31 09:00:00,0.1295,0.1299,0.1285,0.1285,2876311.71,0
2025-08-31 10:00:00,0.1286,0.1287,0.1274,0.1279,760261.79,0
2025-08-31 11:00:00,0.1279,0.1288,0.1276,0.1288,542934.68,0
2025-08-31 12:00:00,0.1288,0.129,0.1279,0.1288,877908.68,0
2025-08-31 13:00:00,0.1287,0.129,0.1278,0.128,1332255.47,0
2025-08-31 14:00:00,0.128,0.1284,0.1271,0.1272,1263047.75,0
2025-08-31 15:00:00,0.1272,0.1284,0.1271,0.1282,677667.6,0
2025-08-31 16:00:00,0.1282,0.1283,0.1275,0.1278,596735.07,0
2025-08-31 17:00:00,0.1278,0.1282,0.1273,0.1277,583185.43,0
2025-08-31 18:00:00,0.1276,0.129,0.1276,0.1289,568348.59,0
2025-08-31 19:00:00,0.1289,0.1289,0.1277,0.1277,781776.53,0
2025-08-31 20:00:00,0.1277,0.1284,0.1274,0.1281,583514.25,0
2025-08-31 21:00:00,0.128,0.1289,0.1277,0.1285,649320.97,0
2025-08-31 22:00:00,0.1286,0.1288,0.1273,0.1276,556329.58,0
2025-08-31 23:00:00,0.1275,0.1275,0.1255,0.1256,1201782.86,0
2025-09-01 00:00:00,0.1255,0.1257,0.1241,0.1249,1316655.25,0
2025-09-01 01:00:00,0.1249,0.1262,0.1243,0.1253,794106.62,0
2025-09-01 02:00:00,0.1253,0.1253,0.1229,0.1233,1418650.7,0
2025-09-01 03:00:00,0.1234,0.124,0.1231,0.1237,1035633.02,0
2025-09-01 04:00:00,0.1236,0.124,0.1222,0.1225,1201049.18,0
2025-09-01 05:00:00,0.1225,0.1235,0.1218,0.123,1371129.75,0
2025-09-01 06:00:00,0.123,0.1237,0.1221,0.1231,841470.87,0
2025-09-01 07:00:00,0.1232,0.127,0.1226,0.1269,1574348.09,0
2025-09-01 08:00:00,0.127,0.1293,0.127,0.1293,2816525.91,0
2025-09-01 09:00:00,0.1293,0.1298,0.1275,0.1276,1745568.87,0
2025-09-01 10:00:00,0.1277,0.1278,0.1253,0.126,1629014.91,0
2025-09-01 11:00:00,0.1261,0.1261,0.1246,0.1246,1547677.34,0
2025-09-01 12:00:00,0.1247,0.126,0.1243,0.1254,934581.68,0
2025-09-01 13:00:00,0.1255,0.1258,0.124,0.1241,1333781.98,0
2025-09-01 14:00:00,0.1241,0.1249,0.1234,0.1243,1152189.61,0
2025-09-01 15:00:00,0.1242,0.1246,0.1228,0.123,1465996.13,0
2025-09-01 16:00:00,0.123,0.1234,0.1225,0.1229,951135.02,0
2025-09-01 17:00:00,0.1229,0.1232,0.1216,0.1222,1215969.11,0
2025-09-01 18:00:00,0.1222,0.1234,0.1219,0.1229,1167111.33,0
2025-09-01 19:00:00,0.1229,0.1234,0.1226,0.1233,996770.43,0
2025-09-01 20:00:00,0.1234,0.1234,0.12,0.1212,3665726.55,0
2025-09-01 21:00:00,0.1212,0.1214,0.12,0.1207,2592041.99,0
2025-09-01 22:00:00,0.1207,0.1211,0.1196,0.1203,1994651.34,0
2025-09-01 23:00:00,0.1202,0.1217,0.1202,0.1213,1072001.7,0
2025-09-02 00:00:00,0.1214,0.1214,0.1207,0.1211,835360.55,0
2025-09-02 01:00:00,0.121,0.1228,0.1208,0.122,815459.74,0
2025-09-02 02:00:00,0.122,0.1232,0.1216,0.1232,871476.84,0
2025-09-02 03:00:00,0.1232,0.1241,0.1226,0.1233,3183142.55,0
2025-09-02 04:00:00,0.1234,0.1239,0.123,0.1237,673056.11,0
2025-09-02 05:00:00,0.1237,0.1242,0.1231,0.1238,2245307.12,0
2025-09-02 06:00:00,0.1238,0.1246,0.1236,0.1241,1747782.66,0
2025-09-02 07:00:00,0.1241,0.1242,0.1226,0.1229,1122322.13,0
2025-09-02 08:00:00,0.1229,0.1236,0.1227,0.123,854407.41,0
2025-09-02 09:00:00,0.1229,0.1238,0.1228,0.1238,905876.19,0
2025-09-02 10:00:00,0.1238,0.1239,0.1229,0.1236,784961.89,0
2025-09-02 11:00:00,0.1236,0.1237,0.1226,0.1228,1015526.3,0
2025-09-02 12:00:00,0.1228,0.1231,0.1202,0.1204,3024471.09,0
2025-09-02 13:00:00,0.1204,0.1249,0.1204,0.1245,3255212.69,0
2025-09-02 14:00:00,0.1245,0.1251,0.1227,0.123,2540630.65,0
2025-09-02 15:00:00,0.123,0.1233,0.1208,0.121,1871304.08,0
2025-09-02 16:00:00,0.121,0.1221,0.121,0.1219,2198936.16,0
2025-09-02 17:00:00,0.122,0.1226,0.1216,0.1221,1550639.12,0
2025-09-02 18:00:00,0.1221,0.1226,0.1209,0.122,2079851.67,0
2025-09-02 19:00:00,0.1221,0.1227,0.121,0.1213,1099937.11,0
2025-09-02 20:00:00,0.1214,0.1236,0.1211,0.1232,3348050.29,0
2025-09-02 21:00:00,0.1233,0.1243,0.1232,0.1239,1048306.02,0
2025-09-02 22:00:00,0.1238,0.124,0.1233,0.1239,698132.57,0
2025-09-02 23:00:00,0.124,0.1241,0.1233,0.1236,427955.61,0
2025-09-03 00:00:00,0.1237,0.1243,0.1233,0.1234,701224.25,0
2025-09-03 01:00:00,0.1235,0.1242,0.1228,0.1241,495338.36,0
2025-09-03 02:00:00,0.1241,0.1246,0.1236,0.1243,1786369.4,0
2025-09-03 03:00:00,0.1242,0.1244,0.1236,0.1239,583981.17,0
2025-09-03 04:00:00,0.1239,0.124,0.1231,0.1235,1113282.48,0
2025-09-03 05:00:00,0.1234,0.1235,0.1226,0.1226,979662.88,0
2025-09-03 06:00:00,0.1227,0.1229,0.1219,0.1221,2121473.56,0
2025-09-03 07:00:00,0.1221,0.1223,0.1213,0.1219,1249881.72,0
2025-09-03 08:00:00,0.1219,0.1227,0.1216,0.122,1044411.79,0
2025-09-03 09:00:00,0.122,0.1228,0.1215,0.1227,1123287.0,0
2025-09-03 10:00:00,0.1228,0.1235,0.1225,0.123,880005.72,0
2025-09-03 11:00:00,0.123,0.1239,0.1228,0.1232,665642.7,0
2025-09-03 12:00:00,0.1233,0.1241,0.1222,0.1225,1389058.07,0
2025-09-03 13:00:00,0.1225,0.1245,0.1225,0.1237,1436216.82,0
2025-09-03 14:00:00,0.1238,0.1254,0.1235,0.1253,1677126.62,0
2025-09-03 15:00:00,0.1253,0.1255,0.1244,0.1252,1844121.16,0
2025-09-03 16:00:00,0.1252,0.1257,0.1241,0.1242,1029079.15,0
2025-09-03 17:00:00,0.1242,0.1252,0.1242,0.1247,764011.45,0
2025-09-03 18:00:00,0.1247,0.1252,0.1243,0.1246,922856.28,0
2025-09-03 19:00:00,0.1246,0.1251,0.1241,0.1251,692006.57,0
2025-09-03 20:00:00,0.1251,0.1252,0.1245,0.1248,629455.43,0
2025-09-03 21:00:00,0.1249,0.1251,0.1243,0.125,519279.3,0
2025-09-03 22:00:00,0.125,0.1254,0.1244,0.1247,590422.3,0
2025-09-03 23:00:00,0.1248,0.1248,0.1239,0.1241,492704.38,0
2025-09-04 00:00:00,0.1242,0.1248,0.1239,0.1242,477212.05,0
2025-09-04 01:00:00,0.1242,0.1242,0.123,0.1234,1181935.15,0
2025-09-04 02:00:00,0.1234,0.1234,0.1217,0.1218,1685739.45,0
2025-09-04 03:00:00,0.1218,0.122,0.1215,0.1215,1044283.36,0
2025-09-04 04:00:00,0.1216,0.122,0.1214,0.1215,2169645.91,0
2025-09-04 05:00:00,0.1215,0.1215,0.1206,0.121,1239093.24,0
2025-09-04 06:00:00,0.121,0.1211,0.1205,0.1207,720089.39,0
2025-09-04 07:00:00,0.1207,0.1212,0.1206,0.121,972988.3,0
2025-09-04 08:00:00,0.121,0.1218,0.1205,0.1206,1171777.84,0
2025-09-04 09:00:00,0.1207,0.1211,0.1204,0.121,1530960.38,0
2025-09-04 10:00:00,0.121,0.1213,0.1207,0.1209,968434.43,0
2025-09-04 11:00:00,0.1208,0.1218,0.1206,0.121,1087888.26,0
2025-09-04 12:00:00,0.121,0.1216,0.1206,0.1214,982401.67,0
2025-09-04 13:00:00,0.1214,0.1215,0.1206,0.1212,1689495.44,0
2025-09-04 14:00:00,0.1211,0.1212,0.12,0.1203,3762555.49,0
2025-09-04 15:00:00,0.1204,0.1205,0.1197,0.1202,5225175.86,0
2025-09-04 16:00:00,0.1202,0.1204,0.1199,0.12,4893796.63,0
2025-09-04 17:00:00,0.12,0.1204,0.1198,0.1201,2712033.19,0
2025-09-04 18:00:00,0.12,0.1202,0.1178,0.1188,7395883.37,0
2025-09-04 19:00:00,0.1188,0.1195,0.1186,0.1189,1208521.01,0
2025-09-04 20:00:00,0.1189,0.1202,0.1188,0.1199,1480219.76,0
2025-09-04 21:00:00,0.1199,0.1209,0.1198,0.1208,1037382.74,0
2025-09-04 22:00:00,0.1208,0.1215,0.1204,0.1214,1599868.7,0
2025-09-04 23:00:00,0.1213,0.1216,0.1198,0.1199,923929.1,0
2025-09-05 00:00:00,0.1198,0.1208,0.1197,0.1202,1088882.04,0
2025-09-05 01:00:00,0.1202,0.121,0.12,0.1207,724453.41,0
2025-09-05 02:00:00,0.1208,0.1212,0.1205,0.1211,1316916.5,0
2025-09-05 03:00:00,0.1211,0.1212,0.1205,0.1211,749843.26,0
2025-09-05 04:00:00,0.1212,0.1214,0.1207,0.1211,588305.96,0
2025-09-05 05:00:00,0.1211,0.1217,0.121,0.1215,681704.27,0
2025-09-05 06:00:00,0.1215,0.1221,0.1213,0.1218,872056.45,0
2025-09-05 07:00:00,0.1219,0.1238,0.1218,0.1236,2320676.78,0
2025-09-05 08:00:00,0.1236,0.1238,0.1229,0.1232,1728752.79,0
2025-09-05 09:00:00,0.1233,0.1235,0.1226,0.1231,976495.06,0
2025-09-05 10:00:00,0.1231,0.1242,0.1231,0.1234,1950398.89,0
2025-09-05 11:00:00,0.1234,0.1237,0.1231,0.1235,1157891.78,0
2025-09-05 12:00:00,0.1236,0.1255,0.1232,0.1252,5074338.48,0
2025-09-05 13:00:00,0.1253,0.1259,0.1248,0.1251,2374782.16,0
2025-09-05 14:00:00,0.1251,0.1251,0.1213,0.1223,5422764.95,0
2025-09-05 15:00:00,0.1222,0.1233,0.122,0.1223,1612054.67,0
2025-09-05 16:00:00,0.1224,0.123,0.1219,0.1228,671243.67,0
2025-09-05 17:00:00,0.1228,0.1229,0.1218,0.122,907896.08,0
2025-09-05 18:00:00,0.122,0.1233,0.1215,0.1231,508391.68,0
2025-09-05 19:00:00,0.1232,0.1239,0.1231,0.1238,799547.68,0
2025-09-05 20:00:00,0.1239,0.1244,0.1235,0.1244,1796543.16,0
2025-09-05 21:00:00,0.1244,0.1246,0.1233,0.1234,1596560.49,0
2025-09-05 22:00:00,0.1235,0.1244,0.1234,0.1243,877444.7,0
2025-09-05 23:00:00,0.1243,0.1246,0.1241,0.1242,898341.45,0
2025-09-06 00:00:00,0.1242,0.125,0.124,0.1246,1132006.15,0
2025-09-06 01:00:00,0.1246,0.125,0.1243,0.1245,466421.44,0
2025-09-06 02:00:00,0.1245,0.1249,0.1237,0.1244,579327.2,0
2025-09-06 03:00:00,0.1244,0.1249,0.1242,0.1243,716750.47,0
2025-09-06 04:00:00,0.1243,0.1243,0.1232,0.1239,729241.43,0
2025-09-06 05:00:00,0.1239,0.124,0.123,0.1231,514182.35,0
2025-09-06 06:00:00,0.1231,0.1234,0.1228,0.1229,491548.79,0
2025-09-06 07:00:00,0.1229,0.1232,0.1223,0.1228,407877.17,0
2025-09-06 08:00:00,0.1229,0.123,0.1223,0.1223,670077.75,0
2025-09-06 09:00:00,0.1223,0.1224,0.1217,0.1219,762375.92,0
2025-09-06 10:00:00,0.1219,0.1226,0.1216,0.1224,1045483.04,0
2025-09-06 11:00:00,0.1224,0.1224,0.1216,0.1221,567607.27,0
2025-09-06 12:00:00,0.122,0.1224,0.1215,0.1217,571162.81,0
2025-09-06 13:00:00,0.1217,0.122,0.1215,0.122,1689765.07,0
2025-09-06 14:00:00,0.122,0.1228,0.1219,0.1224,956290.74,0
2025-09-06 15:00:00,0.1224,0.1224,0.1211,0.1212,1291441.82,0
2025-09-06 16:00:00,0.1212,0.1225,0.1209,0.1221,1549832.99,0
2025-09-06 17:00:00,0.1221,0.1221,0.1211,0.1215,1051826.76,0
2025-09-06 18:00:00,0.1215,0.1219,0.1212,0.1215,1047041.3,0
2025-09-06 19:00:00,0.1215,0.1215,0.1203,0.1206,1170273.82,0
2025-09-06 20:00:00,0.1205,0.1216,0.1205,0.1215,571298.32,0
2025-09-06 21:00:00,0.1215,0.1218,0.1211,0.1217,632088.23,0
2025-09-06 22:00:00,0.1217,0.122,0.121,0.1213,1152255.71,0
2025-09-06 23:00:00,0.1214,0.122,0.1212,0.1216,610317.83,0
2025-09-07 00:00:00,0.1216,0.1223,0.1216,0.1221,797762.25,0
2025-09-07 01:00:00,0.1221,0.123,0.1221,0.1228,890752.63,0
2025-09-07 02:00:00,0.1228,0.1236,0.1224,0.1233,1243628.66,0
2025-09-07 03:00:00,0.1234,0.1235,0.123,0.1232,791210.74,0
2025-09-07 04:00:00,0.1233,0.1237,0.1231,0.1236,624952.88,0
2025-09-07 05:00:00,0.1237,0.124,0.1232,0.1239,687853.91,0
2025-09-07 06:00:00,0.1239,0.1241,0.1228,0.1229,704254.77,0
2025-09-07 07:00:00,0.1229,0.1234,0.1227,0.1229,627624.74,0
2025-09-07 08:00:00,0.123,0.1236,0.1229,0.1231,794685.28,0
2025-09-07 09:00:00,0.1231,0.1234,0.1221,0.1226,1259920.83,0
2025-09-07 10:00:00,0.1227,0.1232,0.1225,0.123,1480741.84,0
2025-09-07 11:00:00,0.123,0.1237,0.1229,0.1237,1048373.87,0
2025-09-07 12:00:00,0.1237,0.124,0.1233,0.124,828322.47,0
2025-09-07 13:00:00,0.124,0.1244,0.1238,0.1241,1211293.73,0
2025-09-07 14:00:00,0.124,0.1244,0.1234,0.1242,1720048.31,0
2025-09-07 15:00:00,0.124,0.1242,0.1237,0.124,502823.02,0
2025-09-07 16:00:00,0.1239,0.1243,0.1234,0.1236,713474.37,0
2025-09-07 17:00:00,0.1235,0.1238,0.1229,0.1229,801102.75,0
2025-09-07 18:00:00,0.1229,0.1232,0.1227,0.1231,465213.3,0
2025-09-07 19:00:00,0.1231,0.124,0.1229,0.1236,628486.94,0
2025-09-07 20:00:00,0.1236,0.124,0.1232,0.1239,582743.09,0
2025-09-07 21:00:00,0.1239,0.124,0.1236,0.1237,355481.92,0
2025-09-07 22:00:00,0.1237,0.1248,0.1236,0.1248,811641.44,0
2025-09-07 23:00:00,0.1248,0.1252,0.1241,0.1241,1052556.51,0
2025-09-08 00:00:00,0.1242,0.1246,0.1235,0.124,659473.37,0
2025-09-08 01:00:00,0.124,0.1241,0.1233,0.1235,996260.91,0
2025-09-08 02:00:00,0.1235,0.1252,0.1233,0.1252,1436487.11,0
2025-09-08 03:00:00,0.1253,0.1261,0.1246,0.1251,2705456.62,0
2025-09-08 04:00:00,0.1251,0.1251,0.1239,0.1245,1165776.36,0
2025-09-08 05:00:00,0.1245,0.1252,0.1241,0.1245,883580.83,0
2025-09-08 06:00:00,0.1245,0.1248,0.1237,0.1245,520247.42,0
2025-09-08 07:00:00,0.1245,0.1252,0.1238,0.1242,1370852.85,0
2025-09-08 08:00:00,0.1243,0.1256,0.1242,0.1254,895244.37,0
2025-09-08 09:00:00,0.1254,0.1263,0.125,0.126,1223871.72,0
2025-09-08 10:00:00,0.1259,0.1268,0.1256,0.1257,1047542.51,0
2025-09-08 11:00:00,0.1257,0.1258,0.1248,0.1254,1590392.71,0
2025-09-08 12:00:00,0.1255,0.1262,0.1254,0.1259,928277.36,0
2025-09-08 13:00:00,0.1259,0.1268,0.1253,0.1253,1506058.56,0
2025-09-08 14:00:00,0.1253,0.1277,0.1253,0.1276,1811098.44,0
2025-09-08 15:00:00,0.1277,0.129,0.1276,0.1284,2482923.29,0
2025-09-08 16:00:00,0.1285,0.1289,0.1277,0.128,1311034.95,0
2025-09-08 17:00:00,0.128,0.1284,0.127,0.1272,2072267.8,0
2025-09-08 18:00:00,0.1272,0.1284,0.1269,0.1284,1442095.39,0
2025-09-08 19:00:00,0.1283,0.1283,0.127,0.1274,1358012.3,0
2025-09-08 20:00:00,0.1275,0.1278,0.1263,0.1267,872048.22,0
2025-09-08 21:00:00,0.1266,0.1285,0.1264,0.1284,612232.88,0
2025-09-08 22:00:00,0.1284,0.129,0.128,0.1282,691675.58,0
2025-09-08 23:00:00,0.1282,0.1284,0.1274,0.128,410043.94,0
2025-09-09 00:00:00,0.1281,0.1298,0.1279,0.1294,1642290.63,0
2025-09-09 01:00:00,0.1295,0.1299,0.1281,0.1283,1596366.35,0
2025-09-09 02:00:00,0.1284,0.1286,0.1264,0.1269,1008628.04,0
2025-09-09 03:00:00,0.1269,0.1287,0.1268,0.1287,1203076.14,0
2025-09-09 04:00:00,0.1286,0.1295,0.1281,0.1292,1666179.57,0
2025-09-09 05:00:00,0.1292,0.1308,0.1287,0.1307,3940645.16,0
2025-09-09 06:00:00,0.1307,0.134,0.1306,0.1338,4086282.37,0
2025-09-09 07:00:00,0.1339,0.1346,0.1327,0.1338,3225705.37,0
2025-09-09 08:00:00,0.1338,0.135,0.1338,0.1349,3005000.07,0
2025-09-09 09:00:00,0.135,0.1359,0.1345,0.1348,10345004.34,0
2025-09-09 10:00:00,0.1349,0.136,0.1341,0.1345,4561155.72,0
2025-09-09 11:00:00,0.1346,0.1355,0.1342,0.1342,1876496.52,0
2025-09-09 12:00:00,0.1343,0.1356,0.1326,0.1328,2984967.52,0
2025-09-09 13:00:00,0.133,0.1334,0.1319,0.1332,2022162.38,0
2025-09-09 14:00:00,0.1332,0.1335,0.1297,0.1306,4462998.84,0
2025-09-09 15:00:00,0.1306,0.131,0.1279,0.129,3937715.26,0
2025-09-09 16:00:00,0.129,0.1291,0.1276,0.1285,2873296.82,0
2025-09-09 17:00:00,0.1286,0.1296,0.1282,0.1283,1608255.39,0
2025-09-09 18:00:00,0.1284,0.1296,0.1279,0.1295,1885764.39,0
2025-09-09 19:00:00,0.1296,0.1305,0.1287,0.1301,2350261.43,0
2025-09-09 20:00:00,0.1301,0.1303,0.129,0.1301,3473583.69,0
2025-09-09 21:00:00,0.1302,0.1304,0.1292,0.1294,1418211.82,0
2025-09-09 22:00:00,0.1294,0.1306,0.1291,0.1306,747063.03,0
2025-09-09 23:00:00,0.1307,0.131,0.13,0.1308,1575991.25,0
2025-09-10 00:00:00,0.1308,0.1311,0.1298,0.1299,1104246.17,0
2025-09-10 01:00:00,0.1299,0.1321,0.1295,0.1311,1523971.52,0
2025-09-10 02:00:00,0.1312,0.133,0.1312,0.1327,1513657.76,0
2025-09-10 03:00:00,0.1326,0.133,0.1318,0.1323,969318.83,0
2025-09-10 04:00:00,0.1323,0.1324,0.1314,0.132,754380.09,0
2025-09-10 05:00:00,0.1319,0.132,0.1305,0.1309,2119103.8,0
2025-09-10 06:00:00,0.131,0.131,0.1294,0.1305,3260025.34,0
2025-09-10 07:00:00,0.1305,0.1318,0.13,0.1308,2335974.05,0
2025-09-10 08:00:00,0.1309,0.1311,0.1303,0.1308,1535830.48,0
2025-09-10 09:00:00,0.1308,0.132,0.1303,0.1319,1349199.44,0
2025-09-10 10:00:00,0.132,0.1322,0.1305,0.1309,2704565.83,0
2025-09-10 11:00:00,0.1308,0.1315,0.1305,0.1312,849176.5,0
2025-09-10 12:00:00,0.1312,0.1336,0.1311,0.1335,2486715.49,0
2025-09-10 13:00:00,0.1335,0.135,0.1333,0.1338,3719687.67,0
2025-09-10 14:00:00,0.1339,0.1352,0.1338,0.134,1510814.75,0
2025-09-10 15:00:00,0.134,0.1349,0.1336,0.1338,1519926.76,0
2025-09-10 16:00:00,0.1339,0.1343,0.1322,0.1336,1914072.29,0
2025-09-10 17:00:00,0.1337,0.1343,0.1325,0.1333,942256.81,0
2025-09-10 18:00:00,0.1332,0.1333,0.1323,0.133,832835.46,0
2025-09-10 19:00:00,0.133,0.1331,0.1308,0.1316,2497635.09,0
2025-09-10 20:00:00,0.1316,0.132,0.1311,0.1317,1079000.03,0
2025-09-10 21:00:00,0.1316,0.1327,0.1316,0.1327,1218345.25,0
2025-09-10 22:00:00,0.1327,0.1333,0.1326,0.1332,867924.47,0
2025-09-10 23:00:00,0.1333,0.1336,0.133,0.1332,447213.29,0
2025-09-11 00:00:00,0.1332,0.1338,0.133,0.1336,753696.84,0
2025-09-11 01:00:00,0.1335,0.1348,0.1334,0.1346,780366.3,0
2025-09-11 02:00:00,0.1346,0.135,0.1342,0.1342,1189071.69,0
2025-09-11 03:00:00,0.1342,0.1353,0.134,0.1353,723078.85,0
2025-09-11 04:00:00,0.1352,0.1352,0.1343,0.1346,598168.98,0
2025-09-11 05:00:00,0.1346,0.1346,0.1333,0.1344,1380052.22,0
2025-09-11 06:00:00,0.1342,0.135,0.1338,0.1349,1074076.67,0
2025-09-11 07:00:00,0.1349,0.1373,0.1349,0.1362,3082398.16,0
2025-09-11 08:00:00,0.1362,0.137,0.1357,0.136,2530033.5,0
2025-09-11 09:00:00,0.1361,0.1361,0.1348,0.1356,1599835.03,0
2025-09-11 10:00:00,0.1356,0.1356,0.135,0.135,1221083.86,0
2025-09-11 11:00:00,0.1351,0.1355,0.1339,0.134,1405614.08,0
2025-09-11 12:00:00,0.1341,0.1362,0.132,0.1342,5312886.3,0
2025-09-11 13:00:00,0.1342,0.1343,0.1322,0.1341,2526501.34,0
2025-09-11 14:00:00,0.1341,0.1341,0.1319,0.1329,2457737.2,0
2025-09-11 15:00:00,0.1328,0.1332,0.1318,0.1321,1582432.05,0
2025-09-11 16:00:00,0.132,0.1335,0.1319,0.1329,1020734.92,0
2025-09-11 17:00:00,0.1328,0.1333,0.1323,0.1331,642378.99,0
2025-09-11 18:00:00,0.1331,0.1334,0.1323,0.1329,466386.9,0
2025-09-11 19:00:00,0.1329,0.1342,0.1328,0.134,702578.27,0
2025-09-11 20:00:00,0.134,0.1344,0.1335,0.1338,434449.07,0
2025-09-11 21:00:00,0.1338,0.1343,0.1335,0.1343,531661.1,0
2025-09-11 22:00:00,0.1342,0.135,0.1339,0.1346,1782240.57,0
2025-09-11 23:00:00,0.1345,0.1354,0.1345,0.1353,625710.27,0
2025-09-12 00:00:00,0.1353,0.137,0.135,0.136,1341733.34,0
2025-09-12 01:00:00,0.1361,0.1365,0.1352,0.1352,1541258.55,0
2025-09-12 02:00:00,0.1352,0.1362,0.1352,0.1354,1260850.12,0
2025-09-12 03:00:00,0.1355,0.1357,0.1347,0.1352,1232235.64,0
2025-09-12 04:00:00,0.1352,0.1357,0.1348,0.1353,851464.89,0
2025-09-12 05:00:00,0.1354,0.1365,0.1351,0.1365,1308252.03,0
2025-09-12 06:00:00,0.1364,0.1368,0.1355,0.1358,1448583.37,0
2025-09-12 07:00:00,0.1358,0.1363,0.1347,0.135,1054975.93,0
2025-09-12 08:00:00,0.1351,0.1351,0.1339,0.1343,1521466.88,0
2025-09-12 09:00:00,0.1342,0.1344,0.1331,0.1335,1313324.39,0
2025-09-12 10:00:00,0.1335,0.1336,0.1321,0.1331,1267649.87,0
2025-09-12 11:00:00,0.133,0.134,0.1325,0.1326,1638105.64,0
2025-09-12 12:00:00,0.1326,0.1339,0.132,0.1336,1133335.96,0
2025-09-12 13:00:00,0.1336,0.1344,0.1334,0.1343,997807.34,0
2025-09-12 14:00:00,0.1342,0.1354,0.1334,0.1342,1969477.83,0
2025-09-12 15:00:00,0.1342,0.1343,0.1324,0.1333,2412802.64,0
2025-09-12 16:00:00,0.1334,0.1352,0.1332,0.1351,946745.34,0
2025-09-12 17:00:00,0.1351,0.1361,0.1349,0.1356,1214778.74,0
2025-09-12 18:00:00,0.1357,0.1377,0.1356,0.1368,1273909.75,0
2025-09-12 19:00:00,0.1369,0.1369,0.136,0.1364,1590417.18,0
2025-09-12 20:00:00,0.1363,0.1366,0.1353,0.1363,1567540.33,0
2025-09-12 21:00:00,0.1361,0.1361,0.1351,0.1357,716540.58,0
2025-09-12 22:00:00,0.1358,0.1369,0.1357,0.136,1178114.37,0
2025-09-12 23:00:00,0.136,0.1363,0.1354,0.1363,630358.31,0
2025-09-13 00:00:00,0.1362,0.1368,0.1356,0.1367,1333511.02,0
2025-09-13 01:00:00,0.1366,0.1374,0.1363,0.1364,1379082.6,0
2025-09-13 02:00:00,0.1363,0.1369,0.136,0.1364,1122422.83,0
2025-09-13 03:00:00,0.1364,0.1375,0.1362,0.1374,895219.84,0
2025-09-13 04:00:00,0.1374,0.1376,0.1366,0.1367,770019.1,0
2025-09-13 05:00:00,0.1368,0.1371,0.1361,0.137,837966.32,0
2025-09-13 06:00:00,0.1369,0.1384,0.1369,0.1383,1185791.63,0
2025-09-13 07:00:00,0.1384,0.1387,0.1372,0.1372,1895823.24,0
2025-09-13 08:00:00,0.1372,0.1393,0.1372,0.1392,1302618.25,0
2025-09-13 09:00:00,0.1392,0.1403,0.1391,0.1402,2352980.06,0
2025-09-13 10:00:00,0.1402,0.1418,0.1397,0.1405,3359600.26,0
2025-09-13 11:00:00,0.1406,0.1406,0.1394,0.1401,3080722.26,0
2025-09-13 12:00:00,0.1401,0.1412,0.1397,0.1411,1629387.24,0
2025-09-13 13:00:00,0.1411,0.1411,0.1366,0.1388,4901238.35,0
2025-09-13 14:00:00,0.1388,0.1398,0.1375,0.1391,4227642.74,0
2025-09-13 15:00:00,0.1391,0.1398,0.1372,0.1377,2123277.0,0
2025-09-13 16:00:00,0.1378,0.1385,0.1357,0.136,7241385.69,0
2025-09-13 17:00:00,0.136,0.1366,0.1344,0.1364,2760422.1,0
2025-09-13 18:00:00,0.1363,0.1366,0.1355,0.1364,725521.56,0
2025-09-13 19:00:00,0.1365,0.1366,0.136,0.1363,1214849.56,0
2025-09-13 20:00:00,0.1363,0.1385,0.1362,0.1377,1597014.01,0
2025-09-13 21:00:00,0.1377,0.1384,0.1376,0.138,1269052.68,0
2025-09-13 22:00:00,0.1382,0.1385,0.1376,0.138,1195711.25,0
2025-09-13 23:00:00,0.1381,0.1384,0.1375,0.1379,1053750.85,0
2025-09-14 00:00:00,0.138,0.1383,0.1362,0.1366,1325064.61,0
2025-09-14 01:00:00,0.1365,0.1365,0.1348,0.1361,1129314.92,0
2025-09-14 02:00:00,0.1361,0.1375,0.1358,0.1363,1095348.93,0
2025-09-14 03:00:00,0.1363,0.1366,0.1343,0.1344,699322.3,0
2025-09-14 04:00:00,0.1345,0.1352,0.1332,0.1345,1651919.85,0
2025-09-14 05:00:00,0.1346,0.1355,0.1344,0.1354,1655397.86,0
2025-09-14 06:00:00,0.1354,0.1357,0.1338,0.1344,893610.21,0
2025-09-14 07:00:00,0.1345,0.135,0.1339,0.1343,1104087.71,0
2025-09-14 08:00:00,0.1343,0.1347,0.1338,0.1339,1162042.98,0
2025-09-14 09:00:00,0.1339,0.1353,0.1337,0.135,1955536.82,0
2025-09-14 10:00:00,0.135,0.1352,0.1344,0.1344,751731.36,0
2025-09-14 11:00:00,0.1345,0.1348,0.132,0.1322,2125586.86,0
2025-09-14 12:00:00,0.1322,0.1328,0.1309,0.1315,1750972.99,0
2025-09-14 13:00:00,0.1315,0.1323,0.1302,0.1312,1280560.27,0
2025-09-14 14:00:00,0.1312,0.1325,0.1302,0.1312,1734836.96,0
2025-09-14 15:00:00,0.1312,0.1317,0.1301,0.1314,2266626.21,0
2025-09-14 16:00:00,0.1314,0.1326,0.1311,0.132,819446.01,0
2025-09-14 17:00:00,0.1321,0.1331,0.1313,0.1329,1035321.25,0
2025-09-14 18:00:00,0.1328,0.1328,0.1317,0.1318,846153.19,0
2025-09-14 19:00:00,0.1318,0.1326,0.1313,0.132,665667.8,0
2025-09-14 20:00:00,0.1319,0.1329,0.1319,0.1319,602392.49,0
2025-09-14 21:00:00,0.1319,0.1329,0.1312,0.1323,571160.33,0
2025-09-14 22:00:00,0.1325,0.1334,0.1319,0.1328,741789.51,0
2025-09-14 23:00:00,0.1328,0.1328,0.1313,0.1316,586913.03,0
2025-09-15 00:00:00,0.1316,0.1324,0.1314,0.1314,929132.1,0
2025-09-15 01:00:00,0.1314,0.1319,0.1295,0.1316,1555997.16,0
2025-09-15 02:00:00,0.1315,0.1324,0.1313,0.1315,716513.74,0
2025-09-15 03:00:00,0.1315,0.1333,0.1315,0.1329,1311977.04,0
2025-09-15 04:00:00,0.1328,0.1338,0.1326,0.1335,1541079.7,0
2025-09-15 05:00:00,0.1336,0.1379,0.1335,0.1374,5154528.56,0
2025-09-15 06:00:00,0.1375,0.1389,0.1357,0.1365,8108842.09,0
2025-09-15 07:00:00,0.1366,0.1392,0.1356,0.1358,6622190.56,0
2025-09-15 08:00:00,0.1359,0.138,0.133,0.1346,15134926.44,0
2025-09-15 09:00:00,0.1346,0.1401,0.1345,0.1401,16493282.33,0
2025-09-15 10:00:00,0.14,0.1453,0.1383,0.1427,48413890.04,0
2025-09-15 11:00:00,0.1427,0.1427,0.1361,0.1378,15072940.52,0
2025-09-15 12:00:00,0.1378,0.1389,0.1344,0.1345,9874928.81,0
2025-09-15 13:00:00,0.1344,0.1356,0.1318,0.1335,8375843.16,0
2025-09-15 14:00:00,0.1335,0.1336,0.1311,0.1315,8338201.88,0
2025-09-15 15:00:00,0.1316,0.1331,0.1308,0.1319,5055847.92,0
2025-09-15 16:00:00,0.1318,0.1319,0.1291,0.1296,4169419.93,0
2025-09-15 17:00:00,0.1296,0.1312,0.1293,0.1312,1992535.23,0
2025-09-15 18:00:00,0.1312,0.1313,0.1301,0.1309,1592484.56,0
2025-09-15 19:00:00,0.1308,0.1311,0.1289,0.1302,2051572.52,0
2025-09-15 20:00:00,0.1302,0.1314,0.1299,0.1307,1300971.35,0
2025-09-15 21:00:00,0.1306,0.1328,0.1303,0.1319,1210583.73,0
2025-09-15 22:00:00,0.132,0.133,0.1315,0.1319,1334773.76,0
2025-09-15 23:00:00,0.1318,0.1319,0.1307,0.1315,1240491.09,0
2025-09-16 00:00:00,0.1314,0.1314,0.1295,0.1299,1593133.66,0
2025-09-16 01:00:00,0.13,0.1308,0.1286,0.1288,1775328.45,0
2025-09-16 02:00:00,0.1288,0.1296,0.1286,0.1286,2840711.47,0
2025-09-16 03:00:00,0.1286,0.1294,0.1283,0.1283,1534287.73,0
2025-09-16 04:00:00,0.1285,0.1297,0.1277,0.1296,2176049.99,0
2025-09-16 05:00:00,0.1295,0.1302,0.1285,0.1299,2934181.39,0
2025-09-16 06:00:00,0.1299,0.1306,0.1286,0.1289,2427510.66,0
2025-09-16 07:00:00,0.129,0.13,0.1285,0.1294,1930871.67,0
2025-09-16 08:00:00,0.1295,0.1308,0.1291,0.1302,2353111.31,0
2025-09-16 09:00:00,0.1301,0.1323,0.1295,0.132,5479706.09,0
2025-09-16 10:00:00,0.1319,0.133,0.1309,0.1317,4959479.19,0
2025-09-16 11:00:00,0.1316,0.1324,0.1312,0.1318,1408072.77,0
2025-09-16 12:00:00,0.1319,0.1327,0.1311,0.1321,2333463.25,0
2025-09-16 13:00:00,0.132,0.1336,0.1307,0.1324,2366514.81,0
2025-09-16 14:00:00,0.1324,0.1338,0.1305,0.1331,3062329.02,0
2025-09-16 15:00:00,0.133,0.1342,0.1323,0.1342,1876542.34,0
2025-09-16 16:00:00,0.1342,0.1344,0.1327,0.133,2442899.14,0
2025-09-16 17:00:00,0.1331,0.1345,0.133,0.1336,1647703.87,0
2025-09-16 18:00:00,0.1336,0.1345,0.1333,0.1337,1277313.52,0
2025-09-16 19:00:00,0.1337,0.1349,0.1335,0.1347,1594477.94,0
2025-09-16 20:00:00,0.1347,0.1351,0.1343,0.1347,1432570.81,0
2025-09-16 21:00:00,0.1347,0.136,0.1346,0.1358,1884456.09,0
2025-09-16 22:00:00,0.136,0.1368,0.1356,0.1356,2715865.14,0
2025-09-16 23:00:00,0.1355,0.1359,0.1349,0.1352,1394154.89,0
2025-09-17 00:00:00,0.1352,0.1354,0.1345,0.1346,754428.46,0
2025-09-17 01:00:00,0.1347,0.135,0.134,0.1346,750490.54,0
2025-09-17 02:00:00,0.1346,0.1366,0.1342,0.1354,1181246.23,0
2025-09-17 03:00:00,0.1355,0.1359,0.134,0.1341,1592358.82,0
2025-09-17 04:00:00,0.1342,0.1347,0.1326,0.1331,1406320.53,0
2025-09-17 05:00:00,0.1331,0.1348,0.1331,0.1348,1187228.89,0
2025-09-17 06:00:00,0.1348,0.1349,0.1338,0.1349,1317990.0,0
2025-09-17 07:00:00,0.1349,0.1351,0.1343,0.1344,1193587.66,0
2025-09-17 08:00:00,0.1345,0.1346,0.1331,0.1334,1410004.94,0
2025-09-17 09:00:00,0.1334,0.1334,0.1317,0.1317,2287647.57,0
2025-09-17 10:00:00,0.1318,0.1323,0.1312,0.1317,1454066.74,0
2025-09-17 11:00:00,0.1316,0.1324,0.1316,0.1319,1045136.2,0
2025-09-17 12:00:00,0.1319,0.1325,0.1314,0.1321,1209434.95,0
2025-09-17 13:00:00,0.132,0.1332,0.1319,0.1325,1735572.09,0
2025-09-17 14:00:00,0.1325,0.1331,0.1315,0.1315,1111884.1,0
2025-09-17 15:00:00,0.1316,0.1321,0.131,0.1312,1022193.28,0
2025-09-17 16:00:00,0.1312,0.1323,0.13,0.1322,1493894.85,0
2025-09-17 17:00:00,0.1322,0.1344,0.1313,0.1319,2954744.0,0
2025-09-17 18:00:00,0.1319,0.135,0.1318,0.1326,6143590.97,0
2025-09-17 19:00:00,0.1325,0.1359,0.1325,0.1355,2140290.89,0
2025-09-17 20:00:00,0.1356,0.1368,0.134,0.1342,2651628.26,0
2025-09-17 21:00:00,0.1342,0.1367,0.1332,0.1365,1565012.63,0
2025-09-17 22:00:00,0.1366,0.1386,0.1366,0.1382,1746308.16,0
2025-09-17 23:00:00,0.1383,0.1388,0.1375,0.1378,2406079.0,0
2025-09-18 00:00:00,0.1379,0.1388,0.137,0.1373,1528565.02,0
2025-09-18 01:00:00,0.1374,0.1386,0.1372,0.1381,1532903.46,0
2025-09-18 02:00:00,0.1382,0.1385,0.1373,0.1385,1075449.84,0
2025-09-18 03:00:00,0.1385,0.1399,0.1382,0.1393,2223906.4,0
2025-09-18 04:00:00,0.1393,0.1396,0.1382,0.1392,1860371.33,0
2025-09-18 05:00:00,0.1393,0.1393,0.1377,0.1377,1874481.53,0
2025-09-18 06:00:00,0.1378,0.1379,0.136,0.1364,2420894.31,0
2025-09-18 07:00:00,0.1363,0.1374,0.1361,0.1369,1207349.08,0
2025-09-18 08:00:00,0.1369,0.1384,0.1365,0.138,1585747.32,0
2025-09-18 09:00:00,0.138,0.1389,0.1376,0.1382,1483857.71,0
2025-09-18 10:00:00,0.1382,0.1385,0.1366,0.1374,1577367.23,0
2025-09-18 11:00:00,0.1375,0.1383,0.1371,0.1382,1439924.68,0
2025-09-18 12:00:00,0.1383,0.1387,0.1373,0.1379,2143129.05,0
2025-09-18 13:00:00,0.1379,0.1393,0.1374,0.1391,2420611.18,0
2025-09-18 14:00:00,0.139,0.1405,0.1388,0.1391,4194388.56,0
2025-09-18 15:00:00,0.1391,0.1402,0.1388,0.1396,1436572.95,0
2025-09-18 16:00:00,0.1397,0.1407,0.1387,0.1394,6583365.61,0
2025-09-18 17:00:00,0.1394,0.1403,0.1388,0.1394,2255718.31,0
2025-09-18 18:00:00,0.1394,0.1399,0.1389,0.1393,5148490.39,0
2025-09-18 19:00:00,0.1394,0.1394,0.1371,0.1381,4677972.6,0
2025-09-18 20:00:00,0.1381,0.1392,0.138,0.1384,2678268.05,0
2025-09-18 21:00:00,0.1384,0.1395,0.138,0.1388,2356916.12,0
2025-09-18 22:00:00,0.1389,0.1392,0.1375,0.1375,2958112.8,0
2025-09-18 23:00:00,0.1375,0.1377,0.1366,0.1371,3091455.49,0
2025-09-19 00:00:00,0.1372,0.1389,0.1372,0.1387,2367123.08,0
2025-09-19 01:00:00,0.1387,0.1394,0.1371,0.1373,2805732.63,0
2025-09-19 02:00:00,0.1372,0.1379,0.1357,0.1358,3757733.52,0
2025-09-19 03:00:00,0.1358,0.1366,0.1339,0.1343,8467755.33,0
2025-09-19 04:00:00,0.1343,0.1351,0.1328,0.1349,4711923.42,0
2025-09-19 05:00:00,0.1348,0.1348,0.1328,0.1334,2486558.81,0
2025-09-19 06:00:00,0.1334,0.1338,0.1325,0.1326,2101564.96,0
2025-09-19 07:00:00,0.1327,0.134,0.1325,0.1335,2239916.34,0
2025-09-19 08:00:00,0.1335,0.134,0.1328,0.1329,2509365.29,0
2025-09-19 09:00:00,0.1329,0.1338,0.1316,0.1321,2462239.75,0
2025-09-19 10:00:00,0.1321,0.1324,0.1316,0.1321,2263441.03,0
2025-09-19 11:00:00,0.132,0.1323,0.1308,0.1313,1937064.25,0
2025-09-19 12:00:00,0.1313,0.132,0.131,0.1314,1156259.31,0
2025-09-19 13:00:00,0.1313,0.1329,0.1312,0.1322,1126380.38,0
2025-09-19 14:00:00,0.1323,0.1325,0.1304,0.131,2142062.07,0
2025-09-19 15:00:00,0.131,0.1315,0.1293,0.131,3717368.16,0
2025-09-19 16:00:00,0.1309,0.1317,0.1308,0.1312,1431361.71,0
2025-09-19 17:00:00,0.1312,0.1312,0.1296,0.1296,1839075.89,0
2025-09-19 18:00:00,0.1296,0.13,0.1288,0.1294,1705991.55,0
2025-09-19 19:00:00,0.1294,0.1299,0.1289,0.1289,1478383.91,0
2025-09-19 20:00:00,0.1289,0.1295,0.1285,0.1286,1342484.66,0
2025-09-19 21:00:00,0.1286,0.1293,0.1282,0.1291,1559906.62,0
2025-09-19 22:00:00,0.1291,0.1294,0.1286,0.1286,1288228.28,0
2025-09-19 23:00:00,0.1287,0.1287,0.1264,0.1278,2904930.09,0
2025-09-20 00:00:00,0.1278,0.1286,0.1274,0.1286,1365522.94,0
2025-09-20 01:00:00,0.1285,0.1287,0.1277,0.1282,1311330.65,0
2025-09-20 02:00:00,0.1281,0.1287,0.1268,0.1287,874190.24,0
2025-09-20 03:00:00,0.1286,0.1291,0.128,0.1289,1143319.93,0
2025-09-20 04:00:00,0.1288,0.1307,0.1286,0.13,1829688.15,0
2025-09-20 05:00:00,0.1299,0.1315,0.1299,0.1312,1674231.19,0
2025-09-20 06:00:00,0.1312,0.1312,0.1301,0.1303,1063956.59,0
2025-09-20 07:00:00,0.1302,0.1313,0.1299,0.1313,1326458.31,0
2025-09-20 08:00:00,0.1313,0.1316,0.1301,0.1302,2077182.85,0
2025-09-20 09:00:00,0.1302,0.131,0.1293,0.1298,1412563.6,0
2025-09-20 10:00:00,0.1299,0.1302,0.1287,0.1288,903713.3,0
2025-09-20 11:00:00,0.1288,0.1298,0.1285,0.1297,884108.12,0
2025-09-20 12:00:00,0.1297,0.1304,0.1295,0.1301,800790.53,0
2025-09-20 13:00:00,0.1301,0.1308,0.1298,0.1303,930144.18,0
2025-09-20 14:00:00,0.1303,0.1329,0.1299,0.1327,1522838.17,0
2025-09-20 15:00:00,0.1327,0.1336,0.1322,0.1329,1904277.59,0
2025-09-20 16:00:00,0.1329,0.1333,0.1308,0.1317,3240623.89,0
2025-09-20 17:00:00,0.1317,0.132,0.1307,0.131,1213665.48,0
2025-09-20 18:00:00,0.1309,0.1314,0.1303,0.1307,763738.95,0
2025-09-20 19:00:00,0.1307,0.131,0.1299,0.1302,416840.41,0
2025-09-20 20:00:00,0.1302,0.1312,0.13,0.1308,706855.66,0
2025-09-20 21:00:00,0.1309,0.1317,0.1308,0.1311,670375.94,0
2025-09-20 22:00:00,0.1311,0.1312,0.1304,0.1306,486151.44,0
2025-09-20 23:00:00,0.1307,0.1307,0.1296,0.1298,510892.3,0
2025-09-21 00:00:00,0.1299,0.1303,0.1291,0.1299,938707.3,0
2025-09-21 01:00:00,0.13,0.1306,0.1293,0.1295,917194.98,0
2025-09-21 02:00:00,0.1295,0.1304,0.1289,0.1303,1095141.48,0
2025-09-21 03:00:00,0.1303,0.1308,0.13,0.1307,695690.52,0
2025-09-21 04:00:00,0.1307,0.1308,0.13,0.1305,761315.56,0
2025-09-21 05:00:00,0.1305,0.1318,0.1303,0.1317,992581.09,0
2025-09-21 06:00:00,0.1318,0.1325,0.1314,0.1317,1455199.1,0
2025-09-21 07:00:00,0.1316,0.1325,0.1311,0.1312,889084.65,0
2025-09-21 08:00:00,0.1313,0.1319,0.1304,0.1312,2018002.63,0
2025-09-21 09:00:00,0.1312,0.1314,0.1288,0.13,2503530.88,0
2025-09-21 10:00:00,0.1299,0.1303,0.129,0.1291,1002453.84,0
2025-09-21 11:00:00,0.129,0.1301,0.1288,0.1296,838555.27,0
2025-09-21 12:00:00,0.1295,0.131,0.1294,0.1297,2003729.88,0
2025-09-21 13:00:00,0.1297,0.1312,0.1297,0.1311,984901.51,0
2025-09-21 14:00:00,0.1311,0.1315,0.13,0.13,1042456.61,0
2025-09-21 15:00:00,0.13,0.1309,0.1299,0.13,601493.53,0
2025-09-21 16:00:00,0.13,0.1318,0.13,0.1307,2642249.78,0
2025-09-21 17:00:00,0.1308,0.1314,0.1293,0.1313,1097834.98,0
2025-09-21 18:00:00,0.1314,0.1319,0.1305,0.1309,964919.36,0
2025-09-21 19:00:00,0.1309,0.1309,0.1297,0.1306,1099618.39,0
2025-09-21 20:00:00,0.1306,0.1309,0.1299,0.1303,705009.16,0
2025-09-21 21:00:00,0.1303,0.1311,0.1301,0.1303,751743.29,0
2025-09-21 22:00:00,0.1304,0.1309,0.1296,0.1307,1757052.21,0
2025-09-21 23:00:00,0.1306,0.1306,0.1286,0.1287,1190827.79,0
2025-09-22 00:00:00,0.1288,0.1296,0.1244,0.125,5688227.66,0
2025-09-22 01:00:00,0.125,0.1262,0.1239,0.1251,1595317.26,0
2025-09-22 02:00:00,0.1251,0.1256,0.1225,0.1234,2231788.93,0
2025-09-22 03:00:00,0.1234,0.125,0.1233,0.1243,2368577.53,0
2025-09-22 04:00:00,0.1244,0.1257,0.1238,0.1248,1268536.09,0
2025-09-22 05:00:00,0.1247,0.1253,0.1222,0.1223,1889166.95,0
2025-09-22 06:00:00,0.1223,0.1224,0.109,0.1205,26633196.42,0
2025-09-22 07:00:00,0.1204,0.1211,0.1196,0.1198,8133210.7,0
2025-09-22 08:00:00,0.1197,0.12,0.1188,0.1192,4027018.27,0
2025-09-22 09:00:00,0.1191,0.1194,0.1175,0.1177,2977904.22,0
2025-09-22 10:00:00,0.1178,0.1194,0.1175,0.1194,1815705.49,0
2025-09-22 11:00:00,0.1194,0.1197,0.118,0.119,2619486.1,0
2025-09-22 12:00:00,0.1189,0.1195,0.1183,0.1189,2446176.61,0
2025-09-22 13:00:00,0.1188,0.1196,0.1179,0.1192,2171776.04,0
2025-09-22 14:00:00,0.1191,0.1193,0.1171,0.1175,2596969.68,0
2025-09-22 15:00:00,0.1174,0.1177,0.1161,0.1168,3093671.97,0
2025-09-22 16:00:00,0.1168,0.1173,0.1159,0.116,2338120.64,0
2025-09-22 17:00:00,0.116,0.1174,0.1154,0.1168,1824586.03,0
2025-09-22 18:00:00,0.1169,0.1173,0.1166,0.1166,1177365.63,0
2025-09-22 19:00:00,0.1167,0.1168,0.1153,0.1159,2577936.37,0
2025-09-22 20:00:00,0.1159,0.1177,0.1158,0.1175,864128.77,0
2025-09-22 21:00:00,0.1175,0.1186,0.1171,0.1184,807435.03,0
2025-09-22 22:00:00,0.1184,0.1186,0.1179,0.1183,529701.48,0
2025-09-22 23:00:00,0.1183,0.1191,0.1182,0.1189,536813.9,0
2025-09-23 00:00:00,0.1189,0.119,0.1177,0.1178,1057437.69,0
2025-09-23 01:00:00,0.1178,0.1179,0.1165,0.1165,949161.11,0
2025-09-23 02:00:00,0.1165,0.1173,0.116,0.1161,1916500.05,0
2025-09-23 03:00:00,0.1161,0.118,0.115,0.1175,1970249.21,0
2025-09-23 04:00:00,0.1175,0.1179,0.1165,0.1167,642474.8,0
2025-09-23 05:00:00,0.1167,0.1181,0.1162,0.1175,1398077.25,0
2025-09-23 06:00:00,0.1174,0.1196,0.1174,0.1196,1772438.46,0
2025-09-23 07:00:00,0.1195,0.1199,0.119,0.1191,848748.6,0
2025-09-23 08:00:00,0.119,0.1199,0.1189,0.1199,954989.93,0
2025-09-23 09:00:00,0.1198,0.1204,0.119,0.1191,827467.19,0
2025-09-23 10:00:00,0.1192,0.1205,0.1189,0.1204,761599.55,0
2025-09-23 11:00:00,0.1204,0.121,0.1192,0.1208,4084327.2,0
2025-09-23 12:00:00,0.1207,0.1211,0.1196,0.1203,2991350.53,0
2025-09-23 13:00:00,0.1203,0.1213,0.1198,0.12,1242887.39,0
2025-09-23 14:00:00,0.12,0.1212,0.1192,0.1192,1690271.16,0
2025-09-23 15:00:00,0.1193,0.1209,0.1187,0.1203,1253600.59,0
2025-09-23 16:00:00,0.1203,0.1216,0.1194,0.1209,1380357.26,0
2025-09-23 17:00:00,0.121,0.121,0.1183,0.1186,1025838.8,0
2025-09-23 18:00:00,0.1186,0.1192,0.1174,0.1179,1203301.3,0
2025-09-23 19:00:00,0.1178,0.119,0.1167,0.1169,725019.78,0
2025-09-23 20:00:00,0.117,0.118,0.1154,0.1177,4203134.2,0
2025-09-23 21:00:00,0.1177,0.1191,0.1176,0.1187,939455.46,0
2025-09-23 22:00:00,0.1187,0.1191,0.1181,0.1183,799053.0,0
2025-09-23 23:00:00,0.1183,0.1187,0.1174,0.1177,649838.3,0
2025-09-24 00:00:00,0.1177,0.1194,0.1177,0.1188,417723.69,0
2025-09-24 01:00:00,0.1187,0.1202,0.1184,0.1199,597492.3,0
2025-09-24 02:00:00,0.1199,0.1202,0.1189,0.1197,1518668.35,0
2025-09-24 03:00:00,0.1197,0.1199,0.117,0.1175,1422397.58,0
2025-09-24 04:00:00,0.1174,0.1193,0.1157,0.1186,2013948.44,0
2025-09-24 05:00:00,0.1185,0.1214,0.1184,0.121,1766759.16,0
2025-09-24 06:00:00,0.121,0.1214,0.1205,0.1211,874170.99,0
2025-09-24 07:00:00,0.121,0.1219,0.1209,0.1219,1057487.59,0
2025-09-24 08:00:00,0.122,0.1223,0.1209,0.1212,1023329.24,0
2025-09-24 09:00:00,0.1212,0.1225,0.121,0.1219,849658.79,0
2025-09-24 10:00:00,0.122,0.1223,0.1213,0.1223,1052045.67,0
2025-09-24 11:00:00,0.1222,0.124,0.1219,0.1236,1848936.36,0
2025-09-24 12:00:00,0.1236,0.1247,0.1232,0.1234,1535598.48,0
2025-09-24 13:00:00,0.1234,0.1241,0.1225,0.1226,1485503.61,0
2025-09-24 14:00:00,0.1225,0.125,0.1225,0.124,1115478.0,0
2025-09-24 15:00:00,0.1241,0.1242,0.1227,0.1228,1148384.25,0
2025-09-24 16:00:00,0.1229,0.123,0.1223,0.1229,554123.79,0
2025-09-24 17:00:00,0.1229,0.124,0.1228,0.1234,1062916.74,0
2025-09-24 18:00:00,0.1235,0.1236,0.1222,0.1226,1462652.39,0
2025-09-24 19:00:00,0.1227,0.1229,0.1222,0.1226,568393.89,0
2025-09-24 20:00:00,0.1227,0.1234,0.1222,0.1232,767799.99,0
2025-09-24 21:00:00,0.1231,0.1234,0.1219,0.1222,408544.45,0
2025-09-24 22:00:00,0.1223,0.1232,0.1223,0.1229,435894.51,0
2025-09-24 23:00:00,0.1229,0.1238,0.1229,0.1233,605479.74,0
2025-09-25 00:00:00,0.1233,0.1234,0.1214,0.1217,1439026.87,0
2025-09-25 01:00:00,0.1217,0.1223,0.1209,0.1212,1502034.24,0
2025-09-25 02:00:00,0.1213,0.1224,0.1199,0.1211,1720945.8,0
2025-09-25 03:00:00,0.121,0.121,0.1192,0.1204,1210794.55,0
2025-09-25 04:00:00,0.1203,0.1205,0.1179,0.1185,2643913.11,0
2025-09-25 05:00:00,0.1186,0.1201,0.1178,0.1191,709439.79,0
2025-09-25 06:00:00,0.1191,0.1194,0.1181,0.1183,795144.4,0
2025-09-25 07:00:00,0.1182,0.1196,0.1178,0.118,1029798.15,0
2025-09-25 08:00:00,0.118,0.119,0.1179,0.1185,955447.42,0
2025-09-25 09:00:00,0.1186,0.1199,0.1182,0.1182,1872346.15,0
2025-09-25 10:00:00,0.1182,0.1195,0.1182,0.1183,785389.59,0
2025-09-25 11:00:00,0.1183,0.1188,0.1168,0.1172,2082386.05,0
2025-09-25 12:00:00,0.1173,0.1189,0.115,0.1178,3824475.25,0
2025-09-25 13:00:00,0.1179,0.1194,0.1167,0.1183,2540840.56,0
2025-09-25 14:00:00,0.1184,0.1205,0.1184,0.1189,1666841.28,0
2025-09-25 15:00:00,0.1189,0.1191,0.1179,0.1184,1279336.9,0
2025-09-25 16:00:00,0.1183,0.1187,0.1151,0.1154,2856161.63,0
2025-09-25 17:00:00,0.1154,0.1159,0.1118,0.1129,10312595.97,0
2025-09-25 18:00:00,0.1129,0.1166,0.1119,0.1165,4487425.33,0
2025-09-25 19:00:00,0.1165,0.1171,0.1155,0.1157,1141831.75,0
2025-09-25 20:00:00,0.1157,0.1158,0.1141,0.1143,940044.66,0
2025-09-25 21:00:00,0.1144,0.1157,0.1138,0.1155,1769140.79,0
2025-09-25 22:00:00,0.1154,0.1161,0.1144,0.1149,1722181.43,0
2025-09-25 23:00:00,0.1148,0.1156,0.1131,0.1142,1897840.0,0
2025-09-26 00:00:00,0.1142,0.1157,0.1134,0.1155,1437588.57,0
2025-09-26 01:00:00,0.1155,0.116,0.115,0.1154,1127985.53,0
2025-09-26 02:00:00,0.1154,0.116,0.1148,0.1153,906848.37,0
2025-09-26 03:00:00,0.1154,0.1158,0.1148,0.1156,1399649.71,0
2025-09-26 04:00:00,0.1157,0.1162,0.1152,0.1155,855637.27,0
2025-09-26 05:00:00,0.1155,0.1169,0.1153,0.1159,1361098.0,0
2025-09-26 06:00:00,0.1159,0.1166,0.1148,0.1153,1677042.43,0
2025-09-26 07:00:00,0.1153,0.1163,0.1147,0.116,999110.58,0
2025-09-26 08:00:00,0.1161,0.1173,0.116,0.1164,1402640.59,0
2025-09-26 09:00:00,0.1164,0.1168,0.1148,0.1153,1241725.86,0
2025-09-26 10:00:00,0.1153,0.1153,0.1134,0.1139,2186355.15,0
2025-09-26 11:00:00,0.1139,0.1152,0.1135,0.1145,1743666.59,0
2025-09-26 12:00:00,0.1144,0.1164,0.113,0.1156,2495079.33,0
2025-09-26 13:00:00,0.1156,0.1172,0.1149,0.117,2696795.49,0
2025-09-26 14:00:00,0.1169,0.1171,0.1153,0.1159,1360527.5,0
2025-09-26 15:00:00,0.1159,0.1171,0.1159,0.1167,1274350.33,0
2025-09-26 16:00:00,0.1168,0.1182,0.1168,0.1181,1101975.88,0
2025-09-26 17:00:00,0.1181,0.1195,0.1178,0.1191,2213364.47,0
2025-09-26 18:00:00,0.1191,0.1201,0.119,0.1193,1377721.08,0
2025-09-26 19:00:00,0.1192,0.1193,0.1179,0.1186,1411875.33,0
2025-09-26 20:00:00,0.1185,0.1191,0.118,0.1183,382749.79,0
2025-09-26 21:00:00,0.1182,0.1189,0.1181,0.1189,679716.97,0
2025-09-26 22:00:00,0.1189,0.1194,0.1184,0.1185,319519.29,0
2025-09-26 23:00:00,0.1184,0.119,0.118,0.1189,604540.41,0
2025-09-27 00:00:00,0.1189,0.1197,0.1182,0.1197,1266702.36,0
2025-09-27 01:00:00,0.1196,0.1197,0.1184,0.1187,552198.89,0
2025-09-27 02:00:00,0.1187,0.1195,0.1187,0.1194,768880.51,0
2025-09-27 03:00:00,0.1194,0.1199,0.119,0.1192,783836.87,0
2025-09-27 04:00:00,0.1192,0.1196,0.1189,0.1195,384537.57,0
2025-09-27 05:00:00,0.1195,0.1202,0.119,0.1197,993259.18,0
2025-09-27 06:00:00,0.1197,0.1198,0.1192,0.1197,468989.61,0
2025-09-27 07:00:00,0.1197,0.1202,0.1193,0.1197,654344.1,0
2025-09-27 08:00:00,0.1197,0.1199,0.1183,0.1184,3383115.87,0
2025-09-27 09:00:00,0.1184,0.1193,0.1178,0.1192,1383952.36,0
2025-09-27 10:00:00,0.1192,0.121,0.1191,0.1205,2035929.18,0
2025-09-27 11:00:00,0.1204,0.1204,0.1198,0.1202,587228.65,0
2025-09-27 12:00:00,0.1202,0.1204,0.1188,0.1201,1262229.72,0
2025-09-27 13:00:00,0.12,0.1203,0.1197,0.12,643872.17,0
2025-09-27 14:00:00,0.12,0.1207,0.12,0.1204,591575.78,0
2025-09-27 15:00:00,0.1205,0.1215,0.1195,0.1214,1559409.32,0
2025-09-27 16:00:00,0.1214,0.1215,0.1201,0.1203,1070601.7,0
2025-09-27 17:00:00,0.1203,0.1203,0.1189,0.12,1798782.4,0
2025-09-27 18:00:00,0.12,0.1208,0.1195,0.1207,1061786.06,0
2025-09-27 19:00:00,0.1207,0.122,0.1207,0.122,2230728.0,0
2025-09-27 20:00:00,0.122,0.1223,0.1207,0.1208,1465070.65,0
2025-09-27 21:00:00,0.1208,0.1217,0.1206,0.1214,427329.87,0
2025-09-27 22:00:00,0.1214,0.1229,0.1214,0.1218,1295251.06,0
2025-09-27 23:00:00,0.1218,0.1219,0.1211,0.1212,253960.64,0
2025-09-28 00:00:00,0.1212,0.1218,0.1206,0.1207,919585.78,0
2025-09-28 01:00:00,0.1207,0.1208,0.1195,0.1199,469757.62,0
2025-09-28 02:00:00,0.1199,0.1205,0.1197,0.1203,527558.82,0
2025-09-28 03:00:00,0.1203,0.1208,0.1199,0.1207,654327.33,0
2025-09-28 04:00:00,0.1207,0.1207,0.1198,0.1202,525402.34,0
2025-09-28 05:00:00,0.1203,0.1209,0.1198,0.1202,494883.33,0
2025-09-28 06:00:00,0.1201,0.1202,0.1189,0.1195,1067687.17,0
2025-09-28 07:00:00,0.1195,0.1199,0.1189,0.1196,406458.34,0
2025-09-28 08:00:00,0.1196,0.1199,0.1187,0.119,1344543.74,0
2025-09-28 09:00:00,0.119,0.1196,0.1185,0.1191,984367.63,0
2025-09-28 10:00:00,0.1192,0.1198,0.1183,0.1196,943080.07,0
2025-09-28 11:00:00,0.1195,0.1197,0.1187,0.1192,845435.52,0
2025-09-28 12:00:00,0.1192,0.1192,0.1179,0.1186,1147670.49,0
2025-09-28 13:00:00,0.1185,0.1207,0.1184,0.1203,1972714.6,0
2025-09-28 14:00:00,0.1203,0.1205,0.1197,0.1203,803702.85,0
2025-09-28 15:00:00,0.1202,0.1204,0.1199,0.1204,701997.8,0
2025-09-28 16:00:00,0.1204,0.1214,0.1202,0.1205,884513.09,0
2025-09-28 17:00:00,0.1206,0.1219,0.1204,0.1209,1291584.64,0
2025-09-28 18:00:00,0.121,0.1214,0.1207,0.1213,802852.63,0
2025-09-28 19:00:00,0.1213,0.1214,0.1207,0.121,519080.01,0
2025-09-28 20:00:00,0.1209,0.1222,0.1208,0.1214,768964.24,0
2025-09-28 21:00:00,0.1214,0.122,0.1212,0.1216,373841.93,0
2025-09-28 22:00:00,0.1217,0.1237,0.1217,0.1234,1785968.86,0
2025-09-28 23:00:00,0.1234,0.1236,0.1229,0.1233,728787.61,0
2025-09-29 00:00:00,0.1233,0.1233,0.1227,0.1227,776809.21,0
2025-09-29 01:00:00,0.1228,0.123,0.1222,0.1222,515422.57,0
2025-09-29 02:00:00,0.1223,0.1229,0.122,0.1225,559770.73,0
2025-09-29 03:00:00,0.1224,0.1225,0.1217,0.1222,877494.92,0
2025-09-29 04:00:00,0.1223,0.1223,0.1216,0.1216,260052.39,0
2025-09-29 05:00:00,0.1217,0.1217,0.121,0.1217,440490.95,0
2025-09-29 06:00:00,0.1216,0.1217,0.1209,0.121,847655.91,0
2025-09-29 07:00:00,0.121,0.1219,0.1208,0.1217,1168018.6,0
2025-09-29 08:00:00,0.1217,0.1227,0.1214,0.1225,1525511.39,0
2025-09-29 09:00:00,0.1224,0.123,0.122,0.1223,750301.68,0
2025-09-29 10:00:00,0.1223,0.1234,0.1222,0.1231,1655902.25,0
2025-09-29 11:00:00,0.1231,0.1232,0.122,0.1222,1060920.35,0
2025-09-29 12:00:00,0.1222,0.1224,0.1203,0.1208,1109713.66,0
2025-09-29 13:00:00,0.1207,0.1235,0.1202,0.1232,1564421.46,0
2025-09-29 14:00:00,0.1231,0.1249,0.123,0.1247,3068546.42,0
2025-09-29 15:00:00,0.1247,0.125,0.1232,0.1232,1438694.79,0
2025-09-29 16:00:00,0.1233,0.1239,0.1225,0.1227,532413.91,0
2025-09-29 17:00:00,0.1226,0.1236,0.1219,0.1235,1018822.09,0
2025-09-29 18:00:00,0.1235,0.1235,0.1225,0.1229,438592.35,0
2025-09-29 19:00:00,0.123,0.1248,0.1228,0.1246,1539053.16,0
2025-09-29 20:00:00,0.1246,0.1262,0.1245,0.1259,3441320.61,0
2025-09-29 21:00:00,0.126,0.126,0.1248,0.1249,1156314.08,0
2025-09-29 22:00:00,0.125,0.1255,0.1248,0.1252,962973.57,0
2025-09-29 23:00:00,0.1252,0.1255,0.1246,0.1249,903671.3,0
2025-09-30 00:00:00,0.1249,0.1255,0.1236,0.1237,1055228.11,0
2025-09-30 01:00:00,0.1237,0.1245,0.1226,0.1232,1148066.52,0
2025-09-30 02:00:00,0.1231,0.124,0.123,0.1231,514362.36,0
2025-09-30 03:00:00,0.123,0.1251,0.1229,0.1239,2895518.73,0
2025-09-30 04:00:00,0.124,0.1269,0.124,0.1267,5731350.41,0
2025-09-30 05:00:00,0.1267,0.1315,0.1256,0.1312,18028148.42,0
2025-09-30 06:00:00,0.1311,0.1344,0.1306,0.1318,20580097.7,0
2025-09-30 07:00:00,0.1318,0.1334,0.1305,0.1325,5931608.8,0
2025-09-30 08:00:00,0.1324,0.1335,0.1298,0.1301,7379210.5,0
2025-09-30 09:00:00,0.13,0.1356,0.13,0.1312,14779006.78,0
2025-09-30 10:00:00,0.1311,0.1338,0.131,0.1325,6553897.54,0
2025-09-30 11:00:00,0.1326,0.137,0.1318,0.1368,14804155.47,0
2025-09-30 12:00:00,0.1368,0.1382,0.1343,0.1348,13860384.14,0
2025-09-30 13:00:00,0.1348,0.1389,0.1333,0.1387,14203997.62,0
2025-09-30 14:00:00,0.1388,0.1426,0.1367,0.1403,31777171.05,0
2025-09-30 15:00:00,0.1404,0.1413,0.137,0.1375,12995014.12,0
2025-09-30 16:00:00,0.1374,0.1417,0.1355,0.1416,11514938.61,0
2025-09-30 17:00:00,0.1415,0.1428,0.1389,0.1408,20867616.43,0
2025-09-30 18:00:00,0.1409,0.1433,0.1403,0.1418,8817856.28,0
2025-09-30 19:00:00,0.1418,0.1425,0.1384,0.1408,8828711.95,0
2025-09-30 20:00:00,0.1408,0.1421,0.1388,0.1414,5896985.96,0
2025-09-30 21:00:00,0.1414,0.1425,0.1392,0.1394,4869647.18,0
2025-09-30 22:00:00,0.1393,0.141,0.1373,0.1379,4870243.68,0
2025-09-30 23:00:00,0.1379,0.1399,0.1372,0.1398,5310253.21,0
2025-10-01 00:00:00,0.1398,0.1424,0.1377,0.1389,5502130.35,0
2025-10-01 01:00:00,0.1388,0.1388,0.1354,0.1387,10638484.83,0
2025-10-01 02:00:00,0.1386,0.1406,0.1377,0.1393,4214152.91,0
2025-10-01 03:00:00,0.1393,0.1399,0.1369,0.139,7311397.94,0
2025-10-01 04:00:00,0.139,0.1456,0.139,0.1454,17413924.57,0
2025-10-01 05:00:00,0.1454,0.1483,0.1425,0.1428,16449757.87,0
2025-10-01 06:00:00,0.1429,0.1439,0.1408,0.1425,10799259.37,0
2025-10-01 07:00:00,0.1423,0.1449,0.142,0.143,8610578.51,0
2025-10-01 08:00:00,0.1429,0.1497,0.1423,0.1491,13284279.43,0
2025-10-01 09:00:00,0.1491,0.1519,0.1469,0.1472,28659654.22,0
2025-10-01 10:00:00,0.1471,0.1479,0.1448,0.1453,6535725.47,0
2025-10-01 11:00:00,0.1453,0.1461,0.1447,0.1458,3668404.53,0
2025-10-01 12:00:00,0.1458,0.1462,0.143,0.1431,7344937.11,0
2025-10-01 13:00:00,0.1432,0.1442,0.1428,0.1441,3497216.17,0
2025-10-01 14:00:00,0.144,0.1455,0.1432,0.1448,4531175.25,0
2025-10-01 15:00:00,0.1449,0.1453,0.1436,0.1445,3104143.15,0
2025-10-01 16:00:00,0.1445,0.1457,0.1435,0.1447,6546528.33,0
2025-10-01 17:00:00,0.1448,0.1451,0.1438,0.1443,3262669.02,0
2025-10-01 18:00:00,0.1443,0.1461,0.1443,0.1458,3874309.63,0
2025-10-01 19:00:00,0.1457,0.1497,0.1448,0.1485,10500866.59,0
2025-10-01 20:00:00,0.1485,0.1528,0.1481,0.1516,14128758.41,0
2025-10-01 21:00:00,0.1516,0.1526,0.1504,0.152,6331688.69,0
2025-10-01 22:00:00,0.1521,0.16,0.152,0.1567,18043476.85,0
2025-10-01 23:00:00,0.1567,0.159,0.154,0.1589,7584262.6,0
2025-10-02 00:00:00,0.1589,0.1604,0.1549,0.1569,7479857.5,0
2025-10-02 01:00:00,0.1569,0.1588,0.154,0.1553,5916827.89,0
2025-10-02 02:00:00,0.1553,0.1553,0.153,0.1537,2755530.65,0
2025-10-02 03:00:00,0.1537,0.1553,0.1526,0.1534,2757939.24,0
2025-10-02 04:00:00,0.1535,0.1544,0.1518,0.1531,3061964.78,0
2025-10-02 05:00:00,0.1531,0.1539,0.1513,0.1526,4617326.65,0
2025-10-02 06:00:00,0.1526,0.1534,0.1518,0.1532,2157562.49,0
2025-10-02 07:00:00,0.1532,0.1549,0.1521,0.154,4779005.4,0
2025-10-02 08:00:00,0.154,0.1546,0.1523,0.1536,6402447.45,0
2025-10-02 09:00:00,0.1536,0.1546,0.1523,0.1525,1683448.89,0
2025-10-02 10:00:00,0.1525,0.1541,0.152,0.1533,3723313.29,0
2025-10-02 11:00:00,0.1533,0.1547,0.1528,0.1541,1960389.41,0
2025-10-02 12:00:00,0.1541,0.1553,0.1537,0.154,5748175.99,0
2025-10-02 13:00:00,0.1539,0.1571,0.1522,0.1564,6309689.13,0
2025-10-02 14:00:00,0.1563,0.1579,0.1547,0.1559,9703108.23,0
2025-10-02 15:00:00,0.1559,0.1567,0.1534,0.1552,5821838.27,0
2025-10-02 16:00:00,0.1553,0.1568,0.1526,0.153,5079007.31,0
2025-10-02 17:00:00,0.1531,0.1551,0.1525,0.1539,2520925.6,0
2025-10-02 18:00:00,0.1538,0.1548,0.1533,0.1541,2205856.88,0
2025-10-02 19:00:00,0.1541,0.1555,0.1536,0.1546,2449568.34,0
2025-10-02 20:00:00,0.1546,0.155,0.1534,0.1547,1396619.45,0
2025-10-02 21:00:00,0.1547,0.1549,0.148,0.1495,5783846.94,0
2025-10-02 22:00:00,0.1497,0.1504,0.1485,0.1486,2601690.84,0
2025-10-02 23:00:00,0.1487,0.1496,0.1479,0.1491,2171040.74,0
2025-10-03 00:00:00,0.149,0.1491,0.1459,0.1465,3501703.07,0
2025-10-03 01:00:00,0.1466,0.1472,0.1452,0.1456,2946882.08,0
2025-10-03 02:00:00,0.1455,0.1467,0.1449,0.1463,1574197.92,0
2025-10-03 03:00:00,0.1462,0.148,0.146,0.1468,1742914.14,0
2025-10-03 04:00:00,0.1469,0.1483,0.1463,0.1483,1708064.77,0
2025-10-03 05:00:00,0.1483,0.1484,0.147,0.1479,2331256.57,0
2025-10-03 06:00:00,0.1479,0.1481,0.1449,0.1458,7455356.55,0
2025-10-03 07:00:00,0.1457,0.1459,0.1439,0.1448,2889883.25,0
2025-10-03 08:00:00,0.1447,0.1471,0.1435,0.1464,3411982.23,0
2025-10-03 09:00:00,0.1464,0.1467,0.1455,0.1464,960617.18,0
2025-10-03 10:00:00,0.1464,0.1472,0.1459,0.1466,2249723.9,0
2025-10-03 11:00:00,0.1466,0.1472,0.1458,0.147,996166.09,0
2025-10-03 12:00:00,0.1469,0.1478,0.1459,0.1469,1413810.32,0
2025-10-03 13:00:00,0.1468,0.1498,0.146,0.1491,5204887.75,0
2025-10-03 14:00:00,0.1491,0.1516,0.147,0.1511,6013731.99,0
2025-10-03 15:00:00,0.151,0.1513,0.1484,0.1513,3580368.08,0
2025-10-03 16:00:00,0.1512,0.1538,0.1501,0.1528,6947422.83,0
2025-10-03 17:00:00,0.1528,0.1538,0.1493,0.1496,10165364.39,0
2025-10-03 18:00:00,0.1496,0.1514,0.1488,0.1509,3270896.35,0
2025-10-03 19:00:00,0.1509,0.1532,0.1504,0.1521,3670032.4,0
2025-10-03 20:00:00,0.1521,0.1559,0.1517,0.1554,5341760.79,0
2025-10-03 21:00:00,0.1553,0.1555,0.1536,0.1543,1893557.87,0
2025-10-03 22:00:00,0.1544,0.1546,0.1532,0.154,965405.72,0
2025-10-03 23:00:00,0.154,0.154,0.1523,0.1533,1633744.51,0
2025-10-04 00:00:00,0.1533,0.1543,0.1514,0.1529,3561276.4,0
2025-10-04 01:00:00,0.1529,0.1529,0.1513,0.1521,793025.55,0
2025-10-04 02:00:00,0.152,0.1536,0.1505,0.1505,2125309.38,0
2025-10-04 03:00:00,0.1506,0.1515,0.1497,0.1512,1501398.03,0
2025-10-04 04:00:00,0.1511,0.1523,0.1498,0.1509,1834089.39,0
2025-10-04 05:00:00,0.151,0.1521,0.1497,0.1504,2010058.2,0
2025-10-04 06:00:00,0.1505,0.1509,0.1497,0.1502,2122871.96,0
2025-10-04 07:00:00,0.1501,0.1504,0.1492,0.1496,1095192.76,0
2025-10-04 08:00:00,0.1495,0.1498,0.1478,0.1487,2052614.55,0
2025-10-04 09:00:00,0.1487,0.1501,0.1482,0.1483,1192330.28,0
2025-10-04 10:00:00,0.1482,0.149,0.1465,0.1471,2748461.05,0
2025-10-04 11:00:00,0.147,0.1476,0.1465,0.1473,1416306.98,0
2025-10-04 12:00:00,0.1472,0.1484,0.1468,0.1469,835438.46,0
2025-10-04 13:00:00,0.147,0.1493,0.1469,0.1484,1062927.91,0
2025-10-04 14:00:00,0.1485,0.1493,0.1459,0.1459,1427541.37,0
2025-10-04 15:00:00,0.146,0.1468,0.1447,0.1451,6003137.64,0
2025-10-04 16:00:00,0.1451,0.147,0.145,0.1465,1634296.35,0
2025-10-04 17:00:00,0.1465,0.1469,0.1458,0.1465,877807.95,0
2025-10-04 18:00:00,0.1465,0.1475,0.1461,0.1463,1900208.16,0
2025-10-04 19:00:00,0.1464,0.1474,0.1461,0.1473,1135059.58,0
2025-10-04 20:00:00,0.1474,0.148,0.1471,0.1476,904926.83,0
2025-10-04 21:00:00,0.1478,0.1493,0.1477,0.1483,1405245.44,0
2025-10-04 22:00:00,0.1483,0.1493,0.148,0.1481,951984.02,0
2025-10-04 23:00:00,0.1481,0.1481,0.147,0.1472,580451.12,0
2025-10-05 00:00:00,0.1472,0.1483,0.146,0.1461,1080076.24,0
2025-10-05 01:00:00,0.146,0.1481,0.146,0.1477,842020.3,0
2025-10-05 02:00:00,0.1476,0.1498,0.1471,0.1493,2494980.87,0
2025-10-05 03:00:00,0.1494,0.1505,0.1492,0.1493,1743466.51,0
2025-10-05 04:00:00,0.1493,0.1519,0.1493,0.1513,1750329.12,0
2025-10-05 05:00:00,0.1514,0.1521,0.1509,0.151,1333113.91,0
2025-10-05 06:00:00,0.1512,0.1524,0.1506,0.1522,1970374.27,0
2025-10-05 07:00:00,0.1522,0.1547,0.1521,0.1546,3014617.17,0
2025-10-05 08:00:00,0.1547,0.1557,0.1524,0.1525,3817814.88,0
2025-10-05 09:00:00,0.1526,0.1529,0.1507,0.1507,2578686.06,0
2025-10-05 10:00:00,0.1507,0.1508,0.1492,0.1494,2005942.97,0
2025-10-05 11:00:00,0.1494,0.1497,0.1482,0.1495,1296151.74,0
2025-10-05 12:00:00,0.1495,0.1497,0.1484,0.1487,916692.71,0
2025-10-05 13:00:00,0.1487,0.1501,0.1487,0.1493,987964.38,0
2025-10-05 14:00:00,0.1493,0.1503,0.1478,0.1484,1657555.22,0
2025-10-05 15:00:00,0.1484,0.1498,0.1484,0.1493,4308296.42,0
2025-10-05 16:00:00,0.1492,0.1497,0.1474,0.149,1340717.16,0
2025-10-05 17:00:00,0.149,0.1495,0.1471,0.1477,764756.94,0
2025-10-05 18:00:00,0.1476,0.1513,0.1469,0.15,4500081.21,0
2025-10-05 19:00:00,0.1499,0.1501,0.1481,0.1484,1234562.99,0
2025-10-05 20:00:00,0.1483,0.1505,0.148,0.1496,971561.78,0
2025-10-05 21:00:00,0.1495,0.1516,0.1492,0.1503,2174115.57,0
2025-10-05 22:00:00,0.1504,0.1519,0.1494,0.1517,1291802.9,0
2025-10-05 23:00:00,0.1518,0.1519,0.1502,0.1503,1347807.93,0
2025-10-06 00:00:00,0.1503,0.1527,0.15,0.1508,2836423.82,0
2025-10-06 01:00:00,0.1508,0.1522,0.1496,0.1508,2819138.35,0
2025-10-06 02:00:00,0.1507,0.1526,0.1496,0.1507,1783267.56,0
2025-10-06 03:00:00,0.1507,0.1509,0.1497,0.1502,705770.74,0
2025-10-06 04:00:00,0.1502,0.1503,0.1485,0.1486,1437851.58,0
2025-10-06 05:00:00,0.1485,0.1499,0.1474,0.1497,1590759.06,0
2025-10-06 06:00:00,0.1496,0.152,0.1494,0.1512,3241260.95,0
2025-10-06 07:00:00,0.1513,0.1547,0.1509,0.1521,7714838.65,0
2025-10-06 08:00:00,0.1522,0.1534,0.1506,0.1515,4780818.24,0
2025-10-06 09:00:00,0.1515,0.1531,0.1504,0.1524,1807219.78,0
2025-10-06 10:00:00,0.1523,0.1529,0.151,0.1519,1723765.16,0
2025-10-06 11:00:00,0.1519,0.1599,0.1518,0.1595,15865351.47,0
2025-10-06 12:00:00,0.1596,0.1649,0.1587,0.1649,15735106.93,0
2025-10-06 13:00:00,0.1647,0.176,0.1624,0.1732,38275730.26,0
2025-10-06 14:00:00,0.1733,0.1747,0.1684,0.1702,20737697.59,0
2025-10-06 15:00:00,0.1702,0.1788,0.1699,0.1779,17126656.46,0
2025-10-06 16:00:00,0.1778,0.1867,0.1777,0.181,37731181.6,0
2025-10-06 17:00:00,0.181,0.1974,0.1807,0.1888,42591394.21,0
2025-10-06 18:00:00,0.1887,0.1926,0.1856,0.1919,22715524.94,0
2025-10-06 19:00:00,0.192,0.1941,0.1876,0.188,16234662.49,0
2025-10-06 20:00:00,0.188,0.1885,0.1831,0.1835,10956896.58,0
2025-10-06 21:00:00,0.1835,0.1844,0.1779,0.1812,10459951.65,0
2025-10-06 22:00:00,0.1812,0.1841,0.1796,0.1812,6042766.63,0
2025-10-06 23:00:00,0.1813,0.1831,0.1798,0.1809,4692743.95,0
2025-10-07 00:00:00,0.1808,0.1869,0.1791,0.1853,12324746.79,0
2025-10-07 01:00:00,0.1851,0.1863,0.1798,0.1805,7563239.4,0
2025-10-07 02:00:00,0.1805,0.1826,0.1796,0.181,4237720.84,0
2025-10-07 03:00:00,0.181,0.1839,0.1806,0.1833,5684676.77,0
2025-10-07 04:00:00,0.1833,0.1871,0.1821,0.1852,8564637.33,0
2025-10-07 05:00:00,0.1852,0.1869,0.1827,0.1844,4544668.37,0
2025-10-07 06:00:00,0.1844,0.1849,0.1807,0.1836,4151408.36,0
2025-10-07 07:00:00,0.1835,0.1886,0.1826,0.1844,10262350.14,0
2025-10-07 08:00:00,0.1844,0.1846,0.1738,0.1744,15373181.13,0
2025-10-07 09:00:00,0.1744,0.1759,0.1721,0.1724,7170970.46,0
2025-10-07 10:00:00,0.1724,0.1757,0.1714,0.1746,4030829.11,0
2025-10-07 11:00:00,0.1746,0.179,0.1745,0.1769,7906421.29,0
2025-10-07 12:00:00,0.1769,0.177,0.1742,0.1765,5960888.64,0
2025-10-07 13:00:00,0.1765,0.1782,0.1735,0.1763,5737308.13,0
2025-10-07 14:00:00,0.1762,0.1764,0.1708,0.1711,6354767.78,0
2025-10-07 15:00:00,0.1711,0.172,0.167,0.1686,12151170.0,0
2025-10-07 16:00:00,0.1685,0.1706,0.166,0.1691,9343412.53,0
2025-10-07 17:00:00,0.1691,0.1709,0.1684,0.1688,4409367.06,0
2025-10-07 18:00:00,0.1688,0.1696,0.168,0.1692,2706959.53,0
2025-10-07 19:00:00,0.1692,0.1715,0.1682,0.1695,4369524.14,0
2025-10-07 20:00:00,0.1695,0.1722,0.1691,0.1704,2032915.9,0
2025-10-07 21:00:00,0.1703,0.1715,0.17,0.1711,1637982.83,0
2025-10-07 22:00:00,0.171,0.1726,0.1705,0.1705,2362818.23,0
2025-10-07 23:00:00,0.1705,0.1714,0.1703,0.1709,1293694.27,0
2025-10-08 00:00:00,0.1709,0.1725,0.1703,0.1705,3375354.27,0
2025-10-08 01:00:00,0.1706,0.1724,0.1705,0.1707,1215434.67,0
2025-10-08 02:00:00,0.1707,0.1712,0.1692,0.1693,2569575.16,0
2025-10-08 03:00:00,0.1693,0.1693,0.164,0.1648,3879318.12,0
2025-10-08 04:00:00,0.1647,0.1666,0.1645,0.1659,1648282.37,0
2025-10-08 05:00:00,0.1659,0.1659,0.1621,0.1624,2543799.59,0
2025-10-08 06:00:00,0.1625,0.1633,0.1621,0.1625,1215071.18,0
2025-10-08 07:00:00,0.1625,0.1629,0.1607,0.1623,2303109.45,0
2025-10-08 08:00:00,0.1624,0.1648,0.1617,0.1639,2895838.06,0
2025-10-08 09:00:00,0.164,0.164,0.1608,0.1616,5307966.84,0
2025-10-08 10:00:00,0.1615,0.1622,0.1606,0.1611,5107962.24,0
2025-10-08 11:00:00,0.1611,0.162,0.1587,0.1593,4868690.23,0
2025-10-08 12:00:00,0.1593,0.1614,0.1584,0.161,2986571.03,0
2025-10-08 13:00:00,0.161,0.1627,0.1598,0.1625,3461198.53,0
2025-10-08 14:00:00,0.1625,0.1638,0.1601,0.1606,3795197.69,0
2025-10-08 15:00:00,0.1606,0.1629,0.1602,0.161,5434759.33,0
2025-10-08 16:00:00,0.161,0.1641,0.1604,0.1641,5735864.79,0
2025-10-08 17:00:00,0.164,0.168,0.1632,0.1669,6037258.43,0
2025-10-08 18:00:00,0.1669,0.1669,0.1646,0.1654,2575912.86,0
2025-10-08 19:00:00,0.1653,0.1655,0.1631,0.1646,1938069.35,0
2025-10-08 20:00:00,0.1647,0.1648,0.1625,0.1626,1055078.81,0
2025-10-08 21:00:00,0.1627,0.1639,0.1625,0.1631,1181078.63,0
2025-10-08 22:00:00,0.163,0.1644,0.1629,0.1629,1007107.09,0
2025-10-08 23:00:00,0.163,0.1634,0.1617,0.1633,1527510.5,0
2025-10-09 00:00:00,0.1633,0.1636,0.1611,0.1614,1139986.28,0
2025-10-09 01:00:00,0.1613,0.1617,0.1606,0.1613,1146571.69,0
2025-10-09 02:00:00,0.1611,0.1611,0.1578,0.1583,3162117.76,0
2025-10-09 03:00:00,0.1583,0.1617,0.1582,0.1604,1077900.8,0
2025-10-09 04:00:00,0.1604,0.1609,0.159,0.1608,1049203.33,0
2025-10-09 05:00:00,0.1608,0.162,0.1595,0.1604,1431433.66,0
2025-10-09 06:00:00,0.1605,0.1617,0.1596,0.1602,2732459.93,0
2025-10-09 07:00:00,0.1601,0.1606,0.1571,0.1578,2637201.92,0
2025-10-09 08:00:00,0.1577,0.1579,0.1547,0.1551,3805530.66,0
2025-10-09 09:00:00,0.155,0.1573,0.155,0.1569,1711063.74,0
2025-10-09 10:00:00,0.1568,0.1575,0.1558,0.1566,1553633.31,0
2025-10-09 11:00:00,0.1566,0.1576,0.156,0.1564,1621691.77,0
2025-10-09 12:00:00,0.1563,0.159,0.1563,0.1568,3336009.3,0
2025-10-09 13:00:00,0.1568,0.1578,0.1552,0.1553,1785488.8,0
2025-10-09 14:00:00,0.1554,0.1569,0.1531,0.1545,3137595.31,0
2025-10-09 15:00:00,0.1546,0.156,0.1521,0.1534,4027857.88,0
2025-10-09 16:00:00,0.1533,0.1545,0.1517,0.1522,3592033.63,0
2025-10-09 17:00:00,0.1522,0.1554,0.1521,0.1551,1809682.26,0
2025-10-09 18:00:00,0.1551,0.1553,0.1536,0.1537,839482.64,0
2025-10-09 19:00:00,0.1536,0.1552,0.1535,0.1549,1099137.2,0
2025-10-09 20:00:00,0.1549,0.1559,0.1543,0.155,942540.43,0
2025-10-09 21:00:00,0.1549,0.157,0.1547,0.1567,997180.09,0
2025-10-09 22:00:00,0.1568,0.1575,0.1565,0.1572,1242381.57,0
2025-10-09 23:00:00,0.1573,0.158,0.1563,0.157,1228209.49,0
2025-10-10 00:00:00,0.157,0.1582,0.1566,0.1578,1021630.24,0
2025-10-10 01:00:00,0.1577,0.16,0.1576,0.16,2181564.08,0
2025-10-10 02:00:00,0.1601,0.1601,0.1576,0.1579,2736160.68,0
2025-10-10 03:00:00,0.1579,0.1628,0.1576,0.1615,5102309.91,0
2025-10-10 04:00:00,0.1615,0.17,0.1614,0.1689,18150542.25,0
2025-10-10 05:00:00,0.1689,0.1722,0.1664,0.1705,11750806.15,0
2025-10-10 06:00:00,0.1705,0.1724,0.1678,0.1703,6842003.56,0
2025-10-10 07:00:00,0.1703,0.1715,0.1686,0.1696,4721280.36,0
2025-10-10 08:00:00,0.1695,0.1746,0.1656,0.1743,11308128.33,0
2025-10-10 09:00:00,0.1743,0.1757,0.1712,0.1712,7557852.44,0
2025-10-10 10:00:00,0.1711,0.1784,0.171,0.177,14338661.02,0
2025-10-10 11:00:00,0.177,0.1791,0.1743,0.1775,10139976.66,0
2025-10-10 12:00:00,0.1775,0.1778,0.1737,0.1748,4012394.76,0
2025-10-10 13:00:00,0.1748,0.1755,0.1728,0.1736,4446431.85,0
2025-10-10 14:00:00,0.1737,0.1745,0.1678,0.1683,7170903.53,0
2025-10-10 15:00:00,0.1684,0.1685,0.1583,0.1642,20082644.8,0
2025-10-10 16:00:00,0.1642,0.1651,0.1603,0.1614,6847784.14,0
2025-10-10 17:00:00,0.1614,0.1624,0.1598,0.16,3621343.34,0
2025-10-10 18:00:00,0.1599,0.1617,0.1595,0.1597,2820792.38,0
2025-10-10 19:00:00,0.1597,0.1619,0.1565,0.161,7709500.53,0
2025-10-10 20:00:00,0.1609,0.1627,0.1437,0.1478,12477462.13,0
2025-10-10 21:00:00,0.1478,0.1726,0.0297,0.1102,66152469.92,0
2025-10-10 22:00:00,0.1091,0.1148,0.09,0.0941,68374962.78,0
2025-10-10 23:00:00,0.0942,0.1146,0.0925,0.1114,49055019.54,0
2025-10-11 00:00:00,0.1117,0.1132,0.106,0.1093,14383408.95,0
2025-10-11 01:00:00,0.1093,0.11,0.1045,0.1085,18180880.7,0
2025-10-11 02:00:00,0.1085,0.1132,0.1073,0.1121,12507016.46,0
2025-10-11 03:00:00,0.1121,0.1126,0.1076,0.1102,8088149.35,0
2025-10-11 04:00:00,0.1102,0.1182,0.1097,0.1182,8054862.08,0
2025-10-11 05:00:00,0.1182,0.1208,0.114,0.1201,16658904.57,0
2025-10-11 06:00:00,0.1202,0.1389,0.12,0.1205,11848403.87,0
2025-10-11 07:00:00,0.1205,0.124,0.1172,0.1209,17837880.67,0
2025-10-11 08:00:00,0.1209,0.1372,0.1199,0.1282,28734498.05,0
2025-10-11 09:00:00,0.1282,0.1289,0.1244,0.1252,7247337.5,0
2025-10-11 10:00:00,0.1253,0.1271,0.1248,0.1249,3394932.26,0
2025-10-11 11:00:00,0.1249,0.1253,0.1208,0.1226,11068842.41,0
2025-10-11 12:00:00,0.1226,0.1235,0.1205,0.1211,3226140.74,0
2025-10-11 13:00:00,0.1212,0.1216,0.117,0.119,8000154.29,0
2025-10-11 14:00:00,0.119,0.119,0.1158,0.1165,5795052.02,0
2025-10-11 15:00:00,0.1164,0.1184,0.1148,0.1162,4956732.04,0
2025-10-11 16:00:00,0.1162,0.1176,0.1145,0.1165,2862375.0,0
2025-10-11 17:00:00,0.1165,0.1182,0.1161,0.118,4426661.38,0
2025-10-11 18:00:00,0.1181,0.1181,0.1165,0.1167,1284593.19,0
2025-10-11 19:00:00,0.1167,0.1167,0.1116,0.1134,4904972.69,0
2025-10-11 20:00:00,0.1132,0.1146,0.1113,0.1133,5164178.95,0
2025-10-11 21:00:00,0.1133,0.1168,0.1107,0.1158,6051384.48,0
2025-10-11 22:00:00,0.1158,0.1173,0.1152,0.1156,2429786.27,0
2025-10-11 23:00:00,0.1157,0.1167,0.1151,0.1155,1722272.83,0
2025-10-12 00:00:00,0.1155,0.1167,0.1141,0.1146,2862539.4,0
2025-10-12 01:00:00,0.1145,0.1158,0.1142,0.1145,2640893.61,0
2025-10-12 02:00:00,0.1144,0.1163,0.1131,0.1149,7078679.69,0
2025-10-12 03:00:00,0.1148,0.1165,0.1141,0.1145,5814736.53,0
2025-10-12 04:00:00,0.1146,0.1162,0.1145,0.1157,4416929.17,0
2025-10-12 05:00:00,0.1158,0.1158,0.1127,0.1131,5135453.78,0
2025-10-12 06:00:00,0.1131,0.1141,0.1125,0.1134,4771353.09,0
2025-10-12 07:00:00,0.1134,0.1158,0.113,0.1146,4842164.62,0
2025-10-12 08:00:00,0.1145,0.1158,0.1138,0.1139,2240178.64,0
2025-10-12 09:00:00,0.1138,0.1144,0.1124,0.1144,2837242.87,0
2025-10-12 10:00:00,0.1143,0.1147,0.1126,0.1128,2180459.94,0
2025-10-12 11:00:00,0.1128,0.1134,0.1119,0.1126,4769219.9,0
2025-10-12 12:00:00,0.1125,0.1146,0.112,0.1146,3180352.86,0
2025-10-12 13:00:00,0.1145,0.115,0.1125,0.1133,4051956.66,0
2025-10-12 14:00:00,0.1132,0.1195,0.1127,0.1176,5625091.53,0
2025-10-12 15:00:00,0.1177,0.1269,0.1176,0.1255,21011577.16,0
2025-10-12 16:00:00,0.1255,0.1285,0.1245,0.1267,10629441.87,0
2025-10-12 17:00:00,0.1266,0.1348,0.1264,0.134,19102530.52,0
2025-10-12 18:00:00,0.1341,0.137,0.1301,0.1318,11913327.34,0
2025-10-12 19:00:00,0.1317,0.134,0.131,0.134,4457219.81,0
2025-10-12 20:00:00,0.1339,0.1346,0.1325,0.133,3571435.57,0
2025-10-12 21:00:00,0.133,0.1334,0.1295,0.1325,4143822.22,0
2025-10-12 22:00:00,0.1326,0.1338,0.1305,0.1317,1508151.4,0
2025-10-12 23:00:00,0.1316,0.1316,0.1291,0.1301,2761361.29,0
2025-10-13 00:00:00,0.13,0.1313,0.1283,0.1295,2029353.9,0
2025-10-13 01:00:00,0.1294,0.131,0.1288,0.1309,1655407.92,0
2025-10-13 02:00:00,0.1309,0.1312,0.1292,0.1305,1760264.14,0
2025-10-13 03:00:00,0.1305,0.1328,0.1304,0.1315,4397591.87,0
2025-10-13 04:00:00,0.1315,0.1337,0.1301,0.1332,3904509.14,0
2025-10-13 05:00:00,0.1332,0.134,0.1316,0.1322,3293018.45,0
2025-10-13 06:00:00,0.1323,0.1354,0.1321,0.1348,3929418.95,0
2025-10-13 07:00:00,0.1348,0.136,0.1334,0.134,5187011.66,0
2025-10-13 08:00:00,0.1339,0.1365,0.1331,0.1351,4503611.9,0
2025-10-13 09:00:00,0.1352,0.1356,0.1326,0.133,7678901.87,0
2025-10-13 10:00:00,0.1329,0.1331,0.1312,0.133,6604555.77,0
2025-10-13 11:00:00,0.133,0.1331,0.1263,0.1285,6781811.92,0
2025-10-13 12:00:00,0.1284,0.1308,0.1268,0.1294,6092608.43,0
2025-10-13 13:00:00,0.1293,0.1337,0.1289,0.1326,6689087.25,0
2025-10-13 14:00:00,0.1325,0.1333,0.128,0.129,9658274.56,0
2025-10-13 15:00:00,0.1289,0.1319,0.1288,0.1303,2015702.43,0
2025-10-13 16:00:00,0.1303,0.1315,0.1287,0.13,2752554.56,0
2025-10-13 17:00:00,0.13,0.1335,0.1297,0.1334,2632666.58,0
2025-10-13 18:00:00,0.1333,0.1342,0.1317,0.1325,2740664.95,0
2025-10-13 19:00:00,0.1325,0.1344,0.1324,0.1336,1823996.81,0
2025-10-13 20:00:00,0.1336,0.1343,0.1327,0.1342,2134643.21,0
2025-10-13 21:00:00,0.1342,0.1343,0.1317,0.1319,4532919.21,0
2025-10-13 22:00:00,0.132,0.1329,0.1317,0.1324,1199517.34,0
2025-10-13 23:00:00,0.1323,0.1332,0.1319,0.1324,1172092.08,0
2025-10-14 00:00:00,0.1324,0.133,0.1307,0.1313,2018281.03,0
2025-10-14 01:00:00,0.1312,0.1312,0.1299,0.1305,756858.32,0
2025-10-14 02:00:00,0.1305,0.1305,0.1288,0.1289,1720756.38,0
2025-10-14 03:00:00,0.1289,0.129,0.127,0.1272,3545698.38,0
2025-10-14 04:00:00,0.1272,0.1278,0.1243,0.1251,6763044.94,0
2025-10-14 05:00:00,0.1251,0.1284,0.1245,0.1247,10254355.08,0
2025-10-14 06:00:00,0.1247,0.1259,0.12,0.1225,10935795.41,0
2025-10-14 07:00:00,0.1225,0.1235,0.121,0.1217,3693874.34,0
2025-10-14 08:00:00,0.1217,0.1236,0.1208,0.1225,3591784.52,0
2025-10-14 09:00:00,0.1225,0.1236,0.122,0.1221,2388752.06,0
2025-10-14 10:00:00,0.1221,0.1221,0.1188,0.1209,7524501.34,0
2025-10-14 11:00:00,0.121,0.1223,0.1209,0.1215,2540347.49,0
2025-10-14 12:00:00,0.1216,0.1217,0.1196,0.1197,2473529.97,0
2025-10-14 13:00:00,0.1198,0.1229,0.1186,0.1213,5140952.86,0
2025-10-14 14:00:00,0.1213,0.1244,0.1206,0.1225,7938143.91,0
2025-10-14 15:00:00,0.1226,0.1266,0.1214,0.1264,7168738.4,0
2025-10-14 16:00:00,0.1264,0.1289,0.1248,0.126,10747778.84,0
2025-10-14 17:00:00,0.126,0.1285,0.1232,0.1264,4433096.19,0
2025-10-14 18:00:00,0.1264,0.1283,0.1264,0.1269,2071059.25,0
2025-10-14 19:00:00,0.127,0.1285,0.1244,0.1265,2217962.77,0
2025-10-14 20:00:00,0.1265,0.1275,0.1255,0.1273,1046574.15,0
2025-10-14 21:00:00,0.1273,0.1278,0.1258,0.1275,698170.76,0
2025-10-14 22:00:00,0.1276,0.1287,0.1268,0.1273,484528.94,0
2025-10-14 23:00:00,0.1273,0.1282,0.1269,0.1277,640653.53,0
2025-10-15 00:00:00,0.1277,0.1278,0.1264,0.1271,1540410.21,0
2025-10-15 01:00:00,0.1271,0.1272,0.1254,0.1261,1476112.36,0
2025-10-15 02:00:00,0.1261,0.1282,0.1258,0.127,1096958.42,0
2025-10-15 03:00:00,0.1271,0.1276,0.1252,0.1261,1332078.12,0
2025-10-15 04:00:00,0.1262,0.128,0.1255,0.1276,1130586.23,0
2025-10-15 05:00:00,0.1276,0.1288,0.1268,0.1276,2692924.72,0
2025-10-15 06:00:00,0.1276,0.1285,0.1262,0.1283,1688606.31,0
2025-10-15 07:00:00,0.1283,0.1297,0.1276,0.1294,1411751.56,0
2025-10-15 08:00:00,0.1293,0.132,0.1289,0.1295,2947383.92,0
2025-10-15 09:00:00,0.1295,0.1296,0.1276,0.1285,1459072.36,0
2025-10-15 10:00:00,0.1285,0.1287,0.1267,0.127,1499483.96,0
2025-10-15 11:00:00,0.1269,0.1272,0.1254,0.1259,1054113.35,0
2025-10-15 12:00:00,0.1258,0.1264,0.1233,0.1236,3421160.67,0
2025-10-15 13:00:00,0.1236,0.1247,0.1201,0.1233,5179431.4,0
2025-10-15 14:00:00,0.1233,0.125,0.1212,0.1222,1892822.94,0
2025-10-15 15:00:00,0.1222,0.1234,0.1202,0.1215,2205618.7,0
2025-10-15 16:00:00,0.1216,0.1222,0.1207,0.121,1167319.28,0
2025-10-15 17:00:00,0.121,0.1214,0.1195,0.1213,2293566.57,0
2025-10-15 18:00:00,0.1214,0.1219,0.1205,0.1218,1100868.18,0
2025-10-15 19:00:00,0.1218,0.1218,0.1192,0.1198,911693.08,0
2025-10-15 20:00:00,0.1199,0.1204,0.1166,0.1182,2427024.87,0
2025-10-15 21:00:00,0.1181,0.1197,0.1171,0.118,1321990.41,0
2025-10-15 22:00:00,0.118,0.119,0.1174,0.1178,1040632.93,0
2025-10-15 23:00:00,0.1177,0.119,0.1175,0.1187,735532.33,0
2025-10-16 00:00:00,0.1188,0.1195,0.1182,0.1188,823792.79,0
2025-10-16 01:00:00,0.1188,0.1207,0.1188,0.1202,834659.03,0
2025-10-16 02:00:00,0.1203,0.1207,0.1189,0.1201,1608876.51,0
2025-10-16 03:00:00,0.1201,0.1203,0.1189,0.119,766439.5,0
2025-10-16 04:00:00,0.119,0.1205,0.1189,0.1195,1065708.72,0
2025-10-16 05:00:00,0.1195,0.1211,0.1193,0.1203,708306.6,0
2025-10-16 06:00:00,0.1203,0.122,0.1201,0.1218,1427332.62,0
2025-10-16 07:00:00,0.1218,0.1219,0.12,0.1205,2493308.91,0
2025-10-16 08:00:00,0.1205,0.1214,0.1195,0.1201,1516555.31,0
2025-10-16 09:00:00,0.12,0.1226,0.117,0.122,7334340.1,0
2025-10-16 10:00:00,0.1219,0.1241,0.1217,0.1237,3589451.02,0
2025-10-16 11:00:00,0.1237,0.1246,0.1222,0.1231,1596792.87,0
2025-10-16 12:00:00,0.1231,0.1257,0.1231,0.1234,7988158.99,0
2025-10-16 13:00:00,0.1234,0.124,0.1216,0.1219,4505604.47,0
2025-10-16 14:00:00,0.1218,0.1239,0.1202,0.1215,6760394.66,0
2025-10-16 15:00:00,0.1215,0.1219,0.1175,0.1181,4204161.8,0
2025-10-16 16:00:00,0.118,0.1215,0.1159,0.1213,5981126.94,0
2025-10-16 17:00:00,0.1212,0.1212,0.1186,0.1189,5393637.49,0
2025-10-16 18:00:00,0.1189,0.1196,0.1176,0.1187,1711217.21,0
2025-10-16 19:00:00,0.1187,0.1189,0.1156,0.1168,2364903.48,0
2025-10-16 20:00:00,0.1169,0.1173,0.1139,0.115,2439911.3,0
2025-10-16 21:00:00,0.115,0.1168,0.1146,0.1168,966576.62,0
2025-10-16 22:00:00,0.1168,0.1169,0.1141,0.1145,1425971.12,0
2025-10-16 23:00:00,0.1145,0.1163,0.1144,0.1161,3078188.47,0
2025-10-17 00:00:00,0.1162,0.1167,0.1156,0.1165,1262999.05,0
2025-10-17 01:00:00,0.1165,0.1178,0.1159,0.1166,951208.75,0
2025-10-17 02:00:00,0.1165,0.1169,0.1153,0.1161,953969.56,0
2025-10-17 03:00:00,0.1162,0.1172,0.1161,0.1168,754120.46,0
2025-10-17 04:00:00,0.1169,0.1169,0.1159,0.116,688319.89,0
2025-10-17 05:00:00,0.116,0.1162,0.1146,0.1147,979030.11,0
2025-10-17 06:00:00,0.1147,0.1152,0.1102,0.1107,7321008.33,0
2025-10-17 07:00:00,0.1107,0.1109,0.1062,0.1068,11430871.45,0
2025-10-17 08:00:00,0.1069,0.1083,0.1046,0.1069,5802920.57,0
2025-10-17 09:00:00,0.1069,0.1116,0.1065,0.11,5024780.73,0
2025-10-17 10:00:00,0.1101,0.1109,0.1076,0.11,4656700.11,0
2025-10-17 11:00:00,0.1101,0.1135,0.1096,0.1125,5913780.03,0
2025-10-17 12:00:00,0.1124,0.1131,0.1109,0.1111,2488092.2,0
2025-10-17 13:00:00,0.1111,0.1124,0.1094,0.1113,5375139.86,0
2025-10-17 14:00:00,0.1113,0.1121,0.1088,0.1102,3393757.96,0
2025-10-17 15:00:00,0.1102,0.1119,0.1093,0.1119,3979004.72,0
2025-10-17 16:00:00,0.1119,0.1142,0.1118,0.1128,9264707.65,0
2025-10-17 17:00:00,0.1128,0.1146,0.1125,0.1144,7409472.06,0
2025-10-17 18:00:00,0.1145,0.1148,0.1112,0.1115,3057325.99,0
2025-10-17 19:00:00,0.1116,0.1121,0.1096,0.111,2074514.97,0
2025-10-17 20:00:00,0.111,0.1119,0.1103,0.1109,724143.95,0
2025-10-17 21:00:00,0.1108,0.112,0.1107,0.1114,1059246.32,0
2025-10-17 22:00:00,0.1114,0.1116,0.1103,0.111,401829.39,0
2025-10-17 23:00:00,0.111,0.1111,0.1098,0.1101,505028.58,0
2025-10-18 00:00:00,0.1101,0.1108,0.1097,0.1104,612156.78,0
2025-10-18 01:00:00,0.1105,0.1116,0.1104,0.1113,358446.9,0
2025-10-18 02:00:00,0.1113,0.1115,0.1098,0.1102,845496.75,0
2025-10-18 03:00:00,0.1102,0.1114,0.11,0.1109,1361381.3,0
2025-10-18 04:00:00,0.1109,0.1109,0.1101,0.1105,472123.58,0
2025-10-18 05:00:00,0.1105,0.1112,0.1096,0.1106,1219978.23,0
2025-10-18 06:00:00,0.1106,0.1114,0.1101,0.111,2270046.91,0
2025-10-18 07:00:00,0.1108,0.1128,0.1105,0.1109,1821547.61,0
2025-10-18 08:00:00,0.1108,0.1114,0.1102,0.1102,1058322.17,0
2025-10-18 09:00:00,0.1103,0.1116,0.1101,0.1113,1081934.69,0
2025-10-18 10:00:00,0.1113,0.1121,0.111,0.1119,962446.58,0
2025-10-18 11:00:00,0.1119,0.1124,0.1111,0.1117,975904.49,0
2025-10-18 12:00:00,0.1116,0.1118,0.1102,0.1108,927803.66,0
2025-10-18 13:00:00,0.1107,0.1107,0.1088,0.1089,2298104.6,0
2025-10-18 14:00:00,0.1088,0.1103,0.1082,0.1099,1435673.14,0
2025-10-18 15:00:00,0.1099,0.1103,0.1088,0.1094,831901.26,0
2025-10-18 16:00:00,0.1094,0.1096,0.1079,0.1089,870747.92,0
2025-10-18 17:00:00,0.1089,0.1102,0.1085,0.1101,961309.32,0
2025-10-18 18:00:00,0.1101,0.1106,0.1091,0.1093,715252.63,0
2025-10-18 19:00:00,0.1093,0.11,0.1089,0.1099,543486.2,0
2025-10-18 20:00:00,0.1098,0.1107,0.1097,0.1099,244884.43,0
2025-10-18 21:00:00,0.1098,0.1104,0.1093,0.1104,271705.17,0
2025-10-18 22:00:00,0.1104,0.1107,0.1098,0.11,272301.14,0
2025-10-18 23:00:00,0.11,0.1104,0.1097,0.1104,616021.4,0
2025-10-19 00:00:00,0.1104,0.1105,0.1092,0.1097,391306.65,0
2025-10-19 01:00:00,0.1097,0.1102,0.1092,0.1102,380022.39,0
2025-10-19 02:00:00,0.1102,0.1102,0.1092,0.1094,196616.02,0
2025-10-19 03:00:00,0.1093,0.1105,0.1091,0.1102,447829.53,0
2025-10-19 04:00:00,0.1103,0.1103,0.1088,0.1089,500203.77,0
2025-10-19 05:00:00,0.1089,0.1095,0.1084,0.1086,334276.13,0
2025-10-19 06:00:00,0.1086,0.1087,0.1077,0.1081,494184.34,0
2025-10-19 07:00:00,0.1082,0.109,0.1082,0.109,398611.92,0
2025-10-19 08:00:00,0.1091,0.1104,0.108,0.1083,1990750.81,0
2025-10-19 09:00:00,0.1081,0.1116,0.1076,0.1106,2274539.9,0
2025-10-19 10:00:00,0.1105,0.1123,0.11,0.1118,1634818.7,0
2025-10-19 11:00:00,0.1118,0.1134,0.1117,0.1117,2278821.33,0
2025-10-19 12:00:00,0.1117,0.1121,0.1105,0.111,1055790.82,0
2025-10-19 13:00:00,0.111,0.1135,0.1105,0.1132,1466296.96,0
2025-10-19 14:00:00,0.1133,0.1145,0.1124,0.1143,3269001.75,0
2025-10-19 15:00:00,0.1143,0.1145,0.1131,0.1138,1693304.58,0
2025-10-19 16:00:00,0.1138,0.1153,0.113,0.1146,2153158.93,0
2025-10-19 17:00:00,0.1147,0.1167,0.1144,0.1158,3971625.38,0
2025-10-19 18:00:00,0.1158,0.1198,0.1158,0.1173,9305444.43,0
2025-10-19 19:00:00,0.1173,0.1175,0.1153,0.1163,2848527.81,0
2025-10-19 20:00:00,0.1164,0.1165,0.1151,0.1157,990144.75,0
2025-10-19 21:00:00,0.1158,0.1159,0.1145,0.1155,1362011.63,0
2025-10-19 22:00:00,0.1156,0.1164,0.1155,0.1159,414045.5,0
2025-10-19 23:00:00,0.1158,0.1158,0.1143,0.1143,775995.79,0
2025-10-20 00:00:00,0.1144,0.1145,0.1123,0.1136,1207428.07,0
2025-10-20 01:00:00,0.1136,0.1147,0.1132,0.114,1176288.38,0
2025-10-20 02:00:00,0.1139,0.1148,0.1131,0.1144,811906.18,0
2025-10-20 03:00:00,0.1143,0.1176,0.1138,0.1172,1277694.33,0
2025-10-20 04:00:00,0.1173,0.1179,0.1158,0.1161,1960487.41,0
2025-10-20 05:00:00,0.1161,0.1172,0.1157,0.1169,878606.25,0
2025-10-20 06:00:00,0.117,0.1202,0.1168,0.1193,4077451.01,0
2025-10-20 07:00:00,0.1193,0.1195,0.1178,0.1183,1240787.96,0
2025-10-20 08:00:00,0.1183,0.1188,0.1173,0.118,2302851.86,0
2025-10-20 09:00:00,0.1179,0.1186,0.1171,0.1181,1416890.84,0
2025-10-20 10:00:00,0.1181,0.1225,0.118,0.1221,9482673.79,0
2025-10-20 11:00:00,0.122,0.1265,0.1219,0.1254,17964199.19,0
2025-10-20 12:00:00,0.1253,0.1319,0.1251,0.1283,32349509.88,0
2025-10-20 13:00:00,0.1282,0.1308,0.1261,0.13,8522621.2,0
2025-10-20 14:00:00,0.1302,0.1354,0.1298,0.1331,19911126.72,0
2025-10-20 15:00:00,0.133,0.1341,0.1317,0.1319,7458168.44,0
2025-10-20 16:00:00,0.1319,0.1328,0.1274,0.1296,11214768.81,0
2025-10-20 17:00:00,0.1296,0.1304,0.1274,0.1279,2384266.05,0
2025-10-20 18:00:00,0.1279,0.1287,0.1272,0.1279,1970010.84,0
2025-10-20 19:00:00,0.1279,0.1309,0.1274,0.1291,3531747.7,0
2025-10-20 20:00:00,0.1292,0.1292,0.1273,0.1288,6447181.62,0
2025-10-20 21:00:00,0.1289,0.1299,0.1282,0.1286,1346058.12,0
2025-10-20 22:00:00,0.1286,0.1287,0.1275,0.1284,920434.24,0
2025-10-20 23:00:00,0.1284,0.1295,0.128,0.1291,1070698.97,0
2025-10-21 00:00:00,0.1291,0.1307,0.1285,0.13,3025475.29,0
2025-10-21 01:00:00,0.13,0.1302,0.128,0.1289,1711689.48,0
2025-10-21 02:00:00,0.1287,0.1288,0.1234,0.1246,8211089.33,0
2025-10-21 03:00:00,0.1247,0.1254,0.1238,0.1244,1210439.34,0
2025-10-21 04:00:00,0.1244,0.1245,0.121,0.1215,5902554.14,0
2025-10-21 05:00:00,0.1215,0.1225,0.1211,0.1215,1445469.6,0
2025-10-21 06:00:00,0.1215,0.1224,0.1208,0.1219,1635048.4,0
2025-10-21 07:00:00,0.1218,0.1236,0.121,0.1226,3376445.06,0
2025-10-21 08:00:00,0.1226,0.1228,0.1204,0.121,2057964.71,0
2025-10-21 09:00:00,0.1208,0.1213,0.1202,0.1207,1047938.26,0
2025-10-21 10:00:00,0.1207,0.1228,0.1206,0.122,2056992.24,0
2025-10-21 11:00:00,0.1219,0.1229,0.1216,0.1221,1163479.65,0
2025-10-21 12:00:00,0.1221,0.1237,0.1217,0.1222,1338268.07,0
2025-10-21 13:00:00,0.1221,0.1225,0.1208,0.1213,1703822.82,0
2025-10-21 14:00:00,0.1213,0.1268,0.1211,0.1267,5264500.08,0
2025-10-21 15:00:00,0.1267,0.1287,0.1238,0.1276,7507030.03,0
2025-10-21 16:00:00,0.1275,0.1307,0.1266,0.1271,8728013.31,0
2025-10-21 17:00:00,0.1272,0.1282,0.1247,0.1259,3210356.24,0
2025-10-21 18:00:00,0.1259,0.1265,0.1249,0.1264,883770.19,0
2025-10-21 19:00:00,0.1264,0.1266,0.1252,0.1257,1250214.73,0
2025-10-21 20:00:00,0.1257,0.126,0.1238,0.1246,3029374.75,0
2025-10-21 21:00:00,0.1245,0.1252,0.1224,0.1241,1051661.54,0
2025-10-21 22:00:00,0.1241,0.1242,0.1211,0.1215,1679307.41,0
2025-10-21 23:00:00,0.1214,0.1218,0.1192,0.1198,2455114.66,0
2025-10-22 00:00:00,0.1199,0.1207,0.1184,0.1195,1553407.99,0
2025-10-22 01:00:00,0.1194,0.1203,0.1187,0.1191,1686079.69,0
2025-10-22 02:00:00,0.1192,0.1201,0.1191,0.1194,558846.06,0
2025-10-22 03:00:00,0.1194,0.1197,0.1182,0.1191,1471513.37,0
2025-10-22 04:00:00,0.1191,0.12,0.1191,0.1198,659658.82,0
2025-10-22 05:00:00,0.1197,0.1197,0.117,0.1187,2396895.73,0
2025-10-22 06:00:00,0.1187,0.1187,0.1181,0.1182,789225.55,0
2025-10-22 07:00:00,0.1181,0.1197,0.1176,0.1193,2442899.02,0
2025-10-22 08:00:00,0.1192,0.1193,0.1182,0.1184,1189002.64,0
2025-10-22 09:00:00,0.1183,0.1187,0.1174,0.1178,1444965.29,0
2025-10-22 10:00:00,0.1178,0.1185,0.1171,0.1171,977573.51,0
2025-10-22 11:00:00,0.1171,0.1192,0.116,0.1183,2713489.3,0
2025-10-22 12:00:00,0.1183,0.1192,0.1178,0.1184,1299061.93,0
2025-10-22 13:00:00,0.1184,0.1196,0.1175,0.1195,1364090.2,0
2025-10-22 14:00:00,0.1194,0.1195,0.1168,0.1194,2420816.08,0
2025-10-22 15:00:00,0.1195,0.1199,0.1172,0.1183,1923052.05,0
2025-10-22 16:00:00,0.1184,0.119,0.1171,0.118,2264503.1,0
2025-10-22 17:00:00,0.118,0.1184,0.1166,0.1169,689124.64,0
2025-10-22 18:00:00,0.1169,0.1177,0.1165,0.1172,983964.1,0
2025-10-22 19:00:00,0.1172,0.1182,0.1164,0.1173,1287433.97,0
2025-10-22 20:00:00,0.1173,0.1176,0.1153,0.1155,1351990.89,0
2025-10-22 21:00:00,0.1155,0.1156,0.112,0.1138,3113510.26,0
2025-10-22 22:00:00,0.1139,0.115,0.1134,0.1138,934361.61,0
2025-10-22 23:00:00,0.1138,0.1161,0.1138,0.1156,1367636.9,0
2025-10-23 00:00:00,0.1157,0.1166,0.1154,0.1162,455927.11,0
2025-10-23 01:00:00,0.1161,0.1171,0.1158,0.1159,760381.06,0
2025-10-23 02:00:00,0.116,0.1168,0.1159,0.1165,606309.04,0
2025-10-23 03:00:00,0.1165,0.1172,0.1159,0.1163,1384780.3,0
2025-10-23 04:00:00,0.1162,0.118,0.1161,0.1171,620792.2,0
2025-10-23 05:00:00,0.1172,0.1178,0.1171,0.1175,688933.88,0
2025-10-23 06:00:00,0.1176,0.1193,0.1173,0.1192,1287715.23,0
2025-10-23 07:00:00,0.1191,0.1193,0.1181,0.1187,1087426.21,0
2025-10-23 08:00:00,0.1188,0.1198,0.1187,0.1192,1434111.43,0
2025-10-23 09:00:00,0.1192,0.1197,0.119,0.1195,1090526.35,0
2025-10-23 10:00:00,0.1195,0.1204,0.1189,0.1189,2365407.0,0
2025-10-23 11:00:00,0.1189,0.1192,0.118,0.1183,1072560.11,0
2025-10-23 12:00:00,0.1183,0.119,0.1172,0.119,1166958.33,0
2025-10-23 13:00:00,0.1189,0.1201,0.1181,0.1195,1722050.86,0
2025-10-23 14:00:00,0.1195,0.1196,0.1175,0.1189,1535779.17,0
2025-10-23 15:00:00,0.1189,0.1206,0.1183,0.1198,2671153.5,0
2025-10-23 16:00:00,0.1199,0.1214,0.1197,0.1212,1327163.27,0
2025-10-23 17:00:00,0.1213,0.1218,0.1198,0.1214,1303560.38,0
2025-10-23 18:00:00,0.1214,0.1214,0.1198,0.1199,1245207.82,0
2025-10-23 19:00:00,0.1199,0.12,0.1192,0.1199,964978.99,0
2025-10-23 20:00:00,0.1199,0.1199,0.1178,0.1185,1098839.68,0
2025-10-23 21:00:00,0.1185,0.1191,0.1181,0.1186,793101.48,0
2025-10-23 22:00:00,0.1185,0.1198,0.1185,0.1193,1305705.17,0
2025-10-23 23:00:00,0.1193,0.1206,0.1193,0.1206,233377.7,0
2025-10-24 00:00:00,0.1205,0.121,0.1199,0.1208,985652.41,0
2025-10-24 01:00:00,0.1208,0.1212,0.1201,0.1212,755892.57,0
2025-10-24 02:00:00,0.1212,0.1213,0.1205,0.1209,1555438.23,0
2025-10-24 03:00:00,0.1208,0.1209,0.1203,0.1209,695859.41,0
2025-10-24 04:00:00,0.121,0.1232,0.1208,0.1227,1545660.43,0
2025-10-24 05:00:00,0.1226,0.123,0.1222,0.1225,1079856.94,0
2025-10-24 06:00:00,0.1225,0.1227,0.122,0.1224,482867.31,0
2025-10-24 07:00:00,0.1225,0.1226,0.1212,0.1219,1019860.32,0
2025-10-24 08:00:00,0.1219,0.1228,0.1213,0.1223,669297.44,0
2025-10-24 09:00:00,0.1223,0.1226,0.1219,0.1222,625990.17,0
2025-10-24 10:00:00,0.1222,0.1222,0.1213,0.1215,1093589.11,0
2025-10-24 11:00:00,0.1214,0.1216,0.1205,0.1215,622950.25,0
2025-10-24 12:00:00,0.1215,0.124,0.1214,0.123,3986204.17,0
2025-10-24 13:00:00,0.1229,0.1229,0.1207,0.1217,1333089.27,0
2025-10-24 14:00:00,0.1217,0.1217,0.1191,0.1202,2077888.61,0
2025-10-24 15:00:00,0.1203,0.1211,0.1192,0.1196,1413520.94,0
2025-10-24 16:00:00,0.1196,0.1199,0.1188,0.1194,821050.76,0
2025-10-24 17:00:00,0.1195,0.1204,0.1194,0.1198,445961.46,0
2025-10-24 18:00:00,0.1197,0.1209,0.1196,0.1209,399508.8,0
2025-10-24 19:00:00,0.1209,0.1217,0.1207,0.1208,923921.47,0
2025-10-24 20:00:00,0.1209,0.1217,0.1208,0.1215,367674.79,0
2025-10-24 21:00:00,0.1216,0.1221,0.1213,0.1221,432444.99,0
2025-10-24 22:00:00,0.122,0.1222,0.1216,0.1216,272188.44,0
2025-10-24 23:00:00,0.1217,0.122,0.1213,0.1216,515338.96,0
2025-10-25 00:00:00,0.1216,0.1218,0.1211,0.1212,512813.53,0
2025-10-25 01:00:00,0.1212,0.1218,0.121,0.1215,298164.62,0
2025-10-25 02:00:00,0.1215,0.1217,0.1212,0.1215,175768.72,0
2025-10-25 03:00:00,0.1215,0.1215,0.1201,0.1203,697963.49,0
2025-10-25 04:00:00,0.1203,0.1208,0.1196,0.1196,838926.8,0
2025-10-25 05:00:00,0.1196,0.12,0.1192,0.1196,500452.32,0
2025-10-25 06:00:00,0.1197,0.1201,0.1193,0.1195,1167467.28,0
2025-10-25 07:00:00,0.1196,0.1203,0.1191,0.1194,1071337.31,0
2025-10-25 08:00:00,0.1194,0.1204,0.1193,0.1201,507203.07,0
2025-10-25 09:00:00,0.1201,0.1202,0.1192,0.1194,624444.69,0
2025-10-25 10:00:00,0.1194,0.1197,0.1186,0.1192,732331.92,0
2025-10-25 11:00:00,0.1192,0.1198,0.1191,0.1197,1502517.03,0
2025-10-25 12:00:00,0.1197,0.1204,0.1197,0.1198,798183.63,0
2025-10-25 13:00:00,0.1199,0.12,0.1192,0.1192,600547.88,0
2025-10-25 14:00:00,0.1192,0.1201,0.1191,0.1201,573141.0,0
2025-10-25 15:00:00,0.12,0.1202,0.1192,0.1195,1143854.43,0
2025-10-25 16:00:00,0.1195,0.1198,0.1187,0.1191,1095466.39,0
2025-10-25 17:00:00,0.1191,0.1197,0.1187,0.1193,1182687.36,0
2025-10-25 18:00:00,0.1192,0.1207,0.1191,0.1207,1277972.99,0
2025-10-25 19:00:00,0.1206,0.1207,0.1201,0.1205,552437.94,0
2025-10-25 20:00:00,0.1206,0.1208,0.1201,0.1202,398653.37,0
2025-10-25 21:00:00,0.1202,0.1204,0.1196,0.12,712733.35,0
2025-10-25 22:00:00,0.12,0.1204,0.1196,0.1201,432470.43,0
2025-10-25 23:00:00,0.1201,0.1201,0.1196,0.1197,610638.7,0
2025-10-26 00:00:00,0.1197,0.12,0.119,0.1195,1063586.37,0
2025-10-26 01:00:00,0.1196,0.1196,0.1179,0.1185,732008.14,0
2025-10-26 02:00:00,0.1185,0.1187,0.1179,0.1183,525734.22,0
2025-10-26 03:00:00,0.1182,0.1184,0.1175,0.1181,286253.73,0
2025-10-26 04:00:00,0.118,0.1189,0.118,0.1187,326813.98,0
2025-10-26 05:00:00,0.1186,0.1196,0.1184,0.1194,745645.43,0
2025-10-26 06:00:00,0.1194,0.1196,0.1189,0.1195,856782.72,0
2025-10-26 07:00:00,0.1194,0.1202,0.1191,0.1201,999861.09,0
2025-10-26 08:00:00,0.1201,0.1206,0.1199,0.1203,1600659.64,0
2025-10-26 09:00:00,0.1204,0.1226,0.1203,0.1221,1365294.34,0
2025-10-26 10:00:00,0.1221,0.1221,0.1212,0.1217,653570.77,0
2025-10-26 11:00:00,0.1218,0.1245,0.1215,0.124,1748504.21,0
2025-10-26 12:00:00,0.124,0.1248,0.1235,0.124,3012642.28,0
2025-10-26 13:00:00,0.124,0.1251,0.1235,0.1244,1966852.34,0
2025-10-26 14:00:00,0.1244,0.1249,0.1234,0.1243,1936236.98,0
2025-10-26 15:00:00,0.1244,0.1257,0.124,0.1255,1048355.13,0
2025-10-26 16:00:00,0.1255,0.1257,0.1234,0.1237,1204639.88,0
2025-10-26 17:00:00,0.1237,0.1244,0.1235,0.1243,440999.08,0
2025-10-26 18:00:00,0.1243,0.1248,0.1241,0.1242,743916.07,0
2025-10-26 19:00:00,0.1242,0.1243,0.1237,0.1241,338907.74,0
2025-10-26 20:00:00,0.1242,0.1244,0.1233,0.1236,1104487.01,0
2025-10-26 21:00:00,0.1236,0.1249,0.1236,0.1248,650818.43,0
2025-10-26 22:00:00,0.1249,0.1271,0.1249,0.1265,2218195.93,0
2025-10-26 23:00:00,0.1264,0.1273,0.1258,0.1258,938548.65,0
2025-10-27 00:00:00,0.126,0.127,0.1257,0.1268,1229336.35,0
2025-10-27 01:00:00,0.1267,0.128,0.1264,0.1277,980197.9,0
2025-10-27 02:00:00,0.1277,0.1283,0.127,0.1273,688334.62,0
2025-10-27 03:00:00,0.1272,0.1278,0.1267,0.127,1046104.22,0
2025-10-27 04:00:00,0.1271,0.1282,0.1267,0.128,862661.99,0
2025-10-27 05:00:00,0.1281,0.1298,0.1277,0.1279,3112485.81,0
2025-10-27 06:00:00,0.1278,0.1287,0.1268,0.1279,931877.73,0
2025-10-27 07:00:00,0.128,0.1286,0.126,0.1272,1160966.71,0
2025-10-27 08:00:00,0.1271,0.1273,0.1246,0.1248,1448088.18,0
2025-10-27 09:00:00,0.1247,0.1247,0.1229,0.1232,1739593.73,0
2025-10-27 10:00:00,0.1232,0.1239,0.1229,0.1232,1164181.03,0
2025-10-27 11:00:00,0.1232,0.1247,0.1229,0.1246,610738.61,0
2025-10-27 12:00:00,0.1245,0.1246,0.1229,0.123,924047.8,0
2025-10-27 13:00:00,0.123,0.124,0.1216,0.1235,1824290.15,0
2025-10-27 14:00:00,0.1235,0.1236,0.1218,0.1229,1357263.49,0
2025-10-27 15:00:00,0.1229,0.1243,0.1229,0.1239,638276.13,0
2025-10-27 16:00:00,0.1238,0.1265,0.1238,0.1264,1154482.57,0
2025-10-27 17:00:00,0.1265,0.1266,0.1255,0.1261,732562.72,0
2025-10-27 18:00:00,0.126,0.1266,0.1253,0.1254,1138573.08,0
2025-10-27 19:00:00,0.1255,0.1255,0.1234,0.1236,941594.37,0
2025-10-27 20:00:00,0.1237,0.1237,0.1225,0.1231,1402466.26,0
2025-10-27 21:00:00,0.123,0.1244,0.1225,0.1234,624186.38,0
2025-10-27 22:00:00,0.1233,0.1238,0.1219,0.1221,917283.26,0
2025-10-27 23:00:00,0.1221,0.1221,0.1212,0.1215,703198.73,0
2025-10-28 00:00:00,0.1215,0.1223,0.1209,0.1216,870316.37,0
2025-10-28 01:00:00,0.1216,0.1223,0.1214,0.1217,565541.53,0
2025-10-28 02:00:00,0.1217,0.1219,0.1201,0.1211,986744.08,0
2025-10-28 03:00:00,0.121,0.1215,0.1205,0.1211,520204.81,0
2025-10-28 04:00:00,0.1212,0.1224,0.1209,0.1218,717694.46,0
2025-10-28 05:00:00,0.1219,0.1226,0.1204,0.1207,1295255.81,0
2025-10-28 06:00:00,0.1208,0.1234,0.1208,0.1233,753085.38,0
2025-10-28 07:00:00,0.1234,0.1238,0.1215,0.1216,846617.0,0
2025-10-28 08:00:00,0.1217,0.1227,0.1215,0.122,787308.04,0
2025-10-28 09:00:00,0.1219,0.1222,0.1213,0.122,420831.18,0
2025-10-28 10:00:00,0.122,0.1222,0.1211,0.1216,959194.23,0
2025-10-28 11:00:00,0.1216,0.1224,0.1211,0.1213,594281.34,0
2025-10-28 12:00:00,0.1212,0.1228,0.1211,0.1223,902683.8,0
2025-10-28 13:00:00,0.1224,0.1245,0.1223,0.1241,1136293.29,0
2025-10-28 14:00:00,0.1242,0.1246,0.1204,0.1229,2217790.55,0
2025-10-28 15:00:00,0.123,0.1234,0.1212,0.1215,1380171.49,0
2025-10-28 16:00:00,0.1214,0.1228,0.121,0.1222,1166144.46,0
2025-10-28 17:00:00,0.1222,0.1226,0.1215,0.1219,192036.82,0
2025-10-28 18:00:00,0.1218,0.1224,0.1204,0.121,558954.66,0
2025-10-28 19:00:00,0.121,0.1211,0.1182,0.1189,1548106.99,0
2025-10-28 20:00:00,0.1188,0.1189,0.1162,0.1174,3259830.72,0
2025-10-28 21:00:00,0.1173,0.1183,0.1158,0.1174,1438609.01,0
2025-10-28 22:00:00,0.1173,0.1197,0.1171,0.1192,899470.91,0
2025-10-28 23:00:00,0.1192,0.1195,0.1185,0.1187,751360.43,0
2025-10-29 00:00:00,0.1187,0.1196,0.1186,0.119,472609.62,0
2025-10-29 01:00:00,0.1189,0.1201,0.1187,0.1195,545388.6,0
2025-10-29 02:00:00,0.1194,0.1196,0.119,0.119,328360.42,0
2025-10-29 03:00:00,0.119,0.1192,0.1183,0.1189,450055.45,0
2025-10-29 04:00:00,0.1189,0.1195,0.1186,0.119,242615.02,0
2025-10-29 05:00:00,0.119,0.1201,0.1188,0.1197,757804.91,0
2025-10-29 06:00:00,0.1195,0.1199,0.1187,0.1194,1456097.75,0
2025-10-29 07:00:00,0.1194,0.1197,0.1186,0.1192,772542.77,0
2025-10-29 08:00:00,0.1191,0.1193,0.1181,0.1185,788964.14,0
2025-10-29 09:00:00,0.1186,0.1194,0.1183,0.1191,397241.5,0
2025-10-29 10:00:00,0.119,0.1206,0.119,0.12,799093.97,0
2025-10-29 11:00:00,0.12,0.121,0.1198,0.1205,819051.4,0
2025-10-29 12:00:00,0.1205,0.1209,0.1201,0.1202,456495.84,0
2025-10-29 13:00:00,0.1203,0.121,0.1194,0.1199,2533411.1,0
2025-10-29 14:00:00,0.12,0.1201,0.1189,0.1193,818555.58,0
2025-10-29 15:00:00,0.1194,0.1195,0.117,0.1178,1326112.63,0
2025-10-29 16:00:00,0.1177,0.1189,0.1169,0.1182,1643173.19,0
2025-10-29 17:00:00,0.1181,0.1209,0.1179,0.1209,2750592.34,0
2025-10-29 18:00:00,0.121,0.1213,0.1143,0.1186,8831364.04,0
2025-10-29 19:00:00,0.1187,0.1205,0.1179,0.1193,2404163.35,0
2025-10-29 20:00:00,0.1193,0.121,0.1185,0.1202,2376773.93,0
2025-10-29 21:00:00,0.1202,0.1204,0.1192,0.1197,699784.19,0
2025-10-29 22:00:00,0.1198,0.1199,0.1187,0.1192,280878.45,0
2025-10-29 23:00:00,0.1192,0.1192,0.1166,0.1175,2045749.5,0
2025-10-30 00:00:00,0.1175,0.1184,0.1167,0.1183,528782.63,0
2025-10-30 01:00:00,0.1182,0.1186,0.1176,0.1181,416194.83,0
2025-10-30 02:00:00,0.1181,0.119,0.1179,0.1187,747560.23,0
2025-10-30 03:00:00,0.1187,0.1187,0.1173,0.1177,824092.58,0
2025-10-30 04:00:00,0.1177,0.1177,0.113,0.1144,4271991.81,0
2025-10-30 05:00:00,0.1145,0.1166,0.1139,0.1163,2041633.82,0
2025-10-30 06:00:00,0.1163,0.1164,0.1148,0.1157,2134929.68,0
2025-10-30 07:00:00,0.1157,0.1172,0.1155,0.1169,2443874.19,0
2025-10-30 08:00:00,0.1168,0.1168,0.1149,0.1149,1324948.28,0
2025-10-30 09:00:00,0.1149,0.1151,0.1141,0.1142,908241.92,0
2025-10-30 10:00:00,0.1141,0.1146,0.1131,0.1132,1290109.39,0
2025-10-30 11:00:00,0.1133,0.1136,0.1122,0.1124,864968.35,0
2025-10-30 12:00:00,0.1126,0.1128,0.1095,0.1105,4475028.21,0
2025-10-30 13:00:00,0.1104,0.111,0.1078,0.108,4986923.21,0
2025-10-30 14:00:00,0.1081,0.1093,0.1075,0.1087,3079791.51,0
2025-10-30 15:00:00,0.1086,0.1089,0.1067,0.1074,2985271.98,0
2025-10-30 16:00:00,0.1073,0.1084,0.1068,0.1082,1963428.34,0
2025-10-30 17:00:00,0.1082,0.1082,0.1055,0.1072,5025184.56,0
2025-10-30 18:00:00,0.1072,0.1073,0.1052,0.1057,1381482.63,0
2025-10-30 19:00:00,0.1057,0.1064,0.1048,0.1058,2378371.61,0
2025-10-30 20:00:00,0.1058,0.1081,0.1054,0.1078,2122997.61,0
2025-10-30 21:00:00,0.1078,0.1082,0.107,0.1074,1244560.9,0
2025-10-30 22:00:00,0.1076,0.1079,0.1072,0.1079,765579.12,0
2025-10-30 23:00:00,0.1079,0.1088,0.1074,0.1087,2078625.25,0
2025-10-31 00:00:00,0.1086,0.1093,0.1081,0.109,1160265.14,0
2025-10-31 01:00:00,0.109,0.1098,0.1088,0.1097,1007823.26,0
2025-10-31 02:00:00,0.1097,0.1098,0.1082,0.1089,1002353.55,0
2025-10-31 03:00:00,0.109,0.1091,0.1083,0.1089,529730.38,0
2025-10-31 04:00:00,0.1089,0.1103,0.1089,0.1102,1849390.79,0
2025-10-31 05:00:00,0.1101,0.1101,0.1093,0.1094,867832.95,0
2025-10-31 06:00:00,0.1095,0.1095,0.1088,0.109,435626.1,0
2025-10-31 07:00:00,0.1091,0.1095,0.1085,0.1087,861674.49,0
2025-10-31 08:00:00,0.1087,0.109,0.1079,0.109,581467.62,0
2025-10-31 09:00:00,0.1089,0.1091,0.1083,0.1084,803670.17,0
2025-10-31 10:00:00,0.1084,0.109,0.1082,0.1082,578937.27,0
2025-10-31 11:00:00,0.1083,0.1095,0.1081,0.1094,1271136.61,0
2025-10-31 12:00:00,0.1094,0.1102,0.1086,0.1087,1829652.83,0
2025-10-31 13:00:00,0.1088,0.1096,0.108,0.1088,1316357.95,0
2025-10-31 14:00:00,0.109,0.1095,0.1077,0.1093,1758711.81,0
2025-10-31 15:00:00,0.1092,0.1098,0.1083,0.1087,2044014.33,0
2025-10-31 16:00:00,0.1086,0.1091,0.1056,0.1061,2500769.13,0
2025-10-31 17:00:00,0.106,0.1068,0.1049,0.1062,2266756.23,0
2025-10-31 18:00:00,0.1063,0.107,0.1051,0.1056,3788028.75,0
2025-10-31 19:00:00,0.1055,0.1073,0.1044,0.1065,2398081.04,0
2025-10-31 20:00:00,0.1064,0.1065,0.1047,0.1048,2037474.99,0
2025-10-31 21:00:00,0.1048,0.105,0.1036,0.1042,1411343.31,0
2025-10-31 22:00:00,0.1043,0.1047,0.1038,0.1041,836828.63,0
2025-10-31 23:00:00,0.104,0.1041,0.1029,0.103,1972724.89,0
2025-11-01 00:00:00,0.103,0.1039,0.1015,0.1036,2490449.42,0
2025-11-01 01:00:00,0.1037,0.1047,0.1036,0.1038,1096465.33,0
2025-11-01 02:00:00,0.1038,0.1051,0.1031,0.1051,1255856.64,0
2025-11-01 03:00:00,0.1051,0.1059,0.105,0.1055,748240.17,0
2025-11-01 04:00:00,0.1055,0.1057,0.1043,0.1046,711265.15,0
2025-11-01 05:00:00,0.1047,0.1052,0.1044,0.1046,962198.72,0
2025-11-01 06:00:00,0.1046,0.1049,0.1041,0.1049,465267.94,0
2025-11-01 07:00:00,0.105,0.108,0.1048,0.1076,2323435.26,0
2025-11-01 08:00:00,0.1077,0.1092,0.1067,0.1081,2862006.14,0
2025-11-01 09:00:00,0.1081,0.1085,0.107,0.1071,1282940.54,0
2025-11-01 10:00:00,0.1072,0.1084,0.1071,0.1079,675110.06,0
2025-11-01 11:00:00,0.108,0.1096,0.108,0.1092,2523190.32,0
2025-11-01 12:00:00,0.1093,0.1095,0.1084,0.1088,1814708.69,0
2025-11-01 13:00:00,0.1088,0.1093,0.1075,0.1085,1820521.22,0
2025-11-01 14:00:00,0.1086,0.1087,0.1065,0.1078,1483001.41,0
2025-11-01 15:00:00,0.1077,0.1118,0.1075,0.1117,5312009.53,0
2025-11-01 16:00:00,0.1116,0.1142,0.111,0.112,13669158.02,0
2025-11-01 17:00:00,0.1121,0.1141,0.1117,0.1122,5833404.63,0
2025-11-01 18:00:00,0.1122,0.1126,0.1114,0.1122,2087653.51,0
2025-11-01 19:00:00,0.1121,0.1126,0.1116,0.1126,744017.41,0
2025-11-01 20:00:00,0.1126,0.113,0.112,0.1121,1342844.39,0
2025-11-01 21:00:00,0.1121,0.1147,0.1121,0.1125,4797978.48,0
2025-11-01 22:00:00,0.1125,0.1145,0.1124,0.114,2890423.42,0
2025-11-01 23:00:00,0.1139,0.116,0.1135,0.1159,3103800.61,0
2025-11-02 00:00:00,0.1159,0.1161,0.1132,0.1135,2509002.01,0
2025-11-02 01:00:00,0.1134,0.1139,0.113,0.1135,1633935.11,0
2025-11-02 02:00:00,0.1135,0.1144,0.113,0.1133,1030425.04,0
2025-11-02 03:00:00,0.1132,0.1138,0.113,0.1132,1136726.95,0
2025-11-02 04:00:00,0.1132,0.1147,0.1129,0.1147,1813436.59,0
2025-11-02 05:00:00,0.1147,0.1187,0.1144,0.1184,7019927.87,0
2025-11-02 06:00:00,0.1184,0.1222,0.1179,0.1212,20177429.16,0
2025-11-02 07:00:00,0.1212,0.1266,0.121,0.1244,27837898.38,0
2025-11-02 08:00:00,0.1244,0.1264,0.1228,0.1241,12893315.81,0
2025-11-02 09:00:00,0.1241,0.1272,0.1234,0.1239,12747020.01,0
2025-11-02 10:00:00,0.1239,0.1314,0.1239,0.1285,34575588.31,0
2025-11-02 11:00:00,0.1285,0.1319,0.1277,0.1304,18320548.09,0
2025-11-02 12:00:00,0.1305,0.1374,0.1292,0.1338,42169734.23,0
2025-11-02 13:00:00,0.1337,0.136,0.1248,0.1256,29847849.21,0
2025-11-02 14:00:00,0.1256,0.1266,0.1188,0.1196,24823928.66,0
2025-11-02 15:00:00,0.1196,0.122,0.1179,0.1212,13037803.58,0
2025-11-02 16:00:00,0.1211,0.122,0.1196,0.1212,7174777.09,0
2025-11-02 17:00:00,0.1211,0.1214,0.1189,0.1201,3880744.38,0
2025-11-02 18:00:00,0.1201,0.1206,0.1187,0.1188,2622290.96,0
2025-11-02 19:00:00,0.1187,0.1187,0.1159,0.1173,4843993.44,0
2025-11-02 20:00:00,0.1172,0.1191,0.1164,0.1183,4504566.72,0
2025-11-02 21:00:00,0.1183,0.1196,0.1182,0.1187,1065453.05,0
2025-11-02 22:00:00,0.1188,0.119,0.1173,0.1186,1437745.9,0
2025-11-02 23:00:00,0.1186,0.1197,0.1184,0.119,2057626.9,0
2025-11-03 00:00:00,0.119,0.1192,0.1156,0.1158,4457631.32,0
2025-11-03 01:00:00,0.1157,0.1162,0.1144,0.1148,2284883.62,0
2025-11-03 02:00:00,0.1148,0.1151,0.1121,0.1133,9529555.78,0
2025-11-03 03:00:00,0.1133,0.1136,0.1085,0.1093,9466608.27,0
2025-11-03 04:00:00,0.1092,0.1095,0.1079,0.1093,5555740.95,0
2025-11-03 05:00:00,0.1094,0.1103,0.1079,0.1089,3569975.32,0
2025-11-03 06:00:00,0.1089,0.1095,0.1059,0.1082,6497921.68,0
2025-11-03 07:00:00,0.1082,0.1091,0.1073,0.1079,3982023.57,0
2025-11-03 08:00:00,0.1079,0.1083,0.1063,0.1078,3643340.48,0
2025-11-03 09:00:00,0.1077,0.1093,0.1061,0.1062,2670669.45,0
2025-11-03 10:00:00,0.1062,0.1072,0.1047,0.105,4542500.74,0
2025-11-03 11:00:00,0.105,0.1079,0.1049,0.1069,4180291.44,0
2025-11-03 12:00:00,0.1068,0.1078,0.1063,0.1065,3346964.65,0
2025-11-03 13:00:00,0.1065,0.1083,0.1059,0.1064,6869552.18,0
2025-11-03 14:00:00,0.1065,0.1123,0.1062,0.1115,13722061.76,0
2025-11-03 15:00:00,0.1116,0.1137,0.1027,0.1054,49410375.49,0
2025-11-03 16:00:00,0.1054,0.1113,0.1042,0.1099,24471987.98,0
2025-11-03 17:00:00,0.1099,0.1144,0.1094,0.113,12993088.55,0
2025-11-03 18:00:00,0.1128,0.1132,0.1116,0.1123,7156537.87,0
2025-11-03 19:00:00,0.1123,0.1127,0.1095,0.1097,4439089.6,0
2025-11-03 20:00:00,0.1098,0.11,0.1062,0.107,7431265.04,0
2025-11-03 21:00:00,0.1069,0.1089,0.1058,0.1072,6160118.32,0
2025-11-03 22:00:00,0.1072,0.1074,0.1048,0.1052,3368692.94,0
2025-11-03 23:00:00,0.1052,0.1064,0.1044,0.1052,2989927.75,0
2025-11-04 00:00:00,0.1052,0.1089,0.1046,0.1077,7094537.57,0
2025-11-04 01:00:00,0.1077,0.1099,0.107,0.1071,5179443.69,0
2025-11-04 02:00:00,0.1071,0.1071,0.1038,0.1044,7836391.36,0
2025-11-04 03:00:00,0.1044,0.1049,0.1035,0.1035,6916123.51,0
2025-11-04 04:00:00,0.1036,0.1095,0.1032,0.1085,21495839.57,0
2025-11-04 05:00:00,0.1085,0.1105,0.102,0.1024,22110308.87,0
2025-11-04 06:00:00,0.1024,0.1069,0.1023,0.105,9669282.15,0
2025-11-04 07:00:00,0.105,0.1059,0.1017,0.1023,9417431.18,0
2025-11-04 08:00:00,0.1022,0.1061,0.1015,0.1054,10202413.96,0
2025-11-04 09:00:00,0.1054,0.1072,0.1054,0.1069,10509602.86,0
2025-11-04 10:00:00,0.1069,0.1094,0.1068,0.109,11443718.46,0
2025-11-04 11:00:00,0.1089,0.11,0.1058,0.106,9503783.87,0
2025-11-04 12:00:00,0.106,0.1061,0.1037,0.105,5192183.48,0
2025-11-04 13:00:00,0.105,0.1058,0.1036,0.1044,4421807.15,0
2025-11-04 14:00:00,0.1044,0.1078,0.1031,0.1069,8172898.43,0
2025-11-04 15:00:00,0.1068,0.1081,0.1045,0.1051,9805207.97,0
2025-11-04 16:00:00,0.1051,0.106,0.1026,0.1033,5312792.41,0
2025-11-04 17:00:00,0.1033,0.1045,0.1016,0.1029,13816369.46,0
2025-11-04 18:00:00,0.1029,0.1029,0.0988,0.1013,20687866.88,0
2025-11-04 19:00:00,0.1014,0.1033,0.1013,0.1015,9489621.35,0
2025-11-04 20:00:00,0.1015,0.1025,0.0965,0.1008,19318118.31,0
2025-11-04 21:00:00,0.1008,0.1011,0.0951,0.0993,14573027.03,0
2025-11-04 22:00:00,0.0994,0.1027,0.0991,0.1021,6025824.01,0
2025-11-04 23:00:00,0.1022,0.1048,0.102,0.1035,4517287.13,0
2025-11-05 00:00:00,0.1035,0.1047,0.1018,0.1019,5584702.6,0
2025-11-05 01:00:00,0.1019,0.1023,0.0983,0.1019,7976463.87,0
2025-11-05 02:00:00,0.102,0.1039,0.1019,0.1038,4691980.91,0
2025-11-05 03:00:00,0.1039,0.1043,0.1031,0.1038,3319898.24,0
2025-11-05 04:00:00,0.1038,0.1044,0.1033,0.1036,1537545.46,0
2025-11-05 05:00:00,0.1037,0.1045,0.1031,0.1033,1667840.57,0
2025-11-05 06:00:00,0.1033,0.1041,0.1025,0.1041,2613640.78,0
2025-11-05 07:00:00,0.1042,0.1049,0.1036,0.1039,2984050.59,0
2025-11-05 08:00:00,0.1038,0.1038,0.101,0.1016,4960637.48,0
2025-11-05 09:00:00,0.1016,0.1026,0.1009,0.1017,2147706.01,0
2025-11-05 10:00:00,0.1017,0.1022,0.1002,0.1004,1760605.44,0
2025-11-05 11:00:00,0.1003,0.1033,0.1003,0.1031,2096913.02,0
2025-11-05 12:00:00,0.1031,0.1051,0.1029,0.104,4811591.75,0
2025-11-05 13:00:00,0.1039,0.1098,0.1033,0.1094,13783486.92,0
2025-11-05 14:00:00,0.1093,0.1102,0.1065,0.1084,14204512.49,0
2025-11-05 15:00:00,0.1083,0.1109,0.1078,0.1093,8841813.82,0
2025-11-05 16:00:00,0.1093,0.1113,0.1083,0.1107,4174687.24,0
2025-11-05 17:00:00,0.1107,0.1109,0.1094,0.11,3500310.86,0
2025-11-05 18:00:00,0.1099,0.1114,0.1093,0.1109,3698237.4,0
2025-11-05 19:00:00,0.1109,0.1111,0.1097,0.1098,2717943.35,0
2025-11-05 20:00:00,0.1097,0.1109,0.1091,0.11,4537430.53,0
2025-11-05 21:00:00,0.11,0.1107,0.1088,0.1089,3525214.62,0
2025-11-05 22:00:00,0.1088,0.1091,0.1082,0.109,1572622.29,0
2025-11-05 23:00:00,0.109,0.1091,0.1077,0.1077,3381727.73,0
2025-11-06 00:00:00,0.1077,0.1081,0.1069,0.1074,2090018.96,0
2025-11-06 01:00:00,0.1074,0.1074,0.1055,0.1065,2858035.39,0
2025-11-06 02:00:00,0.1065,0.1071,0.1056,0.1068,1828375.44,0
2025-11-06 03:00:00,0.1068,0.1073,0.1065,0.1066,2386217.49,0
2025-11-06 04:00:00,0.1066,0.1079,0.1064,0.1074,2013582.71,0
2025-11-06 05:00:00,0.1073,0.1074,0.1052,0.1053,2389191.09,0
2025-11-06 06:00:00,0.1053,0.1071,0.1053,0.1067,2233244.42,0
2025-11-06 07:00:00,0.1068,0.1073,0.1052,0.1057,2474366.54,0
2025-11-06 08:00:00,0.1057,0.1062,0.1048,0.1053,4292891.03,0
2025-11-06 09:00:00,0.1053,0.1062,0.1048,0.1049,3026255.89,0
2025-11-06 10:00:00,0.1049,0.1056,0.1042,0.1049,2984130.7,0
2025-11-06 11:00:00,0.1049,0.1055,0.1042,0.105,1540068.14,0
2025-11-06 12:00:00,0.1051,0.1053,0.1037,0.1038,2861129.76,0
2025-11-06 13:00:00,0.1037,0.1063,0.1037,0.1056,3297187.56,0
2025-11-06 14:00:00,0.1057,0.1059,0.1034,0.1035,5588128.18,0
2025-11-06 15:00:00,0.1035,0.1049,0.1021,0.1027,5457868.97,0
2025-11-06 16:00:00,0.1028,0.1035,0.1,0.1016,7167201.24,0
2025-11-06 17:00:00,0.1017,0.1042,0.1013,0.104,4589647.64,0
2025-11-06 18:00:00,0.1039,0.1046,0.1024,0.1034,4159369.59,0
2025-11-06 19:00:00,0.1034,0.1044,0.1031,0.1042,2629439.55,0
2025-11-06 20:00:00,0.104,0.1045,0.1022,0.1027,5406714.76,0
2025-11-06 21:00:00,0.1027,0.104,0.1021,0.1034,2970236.97,0
2025-11-06 22:00:00,0.1035,0.1041,0.1028,0.1039,1453056.98,0
2025-11-06 23:00:00,0.1038,0.1041,0.1027,0.104,1648286.23,0
2025-11-07 00:00:00,0.104,0.1059,0.1039,0.1056,4659100.86,0
2025-11-07 01:00:00,0.1056,0.1082,0.1045,0.1074,11594112.92,0
2025-11-07 02:00:00,0.1075,0.1092,0.1065,0.1091,2837199.57,0
2025-11-07 03:00:00,0.1091,0.1107,0.1091,0.11,3811155.96,0
2025-11-07 04:00:00,0.11,0.1103,0.1073,0.1083,2237554.19,0
2025-11-07 05:00:00,0.1083,0.1128,0.108,0.1124,5948219.73,0
2025-11-07 06:00:00,0.1122,0.1137,0.1108,0.111,10096990.52,0
2025-11-07 07:00:00,0.1111,0.1134,0.1111,0.1131,4988830.6,0
2025-11-07 08:00:00,0.1131,0.1132,0.111,0.1117,3899325.16,0
2025-11-07 09:00:00,0.1117,0.1124,0.1091,0.1111,3898968.85,0
2025-11-07 10:00:00,0.1111,0.1187,0.1101,0.114,29631459.19,0
2025-11-07 11:00:00,0.114,0.1146,0.1098,0.114,18333075.87,0
2025-11-07 12:00:00,0.114,0.1156,0.1108,0.1117,12320274.94,0
2025-11-07 13:00:00,0.1117,0.1145,0.111,0.1139,9893832.5,0
2025-11-07 14:00:00,0.1139,0.1231,0.1128,0.1225,21251662.04,0
2025-11-07 15:00:00,0.1225,0.1345,0.122,0.132,65053448.79,0
2025-11-07 16:00:00,0.132,0.1494,0.1318,0.1403,94885089.24,0
2025-11-07 17:00:00,0.1404,0.1469,0.1374,0.1464,28103786.14,0
2025-11-07 18:00:00,0.1465,0.1535,0.1458,0.1505,45277795.71,0
2025-11-07 19:00:00,0.1505,0.1532,0.1476,0.1522,40881232.09,0
2025-11-07 20:00:00,0.1521,0.1574,0.1507,0.1531,30329414.3,0
2025-11-07 21:00:00,0.153,0.1559,0.1515,0.155,17908283.87,0
2025-11-07 22:00:00,0.155,0.157,0.1461,0.1503,24355681.02,0
2025-11-07 23:00:00,0.1504,0.1505,0.1426,0.1439,12393799.33,0
2025-11-08 00:00:00,0.1438,0.1453,0.1371,0.1372,9518839.85,0
2025-11-08 01:00:00,0.1372,0.1406,0.1368,0.1377,7898003.27,0
2025-11-08 02:00:00,0.1378,0.1388,0.1358,0.1359,6430006.73,0
2025-11-08 03:00:00,0.1358,0.1379,0.1316,0.1317,9692002.64,0
2025-11-08 04:00:00,0.1317,0.135,0.1306,0.132,7021635.39,0
2025-11-08 05:00:00,0.1319,0.1329,0.1269,0.1283,8262576.53,0
2025-11-08 06:00:00,0.1282,0.1311,0.1268,0.1297,12490076.74,0
2025-11-08 07:00:00,0.1296,0.1332,0.1287,0.1327,10146084.65,0
2025-11-08 08:00:00,0.1327,0.1413,0.1319,0.1397,25235600.16,0
2025-11-08 09:00:00,0.1395,0.1395,0.1276,0.1288,19009079.28,0
2025-11-08 10:00:00,0.1289,0.1323,0.128,0.1322,5746697.04,0
2025-11-08 11:00:00,0.1321,0.1333,0.1295,0.1316,16129749.27,0
2025-11-08 12:00:00,0.1317,0.1337,0.1312,0.1333,5512806.03,0
2025-11-08 13:00:00,0.1333,0.1339,0.1305,0.1305,5872547.32,0
2025-11-08 14:00:00,0.1306,0.1309,0.1277,0.1295,6127252.53,0
2025-11-08 15:00:00,0.1294,0.1309,0.1262,0.1264,7341729.08,0
2025-11-08 16:00:00,0.1265,0.1298,0.125,0.1297,6424037.33,0
2025-11-08 17:00:00,0.1298,0.1326,0.1297,0.1318,4875697.34,0
2025-11-08 18:00:00,0.1318,0.1337,0.1318,0.1334,3193063.91,0
2025-11-08 19:00:00,0.1333,0.1338,0.1305,0.1318,3127731.08,0
2025-11-08 20:00:00,0.1318,0.1323,0.1302,0.1316,2532074.07,0
2025-11-08 21:00:00,0.1317,0.1332,0.1311,0.1327,3434099.19,0
2025-11-08 22:00:00,0.1327,0.1355,0.1326,0.1348,3651902.05,0
2025-11-08 23:00:00,0.1346,0.1362,0.134,0.1347,4266228.72,0
2025-11-09 00:00:00,0.1348,0.1354,0.132,0.1331,3266519.83,0
2025-11-09 01:00:00,0.133,0.137,0.1329,0.1364,5485983.67,0
2025-11-09 02:00:00,0.1364,0.1379,0.1341,0.1356,9564727.44,0
2025-11-09 03:00:00,0.1356,0.1359,0.1316,0.1323,4619501.09,0
2025-11-09 04:00:00,0.1324,0.135,0.1293,0.1302,5516335.23,0
2025-11-09 05:00:00,0.1301,0.1326,0.1295,0.1312,2617786.3,0
2025-11-09 06:00:00,0.1311,0.1367,0.1307,0.1344,9071350.55,0
2025-11-09 07:00:00,0.1344,0.1434,0.1341,0.1425,18365443.71,0
2025-11-09 08:00:00,0.1425,0.1433,0.1346,0.138,14504745.19,0
2025-11-09 09:00:00,0.138,0.1461,0.1373,0.1402,14600553.15,0
2025-11-09 10:00:00,0.1402,0.1429,0.1386,0.1423,7914828.63,0
2025-11-09 11:00:00,0.1424,0.1473,0.1386,0.1432,17546802.04,0
2025-11-09 12:00:00,0.1432,0.1434,0.1378,0.1378,10340271.13,0
2025-11-09 13:00:00,0.1379,0.1428,0.1375,0.14,10272009.88,0
2025-11-09 14:00:00,0.1399,0.141,0.1364,0.1387,12614443.61,0
2025-11-09 15:00:00,0.1387,0.1551,0.1379,0.1499,35455353.04,0
2025-11-09 16:00:00,0.1499,0.1522,0.1461,0.1493,17587057.6,0
2025-11-09 17:00:00,0.1494,0.1507,0.1443,0.1444,8705863.62,0
2025-11-09 18:00:00,0.1444,0.1515,0.1438,0.151,8720005.41,0
2025-11-09 19:00:00,0.1509,0.1544,0.1491,0.1542,11128111.02,0
2025-11-09 20:00:00,0.1542,0.1544,0.149,0.15,15366189.69,0
2025-11-09 21:00:00,0.1501,0.1508,0.1463,0.1482,11725867.07,0
2025-11-09 22:00:00,0.1482,0.1493,0.1454,0.1473,5354114.76,0
2025-11-09 23:00:00,0.1474,0.1492,0.1466,0.1481,6527410.94,0
2025-11-10 00:00:00,0.1481,0.1523,0.1464,0.1505,10679345.94,0
2025-11-10 01:00:00,0.1505,0.1516,0.1483,0.15,5679783.89,0
2025-11-10 02:00:00,0.1499,0.1539,0.1495,0.1537,8629059.91,0
2025-11-10 03:00:00,0.1538,0.1664,0.1532,0.1635,25200443.0,0
2025-11-10 04:00:00,0.1635,0.1691,0.1579,0.1609,24407253.29,0
2025-11-10 05:00:00,0.161,0.174,0.1602,0.1703,35658823.28,0
2025-11-10 06:00:00,0.1702,0.1798,0.1693,0.178,40306689.32,0
2025-11-10 07:00:00,0.1779,0.1843,0.1705,0.1822,56682555.49,0
2025-11-10 08:00:00,0.1823,0.1899,0.1759,0.1813,43595380.88,0
2025-11-10 09:00:00,0.1812,0.2157,0.1812,0.2111,97318632.8,0
2025-11-10 10:00:00,0.211,0.2177,0.1893,0.1975,96345360.73,0
2025-11-10 11:00:00,0.1975,0.2146,0.1972,0.204,72476179.79,0
2025-11-10 12:00:00,0.2038,0.2109,0.1819,0.1856,84281480.69,0
2025-11-10 13:00:00,0.1857,0.1937,0.1786,0.1914,52719971.22,0
2025-11-10 14:00:00,0.1914,0.1914,0.1834,0.1872,29020509.64,0
2025-11-10 15:00:00,0.1872,0.2011,0.1872,0.1985,58266545.39,0
2025-11-10 16:00:00,0.1985,0.2031,0.1822,0.1833,49422707.32,0
2025-11-10 17:00:00,0.1832,0.188,0.1801,0.1838,33920145.39,0
2025-11-10 18:00:00,0.1837,0.1857,0.1781,0.1806,15562068.97,0
2025-11-10 19:00:00,0.1806,0.1856,0.1787,0.1799,16223432.23,0
2025-11-10 20:00:00,0.1799,0.1838,0.1737,0.1743,21097354.13,0
2025-11-10 21:00:00,0.1744,0.1767,0.1707,0.1717,19332242.77,0
2025-11-10 22:00:00,0.1718,0.1733,0.1668,0.1716,24272855.05,0
2025-11-10 23:00:00,0.1717,0.1717,0.1643,0.1661,20540110.91,0
2025-11-11 00:00:00,0.1661,0.1691,0.162,0.1641,20328919.57,0
2025-11-11 01:00:00,0.1642,0.1687,0.1634,0.1659,18068011.19,0
2025-11-11 02:00:00,0.166,0.1728,0.1636,0.17,22669831.21,0
2025-11-11 03:00:00,0.1699,0.1726,0.1677,0.1705,14395276.63,0
2025-11-11 04:00:00,0.1705,0.1751,0.1684,0.1692,17427268.53,0
2025-11-11 05:00:00,0.1692,0.1764,0.167,0.1761,20595755.84,0
2025-11-11 06:00:00,0.1761,0.1799,0.173,0.1786,20690979.15,0
2025-11-11 07:00:00,0.1786,0.1788,0.1573,0.1589,41829013.84,0
2025-11-11 08:00:00,0.1589,0.1614,0.1574,0.1591,15758328.89,0
2025-11-11 09:00:00,0.1591,0.1618,0.1565,0.1571,14724151.33,0
2025-11-11 10:00:00,0.1571,0.1597,0.157,0.1585,9617664.2,0
2025-11-11 11:00:00,0.1585,0.1587,0.1556,0.1576,10081958.98,0
2025-11-11 12:00:00,0.1577,0.1645,0.1571,0.1615,25507044.6,0
2025-11-11 13:00:00,0.1614,0.1665,0.1604,0.1642,14149013.36,0
2025-11-11 14:00:00,0.1642,0.1653,0.1596,0.1652,15823737.18,0
2025-11-11 15:00:00,0.1652,0.1654,0.1606,0.1618,8702789.44,0
2025-11-11 16:00:00,0.1618,0.1646,0.1605,0.1621,9245706.95,0
2025-11-11 17:00:00,0.1621,0.1623,0.1589,0.1598,5383889.55,0
2025-11-11 18:00:00,0.1599,0.1603,0.1568,0.1587,4710897.32,0
2025-11-11 19:00:00,0.1587,0.159,0.1523,0.1529,8449842.56,0
2025-11-11 20:00:00,0.1528,0.154,0.1483,0.1496,10782288.7,0
2025-11-11 21:00:00,0.1496,0.1508,0.1461,0.1464,10060712.73,0
2025-11-11 22:00:00,0.1465,0.1494,0.1456,0.1488,8704495.57,0
2025-11-11 23:00:00,0.1489,0.1503,0.1443,0.145,8179155.1,0
2025-11-12 00:00:00,0.145,0.149,0.1431,0.1433,11386345.43,0
2025-11-12 01:00:00,0.1433,0.1455,0.1422,0.1434,7242484.7,0
2025-11-12 02:00:00,0.1434,0.1437,0.1407,0.1421,9493465.75,0
2025-11-12 03:00:00,0.1421,0.1435,0.1411,0.1425,5135088.28,0
2025-11-12 04:00:00,0.1425,0.1426,0.1412,0.1423,5258036.89,0
2025-11-12 05:00:00,0.1423,0.1471,0.1413,0.1453,10501941.69,0
2025-11-12 06:00:00,0.1452,0.1519,0.1444,0.1486,16374432.15,0
2025-11-12 07:00:00,0.1486,0.1486,0.1452,0.1457,8134277.99,0
2025-11-12 08:00:00,0.1457,0.1573,0.1455,0.1522,32739090.93,0
2025-11-12 09:00:00,0.1523,0.1604,0.1511,0.16,30077947.38,0
2025-11-12 10:00:00,0.1599,0.1694,0.1575,0.1639,39592346.23,0
2025-11-12 11:00:00,0.164,0.1652,0.1558,0.156,25145036.55,0
2025-11-12 12:00:00,0.1561,0.1589,0.1539,0.1545,15421337.8,0
2025-11-12 13:00:00,0.1545,0.155,0.1515,0.1523,10293281.47,0
2025-11-12 14:00:00,0.1523,0.1536,0.147,0.1487,15244560.87,0
2025-11-12 15:00:00,0.1487,0.1494,0.1416,0.1422,15339447.39,0
2025-11-12 16:00:00,0.1423,0.144,0.1358,0.1364,27562623.57,0
2025-11-12 17:00:00,0.1365,0.1399,0.1355,0.1398,12641097.45,0
2025-11-12 18:00:00,0.1397,0.1416,0.1381,0.1384,7448267.27,0
2025-11-12 19:00:00,0.1383,0.1393,0.1371,0.1384,5643256.83,0
2025-11-12 20:00:00,0.1383,0.1448,0.1377,0.1435,9167936.7,0
2025-11-12 21:00:00,0.1436,0.1436,0.1407,0.1408,4132915.34,0
2025-11-12 22:00:00,0.1408,0.141,0.1386,0.1389,7961297.56,0
2025-11-12 23:00:00,0.139,0.1391,0.1363,0.137,12174763.04,0
2025-11-13 00:00:00,0.1369,0.1376,0.1344,0.1353,11956755.72,0
2025-11-13 01:00:00,0.1351,0.1391,0.1347,0.137,8514388.0,0
2025-11-13 02:00:00,0.1369,0.1393,0.1369,0.1382,4373303.26,0
2025-11-13 03:00:00,0.1382,0.1425,0.1363,0.1398,11282220.88,0
2025-11-13 04:00:00,0.1398,0.1426,0.1376,0.1417,12327790.57,0
2025-11-13 05:00:00,0.1415,0.1444,0.1403,0.1433,5496425.09,0
2025-11-13 06:00:00,0.1434,0.1474,0.1409,0.1411,10506698.5,0
2025-11-13 07:00:00,0.1413,0.1445,0.1388,0.139,10882654.62,0
2025-11-13 08:00:00,0.139,0.141,0.1382,0.1395,4148246.58,0
2025-11-13 09:00:00,0.1395,0.1399,0.1367,0.138,5137655.0,0
2025-11-13 10:00:00,0.1381,0.1403,0.1366,0.1371,6066036.07,0
2025-11-13 11:00:00,0.1371,0.1377,0.136,0.1372,4119055.79,0
2025-11-13 12:00:00,0.1372,0.141,0.1368,0.1409,9257937.89,0
2025-11-13 13:00:00,0.141,0.1436,0.1391,0.1408,12140594.77,0
2025-11-13 14:00:00,0.1407,0.1428,0.1374,0.1417,14780887.68,0
2025-11-13 15:00:00,0.1416,0.1454,0.1397,0.1446,28422544.39,0
2025-11-13 16:00:00,0.1445,0.1452,0.1398,0.1414,18384239.44,0
2025-11-13 17:00:00,0.1415,0.1419,0.1348,0.1357,14159101.51,0
2025-11-13 18:00:00,0.1357,0.1378,0.1312,0.1327,18350075.06,0
2025-11-13 19:00:00,0.1327,0.1403,0.1323,0.1384,26186562.64,0
2025-11-13 20:00:00,0.1384,0.1521,0.1372,0.1497,41832522.47,0
2025-11-13 21:00:00,0.1496,0.154,0.1414,0.1422,31110371.37,0
2025-11-13 22:00:00,0.1424,0.1486,0.1415,0.147,9673994.57,0
2025-11-13 23:00:00,0.147,0.1503,0.1459,0.1479,9627582.57,0
2025-11-14 00:00:00,0.1478,0.1565,0.1449,0.1514,20203407.73,0
2025-11-14 01:00:00,0.1515,0.1527,0.147,0.1474,8462151.14,0
2025-11-14 02:00:00,0.1475,0.1488,0.1405,0.1425,12226475.3,0
2025-11-14 03:00:00,0.1425,0.1434,0.1381,0.1394,6977329.5,0
2025-11-14 04:00:00,0.1395,0.1397,0.1348,0.1371,10514196.01,0
2025-11-14 05:00:00,0.1371,0.1423,0.1371,0.1416,13606669.74,0
2025-11-14 06:00:00,0.1415,0.1434,0.138,0.1432,8731707.3,0
2025-11-14 07:00:00,0.1432,0.1444,0.1395,0.1396,12227143.29,0
2025-11-14 08:00:00,0.1397,0.1399,0.138,0.1388,5796592.76,0
2025-11-14 09:00:00,0.1387,0.1399,0.1363,0.1381,9219456.92,0
2025-11-14 10:00:00,0.1382,0.1432,0.1378,0.1424,7370280.68,0
2025-11-14 11:00:00,0.1424,0.1426,0.1389,0.1412,7243350.09,0
2025-11-14 12:00:00,0.1412,0.1524,0.1387,0.1494,23191863.11,0
2025-11-14 13:00:00,0.1493,0.1563,0.1477,0.1558,50922935.5,0
2025-11-14 14:00:00,0.1558,0.1732,0.1551,0.1728,62455603.24,0
2025-11-14 15:00:00,0.1728,0.1808,0.1675,0.1787,73601827.64,0
2025-11-14 16:00:00,0.1787,0.1804,0.1654,0.1781,56049821.0,0
2025-11-14 17:00:00,0.1781,0.1793,0.1701,0.1719,24777984.22,0
2025-11-14 18:00:00,0.172,0.1752,0.1676,0.1695,17549882.4,0
2025-11-14 19:00:00,0.1695,0.1757,0.1693,0.174,12617609.77,0
2025-11-14 20:00:00,0.1739,0.1815,0.1712,0.1752,30698148.05,0
2025-11-14 21:00:00,0.1753,0.1834,0.1737,0.178,20899196.89,0
2025-11-14 22:00:00,0.1779,0.1812,0.1715,0.1724,14215615.36,0
2025-11-14 23:00:00,0.1725,0.173,0.1657,0.1702,17686770.35,0
2025-11-15 00:00:00,0.1701,0.1767,0.1679,0.1707,18340480.26,0
2025-11-15 01:00:00,0.1707,0.1888,0.1671,0.183,41521148.75,0
2025-11-15 02:00:00,0.1829,0.1833,0.1767,0.1802,12519479.83,0
2025-11-15 03:00:00,0.1801,0.1841,0.1741,0.1742,16909477.21,0
2025-11-15 04:00:00,0.1743,0.1763,0.1618,0.1624,23160794.74,0
2025-11-15 05:00:00,0.1625,0.1677,0.1581,0.1668,23809314.0,0
2025-11-15 06:00:00,0.1668,0.173,0.1657,0.169,19999653.9,0
2025-11-15 07:00:00,0.169,0.1699,0.1655,0.1679,15574869.98,0
2025-11-15 08:00:00,0.1678,0.1689,0.1636,0.1681,17993287.17,0
2025-11-15 09:00:00,0.1681,0.1718,0.1639,0.1649,19112972.54,0
2025-11-15 10:00:00,0.1648,0.1695,0.1631,0.1673,11084208.5,0
2025-11-15 11:00:00,0.1672,0.168,0.164,0.165,8107369.15,0
2025-11-15 12:00:00,0.165,0.1672,0.1629,0.1657,7191088.74,0
2025-11-15 13:00:00,0.1657,0.1691,0.1643,0.1682,7382662.02,0
2025-11-15 14:00:00,0.1683,0.1716,0.1673,0.1691,17184629.38,0
2025-11-15 15:00:00,0.1692,0.1849,0.169,0.1844,32005122.61,0
2025-11-15 16:00:00,0.1843,0.1943,0.1783,0.1874,51687114.74,0
2025-11-15 17:00:00,0.1874,0.2103,0.1838,0.2098,63138891.17,0
2025-11-15 18:00:00,0.2098,0.2125,0.19,0.1932,41555356.5,0
2025-11-15 19:00:00,0.1932,0.2017,0.191,0.198,23197319.26,0
2025-11-15 20:00:00,0.198,0.2034,0.1951,0.198,17786512.51,0
2025-11-15 21:00:00,0.1979,0.2041,0.1925,0.193,20792551.71,0
2025-11-15 22:00:00,0.193,0.2093,0.193,0.2082,14470749.58,0
2025-11-15 23:00:00,0.2082,0.212,0.2015,0.2034,22752791.6,0
2025-11-16 00:00:00,0.2034,0.204,0.1904,0.1923,17617782.25,0
2025-11-16 01:00:00,0.1922,0.2027,0.188,0.1979,22802098.62,0
2025-11-16 02:00:00,0.1979,0.2209,0.1974,0.2206,34115182.79,0
2025-11-16 03:00:00,0.2206,0.238,0.2152,0.2337,71514023.75,0
2025-11-16 04:00:00,0.2337,0.2343,0.2222,0.2292,28692545.95,0
2025-11-16 05:00:00,0.2292,0.2356,0.2247,0.2256,25565520.76,0
2025-11-16 06:00:00,0.2257,0.228,0.2178,0.2197,27128869.86,0
2025-11-16 07:00:00,0.2197,0.2265,0.217,0.2197,21138405.05,0
2025-11-16 08:00:00,0.2197,0.2222,0.2157,0.2181,12174844.44,0
2025-11-16 09:00:00,0.2182,0.2264,0.2181,0.2255,22788591.27,0
2025-11-16 10:00:00,0.2255,0.24,0.2252,0.2362,38400064.53,0
2025-11-16 11:00:00,0.2361,0.2366,0.2193,0.2217,26355604.3,0
2025-11-16 12:00:00,0.2217,0.2451,0.2196,0.2417,47493992.05,0
2025-11-16 13:00:00,0.2417,0.2467,0.2302,0.2379,46646528.65,0
2025-11-16 14:00:00,0.238,0.2383,0.2268,0.2319,27454238.67,0
2025-11-16 15:00:00,0.2319,0.2322,0.2206,0.2208,20196111.02,0
2025-11-16 16:00:00,0.2209,0.2352,0.2202,0.2299,35491797.8,0
2025-11-16 17:00:00,0.2299,0.2331,0.2232,0.2309,22210271.46,0
2025-11-16 18:00:00,0.2309,0.2406,0.2252,0.228,27121715.37,0
2025-11-16 19:00:00,0.228,0.2374,0.2243,0.2247,20007422.48,0
2025-11-16 20:00:00,0.2247,0.2292,0.2191,0.2219,19043253.08,0
2025-11-16 21:00:00,0.2219,0.225,0.211,0.2174,24118767.14,0
2025-11-16 22:00:00,0.2175,0.2219,0.2135,0.2186,11479099.33,0
2025-11-16 23:00:00,0.2185,0.221,0.2142,0.2174,9958736.72,0
2025-11-17 00:00:00,0.2174,0.2278,0.2126,0.2204,19916969.06,0
2025-11-17 01:00:00,0.2203,0.227,0.2075,0.227,26963084.75,0
2025-11-17 02:00:00,0.227,0.2367,0.2247,0.227,25413017.21,0
2025-11-17 03:00:00,0.227,0.227,0.2121,0.2135,23433245.16,0
2025-11-17 04:00:00,0.2136,0.2161,0.2081,0.2089,14197163.05,0
2025-11-17 05:00:00,0.2089,0.2113,0.2026,0.2091,20855103.39,0
2025-11-17 06:00:00,0.2091,0.2254,0.2089,0.2192,40655612.81,0
2025-11-17 07:00:00,0.2193,0.2268,0.2158,0.2239,22390795.43,0
2025-11-17 08:00:00,0.2238,0.2285,0.2224,0.2251,12189592.8,0
2025-11-17 09:00:00,0.2252,0.2355,0.224,0.2252,21106939.9,0
2025-11-17 10:00:00,0.2252,0.2283,0.2172,0.2191,18538487.27,0
2025-11-17 11:00:00,0.2191,0.2224,0.2152,0.2167,11323958.29,0
2025-11-17 12:00:00,0.2166,0.223,0.2164,0.2194,9421217.34,0
2025-11-17 13:00:00,0.2195,0.2221,0.2099,0.2106,18291299.56,0
2025-11-17 14:00:00,0.2105,0.2212,0.2073,0.2135,39673652.4,0
2025-11-17 15:00:00,0.2136,0.2187,0.211,0.2128,13335071.8,0
2025-11-17 16:00:00,0.2128,0.2164,0.2076,0.2139,18368795.57,0
2025-11-17 17:00:00,0.2138,0.2138,0.2043,0.2115,17771883.83,0
2025-11-17 18:00:00,0.2115,0.2124,0.2006,0.2015,26853955.11,0
2025-11-17 19:00:00,0.2015,0.2094,0.1994,0.2052,21659394.22,0
2025-11-17 20:00:00,0.2052,0.2058,0.1994,0.2001,13931207.01,0
2025-11-17 21:00:00,0.2001,0.2039,0.1962,0.1977,14981386.52,0
2025-11-17 22:00:00,0.1978,0.2022,0.1971,0.1982,7011152.48,0
2025-11-17 23:00:00,0.1983,0.1999,0.1918,0.1947,13685980.07,0
2025-11-18 00:00:00,0.1948,0.1958,0.1814,0.1845,30377815.71,0
2025-11-18 01:00:00,0.1843,0.1844,0.1711,0.175,40819320.59,0
2025-11-18 02:00:00,0.1749,0.178,0.1709,0.1716,21779523.29,0
2025-11-18 03:00:00,0.1715,0.1895,0.1711,0.1857,33572713.91,0
2025-11-18 04:00:00,0.1857,0.1874,0.1803,0.1845,14281367.8,0
2025-11-18 05:00:00,0.1846,0.186,0.1807,0.1843,15496832.16,0
2025-11-18 06:00:00,0.1842,0.1844,0.1781,0.1787,13408715.67,0
2025-11-18 07:00:00,0.1786,0.1877,0.1784,0.1853,14596384.94,0
2025-11-18 08:00:00,0.1853,0.1913,0.1806,0.191,16747621.63,0
2025-11-18 09:00:00,0.191,0.1933,0.1859,0.19,28552197.55,0
2025-11-18 10:00:00,0.1899,0.1944,0.1854,0.1924,16341874.66,0
2025-11-18 11:00:00,0.1923,0.1933,0.1884,0.1911,8735928.86,0
2025-11-18 12:00:00,0.1911,0.1936,0.1882,0.1913,9376405.65,0
2025-11-18 13:00:00,0.1912,0.192,0.1873,0.1886,7607446.41,0
2025-11-18 14:00:00,0.1885,0.1897,0.1821,0.1827,17709127.77,0
2025-11-18 15:00:00,0.1827,0.1893,0.1815,0.1856,14512126.48,0
2025-11-18 16:00:00,0.1856,0.2098,0.185,0.205,51780402.39,0
2025-11-18 17:00:00,0.205,0.2055,0.1918,0.1952,26899760.71,0
2025-11-18 18:00:00,0.1953,0.2148,0.1953,0.2116,35861108.2,0
2025-11-18 19:00:00,0.2115,0.2183,0.2088,0.2095,27234183.33,0
2025-11-18 20:00:00,0.2097,0.2153,0.2061,0.2084,17173277.16,0
2025-11-18 21:00:00,0.2086,0.2123,0.2029,0.2039,10098808.22,0
2025-11-18 22:00:00,0.2041,0.2079,0.2017,0.2041,6109560.24,0
2025-11-18 23:00:00,0.2042,0.2067,0.202,0.2047,7487186.37,0
2025-11-19 00:00:00,0.2048,0.2152,0.2016,0.2144,16715774.9,0
2025-11-19 01:00:00,0.2144,0.2211,0.2115,0.2175,36691917.7,0
2025-11-19 02:00:00,0.2176,0.2284,0.2168,0.2217,31894867.04,0
2025-11-19 03:00:00,0.2216,0.2302,0.2203,0.2241,28281236.83,0
2025-11-19 04:00:00,0.2242,0.2321,0.2221,0.2243,21013885.23,0
2025-11-19 05:00:00,0.2243,0.2263,0.2133,0.2165,22831314.96,0
2025-11-19 06:00:00,0.2166,0.2298,0.2144,0.2289,22826268.57,0
2025-11-19 07:00:00,0.2288,0.2393,0.2276,0.2371,27914391.51,0
2025-11-19 08:00:00,0.2372,0.2403,0.2321,0.2353,27074514.83,0
2025-11-19 09:00:00,0.2354,0.24,0.2327,0.2357,21558390.75,0
2025-11-19 10:00:00,0.2358,0.2459,0.2338,0.2398,26298493.67,0
2025-11-19 11:00:00,0.2398,0.2579,0.2344,0.2553,38316378.89,0
2025-11-19 12:00:00,0.2552,0.2578,0.244,0.2459,42264748.42,0
2025-11-19 13:00:00,0.246,0.2526,0.2391,0.2455,42312520.54,0
2025-11-19 14:00:00,0.2455,0.2617,0.2446,0.2536,48489908.86,0
2025-11-19 15:00:00,0.2537,0.2615,0.2474,0.2503,49168298.17,0
2025-11-19 16:00:00,0.2502,0.2535,0.2404,0.2437,46700253.7,0
2025-11-19 17:00:00,0.2437,0.253,0.239,0.2512,40122045.03,0
2025-11-19 18:00:00,0.2512,0.2542,0.2459,0.2532,30266886.69,0
2025-11-19 19:00:00,0.2531,0.2533,0.2411,0.245,33712241.99,0
2025-11-19 20:00:00,0.2451,0.2504,0.2408,0.2464,32017521.5,0
2025-11-19 21:00:00,0.2464,0.261,0.2443,0.2508,37676482.03,0
2025-11-19 22:00:00,0.2507,0.2538,0.2444,0.2467,19089223.03,0
2025-11-19 23:00:00,0.2466,0.2571,0.2455,0.249,22996751.31,0
2025-11-20 00:00:00,0.2491,0.2593,0.2462,0.2534,38482504.59,0
2025-11-20 01:00:00,0.2535,0.2744,0.2496,0.2647,35641492.38,0
2025-11-20 02:00:00,0.2648,0.2795,0.2601,0.2735,41511665.69,0
2025-11-20 03:00:00,0.2734,0.279,0.2647,0.2677,28761804.28,0
2025-11-20 04:00:00,0.2677,0.2762,0.263,0.2759,21686377.39,0
2025-11-20 05:00:00,0.2759,0.278,0.2613,0.2629,26896350.48,0
2025-11-20 06:00:00,0.2629,0.2667,0.2569,0.2654,23339775.43,0
2025-11-20 07:00:00,0.2656,0.273,0.2632,0.2637,19313463.1,0
2025-11-20 08:00:00,0.2635,0.2635,0.2534,0.2546,18865563.86,0
2025-11-20 09:00:00,0.2546,0.2553,0.2484,0.2504,27146518.8,0
2025-11-20 10:00:00,0.2505,0.2505,0.238,0.2425,43682960.22,0
2025-11-20 11:00:00,0.2424,0.2532,0.2415,0.2501,24187429.67,0
2025-11-20 12:00:00,0.25,0.26,0.2476,0.2526,30661056.38,0
2025-11-20 13:00:00,0.2525,0.2588,0.2504,0.2513,20918418.24,0
2025-11-20 14:00:00,0.2514,0.2596,0.2486,0.2566,19326856.87,0
2025-11-20 15:00:00,0.2566,0.2718,0.2541,0.2591,29882293.14,0
2025-11-20 16:00:00,0.2592,0.2633,0.24,0.2457,45693035.45,0
2025-11-20 17:00:00,0.2456,0.2566,0.245,0.2525,26278419.46,0
2025-11-20 18:00:00,0.2524,0.2532,0.2386,0.2392,21185498.05,0
2025-11-20 19:00:00,0.2391,0.2399,0.2285,0.2333,31151130.07,0
2025-11-20 20:00:00,0.2332,0.2339,0.2286,0.2325,12913662.32,0
2025-11-20 21:00:00,0.2326,0.2368,0.2293,0.2332,17897579.3,0
2025-11-20 22:00:00,0.2331,0.2424,0.2318,0.2396,18026488.88,0
2025-11-20 23:00:00,0.2397,0.2411,0.219,0.2232,42698497.13,0
2025-11-21 00:00:00,0.2233,0.2274,0.2203,0.2273,23936066.29,0
2025-11-21 01:00:00,0.2273,0.2293,0.2244,0.2262,11578996.66,0
2025-11-21 02:00:00,0.2262,0.2277,0.2235,0.2251,12097132.41,0
2025-11-21 03:00:00,0.225,0.2276,0.215,0.2196,31998311.99,0
2025-11-21 04:00:00,0.2196,0.2285,0.2174,0.2268,22983799.5,0
2025-11-21 05:00:00,0.2268,0.2285,0.2228,0.2255,14889451.06,0
2025-11-21 06:00:00,0.2256,0.2334,0.2247,0.2255,18745080.46,0
2025-11-21 07:00:00,0.2254,0.2419,0.2103,0.2386,75592201.48,0
2025-11-21 08:00:00,0.2385,0.26,0.2363,0.2487,76043748.14,0
2025-11-21 09:00:00,0.2487,0.2531,0.2419,0.2503,30731978.31,0
2025-11-21 10:00:00,0.2503,0.2542,0.237,0.2388,39364203.57,0
2025-11-21 11:00:00,0.2387,0.2418,0.2252,0.2267,50744134.08,0
2025-11-21 12:00:00,0.2267,0.233,0.2184,0.2265,66242385.28,0
2025-11-21 13:00:00,0.2264,0.2407,0.222,0.2361,36031797.87,0
2025-11-21 14:00:00,0.2362,0.2451,0.2289,0.2395,41065344.29,0
2025-11-21 15:00:00,0.2395,0.2396,0.2188,0.2198,31254860.41,0
2025-11-21 16:00:00,0.2199,0.227,0.2039,0.2202,67075457.63,0
2025-11-21 17:00:00,0.2202,0.2225,0.2114,0.2123,24238649.46,0
2025-11-21 18:00:00,0.2124,0.2157,0.2063,0.2134,19839786.26,0
2025-11-21 19:00:00,0.2134,0.2203,0.2084,0.212,15464059.5,0
2025-11-21 20:00:00,0.212,0.2129,0.205,0.2099,15704170.2,0
2025-11-21 21:00:00,0.2099,0.215,0.2081,0.2094,14971340.53,0
2025-11-21 22:00:00,0.2096,0.211,0.2005,0.2022,14218958.51,0
2025-11-21 23:00:00,0.2023,0.2071,0.1996,0.2058,14663293.82,0
2025-11-22 00:00:00,0.2058,0.2168,0.1996,0.2024,30233736.45,0
2025-11-22 01:00:00,0.2025,0.2082,0.2,0.2035,17700396.64,0
2025-11-22 02:00:00,0.2035,0.2049,0.1994,0.2005,9699101.45,0
2025-11-22 03:00:00,0.2005,0.2035,0.1909,0.1919,27388467.55,0
2025-11-22 04:00:00,0.192,0.1945,0.1737,0.1757,52637410.77,0
2025-11-22 05:00:00,0.1757,0.1757,0.1646,0.1689,46636391.76,0
2025-11-22 06:00:00,0.1689,0.1732,0.1664,0.17,25470855.95,0
2025-11-22 07:00:00,0.17,0.1776,0.1624,0.1722,45643398.1,0
2025-11-22 08:00:00,0.1722,0.1729,0.1654,0.1691,23745921.97,0
2025-11-22 09:00:00,0.1691,0.1761,0.1688,0.1735,21134608.11,0
2025-11-22 10:00:00,0.1735,0.1777,0.173,0.1772,19721896.33,0
2025-11-22 11:00:00,0.1772,0.1791,0.1734,0.1749,16742375.15,0
2025-11-22 12:00:00,0.1748,0.1749,0.1703,0.1719,14654250.62,0
2025-11-22 13:00:00,0.172,0.1743,0.1677,0.168,18012900.17,0
2025-11-22 14:00:00,0.1681,0.1742,0.168,0.1711,19520897.22,0
2025-11-22 15:00:00,0.171,0.1715,0.1655,0.1665,14413512.33,0
2025-11-22 16:00:00,0.1666,0.1702,0.1657,0.1674,14319842.76,0
2025-11-22 17:00:00,0.1675,0.1693,0.1638,0.1669,13572350.08,0
2025-11-22 18:00:00,0.1669,0.1669,0.1535,0.1542,40330949.49,0
2025-11-22 19:00:00,0.1543,0.1574,0.15,0.154,35832279.18,0
2025-11-22 20:00:00,0.154,0.1565,0.145,0.1467,29861866.11,0
2025-11-22 21:00:00,0.1467,0.1512,0.146,0.1495,25199598.88,0
2025-11-22 22:00:00,0.1495,0.1527,0.1455,0.152,25165510.31,0
2025-11-22 23:00:00,0.1519,0.153,0.1428,0.1448,27693258.17,0
2025-11-23 00:00:00,0.1448,0.1506,0.1416,0.145,38068260.84,0
2025-11-23 01:00:00,0.1449,0.1523,0.1429,0.1501,35023132.39,0
2025-11-23 02:00:00,0.1501,0.1602,0.1492,0.1573,37538550.52,0
2025-11-23 03:00:00,0.1574,0.1577,0.1505,0.1525,18803178.37,0
2025-11-23 04:00:00,0.1525,0.1549,0.15,0.1508,21326589.66,0
2025-11-23 05:00:00,0.1508,0.1569,0.1493,0.1562,24219583.85,0
2025-11-23 06:00:00,0.1561,0.1564,0.1518,0.153,11448688.79,0
2025-11-23 07:00:00,0.1531,0.1544,0.1503,0.151,11570748.74,0
2025-11-23 08:00:00,0.1511,0.1558,0.15,0.1556,14375280.39,0
2025-11-23 09:00:00,0.1557,0.1593,0.1538,0.1541,23542674.58,0
2025-11-23 10:00:00,0.1541,0.1604,0.1532,0.1553,20912130.98,0
2025-11-23 11:00:00,0.1553,0.1554,0.15,0.1518,19690882.73,0
2025-11-23 12:00:00,0.1518,0.1532,0.1494,0.1511,17708711.95,0
2025-11-23 13:00:00,0.151,0.1543,0.1504,0.1514,18595093.99,0
2025-11-23 14:00:00,0.1513,0.1522,0.1449,0.1455,35042637.02,0
2025-11-23 15:00:00,0.1456,0.1566,0.1454,0.1559,18830614.28,0
2025-11-23 16:00:00,0.1559,0.156,0.1508,0.151,15313321.77,0
2025-11-23 17:00:00,0.151,0.1511,0.1485,0.1503,10206478.91,0
2025-11-23 18:00:00,0.1503,0.1554,0.1503,0.1527,12127097.48,0
2025-11-23 19:00:00,0.1528,0.1687,0.1518,0.1611,41737782.85,0
2025-11-23 20:00:00,0.1611,0.1619,0.1566,0.1574,16236149.88,0
2025-11-23 21:00:00,0.1574,0.1574,0.1531,0.1541,18139006.91,0
2025-11-23 22:00:00,0.1541,0.1556,0.1512,0.1545,8869709.55,0
2025-11-23 23:00:00,0.1545,0.1553,0.1496,0.1511,12215693.62,0
2025-11-24 00:00:00,0.1511,0.1511,0.1464,0.1484,14395091.43,0
2025-11-24 01:00:00,0.1484,0.1499,0.1443,0.1475,12402730.75,0
2025-11-24 02:00:00,0.1474,0.1517,0.147,0.1483,14170278.79,0
2025-11-24 03:00:00,0.1484,0.1505,0.147,0.1478,11945007.57,0
2025-11-24 04:00:00,0.1478,0.1484,0.1425,0.1431,11667111.36,0
2025-11-24 05:00:00,0.1429,0.1457,0.1419,0.1438,12540616.03,0
2025-11-24 06:00:00,0.1437,0.1441,0.138,0.1404,25549632.24,0
2025-11-24 07:00:00,0.1403,0.1445,0.1382,0.1418,15856790.74,0
2025-11-24 08:00:00,0.1417,0.142,0.14,0.141,8760142.39,0
2025-11-24 09:00:00,0.141,0.141,0.1365,0.137,13632572.9,0
2025-11-24 10:00:00,0.1371,0.1382,0.1367,0.1375,6983642.94,0
2025-11-24 11:00:00,0.1375,0.1384,0.1358,0.1371,8583566.07,0
2025-11-24 12:00:00,0.1369,0.1395,0.1363,0.1376,8021989.94,0
2025-11-24 13:00:00,0.1376,0.1414,0.1376,0.1399,13375338.58,0
2025-11-24 14:00:00,0.14,0.1406,0.1364,0.14,28510372.82,0
2025-11-24 15:00:00,0.1401,0.1424,0.1382,0.14,28529642.43,0
2025-11-24 16:00:00,0.14,0.1411,0.1378,0.1401,20365858.65,0
2025-11-24 17:00:00,0.1402,0.1487,0.1394,0.148,34723292.91,0
2025-11-24 18:00:00,0.148,0.1482,0.1441,0.1449,26166664.22,0
2025-11-24 19:00:00,0.145,0.1454,0.1415,0.1417,26215962.42,0
2025-11-24 20:00:00,0.1417,0.1456,0.1404,0.1437,22361470.97,0
2025-11-24 21:00:00,0.1437,0.1455,0.1422,0.143,10318496.82,0
2025-11-24 22:00:00,0.143,0.1445,0.1418,0.1428,8284901.75,0
2025-11-24 23:00:00,0.1428,0.1449,0.1408,0.1419,8846821.06,0
2025-11-25 00:00:00,0.1419,0.1465,0.1419,0.1441,15664940.54,0
2025-11-25 01:00:00,0.1442,0.1479,0.1437,0.1444,17244400.47,0
2025-11-25 02:00:00,0.1443,0.1454,0.1413,0.1435,10340631.6,0
2025-11-25 03:00:00,0.1435,0.1448,0.1426,0.1438,5233900.1,0
2025-11-25 04:00:00,0.1438,0.1446,0.1385,0.1416,11386108.69,0
2025-11-25 05:00:00,0.1415,0.1461,0.1402,0.1428,12831572.46,0
2025-11-25 06:00:00,0.1427,0.1434,0.1405,0.1408,6844412.66,0
2025-11-25 07:00:00,0.1407,0.1413,0.1363,0.1376,12956197.85,0
2025-11-25 08:00:00,0.1376,0.1379,0.1335,0.1347,12863389.67,0
2025-11-25 09:00:00,0.1347,0.1354,0.1324,0.1348,15842500.32,0
2025-11-25 10:00:00,0.1348,0.1354,0.1334,0.1349,6620558.5,0
2025-11-25 11:00:00,0.1348,0.1379,0.1347,0.1366,10147015.86,0
2025-11-25 12:00:00,0.1366,0.1377,0.1352,0.136,8148605.2,0
2025-11-25 13:00:00,0.136,0.1364,0.133,0.1333,10964259.62,0
2025-11-25 14:00:00,0.1334,0.1355,0.1325,0.1342,9312692.0,0
2025-11-25 15:00:00,0.1343,0.1356,0.1336,0.135,9288058.24,0
2025-11-25 16:00:00,0.135,0.1376,0.1333,0.1362,11008588.95,0
2025-11-25 17:00:00,0.1361,0.1393,0.1351,0.1369,13363154.01,0
2025-11-25 18:00:00,0.1369,0.1381,0.1364,0.1365,5962928.52,0
2025-11-25 19:00:00,0.1364,0.1394,0.1352,0.1379,18357851.26,0
2025-11-25 20:00:00,0.1379,0.1393,0.1377,0.1382,9343190.33,0
2025-11-25 21:00:00,0.1382,0.1404,0.1378,0.1401,9174829.2,0
2025-11-25 22:00:00,0.1399,0.1426,0.1381,0.1418,7637260.5,0
2025-11-25 23:00:00,0.1419,0.1449,0.141,0.1429,7693432.05,0
2025-11-26 00:00:00,0.1429,0.1444,0.1413,0.1433,8267156.73,0
2025-11-26 01:00:00,0.1433,0.1454,0.1419,0.1434,9021082.15,0
2025-11-26 02:00:00,0.1435,0.1557,0.1429,0.1522,29344555.67,0
2025-11-26 03:00:00,0.1522,0.1527,0.1462,0.1477,19475779.71,0
2025-11-26 04:00:00,0.1477,0.151,0.1458,0.1474,13623552.8,0
2025-11-26 05:00:00,0.1474,0.1497,0.1463,0.1476,10640825.55,0
2025-11-26 06:00:00,0.1476,0.1483,0.1443,0.1449,9023608.15,0
2025-11-26 07:00:00,0.1449,0.1475,0.1437,0.1459,8799041.91,0
2025-11-26 08:00:00,0.1459,0.1459,0.1431,0.1434,7443302.42,0
2025-11-26 09:00:00,0.1434,0.1437,0.1415,0.142,6876665.55,0
2025-11-26 10:00:00,0.142,0.1441,0.142,0.1429,4284829.02,0
2025-11-26 11:00:00,0.1428,0.1445,0.142,0.1421,3882546.8,0
2025-11-26 12:00:00,0.1422,0.1425,0.1405,0.1417,6439426.05,0
2025-11-26 13:00:00,0.1417,0.1459,0.1412,0.1454,9606566.05,0
2025-11-26 14:00:00,0.1453,0.1506,0.1444,0.1452,24432447.06,0
2025-11-26 15:00:00,0.1451,0.1477,0.1443,0.1472,12149641.75,0
2025-11-26 16:00:00,0.1471,0.1485,0.1443,0.1458,14677792.59,0
2025-11-26 17:00:00,0.146,0.1503,0.1448,0.1501,13250060.68,0
2025-11-26 18:00:00,0.1501,0.1539,0.1501,0.1528,20819022.08,0
2025-11-26 19:00:00,0.1528,0.1572,0.1522,0.1527,21368458.96,0
2025-11-26 20:00:00,0.1528,0.1554,0.1512,0.1543,9603082.48,0
2025-11-26 21:00:00,0.1544,0.1579,0.1539,0.1576,14958498.7,0
2025-11-26 22:00:00,0.1576,0.1578,0.1553,0.1564,7724011.19,0
2025-11-26 23:00:00,0.1564,0.1564,0.1507,0.1519,10318755.63,0
2025-11-27 00:00:00,0.1519,0.1539,0.1512,0.1532,5543990.42,0
2025-11-27 01:00:00,0.1532,0.1553,0.1513,0.1545,5788198.36,0
2025-11-27 02:00:00,0.1545,0.1568,0.1531,0.1536,7454299.53,0
2025-11-27 03:00:00,0.1535,0.1548,0.1516,0.1517,7237808.58,0
2025-11-27 04:00:00,0.1517,0.1546,0.1517,0.1523,4039639.7,0
2025-11-27 05:00:00,0.1523,0.1523,0.1494,0.1508,6797477.71,0
2025-11-27 06:00:00,0.1508,0.1508,0.1482,0.1487,4009978.05,0
2025-11-27 07:00:00,0.1488,0.149,0.1467,0.1477,4275570.04,0
2025-11-27 08:00:00,0.1476,0.1476,0.1457,0.1466,5837377.47,0
2025-11-27 09:00:00,0.1466,0.1484,0.1463,0.1469,3562247.81,0
2025-11-27 10:00:00,0.1469,0.149,0.1469,0.1481,3023518.87,0
2025-11-27 11:00:00,0.1481,0.1482,0.1462,0.1472,3450353.55,0
2025-11-27 12:00:00,0.1471,0.1477,0.1446,0.1449,4733324.4,0
2025-11-27 13:00:00,0.1449,0.1477,0.1449,0.1462,4522477.45,0
2025-11-27 14:00:00,0.1462,0.1476,0.1457,0.1469,3523693.47,0
2025-11-27 15:00:00,0.1468,0.1476,0.1464,0.1473,3990609.67,0
2025-11-27 16:00:00,0.1473,0.1475,0.1462,0.1468,4972315.85,0
2025-11-27 17:00:00,0.1468,0.147,0.1452,0.1454,4993917.85,0
2025-11-27 18:00:00,0.1453,0.1466,0.1453,0.1462,2709412.07,0
2025-11-27 19:00:00,0.1462,0.1463,0.1453,0.1458,3264152.13,0
2025-11-27 20:00:00,0.1459,0.147,0.1457,0.1462,2492644.98,0
2025-11-27 21:00:00,0.1462,0.1462,0.1428,0.1431,6108333.93,0
2025-11-27 22:00:00,0.143,0.1441,0.1414,0.1417,4603597.29,0
2025-11-27 23:00:00,0.1416,0.142,0.1408,0.1411,3178032.53,0
2025-11-28 00:00:00,0.1412,0.1428,0.1408,0.1422,2533147.73,0
2025-11-28 01:00:00,0.1421,0.1427,0.1381,0.1392,11120764.18,0
2025-11-28 02:00:00,0.1392,0.1394,0.1375,0.1391,4575272.4,0
2025-11-28 03:00:00,0.1391,0.14,0.1388,0.1398,3066504.7,0
2025-11-28 04:00:00,0.1397,0.1407,0.1394,0.1405,1351057.76,0
2025-11-28 05:00:00,0.1405,0.1423,0.1405,0.1419,2199796.58,0
2025-11-28 06:00:00,0.1419,0.1435,0.1412,0.1423,2130956.48,0
2025-11-28 07:00:00,0.1423,0.1434,0.1415,0.1424,1777245.93,0
2025-11-28 08:00:00,0.1424,0.1459,0.1422,0.1451,5609435.15,0
2025-11-28 09:00:00,0.1452,0.1462,0.1438,0.1444,2879432.46,0
2025-11-28 10:00:00,0.1444,0.1444,0.1428,0.1433,2108828.55,0
2025-11-28 11:00:00,0.1432,0.1435,0.1412,0.1417,4619016.87,0
2025-11-28 12:00:00,0.1416,0.1427,0.1414,0.1422,1850837.56,0
2025-11-28 13:00:00,0.1422,0.1429,0.1411,0.1424,3596827.76,0
2025-11-28 14:00:00,0.1423,0.1424,0.1406,0.1417,4317120.18,0
2025-11-28 15:00:00,0.1417,0.1426,0.1408,0.141,3189185.61,0
2025-11-28 16:00:00,0.141,0.1415,0.1383,0.1402,6713338.07,0
2025-11-28 17:00:00,0.1402,0.1422,0.1384,0.139,5181164.68,0
2025-11-28 18:00:00,0.1391,0.1406,0.1374,0.1397,5353104.97,0
2025-11-28 19:00:00,0.1397,0.1415,0.1393,0.1411,2623382.02,0
2025-11-28 20:00:00,0.1411,0.1422,0.1404,0.1415,1702183.42,0
2025-11-28 21:00:00,0.1415,0.1417,0.1394,0.1397,1603407.27,0
2025-11-28 22:00:00,0.1397,0.1416,0.1394,0.1411,1864493.46,0
2025-11-28 23:00:00,0.1411,0.1419,0.1409,0.1418,1992661.46,0
2025-11-29 00:00:00,0.1417,0.1419,0.1398,0.141,3304015.38,0
2025-11-29 01:00:00,0.141,0.1413,0.1396,0.1398,996481.66,0
2025-11-29 02:00:00,0.1398,0.1404,0.1385,0.1392,2544140.23,0
2025-11-29 03:00:00,0.1392,0.1399,0.1384,0.1389,1999778.65,0
2025-11-29 04:00:00,0.1389,0.1394,0.1363,0.1374,4790078.44,0
2025-11-29 05:00:00,0.1373,0.138,0.1367,0.1368,1983920.57,0
2025-11-29 06:00:00,0.1368,0.1373,0.135,0.137,5833871.41,0
2025-11-29 07:00:00,0.1369,0.1369,0.1356,0.1357,1235999.91,0
2025-11-29 08:00:00,0.1357,0.1364,0.1356,0.1357,1861005.6,0
2025-11-29 09:00:00,0.1358,0.1372,0.1358,0.1368,3173892.37,0
2025-11-29 10:00:00,0.1367,0.1377,0.136,0.1375,2980840.87,0
2025-11-29 11:00:00,0.1376,0.1378,0.1365,0.137,1424977.97,0
2025-11-29 12:00:00,0.137,0.1374,0.136,0.1364,1366301.87,0
2025-11-29 13:00:00,0.1364,0.1371,0.1359,0.1369,1468751.67,0
2025-11-29 14:00:00,0.1369,0.1369,0.1355,0.1359,2480135.25,0
2025-11-29 15:00:00,0.1358,0.1391,0.1358,0.1384,3416090.95,0
2025-11-29 16:00:00,0.1384,0.1395,0.1375,0.1381,3278197.25,0
2025-11-29 17:00:00,0.1382,0.1385,0.1357,0.136,2308857.95,0
2025-11-29 18:00:00,0.1361,0.1365,0.1346,0.1357,2970343.25,0
2025-11-29 19:00:00,0.1357,0.136,0.1347,0.1352,1785288.18,0
2025-11-29 20:00:00,0.1351,0.1364,0.1343,0.1363,1819661.1,0
2025-11-29 21:00:00,0.1363,0.1369,0.1356,0.1365,1097982.47,0
2025-11-29 22:00:00,0.1365,0.1366,0.1351,0.1354,798282.06,0
2025-11-29 23:00:00,0.1354,0.1355,0.1345,0.1346,1538878.64,0
2025-11-30 00:00:00,0.1346,0.1353,0.1345,0.1352,853221.5,0
2025-11-30 01:00:00,0.1351,0.136,0.135,0.1352,659638.2,0
2025-11-30 02:00:00,0.1353,0.1363,0.135,0.135,851975.24,0
2025-11-30 03:00:00,0.135,0.1351,0.1328,0.1343,4655922.78,0
2025-11-30 04:00:00,0.1343,0.1344,0.1326,0.133,1822626.62,0
2025-11-30 05:00:00,0.133,0.133,0.1296,0.1314,8974968.17,0
2025-11-30 06:00:00,0.1313,0.1361,0.1313,0.1325,14651409.13,0
2025-11-30 07:00:00,0.1325,0.1335,0.1322,0.1327,1677237.21,0
2025-11-30 08:00:00,0.1328,0.1332,0.1317,0.1324,2044917.03,0
2025-11-30 09:00:00,0.1323,0.1325,0.1309,0.1314,2283543.9,0
2025-11-30 10:00:00,0.1313,0.1317,0.1299,0.13,3568867.25,0
2025-11-30 11:00:00,0.13,0.131,0.13,0.1303,2307287.11,0
2025-11-30 12:00:00,0.1303,0.1316,0.1297,0.1311,2266412.76,0
2025-11-30 13:00:00,0.1311,0.1327,0.131,0.1315,2688665.87,0
2025-11-30 14:00:00,0.1315,0.1316,0.1286,0.1293,4277415.56,0
2025-11-30 15:00:00,0.1293,0.1293,0.1274,0.1285,7061829.05,0
2025-11-30 16:00:00,0.1285,0.1305,0.1284,0.1295,2870851.7,0
2025-11-30 17:00:00,0.1295,0.1295,0.1271,0.1282,4506015.07,0
2025-11-30 18:00:00,0.1282,0.1285,0.1275,0.1281,2744267.65,0
2025-11-30 19:00:00,0.1281,0.1284,0.1272,0.1276,1304979.96,0
2025-11-30 20:00:00,0.1277,0.1291,0.1275,0.1283,2179212.1,0
2025-11-30 21:00:00,0.1283,0.1289,0.1274,0.1275,3111046.18,0
2025-11-30 22:00:00,0.1274,0.1283,0.1249,0.1256,10151634.83,0
2025-11-30 23:00:00,0.1255,0.1256,0.1235,0.1239,4535317.08,0
2025-12-01 00:00:00,0.124,0.1241,0.1165,0.1168,29828928.03,0
2025-12-01 01:00:00,0.1168,0.1184,0.1154,0.1155,8229273.13,0
2025-12-01 02:00:00,0.1155,0.1179,0.1154,0.1171,8747595.52,0
2025-12-01 03:00:00,0.1171,0.1171,0.1127,0.1139,17062578.28,0
2025-12-01 04:00:00,0.1139,0.1182,0.1137,0.1166,11019366.17,0
2025-12-01 05:00:00,0.1165,0.1206,0.1164,0.1196,11358565.7,0
2025-12-01 06:00:00,0.1197,0.1202,0.1186,0.1191,4693060.94,0
2025-12-01 07:00:00,0.1191,0.1199,0.118,0.1191,5525405.5,0
2025-12-01 08:00:00,0.119,0.1195,0.1179,0.1184,4750706.02,0
2025-12-01 09:00:00,0.1184,0.1191,0.118,0.1182,2797275.94,0
2025-12-01 10:00:00,0.1183,0.1198,0.1179,0.1193,4794027.64,0
2025-12-01 11:00:00,0.1192,0.1195,0.1175,0.118,3729366.16,0
2025-12-01 12:00:00,0.118,0.1185,0.116,0.1179,6392608.92,0
2025-12-01 13:00:00,0.1178,0.1188,0.1162,0.117,3698427.2,0
2025-12-01 14:00:00,0.117,0.1195,0.1165,0.1185,5394779.81,0
2025-12-01 15:00:00,0.1185,0.12,0.1156,0.1191,8790014.72,0
2025-12-01 16:00:00,0.119,0.1193,0.1174,0.1179,6062928.76,0
2025-12-01 17:00:00,0.1179,0.1191,0.1175,0.1182,4481231.53,0
2025-12-01 18:00:00,0.1183,0.1196,0.118,0.119,2750607.28,0
2025-12-01 19:00:00,0.119,0.119,0.1176,0.1186,3166595.94,0
2025-12-01 20:00:00,0.1187,0.1201,0.1185,0.1186,2814976.95,0
2025-12-01 21:00:00,0.1186,0.1194,0.1181,0.1187,2957075.34,0
2025-12-01 22:00:00,0.1188,0.1198,0.1188,0.1193,1874396.15,0
2025-12-01 23:00:00,0.1194,0.1203,0.1185,0.1185,2705733.78,0
2025-12-02 00:00:00,0.1186,0.1196,0.1186,0.119,1511145.7,0
2025-12-02 01:00:00,0.119,0.1207,0.1179,0.1184,2814450.29,0
2025-12-02 02:00:00,0.1183,0.1183,0.1169,0.1172,3356078.21,0
2025-12-02 03:00:00,0.1172,0.1175,0.1159,0.1169,2758540.0,0
2025-12-02 04:00:00,0.117,0.1175,0.1161,0.1162,1062989.41,0
2025-12-02 05:00:00,0.1162,0.117,0.1159,0.1163,1087579.13,0
2025-12-02 06:00:00,0.1163,0.1175,0.1158,0.1175,1579443.87,0
2025-12-02 07:00:00,0.1175,0.1176,0.1162,0.1166,1549324.71,0
2025-12-02 08:00:00,0.1166,0.1166,0.1137,0.1149,7403917.65,0
2025-12-02 09:00:00,0.1149,0.1155,0.1146,0.1153,1519727.01,0
2025-12-02 10:00:00,0.1153,0.1172,0.1153,0.1164,2280917.82,0
2025-12-02 11:00:00,0.1164,0.1177,0.1161,0.1176,2442126.64,0
2025-12-02 12:00:00,0.1177,0.1192,0.1177,0.1191,3820812.22,0
2025-12-02 13:00:00,0.119,0.1228,0.1181,0.1219,8961781.15,0
2025-12-02 14:00:00,0.1219,0.1267,0.1209,0.1251,10125082.45,0
2025-12-02 15:00:00,0.1251,0.1313,0.1249,0.129,22827198.19,0
2025-12-02 16:00:00,0.1289,0.129,0.1258,0.1269,11339967.42,0
2025-12-02 17:00:00,0.1269,0.1284,0.1255,0.1265,7471812.4,0
2025-12-02 18:00:00,0.1265,0.1277,0.1263,0.1271,3000656.96,0
2025-12-02 19:00:00,0.1271,0.1298,0.1264,0.1266,6606616.71,0
2025-12-02 20:00:00,0.1266,0.1267,0.1235,0.1239,10136310.26,0
2025-12-02 21:00:00,0.1239,0.125,0.1239,0.1245,3318322.62,0
2025-12-02 22:00:00,0.1244,0.1251,0.1235,0.1241,3452095.85,0
2025-12-02 23:00:00,0.1241,0.1241,0.1217,0.1222,6195364.52,0
2025-12-03 00:00:00,0.1223,0.1232,0.1216,0.1228,4206343.31,0
2025-12-03 01:00:00,0.1227,0.124,0.1226,0.1236,2341490.03,0
2025-12-03 02:00:00,0.1236,0.125,0.1233,0.1245,3435479.14,0
2025-12-03 03:00:00,0.1246,0.1249,0.1232,0.1239,11028055.0,0
2025-12-03 04:00:00,0.1239,0.1263,0.1235,0.1259,5492617.23,0
2025-12-03 05:00:00,0.1258,0.1267,0.1252,0.1259,4712081.62,0
2025-12-03 06:00:00,0.126,0.1281,0.1257,0.1268,6093279.15,0
2025-12-03 07:00:00,0.1268,0.1287,0.1263,0.128,3859307.72,0
2025-12-03 08:00:00,0.1279,0.1287,0.1251,0.1253,5198121.63,0
2025-12-03 09:00:00,0.1254,0.1266,0.1251,0.1258,2992341.16,0
2025-12-03 10:00:00,0.1257,0.1275,0.1241,0.1243,4823675.6,0
2025-12-03 11:00:00,0.1243,0.125,0.1235,0.1246,2822259.21,0
2025-12-03 12:00:00,0.1245,0.1251,0.1239,0.125,2809919.39,0
2025-12-03 13:00:00,0.1249,0.1264,0.1245,0.1261,4161888.33,0
2025-12-03 14:00:00,0.126,0.1305,0.1231,0.1269,13156441.76,0
2025-12-03 15:00:00,0.1269,0.1275,0.1242,0.1255,5865008.69,0
2025-12-03 16:00:00,0.1256,0.1272,0.1239,0.1256,3626566.05,0
2025-12-03 17:00:00,0.1256,0.1266,0.1249,0.1263,2125620.54,0
2025-12-03 18:00:00,0.1263,0.1296,0.1259,0.1269,7947278.48,0
2025-12-03 19:00:00,0.1269,0.1283,0.1265,0.1281,2513054.31,0
2025-12-03 20:00:00,0.1282,0.1282,0.1261,0.1269,2087875.11,0
2025-12-03 21:00:00,0.1269,0.1278,0.1262,0.1276,4061438.94,0
2025-12-03 22:00:00,0.1276,0.1279,0.1257,0.1273,2998181.31,0
2025-12-03 23:00:00,0.1274,0.1283,0.125,0.1253,3100206.67,0
2025-12-04 00:00:00,0.1254,0.1267,0.125,0.1261,3165228.46,0
2025-12-04 01:00:00,0.1261,0.1281,0.1259,0.1262,2139749.03,0
2025-12-04 02:00:00,0.1263,0.1278,0.1259,0.1269,2366522.01,0
2025-12-04 03:00:00,0.1269,0.1272,0.1258,0.1261,1267745.3,0
2025-12-04 04:00:00,0.126,0.1267,0.1253,0.1263,1777490.51,0
2025-12-04 05:00:00,0.1264,0.1279,0.1254,0.1254,3165057.93,0
2025-12-04 06:00:00,0.1254,0.1256,0.1244,0.1249,3161973.88,0
2025-12-04 07:00:00,0.1248,0.125,0.1236,0.1245,3463211.67,0
2025-12-04 08:00:00,0.1245,0.1247,0.1229,0.1232,3077420.99,0
2025-12-04 09:00:00,0.1233,0.1246,0.1232,0.1238,2975446.14,0
2025-12-04 10:00:00,0.1238,0.1244,0.1231,0.1232,1596504.56,0
2025-12-04 11:00:00,0.1232,0.1232,0.1212,0.1213,6304766.88,0
2025-12-04 12:00:00,0.1213,0.1219,0.1204,0.121,4910393.87,0
2025-12-04 13:00:00,0.121,0.1212,0.1189,0.1197,7256110.48,0
2025-12-04 14:00:00,0.1198,0.1206,0.1191,0.1192,4639471.09,0
2025-12-04 15:00:00,0.1193,0.1211,0.1186,0.1201,6933651.45,0
2025-12-04 16:00:00,0.1202,0.1216,0.1192,0.1198,4254971.54,0
2025-12-04 17:00:00,0.1199,0.1204,0.1189,0.1201,2894094.75,0
2025-12-04 18:00:00,0.1202,0.1207,0.1196,0.1197,2275234.32,0
2025-12-04 19:00:00,0.1198,0.1198,0.1171,0.1189,7173275.08,0
2025-12-04 20:00:00,0.1188,0.1196,0.1182,0.1195,3112562.48,0
2025-12-04 21:00:00,0.1195,0.1197,0.1183,0.1184,2514861.42,0
2025-12-04 22:00:00,0.1184,0.1203,0.1183,0.1198,1686396.7,0
2025-12-04 23:00:00,0.1198,0.1202,0.1192,0.1194,1374281.21,0
2025-12-05 00:00:00,0.1194,0.1218,0.1187,0.1202,4742067.1,0
2025-12-05 01:00:00,0.1201,0.1213,0.1194,0.1194,2440954.31,0
2025-12-05 02:00:00,0.1195,0.1203,0.1193,0.1197,1438634.14,0
2025-12-05 03:00:00,0.1197,0.1199,0.1187,0.119,1912915.66,0
2025-12-05 04:00:00,0.1191,0.1196,0.1177,0.1184,2394310.08,0
2025-12-05 05:00:00,0.1184,0.1186,0.1177,0.1178,2303171.71,0
2025-12-05 06:00:00,0.1178,0.1195,0.1174,0.1182,3753573.29,0
2025-12-05 07:00:00,0.1182,0.1189,0.1177,0.1177,2156155.53,0
2025-12-05 08:00:00,0.1177,0.1179,0.1157,0.1166,2564138.83,0
2025-12-05 09:00:00,0.1166,0.1168,0.115,0.1153,2738876.62,0
2025-12-05 10:00:00,0.1152,0.1171,0.1152,0.116,2052614.94,0
2025-12-05 11:00:00,0.1161,0.1164,0.1146,0.1154,2119387.56,0
2025-12-05 12:00:00,0.1154,0.1163,0.1152,0.1159,2366631.6,0
2025-12-05 13:00:00,0.116,0.116,0.1137,0.1143,3077779.07,0
2025-12-05 14:00:00,0.1143,0.1146,0.1118,0.1123,8385237.41,0
2025-12-05 15:00:00,0.1124,0.1147,0.1117,0.1123,10266839.95,0
2025-12-05 16:00:00,0.1122,0.1123,0.1096,0.1103,8594386.37,0
2025-12-05 17:00:00,0.1102,0.111,0.1096,0.1102,6265760.3,0
2025-12-05 18:00:00,0.1101,0.1107,0.108,0.1082,5638826.17,0
2025-12-05 19:00:00,0.1081,0.1105,0.1075,0.1099,6710742.87,0
2025-12-05 20:00:00,0.11,0.1109,0.1097,0.1104,4266361.43,0
2025-12-05 21:00:00,0.1105,0.1114,0.1103,0.1113,2809659.88,0
2025-12-05 22:00:00,0.1112,0.1124,0.1108,0.1119,2296804.82,0
2025-12-05 23:00:00,0.1119,0.1119,0.1109,0.1109,1164482.9,0
2025-12-06 00:00:00,0.1109,0.1112,0.1097,0.1101,1294140.75,0
2025-12-06 01:00:00,0.1101,0.1103,0.1098,0.1101,988443.9,0
2025-12-06 02:00:00,0.1101,0.1103,0.1096,0.1102,814405.97,0
2025-12-06 03:00:00,0.1102,0.1111,0.1094,0.1096,2596511.82,0
2025-12-06 04:00:00,0.1096,0.1096,0.1078,0.1085,8709975.77,0
2025-12-06 05:00:00,0.1086,0.1089,0.1084,0.1086,1494225.73,0
2025-12-06 06:00:00,0.1085,0.1092,0.1082,0.1092,2438106.64,0
2025-12-06 07:00:00,0.1092,0.1102,0.1089,0.11,1795929.88,0
2025-12-06 08:00:00,0.1101,0.1104,0.109,0.1091,2691764.65,0
2025-12-06 09:00:00,0.1092,0.1101,0.1092,0.1096,2467927.5,0
2025-12-06 10:00:00,0.1095,0.1098,0.1087,0.1088,2057306.17,0
2025-12-06 11:00:00,0.1087,0.1105,0.1087,0.11,1766306.76,0
2025-12-06 12:00:00,0.11,0.1104,0.1096,0.1102,1910866.19,0
2025-12-06 13:00:00,0.1102,0.1111,0.1097,0.1108,2871021.15,0
2025-12-06 14:00:00,0.1107,0.1153,0.1106,0.1129,11003929.12,0
2025-12-06 15:00:00,0.1129,0.1134,0.1114,0.1126,4396388.28,0
2025-12-06 16:00:00,0.1126,0.1134,0.112,0.1126,4539766.95,0
2025-12-06 17:00:00,0.1125,0.1134,0.1124,0.1133,3189151.81,0
2025-12-06 18:00:00,0.1133,0.1134,0.1124,0.1126,3049249.58,0
2025-12-06 19:00:00,0.1126,0.1126,0.1115,0.1119,5322170.8,0
2025-12-06 20:00:00,0.112,0.1127,0.1118,0.1121,999548.05,0
2025-12-06 21:00:00,0.112,0.113,0.1119,0.1121,2748772.97,0
2025-12-06 22:00:00,0.1121,0.1128,0.1117,0.112,1064806.94,0
2025-12-06 23:00:00,0.1121,0.1126,0.1117,0.1123,1331410.24,0
2025-12-07 00:00:00,0.1124,0.1128,0.1118,0.1119,1307937.67,0
2025-12-07 01:00:00,0.1119,0.1123,0.1115,0.1119,807916.65,0
2025-12-07 02:00:00,0.1119,0.1129,0.1118,0.1126,1228802.48,0
2025-12-07 03:00:00,0.1125,0.1133,0.1123,0.1128,1575160.61,0
2025-12-07 04:00:00,0.1129,0.1132,0.1119,0.1119,1505126.25,0
2025-12-07 05:00:00,0.1119,0.1122,0.1116,0.1119,1720803.18,0
2025-12-07 06:00:00,0.1119,0.1131,0.1117,0.1129,1270345.28,0
2025-12-07 07:00:00,0.113,0.1132,0.1121,0.1123,1882016.38,0
2025-12-07 08:00:00,0.1123,0.1123,0.1108,0.111,2236487.71,0
2025-12-07 09:00:00,0.111,0.113,0.1106,0.1111,5248167.36,0
2025-12-07 10:00:00,0.1112,0.1116,0.1101,0.1102,4542088.37,0
2025-12-07 11:00:00,0.1102,0.1114,0.1101,0.1109,1644559.78,0
2025-12-07 12:00:00,0.1109,0.1119,0.1104,0.1112,1431457.77,0
2025-12-07 13:00:00,0.1112,0.1114,0.1099,0.111,2377499.39,0
2025-12-07 14:00:00,0.111,0.1114,0.1093,0.1097,21898626.79,0
2025-12-07 15:00:00,0.1096,0.1144,0.1096,0.1141,10605823.43,0
2025-12-07 16:00:00,0.114,0.114,0.1121,0.113,3730874.29,0
2025-12-07 17:00:00,0.1131,0.115,0.1124,0.1144,4974088.31,0
2025-12-07 18:00:00,0.1144,0.1154,0.1142,0.1146,4430417.92,0
2025-12-07 19:00:00,0.1146,0.1154,0.1141,0.1151,3088969.62,0
2025-12-07 20:00:00,0.1152,0.1153,0.1146,0.1149,1309239.57,0
2025-12-07 21:00:00,0.1149,0.115,0.1117,0.1125,3933649.4,0
2025-12-07 22:00:00,0.1125,0.1125,0.1103,0.1114,4705701.66,0
2025-12-07 23:00:00,0.1114,0.1117,0.1106,0.1113,1212100.3,0
2025-12-08 00:00:00,0.1114,0.1118,0.1109,0.1111,1370063.04,0
2025-12-08 01:00:00,0.1112,0.113,0.1112,0.1115,1522584.55,0
2025-12-08 02:00:00,0.1115,0.1124,0.1113,0.1122,1409009.81,0
2025-12-08 03:00:00,0.1122,0.1131,0.112,0.1123,1486033.91,0
2025-12-08 04:00:00,0.1124,0.1132,0.1122,0.1124,1304693.37,0
2025-12-08 05:00:00,0.1125,0.1125,0.1118,0.1119,1010230.18,0
2025-12-08 06:00:00,0.112,0.1135,0.112,0.1132,1826867.64,0
2025-12-08 07:00:00,0.1132,0.1139,0.1129,0.113,1406012.59,0
2025-12-08 08:00:00,0.113,0.1136,0.1127,0.1135,1450067.58,0
2025-12-08 09:00:00,0.1134,0.1147,0.1134,0.114,3760207.48,0
2025-12-08 10:00:00,0.114,0.1145,0.1137,0.1141,1566154.54,0
2025-12-08 11:00:00,0.1142,0.1142,0.113,0.1131,1711847.57,0
2025-12-08 12:00:00,0.1131,0.1131,0.1119,0.1119,1681915.37,0
2025-12-08 13:00:00,0.1119,0.1129,0.1111,0.1112,2562751.68,0
2025-12-08 14:00:00,0.1112,0.1132,0.1108,0.1114,4965750.64,0
2025-12-08 15:00:00,0.1114,0.1117,0.1092,0.1099,8233152.9,0
2025-12-08 16:00:00,0.1099,0.1121,0.1096,0.1106,3830054.81,0
2025-12-08 17:00:00,0.1105,0.1108,0.1094,0.1105,2073686.54,0
2025-12-08 18:00:00,0.1105,0.111,0.109,0.1095,2401242.23,0
2025-12-08 19:00:00,0.1095,0.1105,0.1094,0.1101,1860068.56,0
2025-12-08 20:00:00,0.1101,0.1108,0.1098,0.1105,2076588.49,0
2025-12-08 21:00:00,0.1106,0.1113,0.1101,0.1108,1412318.93,0
2025-12-08 22:00:00,0.1108,0.111,0.1095,0.11,1918879.43,0
2025-12-08 23:00:00,0.1101,0.1104,0.1094,0.1101,2268083.42,0
2025-12-09 00:00:00,0.1101,0.1102,0.1092,0.1094,1238343.87,0
2025-12-09 01:00:00,0.1095,0.1099,0.1075,0.1079,3927916.83,0
2025-12-09 02:00:00,0.1079,0.1087,0.1076,0.1079,1456118.69,0
2025-12-09 03:00:00,0.1078,0.1092,0.1074,0.109,1577889.08,0
2025-12-09 04:00:00,0.109,0.1091,0.1075,0.1079,1823644.56,0
2025-12-09 05:00:00,0.1078,0.1083,0.1068,0.1076,2663393.88,0
2025-12-09 06:00:00,0.1075,0.1085,0.1075,0.1083,2309895.64,0
2025-12-09 07:00:00,0.1084,0.1085,0.1076,0.1077,2555366.79,0
2025-12-09 08:00:00,0.1078,0.1082,0.1072,0.1075,2254144.5,0
2025-12-09 09:00:00,0.1074,0.1075,0.106,0.1067,3018162.79,0
2025-12-09 10:00:00,0.1067,0.1075,0.1063,0.107,2472176.94,0
2025-12-09 11:00:00,0.1069,0.1081,0.1067,0.108,2466948.4,0
2025-12-09 12:00:00,0.1079,0.1114,0.1078,0.1103,6373560.44,0
2025-12-09 13:00:00,0.1103,0.1121,0.1097,0.1104,8680087.44,0
2025-12-09 14:00:00,0.1105,0.1117,0.1092,0.1105,6000820.77,0
2025-12-09 15:00:00,0.1106,0.1168,0.1106,0.1161,14133317.72,0
2025-12-09 16:00:00,0.1162,0.1191,0.1162,0.1186,14042203.56,0
2025-12-09 17:00:00,0.1186,0.1187,0.1164,0.1169,5888928.45,0
2025-12-09 18:00:00,0.1169,0.1173,0.1157,0.1158,6675129.52,0
2025-12-09 19:00:00,0.1158,0.116,0.1144,0.1146,3815224.88,0
2025-12-09 20:00:00,0.1147,0.1156,0.1135,0.1152,4689793.26,0
2025-12-09 21:00:00,0.1153,0.1154,0.1128,0.1137,4158357.21,0
2025-12-09 22:00:00,0.1138,0.1154,0.1132,0.1147,3476063.65,0
2025-12-09 23:00:00,0.1147,0.1163,0.1143,0.1158,3194122.49,0
2025-12-10 00:00:00,0.1159,0.1162,0.1139,0.114,2498674.01,0
2025-12-10 01:00:00,0.1141,0.1144,0.1128,0.1128,1810050.2,0
2025-12-10 02:00:00,0.1128,0.1133,0.1122,0.1126,1871217.0,0
2025-12-10 03:00:00,0.1126,0.1133,0.1122,0.1123,2281949.71,0
2025-12-10 04:00:00,0.1123,0.1132,0.1118,0.1118,2428787.11,0
2025-12-10 05:00:00,0.1118,0.1124,0.1117,0.1119,2670044.4,0
2025-12-10 06:00:00,0.112,0.1126,0.1114,0.1122,2159251.67,0
2025-12-10 07:00:00,0.1122,0.1124,0.1115,0.1116,1807803.79,0
2025-12-10 08:00:00,0.1116,0.1118,0.1106,0.1107,2536616.41,0
2025-12-10 09:00:00,0.1108,0.111,0.1103,0.1107,2120259.53,0
2025-12-10 10:00:00,0.1106,0.1116,0.1086,0.1088,7253144.22,0
2025-12-10 11:00:00,0.1087,0.1091,0.1079,0.1087,4544024.81,0
