timestamp,open,high,low,close,volume,sentiment
2023-12-11 12:00:00,31.01,31.12,30.78,30.81,3537.193,0
2023-12-11 13:00:00,30.81,30.87,30.36,30.58,8130.52,0
2023-12-11 14:00:00,30.58,30.74,30.11,30.38,26277.598,0
2023-12-11 15:00:00,30.37,30.62,30.26,30.61,19731.193,0
2023-12-11 16:00:00,30.6,30.71,30.34,30.69,9895.415,0
2023-12-11 17:00:00,30.68,30.7,30.15,30.19,9188.648,0
2023-12-11 18:00:00,30.17,30.23,29.32,29.94,21745.492,0
2023-12-11 19:00:00,29.93,29.99,29.35,29.84,11450.827,0
2023-12-11 20:00:00,29.84,29.96,29.65,29.92,4419.129,0
2023-12-11 21:00:00,29.9,30.28,29.88,30.28,8954.811,0
2023-12-11 22:00:00,30.28,30.43,30.16,30.36,4687.911,0
2023-12-11 23:00:00,30.35,30.43,30.19,30.4,4073.232,0
2023-12-12 00:00:00,30.4,30.58,30.35,30.48,4286.902,0
2023-12-12 01:00:00,30.47,30.66,30.41,30.6,4654.273,0
2023-12-12 02:00:00,30.65,30.91,30.62,30.88,5043.867,0
2023-12-12 03:00:00,30.91,31.07,30.66,30.78,5836.087,0
2023-12-12 04:00:00,30.78,30.91,30.48,30.48,4235.859,0
2023-12-12 05:00:00,30.51,30.9,30.51,30.76,4978.488,0
2023-12-12 06:00:00,30.76,30.8,30.26,30.57,18091.041,0
2023-12-12 07:00:00,30.56,31.2,30.56,31.19,15746.526,0
2023-12-12 08:00:00,31.18,31.2,30.85,31.04,13676.939,0
2023-12-12 09:00:00,31.02,31.07,30.82,31.01,8059.674,0
2023-12-12 10:00:00,31.0,31.12,30.97,31.1,5643.038,0
2023-12-12 11:00:00,31.11,31.12,30.81,30.81,4881.179,0
2023-12-12 12:00:00,30.84,31.12,30.8,30.95,6805.346,0
2023-12-12 13:00:00,30.98,31.14,30.63,31.09,11533.092,0
2023-12-12 14:00:00,31.06,31.19,30.84,31.0,4349.553,0
2023-12-12 15:00:00,31.04,31.09,30.42,30.81,5787.429,0
2023-12-12 16:00:00,30.77,30.9,30.53,30.68,4959.586,0
2023-12-12 17:00:00,30.67,30.68,30.13,30.24,3468.036,0
2023-12-12 18:00:00,30.24,30.94,30.2,30.71,2358.813,0
2023-12-12 19:00:00,30.73,30.78,30.44,30.76,3826.944,0
2023-12-12 20:00:00,30.77,30.9,30.58,30.86,2388.06,0
2023-12-12 21:00:00,30.87,30.98,30.49,30.49,5054.085,0
2023-12-12 22:00:00,30.49,30.98,30.45,30.87,5651.425,0
2023-12-12 23:00:00,30.92,31.15,30.84,30.99,3504.742,0
2023-12-13 00:00:00,30.99,31.12,30.85,30.94,3614.949,0
2023-12-13 01:00:00,30.91,30.97,30.23,30.24,3558.946,0
2023-12-13 02:00:00,30.25,30.43,29.8,30.23,8121.476,0
2023-12-13 03:00:00,30.27,30.33,29.93,29.93,2636.938,0
2023-12-13 04:00:00,29.92,30.07,29.68,30.07,5832.007,0
2023-12-13 05:00:00,30.09,30.13,29.91,30.05,2901.532,0
2023-12-13 06:00:00,30.05,30.14,29.53,29.59,5395.689,0
2023-12-13 07:00:00,29.58,30.06,29.42,29.98,12053.227,0
2023-12-13 08:00:00,29.96,30.38,29.94,30.33,6011.432,0
2023-12-13 09:00:00,30.38,30.38,30.17,30.3,1820.658,0
2023-12-13 10:00:00,30.31,30.32,29.97,30.15,3192.996,0
2023-12-13 11:00:00,30.17,30.22,29.87,29.91,2593.593,0
2023-12-13 12:00:00,29.9,30.11,29.82,30.02,4628.737,0
2023-12-13 13:00:00,30.03,30.3,29.97,30.21,8086.733,0
2023-12-13 14:00:00,30.2,30.23,30.02,30.08,2633.196,0
2023-12-13 15:00:00,30.08,31.27,30.06,30.38,18359.588,0
2023-12-13 16:00:00,30.39,30.55,30.08,30.18,14123.318,0
2023-12-13 17:00:00,30.18,30.25,29.99,30.11,7302.658,0
2023-12-13 18:00:00,30.12,30.28,30.06,30.11,2240.299,0
2023-12-13 19:00:00,30.12,30.7,30.12,30.68,5661.979,0
2023-12-13 20:00:00,30.68,30.74,30.53,30.69,8748.754,0
2023-12-13 21:00:00,30.67,30.78,30.48,30.67,5925.712,0
2023-12-13 22:00:00,30.68,30.95,30.6,30.67,5656.803,0
2023-12-13 23:00:00,30.68,30.82,30.51,30.67,2762.598,0
2023-12-14 00:00:00,30.68,30.79,30.5,30.71,4083.542,0
2023-12-14 01:00:00,30.72,30.87,30.64,30.72,2025.918,0
2023-12-14 02:00:00,30.75,30.75,30.5,30.6,3878.322,0
2023-12-14 03:00:00,30.61,30.66,30.35,30.49,2659.159,0
2023-12-14 04:00:00,30.51,30.57,30.33,30.35,2264.138,0
2023-12-14 05:00:00,30.35,30.73,30.34,30.68,3526.067,0
2023-12-14 06:00:00,30.66,30.77,30.57,30.62,5604.582,0
2023-12-14 07:00:00,30.62,30.72,30.54,30.7,3140.825,0
2023-12-14 08:00:00,30.7,30.79,30.49,30.54,4552.33,0
2023-12-14 09:00:00,30.54,30.72,30.45,30.72,2824.703,0
2023-12-14 10:00:00,30.73,30.82,30.65,30.78,10180.799,0
2023-12-14 11:00:00,30.8,31.05,30.73,31.03,3284.636,0
2023-12-14 12:00:00,31.02,31.02,30.72,30.76,4603.976,0
2023-12-14 13:00:00,30.76,30.77,29.55,30.48,18314.349,0
2023-12-14 14:00:00,30.47,30.47,30.05,30.2,5968.325,0
2023-12-14 15:00:00,30.19,30.32,30.08,30.17,6732.235,0
2023-12-14 16:00:00,30.16,30.42,30.12,30.3,2315.712,0
2023-12-14 17:00:00,30.31,30.77,30.28,30.4,11234.329,0
2023-12-14 18:00:00,30.4,30.47,30.16,30.37,4176.82,0
2023-12-14 19:00:00,30.34,30.54,30.34,30.41,1766.963,0
2023-12-14 20:00:00,30.4,30.45,30.23,30.41,6372.606,0
2023-12-14 21:00:00,30.46,30.56,30.38,30.46,4159.309,0
2023-12-14 22:00:00,30.46,30.7,30.45,30.7,5442.613,0
2023-12-14 23:00:00,30.7,30.72,30.52,30.63,2665.341,0
2023-12-15 00:00:00,30.62,30.69,30.46,30.46,3608.359,0
2023-12-15 01:00:00,30.47,30.58,30.34,30.39,1583.342,0
2023-12-15 02:00:00,30.4,30.49,30.26,30.37,2584.863,0
2023-12-15 03:00:00,30.39,30.45,30.22,30.39,2586.764,0
2023-12-15 04:00:00,30.4,30.47,30.16,30.26,4363.264,0
2023-12-15 05:00:00,30.26,30.33,30.0,30.03,5380.61,0
2023-12-15 06:00:00,30.02,30.16,30.0,30.0,4872.193,0
2023-12-15 07:00:00,30.02,30.05,29.84,29.96,8677.643,0
2023-12-15 08:00:00,29.97,30.1,29.85,30.06,4625.281,0
2023-12-15 09:00:00,30.08,30.22,29.97,30.08,7086.117,0
2023-12-15 10:00:00,30.09,30.31,30.01,30.21,3052.454,0
2023-12-15 11:00:00,30.21,30.23,30.08,30.15,1978.11,0
2023-12-15 12:00:00,30.16,30.16,29.86,29.88,3306.622,0
2023-12-15 13:00:00,29.87,30.18,29.67,30.17,8052.502,0
2023-12-15 14:00:00,30.15,30.17,29.78,29.9,5101.18,0
2023-12-15 15:00:00,29.89,29.97,29.58,29.9,4770.769,0
2023-12-15 16:00:00,29.9,29.99,29.76,29.85,2309.473,0
2023-12-15 17:00:00,29.87,30.1,29.85,29.93,3142.876,0
2023-12-15 18:00:00,29.93,30.14,29.91,30.07,6659.13,0
2023-12-15 19:00:00,30.08,30.24,30.02,30.09,2507.557,0
2023-12-15 20:00:00,30.06,30.19,29.99,30.07,1095.121,0
2023-12-15 21:00:00,30.09,30.19,30.0,30.07,1409.941,0
2023-12-15 22:00:00,30.08,30.09,29.8,29.8,9042.488,0
2023-12-15 23:00:00,29.77,30.12,29.28,29.51,14429.26,0
2023-12-16 00:00:00,29.5,29.71,29.23,29.66,4478.941,0
2023-12-16 01:00:00,29.68,29.97,29.67,29.89,1616.985,0
2023-12-16 02:00:00,29.91,30.09,29.9,30.07,2011.651,0
2023-12-16 03:00:00,30.08,30.15,29.98,30.02,5754.234,0
2023-12-16 04:00:00,30.03,30.07,29.96,30.07,2782.123,0
2023-12-16 05:00:00,30.07,30.28,30.03,30.26,2903.037,0
2023-12-16 06:00:00,30.26,30.35,30.18,30.29,2637.854,0
2023-12-16 07:00:00,30.27,30.29,30.1,30.23,1358.763,0
2023-12-16 08:00:00,30.24,30.35,30.18,30.22,3280.42,0
2023-12-16 09:00:00,30.23,30.34,30.14,30.22,5107.514,0
2023-12-16 10:00:00,30.23,30.33,30.15,30.26,3150.109,0
2023-12-16 11:00:00,30.27,30.44,30.08,30.26,9602.742,0
2023-12-16 12:00:00,30.27,30.29,30.17,30.24,2655.337,0
2023-12-16 13:00:00,30.24,30.27,29.99,30.07,5335.53,0
2023-12-16 14:00:00,30.07,30.1,29.89,29.97,2719.589,0
2023-12-16 15:00:00,29.98,30.19,29.94,30.14,4665.116,0
2023-12-16 16:00:00,30.15,30.23,30.04,30.13,3232.091,0
2023-12-16 17:00:00,30.14,30.29,30.04,30.1,9723.363,0
2023-12-16 18:00:00,30.11,30.14,29.89,30.1,6923.281,0
2023-12-16 19:00:00,30.11,30.16,29.71,29.88,10894.871,0
2023-12-16 20:00:00,29.9,30.11,29.9,30.0,3071.693,0
2023-12-16 21:00:00,30.0,30.1,29.91,29.94,2934.301,0
2023-12-16 22:00:00,29.94,30.06,29.77,30.04,2579.069,0
2023-12-16 23:00:00,30.04,30.06,29.87,29.99,1447.991,0
2023-12-17 00:00:00,29.98,30.08,29.93,29.93,2301.173,0
2023-12-17 01:00:00,29.92,30.05,29.78,29.92,1429.208,0
2023-12-17 02:00:00,29.91,29.97,29.71,29.72,2779.768,0
2023-12-17 03:00:00,29.71,29.81,29.63,29.74,3307.295,0
2023-12-17 04:00:00,29.74,30.06,29.74,30.02,6891.611,0
2023-12-17 05:00:00,30.02,30.04,29.54,29.7,6744.986,0
2023-12-17 06:00:00,29.69,29.86,29.49,29.77,5088.734,0
2023-12-17 07:00:00,29.78,29.85,29.5,29.53,4644.586,0
2023-12-17 08:00:00,29.54,29.78,29.5,29.71,5223.695,0
2023-12-17 09:00:00,29.73,29.87,29.7,29.85,3251.511,0
2023-12-17 10:00:00,29.84,29.94,29.8,29.89,1576.962,0
2023-12-17 11:00:00,29.89,29.96,29.8,29.92,1895.944,0
2023-12-17 12:00:00,29.92,30.1,29.8,30.05,5132.129,0
2023-12-17 13:00:00,30.07,30.11,29.72,29.83,4918.042,0
2023-12-17 14:00:00,29.84,29.98,29.62,29.85,10714.481,0
2023-12-17 15:00:00,29.87,30.12,29.8,30.09,2662.186,0
2023-12-17 16:00:00,30.06,30.24,29.98,30.24,2823.084,0
2023-12-17 17:00:00,30.24,30.31,30.05,30.11,3160.416,0
2023-12-17 18:00:00,30.1,30.35,29.86,30.22,2587.853,0
2023-12-17 19:00:00,30.21,30.36,30.1,30.14,3252.054,0
2023-12-17 20:00:00,30.12,30.44,30.12,30.32,3860.975,0
2023-12-17 21:00:00,30.31,30.31,29.97,29.99,6870.38,0
2023-12-17 22:00:00,30.0,30.0,29.63,29.83,10783.913,0
2023-12-17 23:00:00,29.83,29.88,29.57,29.76,4802.771,0
2023-12-18 00:00:00,29.74,29.91,29.65,29.77,1305.064,0
2023-12-18 01:00:00,29.76,29.86,29.12,29.19,3723.489,0
2023-12-18 02:00:00,29.21,29.25,28.49,28.66,11573.491,0
2023-12-18 03:00:00,28.66,29.05,28.6,28.98,17811.96,0
2023-12-18 04:00:00,28.98,29.16,28.86,29.12,2775.588,0
2023-12-18 05:00:00,29.13,29.14,28.85,28.85,2013.718,0
2023-12-18 06:00:00,28.85,29.17,28.82,29.11,3866.391,0
2023-12-18 07:00:00,29.1,29.12,28.65,28.75,4590.394,0
2023-12-18 08:00:00,28.73,29.3,28.41,29.07,26429.123,0
2023-12-18 09:00:00,29.06,29.09,28.25,28.66,12597.547,0
2023-12-18 10:00:00,28.65,28.67,27.48,28.04,25985.302,0
2023-12-18 11:00:00,28.04,28.28,28.0,28.2,6151.198,0
2023-12-18 12:00:00,28.2,28.22,27.92,27.92,6583.04,0
2023-12-18 13:00:00,27.93,28.48,27.92,28.42,4347.66,0
2023-12-18 14:00:00,28.4,28.77,28.27,28.74,9135.454,0
2023-12-18 15:00:00,28.75,28.77,28.33,28.35,12755.924,0
2023-12-18 16:00:00,28.36,28.5,28.16,28.36,4031.513,0
2023-12-18 17:00:00,28.36,28.58,28.31,28.41,3134.891,0
2023-12-18 18:00:00,28.4,28.52,28.35,28.52,1320.372,0
2023-12-18 19:00:00,28.5,28.62,28.47,28.58,2250.239,0
2023-12-18 20:00:00,28.59,28.73,28.35,28.63,12491.724,0
2023-12-18 21:00:00,28.62,29.05,28.59,28.99,14581.171,0
2023-12-18 22:00:00,28.99,28.99,28.71,28.83,11976.653,0
2023-12-18 23:00:00,28.84,29.03,28.83,28.93,6663.074,0
2023-12-19 00:00:00,28.95,29.1,28.82,29.02,4016.043,0
2023-12-19 01:00:00,29.05,29.49,28.99,29.47,6580.272,0
2023-12-19 02:00:00,29.48,29.6,29.38,29.42,5274.408,0
2023-12-19 03:00:00,29.38,29.41,29.24,29.27,5396.555,0
2023-12-19 04:00:00,29.29,29.38,29.02,29.23,5524.156,0
2023-12-19 05:00:00,29.24,29.31,29.14,29.22,5250.863,0
2023-12-19 06:00:00,29.23,29.29,29.02,29.19,5339.911,0
2023-12-19 07:00:00,29.21,29.24,28.99,29.17,8241.012,0
2023-12-19 08:00:00,29.18,29.42,28.68,28.72,21332.318,0
2023-12-19 09:00:00,28.72,28.83,28.61,28.69,11945.282,0
2023-12-19 10:00:00,28.7,28.94,28.45,28.78,11178.228,0
2023-12-19 11:00:00,28.77,28.83,28.61,28.75,7054.366,0
2023-12-19 12:00:00,28.77,28.82,28.41,28.55,16455.844,0
2023-12-19 13:00:00,28.54,28.6,28.25,28.31,9449.886,0
2023-12-19 14:00:00,28.32,28.35,27.86,27.96,15694.812,0
2023-12-19 15:00:00,27.95,28.19,27.87,28.11,9680.085,0
2023-12-19 16:00:00,28.11,28.33,28.03,28.1,14189.499,0
2023-12-19 17:00:00,28.11,28.14,27.55,27.61,12833.851,0
2023-12-19 18:00:00,27.61,27.93,27.45,27.87,7574.152,0
2023-12-19 19:00:00,27.89,27.98,27.66,27.85,6418.491,0
2023-12-19 20:00:00,27.84,27.93,27.59,27.69,2696.735,0
2023-12-19 21:00:00,27.67,27.91,27.63,27.82,6112.86,0
2023-12-19 22:00:00,27.83,27.93,27.6,27.7,12190.879,0
2023-12-19 23:00:00,27.69,27.94,27.61,27.89,9130.945,0
2023-12-20 00:00:00,27.86,28.15,27.82,28.02,15704.408,0
2023-12-20 01:00:00,28.03,28.1,27.76,27.93,8592.16,0
2023-12-20 02:00:00,27.9,28.0,27.62,27.91,4530.192,0
2023-12-20 03:00:00,27.92,28.17,27.91,28.15,5725.773,0
2023-12-20 04:00:00,28.15,28.37,28.06,28.29,7077.544,0
2023-12-20 05:00:00,28.29,28.54,28.13,28.52,22511.097,0
2023-12-20 06:00:00,28.52,28.52,28.36,28.42,5303.951,0
2023-12-20 07:00:00,28.42,28.68,28.33,28.52,7603.197,0
2023-12-20 08:00:00,28.52,28.69,28.49,28.52,5670.486,0
2023-12-20 09:00:00,28.51,28.65,28.45,28.58,7196.834,0
2023-12-20 10:00:00,28.6,28.6,28.42,28.5,7780.037,0
2023-12-20 11:00:00,28.5,28.77,28.41,28.68,8481.743,0
2023-12-20 12:00:00,28.67,28.71,28.49,28.66,4660.154,0
2023-12-20 13:00:00,28.68,28.89,28.67,28.89,7662.365,0
2023-12-20 14:00:00,28.89,29.05,28.75,28.88,8407.092,0
2023-12-20 15:00:00,28.87,29.48,28.82,29.3,20986.536,0
2023-12-20 16:00:00,29.3,29.34,29.02,29.21,8816.635,0
2023-12-20 17:00:00,29.21,29.45,29.19,29.45,5502.216,0
2023-12-20 18:00:00,29.45,30.54,29.4,29.62,38109.086,0
2023-12-20 19:00:00,29.61,29.72,29.24,29.25,5814.915,0
2023-12-20 20:00:00,29.29,29.34,28.72,29.06,14115.659,0
2023-12-20 21:00:00,29.05,29.25,28.76,28.98,7780.706,0
2023-12-20 22:00:00,28.99,29.18,28.96,29.02,3898.057,0
2023-12-20 23:00:00,29.02,29.18,28.95,29.16,1843.698,0
2023-12-21 00:00:00,29.19,29.24,29.07,29.09,1252.874,0
2023-12-21 01:00:00,29.07,29.14,28.91,29.1,2099.371,0
2023-12-21 02:00:00,29.06,29.22,28.96,29.22,4014.878,0
2023-12-21 03:00:00,29.23,29.35,29.18,29.31,1669.595,0
2023-12-21 04:00:00,29.3,29.41,29.22,29.26,5638.925,0
2023-12-21 05:00:00,29.26,29.44,29.24,29.34,5944.417,0
2023-12-21 06:00:00,29.34,29.72,29.29,29.69,8311.45,0
2023-12-21 07:00:00,29.66,29.67,29.54,29.63,2245.111,0
2023-12-21 08:00:00,29.62,29.95,29.62,29.79,6422.238,0
2023-12-21 09:00:00,29.78,29.87,29.55,29.83,7587.992,0
2023-12-21 10:00:00,29.82,30.0,29.8,29.97,2367.299,0
2023-12-21 11:00:00,29.97,30.07,29.87,29.94,4001.658,0
2023-12-21 12:00:00,29.95,30.41,29.95,30.12,10000.611,0
2023-12-21 13:00:00,30.13,30.13,29.92,30.08,6198.47,0
2023-12-21 14:00:00,30.08,30.12,29.56,29.59,18976.652,0
2023-12-21 15:00:00,29.59,29.86,29.48,29.67,6380.691,0
2023-12-21 16:00:00,29.65,29.71,29.35,29.59,6611.515,0
2023-12-21 17:00:00,29.6,29.73,29.46,29.55,4350.175,0
2023-12-21 18:00:00,29.58,29.78,29.58,29.68,3406.137,0
2023-12-21 19:00:00,29.69,29.88,29.6,29.83,2718.446,0
2023-12-21 20:00:00,29.82,30.07,29.78,30.04,4051.765,0
2023-12-21 21:00:00,30.06,30.12,29.8,29.92,6410.449,0
2023-12-21 22:00:00,29.93,30.06,29.82,29.97,5455.446,0
2023-12-21 23:00:00,29.99,30.02,29.83,29.98,3146.9,0
2023-12-22 00:00:00,29.99,30.18,29.99,30.11,4799.065,0
2023-12-22 01:00:00,30.1,30.28,30.08,30.18,3779.875,0
2023-12-22 02:00:00,30.17,30.2,29.75,29.79,4505.54,0
2023-12-22 03:00:00,29.83,30.03,29.76,30.01,4329.866,0
2023-12-22 04:00:00,30.02,30.19,29.91,30.13,2364.442,0
2023-12-22 05:00:00,30.12,30.18,30.02,30.09,4359.857,0
2023-12-22 06:00:00,30.08,30.2,29.64,29.79,6711.387,0
2023-12-22 07:00:00,29.8,29.92,29.59,29.78,7470.003,0
2023-12-22 08:00:00,29.78,30.1,29.78,29.99,6672.534,0
2023-12-22 09:00:00,30.06,30.2,29.75,30.11,8659.134,0
2023-12-22 10:00:00,30.09,30.25,30.02,30.2,4589.998,0
2023-12-22 11:00:00,30.18,30.39,30.13,30.25,7246.237,0
2023-12-22 12:00:00,30.24,30.28,30.01,30.12,6933.876,0
2023-12-22 13:00:00,30.11,30.28,30.05,30.22,3699.345,0
2023-12-22 14:00:00,30.22,30.3,29.81,30.07,11195.438,0
2023-12-22 15:00:00,30.08,30.16,29.96,30.08,5757.3,0
2023-12-22 16:00:00,30.08,30.26,30.01,30.15,7749.963,0
2023-12-22 17:00:00,30.15,30.34,30.12,30.34,7280.51,0
2023-12-22 18:00:00,30.33,30.48,30.21,30.36,11054.367,0
2023-12-22 19:00:00,30.37,30.38,30.01,30.1,8322.956,0
2023-12-22 20:00:00,30.1,30.29,30.06,30.21,4515.502,0
2023-12-22 21:00:00,30.21,30.37,30.18,30.29,2620.345,0
2023-12-22 22:00:00,30.29,30.34,30.1,30.24,8260.709,0
2023-12-22 23:00:00,30.24,30.45,30.18,30.4,6345.515,0
2023-12-23 00:00:00,30.39,30.5,30.2,30.25,10815.887,0
2023-12-23 01:00:00,30.26,30.4,29.78,29.84,29373.838,0
2023-12-23 02:00:00,29.82,30.05,29.79,29.83,3927.756,0
2023-12-23 03:00:00,29.84,30.02,29.71,29.79,2591.424,0
2023-12-23 04:00:00,29.78,29.94,29.64,29.93,3665.454,0
2023-12-23 05:00:00,29.93,30.1,29.92,30.1,3267.554,0
2023-12-23 06:00:00,30.1,30.1,30.0,30.07,4009.842,0
2023-12-23 07:00:00,30.06,30.06,29.91,29.95,2971.616,0
2023-12-23 08:00:00,29.94,30.26,29.92,30.23,5051.592,0
2023-12-23 09:00:00,30.22,30.33,30.14,30.26,5529.003,0
2023-12-23 10:00:00,30.28,30.33,30.21,30.26,3325.266,0
2023-12-23 11:00:00,30.24,30.25,29.98,30.09,4220.249,0
2023-12-23 12:00:00,30.08,30.29,30.06,30.28,3719.714,0
2023-12-23 13:00:00,30.27,30.3,30.11,30.22,6289.227,0
2023-12-23 14:00:00,30.21,30.3,30.17,30.18,2344.675,0
2023-12-23 15:00:00,30.2,30.29,30.12,30.21,1842.703,0
2023-12-23 16:00:00,30.2,30.32,30.18,30.25,3505.831,0
2023-12-23 17:00:00,30.25,30.3,30.12,30.2,7447.733,0
2023-12-23 18:00:00,30.19,30.37,30.18,30.26,3986.288,0
2023-12-23 19:00:00,30.26,30.34,30.16,30.2,1971.458,0
2023-12-23 20:00:00,30.2,30.25,30.0,30.2,6959.714,0
2023-12-23 21:00:00,30.2,30.25,30.05,30.2,5378.008,0
2023-12-23 22:00:00,30.21,30.4,30.17,30.34,4284.977,0
2023-12-23 23:00:00,30.34,30.41,30.22,30.38,4584.741,0
2023-12-24 00:00:00,30.38,30.44,30.2,30.27,12281.476,0
2023-12-24 01:00:00,30.27,30.44,30.21,30.32,8441.973,0
2023-12-24 02:00:00,30.31,30.42,30.16,30.17,7984.928,0
2023-12-24 03:00:00,30.18,30.3,30.15,30.23,5751.194,0
2023-12-24 04:00:00,30.23,30.38,30.06,30.25,5444.855,0
2023-12-24 05:00:00,30.25,30.29,29.37,29.76,10127.097,0
2023-12-24 06:00:00,29.75,29.96,29.55,29.84,8753.101,0
2023-12-24 07:00:00,29.86,30.02,29.82,30.02,4788.629,0
2023-12-24 08:00:00,30.01,30.14,29.82,30.11,4806.931,0
2023-12-24 09:00:00,30.11,30.25,29.92,30.18,6871.813,0
2023-12-24 10:00:00,30.2,30.42,29.85,30.41,10215.186,0
2023-12-24 11:00:00,30.4,30.75,30.26,30.69,14657.086,0
2023-12-24 12:00:00,30.69,30.79,30.31,30.66,13776.222,0
2023-12-24 13:00:00,30.64,30.9,30.54,30.88,8305.772,0
2023-12-24 14:00:00,30.87,31.05,30.58,30.72,15428.082,0
2023-12-24 15:00:00,30.72,31.07,30.7,30.76,12869.858,0
2023-12-24 16:00:00,30.72,30.98,30.59,30.93,7735.243,0
2023-12-24 17:00:00,30.94,31.0,30.82,30.99,5320.341,0
2023-12-24 18:00:00,31.0,31.07,30.88,30.97,5065.868,0
2023-12-24 19:00:00,30.97,30.97,30.64,30.8,7377.257,0
2023-12-24 20:00:00,30.8,30.84,30.35,30.54,10452.921,0
2023-12-24 21:00:00,30.53,30.64,30.3,30.43,3365.978,0
2023-12-24 22:00:00,30.43,30.47,29.54,30.1,15110.348,0
2023-12-24 23:00:00,30.1,30.29,29.98,30.14,4931.962,0
2023-12-25 00:00:00,30.14,30.42,29.96,30.38,10043.06,0
2023-12-25 01:00:00,30.4,30.9,30.38,30.77,9200.912,0
2023-12-25 02:00:00,30.76,30.9,30.46,30.61,11124.094,0
2023-12-25 03:00:00,30.63,30.89,30.51,30.87,3062.156,0
2023-12-25 04:00:00,30.88,31.02,30.81,30.89,7293.58,0
2023-12-25 05:00:00,30.89,30.96,30.86,30.94,6238.278,0
2023-12-25 06:00:00,30.94,30.95,30.79,30.93,8906.858,0
2023-12-25 07:00:00,30.92,30.97,30.72,30.82,8601.379,0
2023-12-25 08:00:00,30.83,30.95,30.55,30.58,7920.041,0
2023-12-25 09:00:00,30.59,30.75,30.36,30.63,7758.5,0
2023-12-25 10:00:00,30.63,30.87,30.56,30.85,5886.611,0
2023-12-25 11:00:00,30.88,31.22,30.77,31.2,13664.419,0
2023-12-25 12:00:00,31.21,31.4,31.06,31.25,16981.137,0
2023-12-25 13:00:00,31.25,31.47,31.22,31.39,12969.114,0
2023-12-25 14:00:00,31.4,31.53,31.31,31.53,8019.547,0
2023-12-25 15:00:00,31.53,31.66,31.41,31.64,11318.435,0
2023-12-25 16:00:00,31.64,31.66,31.1,31.26,11849.541,0
2023-12-25 17:00:00,31.26,31.66,31.25,31.52,5985.361,0
2023-12-25 18:00:00,31.53,31.53,31.15,31.18,7930.655,0
2023-12-25 19:00:00,31.19,31.47,31.19,31.29,3603.197,0
2023-12-25 20:00:00,31.29,31.32,30.92,31.19,7580.328,0
2023-12-25 21:00:00,31.21,31.38,31.08,31.38,3491.686,0
2023-12-25 22:00:00,31.38,31.5,31.33,31.42,2367.719,0
2023-12-25 23:00:00,31.41,31.41,31.18,31.25,3459.604,0
2023-12-26 00:00:00,31.23,31.37,31.19,31.21,2960.069,0
2023-12-26 01:00:00,31.21,31.4,31.12,31.26,4879.79,0
2023-12-26 02:00:00,31.26,31.53,31.25,31.4,6058.409,0
2023-12-26 03:00:00,31.4,31.65,31.32,31.62,5853.338,0
2023-12-26 04:00:00,31.62,31.77,31.61,31.68,8870.01,0
2023-12-26 05:00:00,31.68,31.75,30.61,30.99,24234.497,0
2023-12-26 06:00:00,31.0,31.0,30.64,30.74,8050.358,0
2023-12-26 07:00:00,30.76,31.15,30.56,30.97,7910.853,0
2023-12-26 08:00:00,30.98,31.26,30.79,31.24,7468.078,0
2023-12-26 09:00:00,31.24,31.32,30.58,31.02,6562.162,0
2023-12-26 10:00:00,31.02,31.43,30.98,31.38,8512.382,0
2023-12-26 11:00:00,31.4,31.62,31.28,31.52,7222.08,0
2023-12-26 12:00:00,31.52,31.62,31.43,31.45,6695.054,0
2023-12-26 13:00:00,31.45,31.76,31.1,31.71,26626.661,0
2023-12-26 14:00:00,31.73,31.75,31.38,31.42,12666.221,0
2023-12-26 15:00:00,31.44,31.55,30.97,31.06,14549.499,0
2023-12-26 16:00:00,31.08,31.43,30.98,31.17,13625.71,0
2023-12-26 17:00:00,31.18,31.28,29.12,29.32,62785.187,0
2023-12-26 18:00:00,29.32,29.88,29.32,29.86,17480.877,0
2023-12-26 19:00:00,29.84,30.1,29.65,29.96,8195.167,0
2023-12-26 20:00:00,29.97,30.19,29.92,30.0,8586.01,0
2023-12-26 21:00:00,30.0,30.16,29.88,30.1,13582.876,0
2023-12-26 22:00:00,30.11,30.34,30.02,30.28,4386.674,0
2023-12-26 23:00:00,30.29,30.43,30.08,30.37,6704.043,0
2023-12-27 00:00:00,30.4,30.45,29.98,29.99,10077.382,0
2023-12-27 01:00:00,29.99,30.14,29.85,29.98,7016.644,0
2023-12-27 02:00:00,29.97,30.0,29.33,29.45,14664.777,0
2023-12-27 03:00:00,29.46,29.66,29.23,29.47,6667.795,0
2023-12-27 04:00:00,29.47,29.73,29.44,29.62,4809.789,0
2023-12-27 05:00:00,29.61,29.98,29.56,29.9,12575.272,0
2023-12-27 06:00:00,29.91,30.17,29.82,30.12,8409.351,0
2023-12-27 07:00:00,30.13,30.3,29.98,30.08,8216.051,0
2023-12-27 08:00:00,30.07,30.58,30.01,30.53,11525.039,0
2023-12-27 09:00:00,30.52,30.8,30.39,30.79,10604.731,0
2023-12-27 10:00:00,30.79,31.13,30.75,31.05,13109.125,0
2023-12-27 11:00:00,31.04,31.22,30.98,31.12,13552.334,0
2023-12-27 12:00:00,31.11,31.4,31.07,31.27,24202.782,0
2023-12-27 13:00:00,31.28,31.63,31.14,31.51,16890.59,0
2023-12-27 14:00:00,31.54,32.23,31.43,32.12,25603.79,0
2023-12-27 15:00:00,32.12,32.3,31.64,31.7,21716.751,0
2023-12-27 16:00:00,31.71,31.95,31.65,31.75,10898.646,0
2023-12-27 17:00:00,31.76,31.92,31.53,31.79,6602.162,0
2023-12-27 18:00:00,31.79,31.94,31.72,31.84,7417.923,0
2023-12-27 19:00:00,31.85,32.05,31.68,31.84,14100.466,0
2023-12-27 20:00:00,31.83,32.09,31.82,32.02,4680.772,0
2023-12-27 21:00:00,32.01,32.04,31.83,31.85,3718.725,0
2023-12-27 22:00:00,31.85,31.92,31.4,31.6,9064.767,0
2023-12-27 23:00:00,31.61,32.09,31.61,31.81,7307.109,0
2023-12-28 00:00:00,31.81,32.45,31.73,32.45,10348.998,0
2023-12-28 01:00:00,32.44,32.5,32.14,32.25,14123.468,0
2023-12-28 02:00:00,32.2,32.32,31.98,32.13,7970.722,0
2023-12-28 03:00:00,32.11,32.19,31.92,32.13,11851.358,0
2023-12-28 04:00:00,32.14,32.5,32.07,32.36,8377.034,0
2023-12-28 05:00:00,32.38,32.55,31.98,32.39,7603.359,0
2023-12-28 06:00:00,32.39,32.8,32.1,32.3,18660.57,0
2023-12-28 07:00:00,32.3,32.59,32.2,32.52,9871.132,0
2023-12-28 08:00:00,32.5,32.78,32.4,32.58,11158.295,0
2023-12-28 09:00:00,32.56,32.73,32.42,32.44,7483.657,0
2023-12-28 10:00:00,32.43,32.65,32.36,32.44,6128.936,0
2023-12-28 11:00:00,32.43,32.63,32.41,32.51,6756.138,0
2023-12-28 12:00:00,32.5,32.61,31.87,31.92,14152.683,0
2023-12-28 13:00:00,31.93,32.47,31.5,32.39,22871.355,0
2023-12-28 14:00:00,32.4,32.42,31.43,31.83,28840.979,0
2023-12-28 15:00:00,31.82,32.1,31.68,32.01,16803.509,0
2023-12-28 16:00:00,31.99,32.09,31.76,31.88,12708.057,0
2023-12-28 17:00:00,31.87,32.16,31.81,31.9,7885.908,0
2023-12-28 18:00:00,31.89,32.09,31.78,31.85,4986.968,0
2023-12-28 19:00:00,31.88,32.11,31.83,32.04,5288.366,0
2023-12-28 20:00:00,32.01,32.03,31.54,31.86,7442.148,0
2023-12-28 21:00:00,31.86,32.06,31.57,31.65,6512.543,0
2023-12-28 22:00:00,31.64,31.95,31.55,31.91,3668.802,0
2023-12-28 23:00:00,31.9,32.06,31.77,31.9,6368.435,0
2023-12-29 00:00:00,31.88,32.05,31.38,31.46,13496.141,0
2023-12-29 01:00:00,31.44,31.55,30.77,31.02,17454.928,0
2023-12-29 02:00:00,31.04,31.25,30.9,31.21,7223.657,0
2023-12-29 03:00:00,31.2,31.48,31.18,31.42,4800.328,0
2023-12-29 04:00:00,31.43,31.55,31.24,31.51,2979.08,0
2023-12-29 05:00:00,31.53,31.54,31.27,31.51,5235.279,0
2023-12-29 06:00:00,31.51,31.53,31.24,31.35,2842.948,0
2023-12-29 07:00:00,31.34,31.55,30.95,31.0,7862.043,0
2023-12-29 08:00:00,31.01,31.27,29.96,30.04,48070.702,0
2023-12-29 09:00:00,30.04,30.13,29.36,29.51,118152.009,0
2023-12-29 10:00:00,29.51,29.8,29.3,29.48,70549.85,0
2023-12-29 11:00:00,29.47,29.75,29.32,29.55,49450.14,0
2023-12-29 12:00:00,29.55,29.57,28.72,28.94,62048.66,0
2023-12-29 13:00:00,28.94,29.19,28.55,29.01,59662.533,0
2023-12-29 14:00:00,29.0,29.37,28.85,29.29,47575.901,0
2023-12-29 15:00:00,29.28,29.31,28.51,28.81,50165.358,0
2023-12-29 16:00:00,28.81,28.87,28.1,28.17,46685.118,0
2023-12-29 17:00:00,28.16,29.31,28.0,28.33,33783.352,0
2023-12-29 18:00:00,28.33,28.63,28.13,28.53,22038.046,0
2023-12-29 19:00:00,28.53,28.78,28.35,28.57,14512.931,0
2023-12-29 20:00:00,28.58,28.59,28.33,28.52,7585.787,0
2023-12-29 21:00:00,28.52,28.79,28.48,28.6,10266.289,0
2023-12-29 22:00:00,28.6,28.6,28.0,28.47,18636.872,0
2023-12-29 23:00:00,28.47,28.71,28.43,28.65,4776.998,0
2023-12-30 00:00:00,28.63,28.86,28.5,28.68,11140.619,0
2023-12-30 01:00:00,28.68,28.94,28.64,28.89,9385.25,0
2023-12-30 02:00:00,28.89,28.89,28.42,28.54,16761.072,0
2023-12-30 03:00:00,28.53,28.65,28.43,28.51,4839.555,0
2023-12-30 04:00:00,28.52,28.73,28.5,28.69,6852.246,0
2023-12-30 05:00:00,28.68,29.04,28.65,28.99,8818.703,0
2023-12-30 06:00:00,28.98,29.08,28.82,28.98,5060.659,0
2023-12-30 07:00:00,28.97,29.08,28.74,28.86,11494.2,0
2023-12-30 08:00:00,28.86,28.86,28.16,28.19,15863.306,0
2023-12-30 09:00:00,28.2,28.52,28.14,28.49,10304.298,0
2023-12-30 10:00:00,28.48,28.54,28.42,28.53,4499.471,0
2023-12-30 11:00:00,28.52,28.6,28.38,28.49,7466.289,0
2023-12-30 12:00:00,28.49,28.62,28.34,28.44,5934.209,0
2023-12-30 13:00:00,28.44,28.61,28.19,28.3,18306.932,0
2023-12-30 14:00:00,28.3,28.56,28.28,28.48,8671.641,0
2023-12-30 15:00:00,28.48,28.52,28.26,28.46,5031.82,0
2023-12-30 16:00:00,28.45,28.61,28.34,28.45,7282.355,0
2023-12-30 17:00:00,28.44,28.6,28.35,28.47,5500.475,0
2023-12-30 18:00:00,28.46,28.5,28.24,28.41,3940.711,0
2023-12-30 19:00:00,28.41,28.59,28.37,28.53,8873.69,0
2023-12-30 20:00:00,28.53,28.62,28.39,28.55,5109.026,0
2023-12-30 21:00:00,28.53,28.71,28.52,28.65,2982.109,0
2023-12-30 22:00:00,28.66,28.76,28.42,28.61,2760.021,0
2023-12-30 23:00:00,28.6,28.8,28.52,28.63,5305.121,0
2023-12-31 00:00:00,28.63,28.8,28.54,28.76,5389.051,0
2023-12-31 01:00:00,28.76,28.78,28.52,28.53,3883.406,0
2023-12-31 02:00:00,28.53,28.65,28.24,28.41,5970.428,0
2023-12-31 03:00:00,28.4,28.48,28.22,28.42,6040.843,0
2023-12-31 04:00:00,28.42,28.57,28.28,28.34,3792.565,0
2023-12-31 05:00:00,28.35,28.55,28.31,28.48,9036.559,0
2023-12-31 06:00:00,28.49,28.64,28.43,28.5,5773.138,0
2023-12-31 07:00:00,28.51,28.7,28.31,28.48,9529.836,0
2023-12-31 08:00:00,28.48,28.5,28.22,28.41,9085.12,0
2023-12-31 09:00:00,28.42,28.73,28.35,28.59,16870.834,0
2023-12-31 10:00:00,28.6,28.73,28.58,28.66,6116.744,0
2023-12-31 11:00:00,28.66,28.7,28.5,28.52,5912.394,0
2023-12-31 12:00:00,28.52,28.66,28.34,28.45,8793.163,0
2023-12-31 13:00:00,28.44,28.52,28.33,28.46,6465.071,0
2023-12-31 14:00:00,28.46,28.57,28.45,28.53,6687.788,0
2023-12-31 15:00:00,28.53,28.55,28.39,28.41,8002.535,0
2023-12-31 16:00:00,28.42,28.52,28.36,28.46,6184.009,0
2023-12-31 17:00:00,28.46,28.49,28.26,28.38,7572.183,0
2023-12-31 18:00:00,28.39,28.42,28.24,28.28,3480.765,0
2023-12-31 19:00:00,28.29,28.38,28.17,28.3,5881.448,0
2023-12-31 20:00:00,28.3,28.31,27.53,27.73,15988.943,0
2023-12-31 21:00:00,27.74,28.03,27.74,27.89,4166.704,0
2023-12-31 22:00:00,27.88,28.03,25.69,26.83,50097.362,0
2023-12-31 23:00:00,26.81,27.05,26.6,26.92,16250.16,0
2024-01-01 00:00:00,26.92,27.17,26.86,27.14,10625.681,0
2024-01-01 01:00:00,27.14,27.3,27.01,27.23,10471.058,0
2024-01-01 02:00:00,27.22,27.25,26.94,27.0,9099.637,0
2024-01-01 03:00:00,27.0,27.06,26.63,26.71,10595.716,0
2024-01-01 04:00:00,26.71,26.8,26.36,26.67,17533.561,0
2024-01-01 05:00:00,26.65,26.77,26.46,26.49,7115.297,0
2024-01-01 06:00:00,26.49,26.65,26.29,26.6,21244.342,0
2024-01-01 07:00:00,26.6,26.86,26.55,26.74,12519.242,0
2024-01-01 08:00:00,26.74,27.08,26.72,27.01,8404.797,0
2024-01-01 09:00:00,27.0,27.12,26.93,26.97,8185.115,0
2024-01-01 10:00:00,26.97,27.02,26.74,26.86,12389.822,0
2024-01-01 11:00:00,26.86,26.96,26.76,26.89,8689.148,0
2024-01-01 12:00:00,26.89,27.04,26.79,26.98,5703.729,0
2024-01-01 13:00:00,26.98,27.12,26.83,27.07,11742.444,0
2024-01-01 14:00:00,27.07,27.17,26.91,27.11,12511.238,0
2024-01-01 15:00:00,27.11,27.28,27.06,27.26,9298.166,0
2024-01-01 16:00:00,27.26,27.44,27.21,27.35,8652.748,0
2024-01-01 17:00:00,27.36,27.56,27.35,27.54,9457.633,0
2024-01-01 18:00:00,27.55,27.72,27.5,27.64,6388.054,0
2024-01-01 19:00:00,27.64,27.87,27.63,27.71,10092.738,0
2024-01-01 20:00:00,27.71,27.84,27.67,27.77,5037.622,0
2024-01-01 21:00:00,27.77,27.79,27.56,27.78,4832.899,0
2024-01-01 22:00:00,27.78,27.8,27.62,27.75,2383.042,0
2024-01-01 23:00:00,27.76,27.84,27.7,27.78,3172.18,0
2024-01-02 00:00:00,27.78,28.22,27.76,28.2,11923.674,0
2024-01-02 01:00:00,28.2,28.3,27.88,28.03,14174.076,0
2024-01-02 02:00:00,28.04,28.17,27.96,27.99,7472.272,0
2024-01-02 03:00:00,28.01,28.05,27.88,27.99,6636.542,0
2024-01-02 04:00:00,28.01,28.03,27.82,27.97,5794.977,0
2024-01-02 05:00:00,28.0,28.0,27.84,27.9,3593.03,0
2024-01-02 06:00:00,27.87,28.01,27.84,27.94,3442.968,0
2024-01-02 07:00:00,27.95,28.01,27.8,27.86,7647.915,0
2024-01-02 08:00:00,27.85,28.0,27.78,27.96,7267.985,0
2024-01-02 09:00:00,27.96,28.07,27.95,28.01,4792.957,0
2024-01-02 10:00:00,28.02,28.05,27.86,27.97,5040.098,0
2024-01-02 11:00:00,27.97,28.11,27.8,27.96,7029.329,0
2024-01-02 12:00:00,27.96,28.0,27.68,27.7,9182.139,0
2024-01-02 13:00:00,27.7,27.99,27.66,27.88,8487.446,0
2024-01-02 14:00:00,27.86,27.91,27.32,27.47,16330.205,0
2024-01-02 15:00:00,27.48,27.65,27.28,27.55,14659.331,0
2024-01-02 16:00:00,27.53,27.71,27.31,27.62,4776.75,0
2024-01-02 17:00:00,27.6,27.63,27.37,27.5,7557.147,0
2024-01-02 18:00:00,27.51,27.65,27.44,27.5,4072.483,0
2024-01-02 19:00:00,27.51,27.57,27.23,27.31,4467.18,0
2024-01-02 20:00:00,27.3,27.54,27.15,27.18,3889.653,0
2024-01-02 21:00:00,27.17,27.42,27.11,27.36,3042.041,0
2024-01-02 22:00:00,27.35,27.57,27.32,27.55,2665.437,0
2024-01-02 23:00:00,27.55,27.65,27.44,27.59,2663.845,0
2024-01-03 00:00:00,27.62,27.91,27.57,27.8,5503.274,0
2024-01-03 01:00:00,27.78,27.97,27.73,27.95,2118.067,0
2024-01-03 02:00:00,27.95,27.98,27.79,27.89,4039.233,0
2024-01-03 03:00:00,27.88,27.92,27.7,27.77,5623.13,0
2024-01-03 04:00:00,27.78,27.89,27.69,27.74,3772.316,0
2024-01-03 05:00:00,27.77,27.95,27.77,27.91,3280.481,0
2024-01-03 06:00:00,27.9,28.05,27.81,27.89,12437.364,0
2024-01-03 07:00:00,27.89,27.98,27.65,27.69,5357.307,0
2024-01-03 08:00:00,27.71,28.12,27.71,27.94,6103.299,0
2024-01-03 09:00:00,27.96,28.25,27.94,28.08,9071.909,0
2024-01-03 10:00:00,28.07,28.16,27.74,27.96,5235.6,0
2024-01-03 11:00:00,27.95,27.97,26.5,27.02,19389.038,0
2024-01-03 12:00:00,27.02,27.05,21.0,24.34,162102.627,0
2024-01-03 13:00:00,24.35,24.37,23.53,24.09,68095.903,0
2024-01-03 14:00:00,24.09,24.35,23.78,24.09,32495.891,0
2024-01-03 15:00:00,24.07,24.57,24.01,24.56,21345.119,0
2024-01-03 16:00:00,24.55,25.0,24.3,24.59,14799.541,0
2024-01-03 17:00:00,24.57,24.67,24.25,24.61,16132.39,0
2024-01-03 18:00:00,24.61,24.82,24.17,24.43,14202.803,0
2024-01-03 19:00:00,24.42,25.01,24.37,24.8,10241.277,0
2024-01-03 20:00:00,24.82,25.17,24.72,25.0,7494.236,0
2024-01-03 21:00:00,24.99,25.42,24.9,25.25,10563.343,0
2024-01-03 22:00:00,25.25,25.4,24.87,25.14,7907.089,0
2024-01-03 23:00:00,25.15,25.15,24.94,25.03,4701.48,0
2024-01-04 00:00:00,25.02,25.16,24.93,24.96,5550.487,0
2024-01-04 01:00:00,24.96,25.11,24.64,24.72,12146.86,0
2024-01-04 02:00:00,24.72,25.06,24.72,24.96,7735.469,0
2024-01-04 03:00:00,24.97,25.16,24.92,25.07,6664.134,0
2024-01-04 04:00:00,25.07,25.2,25.01,25.14,4505.947,0
2024-01-04 05:00:00,25.13,25.3,25.07,25.22,4111.484,0
2024-01-04 06:00:00,25.22,25.4,25.16,25.34,6148.801,0
2024-01-04 07:00:00,25.36,25.38,24.72,24.75,26008.032,0
2024-01-04 08:00:00,24.75,24.92,24.49,24.7,18184.98,0
2024-01-04 09:00:00,24.69,24.71,24.34,24.47,30772.659,0
2024-01-04 10:00:00,24.47,24.58,24.14,24.25,28135.008,0
2024-01-04 11:00:00,24.25,24.29,23.95,24.01,30238.065,0
2024-01-04 12:00:00,24.01,24.6,23.94,24.59,36045.554,0
2024-01-04 13:00:00,24.59,24.79,24.41,24.71,23793.164,0
2024-01-04 14:00:00,24.7,24.97,24.49,24.95,24811.308,0
2024-01-04 15:00:00,24.95,25.06,24.71,24.84,33657.901,0
2024-01-04 16:00:00,24.82,24.91,24.55,24.66,11274.53,0
2024-01-04 17:00:00,24.65,24.83,24.54,24.82,8849.424,0
2024-01-04 18:00:00,24.82,24.85,24.64,24.76,4610.683,0
2024-01-04 19:00:00,24.76,24.86,24.49,24.58,6073.873,0
2024-01-04 20:00:00,24.57,24.81,24.48,24.49,11113.967,0
2024-01-04 21:00:00,24.5,24.67,24.23,24.32,19463.365,0
2024-01-04 22:00:00,24.33,24.39,23.98,24.23,28665.766,0
2024-01-04 23:00:00,24.25,24.29,24.06,24.17,6420.798,0
2024-01-05 00:00:00,24.13,24.36,23.98,24.17,9182.604,0
2024-01-05 01:00:00,24.18,24.21,22.02,23.26,41173.095,0
2024-01-05 02:00:00,23.26,23.61,23.16,23.45,18800.944,0
2024-01-05 03:00:00,23.43,23.63,23.4,23.59,9925.073,0
2024-01-05 04:00:00,23.58,23.79,23.42,23.58,19694.035,0
2024-01-05 05:00:00,23.57,23.86,23.5,23.65,20491.6,0
2024-01-05 06:00:00,23.63,23.71,23.35,23.59,14272.963,0
2024-01-05 07:00:00,23.58,23.71,23.48,23.49,8507.456,0
2024-01-05 08:00:00,23.48,23.64,23.45,23.49,6254.574,0
2024-01-05 09:00:00,23.49,23.75,23.49,23.67,9014.063,0
2024-01-05 10:00:00,23.7,23.72,23.11,23.3,12887.388,0
2024-01-05 11:00:00,23.31,23.49,23.11,23.23,10309.181,0
2024-01-05 12:00:00,23.22,23.56,23.04,23.39,14354.212,0
2024-01-05 13:00:00,23.39,23.56,23.36,23.54,8489.427,0
2024-01-05 14:00:00,23.54,23.66,23.19,23.19,22731.079,0
2024-01-05 15:00:00,23.22,23.53,23.01,23.29,12974.42,0
2024-01-05 16:00:00,23.3,23.44,22.95,23.01,10273.907,0
2024-01-05 17:00:00,23.01,23.22,22.62,22.96,26186.423,0
2024-01-05 18:00:00,22.96,23.26,22.94,23.1,9179.58,0
2024-01-05 19:00:00,23.12,23.37,23.01,23.27,8050.692,0
2024-01-05 20:00:00,23.27,23.55,23.26,23.4,4389.357,0
2024-01-05 21:00:00,23.38,23.7,23.17,23.58,5797.722,0
2024-01-05 22:00:00,23.57,23.57,23.23,23.44,8955.156,0
2024-01-05 23:00:00,23.44,23.65,23.44,23.54,8368.204,0
2024-01-06 00:00:00,23.55,23.6,23.19,23.33,5925.074,0
2024-01-06 01:00:00,23.32,23.32,23.04,23.2,5285.747,0
2024-01-06 02:00:00,23.2,23.42,23.09,23.19,13623.518,0
2024-01-06 03:00:00,23.18,23.2,23.03,23.08,6637.73,0
2024-01-06 04:00:00,23.07,23.18,22.86,22.86,5233.048,0
2024-01-06 05:00:00,22.87,22.96,22.28,22.59,20700.797,0
2024-01-06 06:00:00,22.58,22.66,22.06,22.23,17137.565,0
2024-01-06 07:00:00,22.23,22.63,22.03,22.63,13069.923,0
2024-01-06 08:00:00,22.59,22.66,22.42,22.65,4327.131,0
2024-01-06 09:00:00,22.67,22.83,22.64,22.67,9585.528,0
2024-01-06 10:00:00,22.67,22.71,22.52,22.62,5140.656,0
2024-01-06 11:00:00,22.61,22.77,22.51,22.74,3475.771,0
2024-01-06 12:00:00,22.73,22.8,22.57,22.61,5151.344,0
2024-01-06 13:00:00,22.61,22.82,22.51,22.76,8605.467,0
2024-01-06 14:00:00,22.73,23.3,22.73,22.9,20812.668,0
2024-01-06 15:00:00,22.91,23.08,22.88,23.02,3613.041,0
2024-01-06 16:00:00,23.04,23.16,22.96,23.14,5001.0,0
2024-01-06 17:00:00,23.12,23.32,23.09,23.27,6817.276,0
2024-01-06 18:00:00,23.27,23.34,23.11,23.18,5966.791,0
2024-01-06 19:00:00,23.19,23.2,22.88,23.13,4115.535,0
2024-01-06 20:00:00,23.13,23.19,22.92,23.09,2602.702,0
2024-01-06 21:00:00,23.09,23.18,22.95,23.08,2540.965,0
2024-01-06 22:00:00,23.09,23.1,22.8,22.99,4727.318,0
2024-01-06 23:00:00,22.99,23.08,22.74,23.08,3637.105,0
2024-01-07 00:00:00,23.05,23.4,22.97,23.32,5666.217,0
2024-01-07 01:00:00,23.34,23.36,23.07,23.08,4651.588,0
2024-01-07 02:00:00,23.07,23.29,23.04,23.06,3405.114,0
2024-01-07 03:00:00,23.07,23.21,23.0,23.14,3382.158,0
2024-01-07 04:00:00,23.16,23.35,23.0,23.16,31742.582,0
2024-01-07 05:00:00,23.16,23.34,23.1,23.24,2201.936,0
2024-01-07 06:00:00,23.25,23.31,23.06,23.16,2681.062,0
2024-01-07 07:00:00,23.18,23.26,23.1,23.26,3595.646,0
2024-01-07 08:00:00,23.24,23.33,22.89,22.94,4504.699,0
2024-01-07 09:00:00,22.92,23.14,22.73,22.82,8047.775,0
2024-01-07 10:00:00,22.82,23.03,22.81,22.96,3360.737,0
2024-01-07 11:00:00,22.97,23.0,22.82,22.84,4160.948,0
2024-01-07 12:00:00,22.86,22.97,22.68,22.84,5287.442,0
2024-01-07 13:00:00,22.84,23.12,22.81,22.92,6821.575,0
2024-01-07 14:00:00,22.93,22.96,22.6,22.7,8778.83,0
2024-01-07 15:00:00,22.7,22.71,22.32,22.46,5907.853,0
2024-01-07 16:00:00,22.45,22.57,22.11,22.25,10492.744,0
2024-01-07 17:00:00,22.26,22.58,22.17,22.52,5269.653,0
2024-01-07 18:00:00,22.51,22.69,22.5,22.66,3377.943,0
2024-01-07 19:00:00,22.67,22.69,22.5,22.6,3923.599,0
2024-01-07 20:00:00,22.59,22.73,22.58,22.65,5235.85,0
2024-01-07 21:00:00,22.64,22.71,22.37,22.46,5189.791,0
2024-01-07 22:00:00,22.47,22.48,21.71,21.9,21132.895,0
2024-01-07 23:00:00,21.89,22.19,21.66,21.92,9912.739,0
2024-01-08 00:00:00,21.92,21.99,21.26,21.36,17059.687,0
2024-01-08 01:00:00,21.36,21.76,21.3,21.55,8583.172,0
2024-01-08 02:00:00,21.55,21.64,20.52,20.89,30088.575,0
2024-01-08 03:00:00,20.94,21.11,20.19,20.81,23956.216,0
2024-01-08 04:00:00,20.81,21.42,20.69,21.4,14587.777,0
2024-01-08 05:00:00,21.4,21.49,21.22,21.47,7641.864,0
2024-01-08 06:00:00,21.47,21.74,21.29,21.32,20703.865,0
2024-01-08 07:00:00,21.33,21.54,21.17,21.28,6380.266,0
2024-01-08 08:00:00,21.27,21.33,21.07,21.16,15625.256,0
2024-01-08 09:00:00,21.16,21.27,20.91,20.98,5644.772,0
2024-01-08 10:00:00,20.98,21.31,20.95,21.28,6518.263,0
2024-01-08 11:00:00,21.28,21.38,21.16,21.35,20589.19,0
2024-01-08 12:00:00,21.36,21.71,21.24,21.57,20073.765,0
2024-01-08 13:00:00,21.58,21.74,21.12,21.19,39091.994,0
2024-01-08 14:00:00,21.19,21.3,20.84,20.92,40789.953,0
2024-01-08 15:00:00,20.92,21.2,20.8,21.15,27347.202,0
2024-01-08 16:00:00,21.16,21.2,20.77,20.84,31614.274,0
2024-01-08 17:00:00,20.84,21.24,20.71,21.21,21194.3,0
2024-01-08 18:00:00,21.22,21.65,21.12,21.41,46401.292,0
2024-01-08 19:00:00,21.42,21.57,21.34,21.5,27950.138,0
2024-01-08 20:00:00,21.51,21.54,21.12,21.32,19583.968,0
2024-01-08 21:00:00,21.32,21.75,21.13,21.14,50525.688,0
2024-01-08 22:00:00,21.14,21.43,21.1,21.37,74046.908,0
2024-01-08 23:00:00,21.37,21.44,21.11,21.25,37789.316,0
2024-01-09 00:00:00,21.25,21.31,20.55,20.87,68043.431,0
2024-01-09 01:00:00,20.87,21.03,20.61,20.76,25980.96,0
2024-01-09 02:00:00,20.77,20.99,20.52,20.96,25622.942,0
2024-01-09 03:00:00,20.97,21.01,20.71,20.95,12708.009,0
2024-01-09 04:00:00,20.96,21.19,20.78,21.16,11126.704,0
2024-01-09 05:00:00,21.18,21.19,20.75,20.92,11671.59,0
2024-01-09 06:00:00,20.92,20.93,20.61,20.77,11083.188,0
2024-01-09 07:00:00,20.77,20.82,20.62,20.69,19588.475,0
2024-01-09 08:00:00,20.72,20.98,20.39,20.43,25956.664,0
2024-01-09 09:00:00,20.43,20.54,19.75,19.82,61686.356,0
2024-01-09 10:00:00,19.81,20.04,19.56,19.7,39693.271,0
2024-01-09 11:00:00,19.7,20.03,19.7,19.95,18888.387,0
2024-01-09 12:00:00,19.95,20.14,18.5,19.27,57640.212,0
2024-01-09 13:00:00,19.27,19.62,19.13,19.41,67023.694,0
2024-01-09 14:00:00,19.4,19.5,19.01,19.03,31192.134,0
2024-01-09 15:00:00,19.03,19.34,18.87,19.25,34653.594,0
2024-01-09 16:00:00,19.25,19.45,19.15,19.34,19009.035,0
2024-01-09 17:00:00,19.34,19.34,19.0,19.03,17656.976,0
2024-01-09 18:00:00,19.03,19.3,18.98,19.25,16096.484,0
2024-01-09 19:00:00,19.26,19.26,18.96,19.14,21699.827,0
2024-01-09 20:00:00,19.14,19.19,18.85,18.94,24736.868,0
2024-01-09 21:00:00,18.93,19.63,18.93,19.1,29949.929,0
2024-01-09 22:00:00,19.1,19.65,19.05,19.52,22810.595,0
2024-01-09 23:00:00,19.51,19.67,19.4,19.66,10429.982,0
2024-01-10 00:00:00,19.67,20.03,19.57,19.91,15585.952,0
2024-01-10 01:00:00,19.91,20.24,19.87,20.24,12593.236,0
2024-01-10 02:00:00,20.23,20.32,19.96,20.03,14224.316,0
2024-01-10 03:00:00,20.04,20.21,19.89,20.13,8346.307,0
2024-01-10 04:00:00,20.13,20.33,20.04,20.12,5689.448,0
2024-01-10 05:00:00,20.12,20.36,19.95,20.32,9782.961,0
2024-01-10 06:00:00,20.33,20.33,20.06,20.11,9244.337,0
2024-01-10 07:00:00,20.11,20.17,19.92,19.98,7479.096,0
2024-01-10 08:00:00,20.01,20.12,19.85,20.05,9137.408,0
2024-01-10 09:00:00,20.04,20.75,20.04,20.62,24688.46,0
2024-01-10 10:00:00,20.63,20.65,20.31,20.48,15115.498,0
2024-01-10 11:00:00,20.48,20.49,20.16,20.35,5875.448,0
2024-01-10 12:00:00,20.35,20.51,19.39,19.77,46995.032,0
2024-01-10 13:00:00,19.78,20.27,19.59,20.16,57260.964,0
2024-01-10 14:00:00,20.18,20.22,19.9,20.05,12165.922,0
2024-01-10 15:00:00,20.05,20.64,19.94,20.54,16177.989,0
2024-01-10 16:00:00,20.55,20.83,20.42,20.46,14287.9,0
2024-01-10 17:00:00,20.47,20.78,20.44,20.65,13690.923,0
2024-01-10 18:00:00,20.65,20.8,20.46,20.64,9125.593,0
2024-01-10 19:00:00,20.63,20.88,20.53,20.81,6953.618,0
2024-01-10 20:00:00,20.82,20.9,20.2,20.83,18862.944,0
2024-01-10 21:00:00,20.86,21.59,20.74,21.54,37413.32,0
2024-01-10 22:00:00,21.54,22.26,21.44,22.17,43813.465,0
2024-01-10 23:00:00,22.17,22.68,22.07,22.31,22840.629,0
2024-01-11 00:00:00,22.3,22.39,21.99,22.33,14615.258,0
2024-01-11 01:00:00,22.31,22.58,22.07,22.41,10425.655,0
2024-01-11 02:00:00,22.42,23.34,22.33,23.02,32938.789,0
2024-01-11 03:00:00,23.01,23.65,22.99,23.48,64208.838,0
2024-01-11 04:00:00,23.46,24.4,23.44,23.89,66352.082,0
2024-01-11 05:00:00,23.89,23.93,23.03,23.5,37223.041,0
2024-01-11 06:00:00,23.51,23.51,22.94,23.16,23089.203,0
2024-01-11 07:00:00,23.16,23.8,23.07,23.73,15400.323,0
2024-01-11 08:00:00,23.72,24.02,23.44,23.93,19234.177,0
2024-01-11 09:00:00,23.92,24.41,23.84,24.2,43488.099,0
2024-01-11 10:00:00,24.19,24.7,24.03,24.24,23714.992,0
2024-01-11 11:00:00,24.24,24.7,24.1,24.51,30324.483,0
2024-01-11 12:00:00,24.51,24.56,24.21,24.29,17427.626,0
2024-01-11 13:00:00,24.28,24.4,23.72,24.18,21480.243,0
2024-01-11 14:00:00,24.19,24.28,23.61,24.19,26459.781,0
2024-01-11 15:00:00,24.19,24.23,23.56,23.94,27847.428,0
2024-01-11 16:00:00,23.93,24.17,23.32,23.89,20641.219,0
2024-01-11 17:00:00,23.9,24.99,23.87,24.55,50759.432,0
2024-01-11 18:00:00,24.54,24.59,24.23,24.35,11155.144,0
2024-01-11 19:00:00,24.35,24.52,24.26,24.45,8050.005,0
2024-01-11 20:00:00,24.47,24.5,23.9,24.05,9390.98,0
2024-01-11 21:00:00,24.03,24.25,23.98,24.02,3392.89,0
2024-01-11 22:00:00,24.02,24.4,23.85,24.39,6945.108,0
2024-01-11 23:00:00,24.39,24.53,24.2,24.43,5057.319,0
2024-01-12 00:00:00,24.42,24.59,24.16,24.32,7857.513,0
2024-01-12 01:00:00,24.32,24.33,23.89,24.14,23797.277,0
2024-01-12 02:00:00,24.12,24.47,24.11,24.33,8908.298,0
2024-01-12 03:00:00,24.33,24.83,24.1,24.46,13712.027,0
2024-01-12 04:00:00,24.44,24.77,24.33,24.53,12371.356,0
2024-01-12 05:00:00,24.53,24.94,24.39,24.75,24386.047,0
2024-01-12 06:00:00,24.75,24.89,24.43,24.6,10130.887,0
2024-01-12 07:00:00,24.59,24.65,24.12,24.26,21815.359,0
2024-01-12 08:00:00,24.25,24.3,23.95,24.22,17384.661,0
2024-01-12 09:00:00,24.21,24.43,24.03,24.35,8064.315,0
2024-01-12 10:00:00,24.35,24.59,24.14,24.5,19211.368,0
2024-01-12 11:00:00,24.5,25.2,24.45,24.99,26843.994,0
2024-01-12 12:00:00,24.99,25.2,24.68,24.88,22016.968,0
2024-01-12 13:00:00,24.88,25.37,24.8,25.37,31054.397,0
2024-01-12 14:00:00,25.37,25.5,24.86,25.06,26366.513,0
2024-01-12 15:00:00,25.09,25.15,24.32,24.48,34228.391,0
2024-01-12 16:00:00,24.47,24.77,23.63,23.9,33969.422,0
2024-01-12 17:00:00,23.89,24.15,23.33,24.07,27459.397,0
2024-01-12 18:00:00,24.06,24.24,23.95,24.18,8670.706,0
2024-01-12 19:00:00,24.2,24.25,23.94,24.04,7105.62,0
2024-01-12 20:00:00,24.03,24.43,23.99,24.29,7713.902,0
2024-01-12 21:00:00,24.27,24.32,23.55,23.84,10691.376,0
2024-01-12 22:00:00,23.84,23.84,22.54,23.47,28980.073,0
2024-01-12 23:00:00,23.44,23.92,23.42,23.75,6584.532,0
2024-01-13 00:00:00,23.74,23.91,23.38,23.43,10643.792,0
2024-01-13 01:00:00,23.45,23.46,22.85,23.26,13949.881,0
2024-01-13 02:00:00,23.24,23.66,23.14,23.48,7522.888,0
2024-01-13 03:00:00,23.46,23.6,23.37,23.49,3499.241,0
2024-01-13 04:00:00,23.48,23.65,23.4,23.43,5440.042,0
2024-01-13 05:00:00,23.42,23.77,23.39,23.72,3782.244,0
2024-01-13 06:00:00,23.71,23.75,23.54,23.67,5122.782,0
2024-01-13 07:00:00,23.67,23.76,23.55,23.62,16656.431,0
2024-01-13 08:00:00,23.63,23.76,23.5,23.57,6020.309,0
2024-01-13 09:00:00,23.57,23.61,23.2,23.28,4845.636,0
2024-01-13 10:00:00,23.27,23.48,23.14,23.36,5343.382,0
2024-01-13 11:00:00,23.36,23.54,23.34,23.51,5732.689,0
2024-01-13 12:00:00,23.5,23.79,23.38,23.75,7948.4,0
2024-01-13 13:00:00,23.75,23.84,23.58,23.68,6061.909,0
2024-01-13 14:00:00,23.66,23.68,23.45,23.51,5742.259,0
2024-01-13 15:00:00,23.52,23.8,23.35,23.55,11291.104,0
2024-01-13 16:00:00,23.51,23.53,23.3,23.37,4286.517,0
2024-01-13 17:00:00,23.37,23.47,23.24,23.46,2625.921,0
2024-01-13 18:00:00,23.45,23.56,23.39,23.54,2386.173,0
2024-01-13 19:00:00,23.52,23.71,23.52,23.58,5052.962,0
2024-01-13 20:00:00,23.59,23.68,23.49,23.6,3717.156,0
2024-01-13 21:00:00,23.58,23.63,23.51,23.62,4154.924,0
2024-01-13 22:00:00,23.63,23.65,23.42,23.61,2615.98,0
2024-01-13 23:00:00,23.61,23.63,23.33,23.37,2867.792,0
2024-01-14 00:00:00,23.38,23.45,22.93,23.01,5950.658,0
2024-01-14 01:00:00,23.01,23.36,23.0,23.33,5988.215,0
2024-01-14 02:00:00,23.32,23.34,23.08,23.23,4939.426,0
2024-01-14 03:00:00,23.24,23.4,23.12,23.17,4605.66,0
2024-01-14 04:00:00,23.15,23.29,23.03,23.09,3391.31,0
2024-01-14 05:00:00,23.08,23.47,23.07,23.31,4427.928,0
2024-01-14 06:00:00,23.32,23.67,23.3,23.66,8435.4,0
2024-01-14 07:00:00,23.66,23.66,23.41,23.52,5095.742,0
2024-01-14 08:00:00,23.52,23.75,23.4,23.72,10748.54,0
2024-01-14 09:00:00,23.72,24.15,23.7,24.1,10402.601,0
2024-01-14 10:00:00,24.09,24.09,23.72,23.72,6618.716,0
2024-01-14 11:00:00,23.72,23.8,23.54,23.57,5702.192,0
2024-01-14 12:00:00,23.56,23.63,23.17,23.21,5635.933,0
2024-01-14 13:00:00,23.2,23.47,23.17,23.42,6138.303,0
2024-01-14 14:00:00,23.42,23.83,23.38,23.69,4633.021,0
2024-01-14 15:00:00,23.67,23.82,23.56,23.68,4221.517,0
2024-01-14 16:00:00,23.66,23.79,23.53,23.57,3418.37,0
2024-01-14 17:00:00,23.58,23.74,23.48,23.6,4010.311,0
2024-01-14 18:00:00,23.62,23.67,23.35,23.47,4426.305,0
2024-01-14 19:00:00,23.45,23.45,23.05,23.07,10047.624,0
2024-01-14 20:00:00,23.07,23.4,22.76,23.24,9505.601,0
2024-01-14 21:00:00,23.24,23.44,23.0,23.43,8932.36,0
2024-01-14 22:00:00,23.44,23.48,23.08,23.24,7309.957,0
2024-01-14 23:00:00,23.24,23.28,22.65,22.72,12650.682,0
2024-01-15 00:00:00,22.72,23.1,22.72,23.06,7577.272,0
2024-01-15 01:00:00,23.02,23.3,23.0,23.3,3809.909,0
2024-01-15 02:00:00,23.3,23.39,23.2,23.39,1703.378,0
2024-01-15 03:00:00,23.38,23.43,23.25,23.29,2642.217,0
2024-01-15 04:00:00,23.29,23.36,23.14,23.36,2947.461,0
2024-01-15 05:00:00,23.33,23.39,23.27,23.3,2292.828,0
2024-01-15 06:00:00,23.27,23.4,23.19,23.22,3198.487,0
2024-01-15 07:00:00,23.22,23.27,23.02,23.12,9120.502,0
2024-01-15 08:00:00,23.12,23.34,22.96,23.26,8310.771,0
2024-01-15 09:00:00,23.26,23.5,23.16,23.44,8417.987,0
2024-01-15 10:00:00,23.45,23.58,23.38,23.45,6615.398,0
2024-01-15 11:00:00,23.47,23.56,23.34,23.35,5153.487,0
2024-01-15 12:00:00,23.37,23.56,23.2,23.32,7216.072,0
2024-01-15 13:00:00,23.33,23.46,23.24,23.29,3670.348,0
2024-01-15 14:00:00,23.29,23.31,22.88,22.96,14158.397,0
2024-01-15 15:00:00,22.95,23.22,22.9,23.04,4687.298,0
2024-01-15 16:00:00,23.0,23.23,22.96,23.2,3624.59,0
2024-01-15 17:00:00,23.19,24.44,23.17,24.16,103126.847,0
2024-01-15 18:00:00,24.17,24.56,23.89,24.19,60563.741,0
2024-01-15 19:00:00,24.19,24.33,23.86,23.91,11188.877,0
2024-01-15 20:00:00,23.9,23.99,23.63,23.72,5582.468,0
2024-01-15 21:00:00,23.72,23.95,23.63,23.78,7434.468,0
2024-01-15 22:00:00,23.78,23.87,23.5,23.61,5936.709,0
2024-01-15 23:00:00,23.62,23.69,23.56,23.64,2162.657,0
2024-01-16 00:00:00,23.64,23.77,23.61,23.65,2442.955,0
2024-01-16 01:00:00,23.65,23.84,23.56,23.63,6522.929,0
2024-01-16 02:00:00,23.63,23.71,23.5,23.62,2506.375,0
2024-01-16 03:00:00,23.61,23.67,23.44,23.55,8024.987,0
2024-01-16 04:00:00,23.55,23.67,23.54,23.66,3645.558,0
2024-01-16 05:00:00,23.66,23.7,23.41,23.42,2692.316,0
2024-01-16 06:00:00,23.42,23.44,23.31,23.37,5352.716,0
2024-01-16 07:00:00,23.38,23.42,23.23,23.38,3933.132,0
2024-01-16 08:00:00,23.38,23.53,23.23,23.45,10078.19,0
2024-01-16 09:00:00,23.45,23.79,23.45,23.7,7438.505,0
2024-01-16 10:00:00,23.7,23.73,23.58,23.66,3182.96,0
2024-01-16 11:00:00,23.62,23.69,23.46,23.63,3412.202,0
2024-01-16 12:00:00,23.61,23.69,23.56,23.68,4746.953,0
2024-01-16 13:00:00,23.64,23.68,23.16,23.18,10302.934,0
2024-01-16 14:00:00,23.17,23.28,22.78,23.18,11096.649,0
2024-01-16 15:00:00,23.18,23.48,23.11,23.45,10771.134,0
2024-01-16 16:00:00,23.44,23.49,23.29,23.39,8575.609,0
2024-01-16 17:00:00,23.39,23.4,23.2,23.26,2814.282,0
2024-01-16 18:00:00,23.26,23.33,23.06,23.16,3550.878,0
2024-01-16 19:00:00,23.16,23.22,23.09,23.18,1941.931,0
2024-01-16 20:00:00,23.17,23.38,23.14,23.37,3624.703,0
2024-01-16 21:00:00,23.37,23.48,23.31,23.38,3788.73,0
2024-01-16 22:00:00,23.4,23.43,23.21,23.24,1870.046,0
2024-01-16 23:00:00,23.24,23.31,23.12,23.18,5032.688,0
2024-01-17 00:00:00,23.18,23.36,23.18,23.25,4021.501,0
2024-01-17 01:00:00,23.25,23.31,23.11,23.23,4435.528,0
2024-01-17 02:00:00,23.23,23.42,23.22,23.28,3695.412,0
2024-01-17 03:00:00,23.29,23.32,23.13,23.17,2073.239,0
2024-01-17 04:00:00,23.17,23.23,23.11,23.18,1536.222,0
2024-01-17 05:00:00,23.18,23.27,22.97,23.01,5330.037,0
2024-01-17 06:00:00,23.0,23.1,22.86,22.89,2665.162,0
2024-01-17 07:00:00,22.89,22.99,22.72,22.78,6032.12,0
2024-01-17 08:00:00,22.77,22.98,22.72,22.98,2821.173,0
2024-01-17 09:00:00,22.98,23.06,22.96,22.99,2955.338,0
2024-01-17 10:00:00,22.99,23.09,22.99,23.04,3197.898,0
2024-01-17 11:00:00,23.04,23.14,22.92,22.98,4889.565,0
2024-01-17 12:00:00,22.98,23.18,22.91,23.13,4819.014,0
2024-01-17 13:00:00,23.12,23.12,22.92,22.96,4558.526,0
2024-01-17 14:00:00,22.95,23.25,22.77,22.96,8247.898,0
2024-01-17 15:00:00,22.97,23.07,22.69,22.76,5116.709,0
2024-01-17 16:00:00,22.76,22.85,22.7,22.8,5486.734,0
2024-01-17 17:00:00,22.81,22.97,22.55,22.93,4233.584,0
2024-01-17 18:00:00,22.93,22.97,22.76,22.97,1374.936,0
2024-01-17 19:00:00,22.97,22.97,22.78,22.84,3337.909,0
2024-01-17 20:00:00,22.84,22.97,22.81,22.89,1828.17,0
2024-01-17 21:00:00,22.91,23.01,22.83,22.86,2032.201,0
2024-01-17 22:00:00,22.87,22.99,22.68,22.96,3129.222,0
2024-01-17 23:00:00,22.96,22.97,22.84,22.92,1422.434,0
2024-01-18 00:00:00,22.92,22.98,22.86,22.88,1594.827,0
2024-01-18 01:00:00,22.87,22.9,22.57,22.78,2075.898,0
2024-01-18 02:00:00,22.8,22.9,22.7,22.77,2131.122,0
2024-01-18 03:00:00,22.77,22.84,22.74,22.83,2983.313,0
2024-01-18 04:00:00,22.81,22.94,22.78,22.92,5591.642,0
2024-01-18 05:00:00,22.92,23.15,22.86,23.13,4247.348,0
2024-01-18 06:00:00,23.13,23.28,23.12,23.18,7331.538,0
2024-01-18 07:00:00,23.19,23.27,23.11,23.24,5572.972,0
2024-01-18 08:00:00,23.24,23.28,23.05,23.08,1917.02,0
2024-01-18 09:00:00,23.09,23.11,22.96,22.99,1728.468,0
2024-01-18 10:00:00,22.98,23.0,22.68,22.74,3310.73,0
2024-01-18 11:00:00,22.72,22.87,22.69,22.8,3229.61,0
2024-01-18 12:00:00,22.79,22.82,22.44,22.7,9200.934,0
2024-01-18 13:00:00,22.7,22.8,22.5,22.71,4728.612,0
2024-01-18 14:00:00,22.7,22.87,22.63,22.86,3396.835,0
2024-01-18 15:00:00,22.87,23.09,22.65,23.0,24632.467,0
2024-01-18 16:00:00,23.0,23.19,22.62,22.93,51054.089,0
2024-01-18 17:00:00,22.93,22.99,22.34,22.57,14314.939,0
2024-01-18 18:00:00,22.58,22.65,22.12,22.4,13867.564,0
2024-01-18 19:00:00,22.41,22.57,21.92,22.08,9311.29,0
2024-01-18 20:00:00,22.09,22.33,21.94,22.14,6781.998,0
2024-01-18 21:00:00,22.14,22.37,22.01,22.31,3645.975,0
2024-01-18 22:00:00,22.33,22.52,22.13,22.49,3608.411,0
2024-01-18 23:00:00,22.48,22.62,22.43,22.5,2728.638,0
2024-01-19 00:00:00,22.51,22.52,22.11,22.24,2080.1,0
2024-01-19 01:00:00,22.22,22.22,21.81,22.11,8589.171,0
2024-01-19 02:00:00,22.11,22.25,21.91,22.02,3253.984,0
2024-01-19 03:00:00,22.02,22.26,21.7,22.15,5681.762,0
2024-01-19 04:00:00,22.16,22.42,22.14,22.4,3159.071,0
2024-01-19 05:00:00,22.41,22.58,22.38,22.49,3494.18,0
2024-01-19 06:00:00,22.48,22.54,22.35,22.48,2840.292,0
2024-01-19 07:00:00,22.48,22.5,22.37,22.47,3811.158,0
2024-01-19 08:00:00,22.45,22.5,22.36,22.49,2079.414,0
2024-01-19 09:00:00,22.5,23.0,22.46,22.79,10199.858,0
2024-01-19 10:00:00,22.78,23.0,22.72,22.84,5076.053,0
2024-01-19 11:00:00,22.85,22.88,22.66,22.71,2916.911,0
2024-01-19 12:00:00,22.7,22.77,22.57,22.66,4257.439,0
2024-01-19 13:00:00,22.66,22.97,22.64,22.93,8343.041,0
2024-01-19 14:00:00,22.9,22.94,22.45,22.63,10753.253,0
2024-01-19 15:00:00,22.63,22.66,22.4,22.48,6193.142,0
2024-01-19 16:00:00,22.48,22.55,21.66,21.94,20560.129,0
2024-01-19 17:00:00,21.93,22.62,21.92,22.58,9649.892,0
2024-01-19 18:00:00,22.58,23.25,22.57,23.07,10541.746,0
2024-01-19 19:00:00,23.08,23.25,22.97,23.13,6243.797,0
2024-01-19 20:00:00,23.12,23.22,22.97,23.0,4722.55,0
2024-01-19 21:00:00,23.0,23.25,22.97,23.22,4938.756,0
2024-01-19 22:00:00,23.21,23.51,23.07,23.44,9337.342,0
2024-01-19 23:00:00,23.44,23.69,23.4,23.62,6832.275,0
2024-01-20 00:00:00,23.61,23.72,23.31,23.38,12914.632,0
2024-01-20 01:00:00,23.38,23.79,23.36,23.79,3663.786,0
2024-01-20 02:00:00,23.8,24.0,23.64,23.8,9893.727,0
2024-01-20 03:00:00,23.83,23.98,23.69,23.78,3706.521,0
2024-01-20 04:00:00,23.78,23.89,23.54,23.54,5700.009,0
2024-01-20 05:00:00,23.55,23.69,23.39,23.48,5846.235,0
2024-01-20 06:00:00,23.51,23.55,23.39,23.45,1521.887,0
2024-01-20 07:00:00,23.45,23.57,23.3,23.34,2956.169,0
2024-01-20 08:00:00,23.32,23.44,23.29,23.44,2631.045,0
2024-01-20 09:00:00,23.41,23.55,23.23,23.25,3268.63,0
2024-01-20 10:00:00,23.23,23.64,23.23,23.56,5103.624,0
2024-01-20 11:00:00,23.58,23.58,23.33,23.39,4720.051,0
2024-01-20 12:00:00,23.38,23.47,23.29,23.34,3597.153,0
2024-01-20 13:00:00,23.34,23.64,23.32,23.58,3115.548,0
2024-01-20 14:00:00,23.56,23.59,23.39,23.41,2593.423,0
2024-01-20 15:00:00,23.4,23.52,23.23,23.43,4088.59,0
2024-01-20 16:00:00,23.39,23.59,23.32,23.35,3541.134,0
2024-01-20 17:00:00,23.32,23.67,23.32,23.53,6548.68,0
2024-01-20 18:00:00,23.51,23.51,23.25,23.37,3005.499,0
2024-01-20 19:00:00,23.38,23.57,23.38,23.49,3018.926,0
2024-01-20 20:00:00,23.5,23.55,23.42,23.51,1701.927,0
2024-01-20 21:00:00,23.53,23.64,23.46,23.47,3923.564,0
2024-01-20 22:00:00,23.48,23.6,23.46,23.56,2535.754,0
2024-01-20 23:00:00,23.55,23.62,23.5,23.61,3343.728,0
2024-01-21 00:00:00,23.58,23.59,23.31,23.38,6847.65,0
2024-01-21 01:00:00,23.38,23.6,23.31,23.56,1949.245,0
2024-01-21 02:00:00,23.57,23.7,23.56,23.67,1137.498,0
2024-01-21 03:00:00,23.68,24.17,23.63,24.13,7405.176,0
2024-01-21 04:00:00,24.13,24.27,23.97,23.97,7098.132,0
2024-01-21 05:00:00,23.97,24.09,23.81,23.86,6972.191,0
2024-01-21 06:00:00,23.84,23.97,23.66,23.88,4201.428,0
2024-01-21 07:00:00,23.84,23.94,23.68,23.74,3657.48,0
2024-01-21 08:00:00,23.72,23.8,23.63,23.7,1817.537,0
2024-01-21 09:00:00,23.7,23.98,23.69,23.92,8994.766,0
2024-01-21 10:00:00,23.92,24.1,23.86,23.99,3992.922,0
2024-01-21 11:00:00,23.97,24.0,23.78,23.84,3753.131,0
2024-01-21 12:00:00,23.82,23.9,23.71,23.72,1587.624,0
2024-01-21 13:00:00,23.72,23.78,23.6,23.63,6711.1,0
2024-01-21 14:00:00,23.66,23.79,23.53,23.57,4731.651,0
2024-01-21 15:00:00,23.57,23.63,22.8,23.4,22356.282,0
2024-01-21 16:00:00,23.4,23.7,23.23,23.64,10816.808,0
2024-01-21 17:00:00,23.64,23.83,23.61,23.73,3754.137,0
2024-01-21 18:00:00,23.74,23.95,23.74,23.85,2002.38,0
2024-01-21 19:00:00,23.85,23.89,23.71,23.76,2522.361,0
2024-01-21 20:00:00,23.77,23.78,23.54,23.62,3429.494,0
2024-01-21 21:00:00,23.61,23.71,23.54,23.67,2082.152,0
2024-01-21 22:00:00,23.66,23.67,23.42,23.54,5375.559,0
2024-01-21 23:00:00,23.54,23.65,23.34,23.37,5101.801,0
2024-01-22 00:00:00,23.38,23.5,23.15,23.34,5506.868,0
2024-01-22 01:00:00,23.35,23.4,22.93,23.03,5609.788,0
2024-01-22 02:00:00,23.04,23.17,22.72,22.87,11542.671,0
2024-01-22 03:00:00,22.87,23.01,22.67,22.93,2610.095,0
2024-01-22 04:00:00,22.93,22.94,22.68,22.7,4567.082,0
2024-01-22 05:00:00,22.68,23.01,22.56,22.99,3923.686,0
2024-01-22 06:00:00,22.98,23.29,22.98,23.2,3794.027,0
2024-01-22 07:00:00,23.21,23.54,23.15,23.34,17485.412,0
2024-01-22 08:00:00,23.36,23.41,22.94,23.07,8603.794,0
2024-01-22 09:00:00,23.09,23.29,22.85,22.97,6721.692,0
2024-01-22 10:00:00,22.99,23.24,22.91,23.18,7300.394,0
2024-01-22 11:00:00,23.21,23.31,23.1,23.18,3278.163,0
2024-01-22 12:00:00,23.17,23.28,23.01,23.13,4205.509,0
2024-01-22 13:00:00,23.14,23.31,22.97,23.03,5046.282,0
2024-01-22 14:00:00,23.05,23.06,22.7,22.93,15992.027,0
2024-01-22 15:00:00,22.94,22.99,22.62,22.81,10816.53,0
2024-01-22 16:00:00,22.82,22.93,22.66,22.72,6183.643,0
2024-01-22 17:00:00,22.69,23.07,22.64,22.95,12263.381,0
2024-01-22 18:00:00,22.95,23.03,22.65,23.0,2461.994,0
2024-01-22 19:00:00,23.01,23.04,22.13,22.55,15639.362,0
2024-01-22 20:00:00,22.54,22.83,22.48,22.71,6568.163,0
2024-01-22 21:00:00,22.7,22.72,22.48,22.56,1538.482,0
2024-01-22 22:00:00,22.53,22.62,22.22,22.38,3010.414,0
2024-01-22 23:00:00,22.37,22.46,22.12,22.26,4053.344,0
2024-01-23 00:00:00,22.25,22.39,22.08,22.28,3167.743,0
2024-01-23 01:00:00,22.29,22.4,22.14,22.35,2435.771,0
2024-01-23 02:00:00,22.33,22.47,22.29,22.39,3214.29,0
2024-01-23 03:00:00,22.39,22.48,22.28,22.31,2523.816,0
2024-01-23 04:00:00,22.33,22.55,22.33,22.41,1952.132,0
2024-01-23 05:00:00,22.43,22.55,22.41,22.49,1935.31,0
2024-01-23 06:00:00,22.49,22.49,22.31,22.36,1755.205,0
2024-01-23 07:00:00,22.37,22.43,22.07,22.17,4729.84,0
2024-01-23 08:00:00,22.19,22.27,21.71,21.83,12549.411,0
2024-01-23 09:00:00,21.83,21.91,20.94,21.17,31329.271,0
2024-01-23 10:00:00,21.17,21.36,21.05,21.09,9380.554,0
2024-01-23 11:00:00,21.08,21.25,21.04,21.09,8818.576,0
2024-01-23 12:00:00,21.1,21.22,20.92,21.15,6138.599,0
2024-01-23 13:00:00,21.14,21.14,20.79,20.83,10659.63,0
2024-01-23 14:00:00,20.83,21.08,20.52,21.04,19394.044,0
2024-01-23 15:00:00,21.05,21.34,21.05,21.2,10496.065,0
2024-01-23 16:00:00,21.2,21.21,20.96,21.14,5291.021,0
2024-01-23 17:00:00,21.13,21.27,21.02,21.08,4027.681,0
2024-01-23 18:00:00,21.08,21.25,20.87,20.88,4387.802,0
2024-01-23 19:00:00,20.89,21.0,20.85,20.9,3441.593,0
2024-01-23 20:00:00,20.9,21.11,20.82,21.05,5913.492,0
2024-01-23 21:00:00,21.04,21.13,20.91,21.07,2166.778,0
2024-01-23 22:00:00,21.07,21.36,21.05,21.28,3206.198,0
2024-01-23 23:00:00,21.28,21.5,21.28,21.43,3078.379,0
2024-01-24 00:00:00,21.45,21.65,21.33,21.59,4437.795,0
2024-01-24 01:00:00,21.6,21.6,21.35,21.36,901.038,0
2024-01-24 02:00:00,21.36,21.49,21.33,21.42,730.705,0
2024-01-24 03:00:00,21.43,21.52,21.35,21.41,3546.959,0
2024-01-24 04:00:00,21.43,21.55,21.4,21.46,1461.332,0
2024-01-24 05:00:00,21.45,21.72,21.44,21.5,5112.052,0
2024-01-24 06:00:00,21.54,21.57,21.34,21.54,4737.696,0
2024-01-24 07:00:00,21.54,22.4,21.48,22.13,21878.108,0
2024-01-24 08:00:00,22.13,22.21,22.01,22.17,3749.298,0
2024-01-24 09:00:00,22.16,22.3,22.11,22.18,5793.168,0
2024-01-24 10:00:00,22.16,22.5,22.12,22.37,6807.173,0
2024-01-24 11:00:00,22.37,22.37,22.03,22.11,15268.09,0
2024-01-24 12:00:00,22.13,22.21,21.87,21.91,9390.679,0
2024-01-24 13:00:00,21.9,21.93,21.62,21.78,4756.445,0
2024-01-24 14:00:00,21.78,21.96,21.65,21.83,6236.748,0
2024-01-24 15:00:00,21.82,22.02,21.77,21.91,3635.625,0
2024-01-24 16:00:00,21.92,22.0,21.73,21.96,4397.696,0
2024-01-24 17:00:00,21.96,21.96,21.61,21.62,7223.131,0
2024-01-24 18:00:00,21.61,21.7,21.4,21.66,8486.904,0
2024-01-24 19:00:00,21.65,21.75,21.55,21.58,1538.826,0
2024-01-24 20:00:00,21.58,21.67,21.44,21.53,2632.356,0
2024-01-24 21:00:00,21.51,21.8,21.51,21.63,4910.825,0
2024-01-24 22:00:00,21.63,21.9,21.62,21.81,1564.497,0
2024-01-24 23:00:00,21.81,22.0,21.79,21.94,5339.99,0
2024-01-25 00:00:00,21.94,22.19,21.94,22.07,5269.42,0
2024-01-25 01:00:00,22.1,22.15,21.86,21.88,1257.706,0
2024-01-25 02:00:00,21.89,21.99,21.83,21.85,1271.962,0
2024-01-25 03:00:00,21.85,22.03,21.85,21.93,512.045,0
2024-01-25 04:00:00,21.94,22.02,21.89,21.93,1124.349,0
2024-01-25 05:00:00,21.95,21.95,21.77,21.9,721.289,0
2024-01-25 06:00:00,21.9,22.07,21.82,22.03,1999.68,0
2024-01-25 07:00:00,22.02,22.11,21.96,22.1,3445.446,0
2024-01-25 08:00:00,22.08,22.13,21.95,22.03,4688.296,0
2024-01-25 09:00:00,22.04,22.21,21.96,21.98,4462.782,0
2024-01-25 10:00:00,21.99,22.18,21.91,22.15,8397.758,0
2024-01-25 11:00:00,22.16,22.25,22.09,22.15,2983.678,0
2024-01-25 12:00:00,22.15,22.2,21.86,21.96,8449.131,0
2024-01-25 13:00:00,21.97,22.06,21.85,21.93,3013.599,0
2024-01-25 14:00:00,21.94,22.11,21.92,22.09,3520.563,0
2024-01-25 15:00:00,22.09,22.09,21.79,21.91,11879.371,0
2024-01-25 16:00:00,21.91,21.94,21.79,21.8,4250.006,0
2024-01-25 17:00:00,21.8,22.08,21.7,22.07,3828.519,0
2024-01-25 18:00:00,22.07,22.55,22.04,22.27,11456.013,0
2024-01-25 19:00:00,22.28,22.3,22.14,22.22,6398.963,0
2024-01-25 20:00:00,22.22,22.32,22.15,22.31,2673.16,0
2024-01-25 21:00:00,22.34,22.45,22.28,22.37,2043.264,0
2024-01-25 22:00:00,22.37,22.47,22.32,22.46,1256.692,0
2024-01-25 23:00:00,22.46,22.48,22.34,22.4,1283.072,0
2024-01-26 00:00:00,22.39,22.39,22.17,22.3,2048.15,0
2024-01-26 01:00:00,22.3,22.32,22.15,22.22,1696.252,0
2024-01-26 02:00:00,22.23,22.44,22.23,22.44,2197.06,0
2024-01-26 03:00:00,22.44,22.44,22.28,22.3,830.316,0
2024-01-26 04:00:00,22.29,22.34,22.2,22.23,1023.325,0
2024-01-26 05:00:00,22.23,22.28,22.2,22.25,3211.478,0
2024-01-26 06:00:00,22.26,22.29,22.13,22.17,1951.958,0
2024-01-26 07:00:00,22.15,22.22,22.07,22.15,1213.003,0
2024-01-26 08:00:00,22.16,22.32,22.16,22.29,2731.726,0
2024-01-26 09:00:00,22.3,22.43,22.25,22.26,2435.667,0
2024-01-26 10:00:00,22.27,22.64,22.23,22.6,4500.975,0
2024-01-26 11:00:00,22.59,22.89,22.56,22.81,7935.701,0
2024-01-26 12:00:00,22.82,22.86,22.63,22.72,4560.845,0
2024-01-26 13:00:00,22.72,22.73,22.45,22.54,7017.576,0
2024-01-26 14:00:00,22.54,22.74,22.52,22.73,2383.761,0
2024-01-26 15:00:00,22.73,22.73,22.57,22.65,5895.958,0
2024-01-26 16:00:00,22.66,22.69,22.53,22.62,10782.853,0
2024-01-26 17:00:00,22.63,22.64,22.49,22.6,4754.232,0
2024-01-26 18:00:00,22.6,22.68,22.56,22.6,2193.352,0
2024-01-26 19:00:00,22.61,22.61,22.51,22.57,2922.613,0
2024-01-26 20:00:00,22.57,22.65,22.43,22.51,2041.569,0
2024-01-26 21:00:00,22.51,22.6,22.45,22.56,1077.152,0
2024-01-26 22:00:00,22.58,22.67,22.49,22.63,1817.647,0
2024-01-26 23:00:00,22.63,22.73,22.61,22.7,1411.933,0
2024-01-27 00:00:00,22.7,22.79,22.62,22.75,2225.539,0
2024-01-27 01:00:00,22.76,22.86,22.71,22.78,2123.169,0
2024-01-27 02:00:00,22.79,22.88,22.77,22.77,1002.76,0
2024-01-27 03:00:00,22.8,22.82,22.71,22.74,1674.243,0
2024-01-27 04:00:00,22.74,22.79,22.63,22.67,1085.807,0
2024-01-27 05:00:00,22.66,22.7,22.48,22.52,1217.316,0
2024-01-27 06:00:00,22.53,22.58,22.4,22.43,4171.938,0
2024-01-27 07:00:00,22.46,22.5,22.3,22.43,2334.409,0
2024-01-27 08:00:00,22.42,22.45,22.27,22.3,2710.486,0
2024-01-27 09:00:00,22.29,22.61,22.29,22.56,2383.231,0
2024-01-27 10:00:00,22.56,22.63,22.54,22.59,2738.724,0
2024-01-27 11:00:00,22.58,22.69,22.57,22.62,1394.941,0
2024-01-27 12:00:00,22.61,22.68,22.55,22.56,1906.089,0
2024-01-27 13:00:00,22.56,22.59,22.49,22.5,1441.494,0
2024-01-27 14:00:00,22.5,22.62,22.49,22.55,3459.892,0
2024-01-27 15:00:00,22.54,22.57,22.44,22.48,8670.221,0
2024-01-27 16:00:00,22.48,22.57,22.41,22.46,1855.682,0
2024-01-27 17:00:00,22.46,22.52,22.45,22.45,1624.382,0
2024-01-27 18:00:00,22.45,22.63,22.45,22.62,1869.311,0
2024-01-27 19:00:00,22.62,22.75,22.62,22.74,4501.882,0
2024-01-27 20:00:00,22.74,22.77,22.69,22.71,1155.645,0
2024-01-27 21:00:00,22.7,22.81,22.68,22.75,2523.287,0
2024-01-27 22:00:00,22.76,22.82,22.65,22.73,2600.597,0
2024-01-27 23:00:00,22.71,22.81,22.68,22.72,690.678,0
2024-01-28 00:00:00,22.74,22.82,22.67,22.72,728.904,0
2024-01-28 01:00:00,22.73,22.98,22.73,22.88,1843.083,0
2024-01-28 02:00:00,22.87,22.89,22.76,22.82,2272.335,0
2024-01-28 03:00:00,22.8,22.93,22.75,22.93,1769.905,0
2024-01-28 04:00:00,22.91,22.95,22.78,22.93,1151.725,0
2024-01-28 05:00:00,22.96,23.0,22.72,22.79,2748.725,0
2024-01-28 06:00:00,22.78,22.8,22.64,22.7,1808.858,0
2024-01-28 07:00:00,22.71,22.8,22.6,22.67,2971.303,0
2024-01-28 08:00:00,22.67,22.82,22.52,22.73,5204.901,0
2024-01-28 09:00:00,22.72,22.81,22.72,22.79,1520.977,0
2024-01-28 10:00:00,22.78,22.8,22.68,22.77,2959.243,0
2024-01-28 11:00:00,22.76,22.79,22.52,22.59,1627.452,0
2024-01-28 12:00:00,22.59,22.62,22.24,22.46,3729.746,0
2024-01-28 13:00:00,22.46,22.53,22.31,22.52,2437.888,0
2024-01-28 14:00:00,22.52,22.61,22.24,22.29,6030.906,0
2024-01-28 15:00:00,22.28,22.52,22.26,22.41,4563.922,0
2024-01-28 16:00:00,22.41,22.48,22.32,22.43,2488.778,0
2024-01-28 17:00:00,22.42,22.42,22.22,22.31,3967.739,0
2024-01-28 18:00:00,22.3,22.31,22.09,22.12,5039.709,0
2024-01-28 19:00:00,22.11,22.18,21.83,21.93,6197.252,0
2024-01-28 20:00:00,21.93,22.15,21.83,22.13,4534.564,0
2024-01-28 21:00:00,22.14,22.26,22.11,22.22,2317.145,0
2024-01-28 22:00:00,22.21,22.23,21.96,22.09,1716.109,0
2024-01-28 23:00:00,22.08,22.22,22.0,22.17,1455.346,0
2024-01-29 00:00:00,22.18,22.27,22.08,22.2,657.212,0
2024-01-29 01:00:00,22.2,22.45,22.2,22.36,1298.194,0
2024-01-29 02:00:00,22.37,22.45,22.33,22.4,1054.715,0
2024-01-29 03:00:00,22.39,22.61,22.39,22.49,2109.516,0
2024-01-29 04:00:00,22.49,22.52,22.36,22.42,1484.823,0
2024-01-29 05:00:00,22.44,22.79,22.39,22.55,8991.055,0
2024-01-29 06:00:00,22.58,22.71,22.56,22.61,1662.691,0
2024-01-29 07:00:00,22.63,22.69,22.51,22.57,3221.697,0
2024-01-29 08:00:00,22.57,22.64,22.47,22.61,1738.96,0
2024-01-29 09:00:00,22.59,22.7,22.47,22.63,1784.967,0
2024-01-29 10:00:00,22.63,22.68,22.5,22.51,1697.077,0
2024-01-29 11:00:00,22.51,22.52,22.36,22.39,3440.612,0
2024-01-29 12:00:00,22.4,22.51,22.27,22.33,2571.806,0
2024-01-29 13:00:00,22.33,22.35,22.11,22.17,3110.057,0
2024-01-29 14:00:00,22.17,22.59,22.15,22.23,8540.629,0
2024-01-29 15:00:00,22.24,22.53,22.19,22.53,1623.616,0
2024-01-29 16:00:00,22.54,22.8,22.44,22.74,8715.939,0
2024-01-29 17:00:00,22.74,22.89,22.7,22.78,4541.003,0
2024-01-29 18:00:00,22.79,22.85,22.63,22.72,3693.989,0
2024-01-29 19:00:00,22.72,22.77,22.65,22.65,2529.524,0
2024-01-29 20:00:00,22.65,22.97,22.64,22.88,4368.991,0
2024-01-29 21:00:00,22.88,22.94,22.83,22.87,1979.339,0
2024-01-29 22:00:00,22.85,23.0,22.82,22.96,3345.458,0
2024-01-29 23:00:00,22.97,23.02,22.88,22.99,1515.708,0
2024-01-30 00:00:00,23.01,23.02,22.81,22.85,1949.879,0
2024-01-30 01:00:00,22.85,23.25,22.85,23.08,5472.017,0
2024-01-30 02:00:00,23.08,23.21,23.02,23.07,3295.022,0
2024-01-30 03:00:00,23.08,23.13,22.95,22.98,1235.963,0
2024-01-30 04:00:00,22.98,23.04,22.84,22.9,1452.099,0
2024-01-30 05:00:00,22.9,22.92,22.78,22.83,2545.578,0
2024-01-30 06:00:00,22.83,22.86,22.66,22.83,1954.418,0
2024-01-30 07:00:00,22.84,23.04,22.78,22.92,5823.302,0
2024-01-30 08:00:00,22.92,23.1,22.9,23.03,2909.972,0
2024-01-30 09:00:00,23.06,23.09,22.95,23.0,2564.255,0
2024-01-30 10:00:00,22.99,23.07,22.97,23.06,3032.545,0
2024-01-30 11:00:00,23.08,23.17,23.01,23.17,2637.066,0
2024-01-30 12:00:00,23.13,23.23,22.73,22.82,5664.034,0
2024-01-30 13:00:00,22.81,22.98,22.58,22.9,7568.25,0
2024-01-30 14:00:00,22.9,23.03,22.74,22.96,2030.537,0
2024-01-30 15:00:00,22.97,23.13,22.87,23.04,3156.544,0
2024-01-30 16:00:00,23.06,23.21,22.99,23.18,3391.153,0
2024-01-30 17:00:00,23.18,23.26,23.03,23.18,9656.351,0
2024-01-30 18:00:00,23.19,23.24,23.02,23.04,3063.165,0
2024-01-30 19:00:00,23.05,23.05,22.9,22.95,4275.556,0
2024-01-30 20:00:00,22.96,23.0,22.89,22.89,1520.69,0
2024-01-30 21:00:00,22.89,23.06,22.83,22.9,4856.117,0
2024-01-30 22:00:00,22.9,22.92,22.7,22.71,2713.215,0
2024-01-30 23:00:00,22.71,22.82,22.44,22.58,4449.272,0
2024-01-31 00:00:00,22.6,22.66,22.25,22.51,5215.955,0
2024-01-31 01:00:00,22.49,22.59,22.39,22.47,4058.983,0
2024-01-31 02:00:00,22.48,22.63,22.37,22.63,2715.529,0
2024-01-31 03:00:00,22.6,22.73,22.56,22.69,1374.438,0
2024-01-31 04:00:00,22.69,22.73,22.59,22.7,1070.42,0
2024-01-31 05:00:00,22.74,22.76,22.6,22.73,1197.047,0
2024-01-31 06:00:00,22.72,22.73,22.53,22.57,1742.573,0
2024-01-31 07:00:00,22.57,22.72,22.51,22.57,3168.41,0
2024-01-31 08:00:00,22.6,22.6,22.38,22.42,1329.661,0
2024-01-31 09:00:00,22.39,22.39,22.04,22.1,5856.361,0
2024-01-31 10:00:00,22.1,22.25,21.93,21.94,5205.77,0
2024-01-31 11:00:00,21.94,22.22,21.92,22.18,4902.2,0
2024-01-31 12:00:00,22.18,22.21,22.06,22.13,2668.011,0
2024-01-31 13:00:00,22.13,22.18,22.04,22.09,2100.8,0
2024-01-31 14:00:00,22.08,22.08,21.78,21.82,7968.692,0
2024-01-31 15:00:00,21.81,22.01,21.51,21.95,5643.534,0
2024-01-31 16:00:00,21.93,22.06,21.87,22.05,7859.524,0
2024-01-31 17:00:00,22.06,22.1,21.92,22.08,4063.72,0
2024-01-31 18:00:00,22.08,22.09,21.84,21.89,4785.061,0
2024-01-31 19:00:00,21.9,22.09,21.71,21.88,6718.946,0
2024-01-31 20:00:00,21.88,21.97,21.61,21.69,7180.221,0
2024-01-31 21:00:00,21.69,21.83,21.3,21.59,11925.483,0
2024-01-31 22:00:00,21.61,21.7,21.39,21.66,2325.096,0
2024-01-31 23:00:00,21.67,21.78,21.65,21.7,1480.194,0
2024-02-01 00:00:00,21.69,21.86,21.65,21.76,1019.431,0
2024-02-01 01:00:00,21.71,21.72,21.21,21.32,3508.911,0
2024-02-01 02:00:00,21.33,21.55,21.3,21.52,1880.076,0
2024-02-01 03:00:00,21.55,21.69,21.5,21.61,1935.65,0
2024-02-01 04:00:00,21.58,21.66,21.4,21.57,5909.311,0
2024-02-01 05:00:00,21.58,21.66,21.44,21.58,4727.664,0
2024-02-01 06:00:00,21.59,21.63,21.46,21.56,1808.215,0
2024-02-01 07:00:00,21.56,21.63,21.49,21.53,2023.01,0
2024-02-01 08:00:00,21.52,21.62,21.46,21.57,1500.23,0
2024-02-01 09:00:00,21.6,21.65,21.45,21.51,2017.031,0
2024-02-01 10:00:00,21.53,21.62,21.48,21.52,1171.541,0
2024-02-01 11:00:00,21.51,21.53,21.41,21.42,1889.057,0
2024-02-01 12:00:00,21.43,21.54,21.41,21.47,2307.152,0
2024-02-01 13:00:00,21.47,21.56,21.38,21.49,4162.394,0
2024-02-01 14:00:00,21.48,21.67,21.46,21.61,2401.938,0
2024-02-01 15:00:00,21.61,21.7,21.46,21.48,4434.936,0
2024-02-01 16:00:00,21.48,21.5,21.26,21.48,1716.781,0
2024-02-01 17:00:00,21.48,21.66,21.45,21.58,7309.362,0
2024-02-01 18:00:00,21.59,21.6,21.43,21.52,5080.555,0
2024-02-01 19:00:00,21.52,21.68,21.5,21.59,4602.825,0
2024-02-01 20:00:00,21.59,21.65,21.52,21.6,3048.709,0
2024-02-01 21:00:00,21.61,21.77,21.59,21.74,4024.783,0
2024-02-01 22:00:00,21.74,21.74,21.63,21.65,662.328,0
2024-02-01 23:00:00,21.64,21.71,21.58,21.71,852.345,0
2024-02-02 00:00:00,21.7,21.79,21.63,21.76,2578.6,0
2024-02-02 01:00:00,21.75,21.87,21.75,21.84,2331.223,0
2024-02-02 02:00:00,21.84,21.89,21.75,21.85,2468.213,0
2024-02-02 03:00:00,21.86,21.92,21.85,21.86,1104.21,0
2024-02-02 04:00:00,21.83,21.95,21.79,21.84,1061.407,0
2024-02-02 05:00:00,21.81,21.86,21.74,21.86,654.208,0
2024-02-02 06:00:00,21.85,21.99,21.84,21.94,889.568,0
2024-02-02 07:00:00,21.94,21.98,21.88,21.93,1469.917,0
2024-02-02 08:00:00,21.92,21.92,21.74,21.8,987.958,0
2024-02-02 09:00:00,21.8,21.83,21.7,21.79,1887.264,0
2024-02-02 10:00:00,21.8,21.99,21.73,21.99,1843.03,0
2024-02-02 11:00:00,21.99,22.05,21.88,22.0,2354.944,0
2024-02-02 12:00:00,22.02,22.11,21.97,22.01,4579.657,0
2024-02-02 13:00:00,22.03,22.04,21.69,21.78,4705.274,0
2024-02-02 14:00:00,21.79,21.83,21.7,21.73,2937.445,0
2024-02-02 15:00:00,21.72,22.03,21.7,21.99,4588.622,0
2024-02-02 16:00:00,22.0,22.08,21.84,21.9,3818.928,0
2024-02-02 17:00:00,21.88,21.94,21.74,21.78,7484.723,0
2024-02-02 18:00:00,21.78,21.82,21.71,21.81,2085.708,0
2024-02-02 19:00:00,21.79,21.84,21.68,21.78,1687.7,0
2024-02-02 20:00:00,21.8,21.84,21.75,21.77,1386.446,0
2024-02-02 21:00:00,21.79,21.91,21.79,21.87,918.713,0
2024-02-02 22:00:00,21.85,22.03,21.84,22.03,1563.251,0
2024-02-02 23:00:00,22.03,22.07,21.94,22.07,574.218,0
2024-02-03 00:00:00,22.07,22.18,22.03,22.11,1774.64,0
2024-02-03 01:00:00,22.11,22.23,22.11,22.16,709.032,0
2024-02-03 02:00:00,22.14,22.18,22.04,22.12,687.824,0
2024-02-03 03:00:00,22.14,22.15,22.02,22.04,1071.669,0
2024-02-03 04:00:00,22.04,22.11,22.02,22.07,823.242,0
2024-02-03 05:00:00,22.07,22.13,22.06,22.11,1035.88,0
2024-02-03 06:00:00,22.1,22.13,22.0,22.04,3355.377,0
2024-02-03 07:00:00,22.06,22.09,21.93,21.96,2719.601,0
2024-02-03 08:00:00,22.0,22.06,21.9,21.93,2155.812,0
2024-02-03 09:00:00,21.92,22.1,21.9,22.06,3482.923,0
2024-02-03 10:00:00,22.07,22.1,21.99,22.07,2386.917,0
2024-02-03 11:00:00,22.06,22.11,21.98,21.99,1478.246,0
2024-02-03 12:00:00,21.99,22.06,21.96,22.03,924.335,0
2024-02-03 13:00:00,22.04,22.09,22.02,22.06,1564.308,0
2024-02-03 14:00:00,22.07,22.14,22.03,22.07,2642.224,0
2024-02-03 15:00:00,22.07,22.13,21.94,22.07,2169.159,0
2024-02-03 16:00:00,22.07,22.16,22.07,22.08,1118.007,0
2024-02-03 17:00:00,22.08,22.16,22.02,22.12,1386.454,0
2024-02-03 18:00:00,22.11,22.13,22.04,22.06,1997.727,0
2024-02-03 19:00:00,22.05,22.13,22.04,22.11,816.813,0
2024-02-03 20:00:00,22.11,22.12,22.04,22.1,673.716,0
2024-02-03 21:00:00,22.12,22.18,22.11,22.16,2346.417,0
2024-02-03 22:00:00,22.17,22.17,22.08,22.08,530.013,0
2024-02-03 23:00:00,22.09,22.13,22.01,22.09,1607.424,0
2024-02-04 00:00:00,22.09,22.11,21.9,21.98,2287.346,0
2024-02-04 01:00:00,21.98,22.09,21.9,22.05,933.23,0
2024-02-04 02:00:00,22.08,22.11,22.02,22.05,781.372,0
2024-02-04 03:00:00,22.05,22.13,22.0,22.07,686.82,0
2024-02-04 04:00:00,22.07,22.07,21.82,21.92,1526.584,0
2024-02-04 05:00:00,21.93,21.97,21.87,21.88,1437.536,0
2024-02-04 06:00:00,21.87,21.93,21.73,21.8,1162.685,0
2024-02-04 07:00:00,21.78,21.89,21.65,21.72,2518.483,0
2024-02-04 08:00:00,21.71,21.78,21.65,21.66,2229.118,0
2024-02-04 09:00:00,21.67,21.72,21.46,21.72,3305.035,0
2024-02-04 10:00:00,21.71,21.87,21.69,21.75,4999.56,0
2024-02-04 11:00:00,21.75,21.88,21.74,21.84,885.416,0
2024-02-04 12:00:00,21.84,21.9,21.79,21.81,1849.851,0
2024-02-04 13:00:00,21.79,21.87,21.77,21.78,1168.066,0
2024-02-04 14:00:00,21.8,21.86,21.76,21.79,2169.885,0
2024-02-04 15:00:00,21.79,21.83,21.75,21.78,621.753,0
2024-02-04 16:00:00,21.77,21.79,21.69,21.77,1958.498,0
2024-02-04 17:00:00,21.77,21.78,21.64,21.7,1260.55,0
2024-02-04 18:00:00,21.7,21.73,21.57,21.61,4876.43,0
2024-02-04 19:00:00,21.61,21.66,21.45,21.55,3082.365,0
2024-02-04 20:00:00,21.56,21.71,21.5,21.67,2361.914,0
2024-02-04 21:00:00,21.67,21.72,21.6,21.63,514.214,0
2024-02-04 22:00:00,21.64,21.69,21.25,21.39,3431.642,0
2024-02-04 23:00:00,21.4,21.45,21.33,21.42,2174.049,0
2024-02-05 00:00:00,21.41,21.49,21.33,21.4,1344.568,0
2024-02-05 01:00:00,21.38,21.42,21.16,21.4,3966.059,0
2024-02-05 02:00:00,21.43,21.51,21.38,21.48,858.863,0
2024-02-05 03:00:00,21.49,21.58,21.49,21.58,1385.744,0
2024-02-05 04:00:00,21.57,21.68,21.57,21.63,603.501,0
2024-02-05 05:00:00,21.62,21.65,21.57,21.6,852.65,0
2024-02-05 06:00:00,21.6,21.61,21.51,21.55,915.97,0
2024-02-05 07:00:00,21.57,21.68,21.55,21.63,1950.064,0
2024-02-05 08:00:00,21.64,21.66,21.5,21.57,3309.423,0
2024-02-05 09:00:00,21.57,21.62,21.51,21.59,1840.165,0
2024-02-05 10:00:00,21.59,21.68,21.59,21.63,2517.805,0
2024-02-05 11:00:00,21.63,21.65,21.53,21.6,2734.711,0
2024-02-05 12:00:00,21.62,21.62,21.43,21.49,5787.899,0
2024-02-05 13:00:00,21.48,21.63,21.48,21.57,2367.889,0
2024-02-05 14:00:00,21.58,21.65,21.41,21.43,5092.541,0
2024-02-05 15:00:00,21.44,21.45,21.21,21.24,6772.469,0
2024-02-05 16:00:00,21.25,21.36,21.17,21.34,5522.851,0
2024-02-05 17:00:00,21.34,21.39,21.26,21.31,1936.973,0
2024-02-05 18:00:00,21.31,21.37,21.28,21.37,1818.397,0
2024-02-05 19:00:00,21.38,21.45,21.35,21.43,1988.375,0
2024-02-05 20:00:00,21.43,21.44,21.17,21.44,2448.339,0
2024-02-05 21:00:00,21.43,21.43,21.23,21.29,1408.681,0
2024-02-05 22:00:00,21.26,21.34,21.08,21.27,4042.232,0
2024-02-05 23:00:00,21.24,21.38,21.2,21.37,1286.798,0
2024-02-06 00:00:00,21.37,21.43,21.29,21.41,1140.908,0
2024-02-06 01:00:00,21.4,21.45,21.33,21.36,1604.95,0
2024-02-06 02:00:00,21.35,21.53,21.33,21.5,1101.455,0
2024-02-06 03:00:00,21.54,21.56,21.42,21.48,546.342,0
2024-02-06 04:00:00,21.47,21.51,21.4,21.44,608.011,0
2024-02-06 05:00:00,21.44,21.5,21.39,21.49,638.676,0
2024-02-06 06:00:00,21.48,21.5,21.41,21.45,2684.388,0
2024-02-06 07:00:00,21.45,21.45,21.02,21.25,20515.844,0
2024-02-06 08:00:00,21.25,21.25,21.03,21.24,22508.489,0
2024-02-06 09:00:00,21.24,21.25,21.08,21.17,4754.05,0
2024-02-06 10:00:00,21.15,21.23,20.95,21.03,9632.106,0
2024-02-06 11:00:00,21.04,21.05,20.79,20.85,9121.504,0
2024-02-06 12:00:00,20.84,20.88,20.51,20.68,14705.445,0
2024-02-06 13:00:00,20.68,20.69,20.32,20.61,13647.689,0
2024-02-06 14:00:00,20.62,20.85,20.56,20.74,11885.345,0
2024-02-06 15:00:00,20.73,20.85,20.58,20.83,7911.747,0
2024-02-06 16:00:00,20.84,20.86,20.65,20.7,11510.438,0
2024-02-06 17:00:00,20.7,20.77,20.61,20.61,5432.399,0
2024-02-06 18:00:00,20.61,20.69,20.47,20.65,9872.858,0
2024-02-06 19:00:00,20.66,20.69,19.9,20.24,69547.941,0
2024-02-06 20:00:00,20.24,20.4,19.99,20.15,42266.945,0
2024-02-06 21:00:00,20.16,20.22,19.76,19.87,23864.133,0
2024-02-06 22:00:00,19.86,19.93,19.36,19.63,83394.131,0
2024-02-06 23:00:00,19.62,19.62,19.18,19.22,21584.327,0
2024-02-07 00:00:00,19.23,19.47,19.09,19.31,20275.24,0
2024-02-07 01:00:00,19.3,19.61,19.14,19.51,23850.667,0
2024-02-07 02:00:00,19.52,19.58,19.34,19.54,16059.287,0
2024-02-07 03:00:00,19.54,19.73,19.46,19.49,17291.866,0
2024-02-07 04:00:00,19.49,19.62,19.47,19.53,7589.117,0
2024-02-07 05:00:00,19.54,19.87,19.45,19.68,17206.026,0
2024-02-07 06:00:00,19.68,19.92,19.58,19.91,9141.26,0
2024-02-07 07:00:00,19.9,20.03,19.78,19.91,10897.978,0
2024-02-07 08:00:00,19.9,20.06,19.85,20.03,8103.682,0
2024-02-07 09:00:00,20.02,20.05,19.85,19.93,5309.225,0
2024-02-07 10:00:00,19.92,20.05,19.87,19.94,6795.821,0
2024-02-07 11:00:00,19.95,20.05,19.85,20.0,4528.488,0
2024-02-07 12:00:00,19.99,20.06,19.94,19.99,4114.123,0
2024-02-07 13:00:00,19.99,20.0,19.85,19.99,4672.436,0
2024-02-07 14:00:00,19.99,20.07,19.92,19.97,4596.599,0
2024-02-07 15:00:00,19.97,20.16,19.91,20.12,6254.944,0
2024-02-07 16:00:00,20.12,20.31,20.03,20.25,5811.851,0
2024-02-07 17:00:00,20.25,20.53,20.23,20.5,16868.725,0
2024-02-07 18:00:00,20.5,20.61,20.42,20.55,6839.27,0
2024-02-07 19:00:00,20.55,20.58,20.4,20.48,2778.427,0
2024-02-07 20:00:00,20.48,20.72,20.48,20.68,5916.615,0
2024-02-07 21:00:00,20.7,20.77,20.65,20.69,4509.206,0
2024-02-07 22:00:00,20.68,20.76,20.6,20.67,1786.263,0
2024-02-07 23:00:00,20.67,20.97,20.67,20.82,10922.298,0
2024-02-08 00:00:00,20.82,20.89,20.71,20.73,8552.319,0
2024-02-08 01:00:00,20.73,20.8,20.6,20.69,4318.819,0
2024-02-08 02:00:00,20.69,20.72,20.62,20.68,2105.112,0
2024-02-08 03:00:00,20.68,20.72,20.57,20.61,2761.283,0
2024-02-08 04:00:00,20.61,20.68,20.61,20.63,1156.083,0
2024-02-08 05:00:00,20.63,20.69,20.56,20.61,3066.172,0
2024-02-08 06:00:00,20.61,20.66,20.48,20.57,9206.472,0
2024-02-08 07:00:00,20.56,20.65,20.52,20.52,4087.129,0
2024-02-08 08:00:00,20.52,20.63,20.52,20.58,3318.499,0
2024-02-08 09:00:00,20.57,20.73,20.55,20.72,3183.213,0
2024-02-08 10:00:00,20.72,20.76,20.59,20.59,2268.901,0
2024-02-08 11:00:00,20.59,20.6,20.47,20.56,4774.655,0
2024-02-08 12:00:00,20.56,20.68,20.55,20.59,3197.919,0
2024-02-08 13:00:00,20.6,20.75,20.55,20.74,4153.301,0
2024-02-08 14:00:00,20.74,20.9,20.67,20.81,9673.388,0
2024-02-08 15:00:00,20.82,20.91,20.72,20.88,6721.643,0
2024-02-08 16:00:00,20.88,20.89,20.51,20.69,7388.173,0
2024-02-08 17:00:00,20.69,20.85,20.59,20.7,6263.203,0
2024-02-08 18:00:00,20.69,20.83,20.59,20.65,10439.244,0
2024-02-08 19:00:00,20.66,20.66,20.55,20.6,7612.643,0
2024-02-08 20:00:00,20.61,20.72,20.6,20.67,3643.974,0
2024-02-08 21:00:00,20.68,20.78,20.66,20.72,1815.871,0
2024-02-08 22:00:00,20.72,20.83,20.7,20.81,4850.072,0
2024-02-08 23:00:00,20.82,20.88,20.81,20.87,2905.393,0
2024-02-09 00:00:00,20.86,20.9,20.69,20.74,8594.958,0
2024-02-09 01:00:00,20.74,20.86,20.73,20.77,3332.547,0
2024-02-09 02:00:00,20.76,21.01,20.76,21.01,4276.618,0
2024-02-09 03:00:00,21.01,21.02,20.84,20.84,5088.1,0
2024-02-09 04:00:00,20.84,20.92,20.79,20.82,2028.137,0
2024-02-09 05:00:00,20.81,20.87,20.8,20.86,1995.889,0
2024-02-09 06:00:00,20.85,20.92,20.81,20.85,3159.295,0
2024-02-09 07:00:00,20.84,20.85,20.76,20.83,3825.814,0
2024-02-09 08:00:00,20.82,20.83,20.71,20.77,7159.529,0
2024-02-09 09:00:00,20.78,20.9,20.71,20.81,7803.12,0
2024-02-09 10:00:00,20.81,20.91,20.8,20.88,3107.342,0
2024-02-09 11:00:00,20.88,21.03,20.83,21.02,4554.721,0
2024-02-09 12:00:00,21.03,21.21,21.02,21.04,8571.187,0
2024-02-09 13:00:00,21.04,21.13,21.04,21.1,3262.994,0
2024-02-09 14:00:00,21.1,21.1,20.59,20.82,16489.21,0
2024-02-09 15:00:00,20.81,20.95,20.74,20.93,5535.626,0
2024-02-09 16:00:00,20.94,21.01,20.89,20.95,2392.477,0
2024-02-09 17:00:00,20.96,21.03,20.93,21.0,2769.514,0
2024-02-09 18:00:00,21.0,21.14,21.0,21.07,6043.313,0
2024-02-09 19:00:00,21.07,21.07,20.9,21.03,2325.156,0
2024-02-09 20:00:00,21.03,21.14,21.03,21.04,3001.916,0
2024-02-09 21:00:00,21.05,21.15,21.0,21.14,1723.066,0
2024-02-09 22:00:00,21.14,21.19,21.07,21.14,2060.95,0
2024-02-09 23:00:00,21.14,21.17,21.08,21.09,2241.573,0
2024-02-10 00:00:00,21.13,21.21,21.07,21.09,2542.506,0
2024-02-10 01:00:00,21.09,21.21,21.04,21.2,2721.764,0
2024-02-10 02:00:00,21.2,21.2,20.74,20.99,32661.818,0
2024-02-10 03:00:00,21.0,21.06,20.97,20.99,2171.254,0
2024-02-10 04:00:00,20.99,21.01,20.9,20.98,2541.437,0
2024-02-10 05:00:00,20.98,20.98,20.71,20.83,17202.505,0
2024-02-10 06:00:00,20.84,20.84,20.74,20.76,3544.719,0
2024-02-10 07:00:00,20.76,20.9,20.72,20.79,4436.443,0
2024-02-10 08:00:00,20.79,20.92,20.58,20.6,7729.871,0
2024-02-10 09:00:00,20.61,20.83,20.61,20.65,5262.002,0
2024-02-10 10:00:00,20.67,20.76,20.35,20.49,12028.425,0
2024-02-10 11:00:00,20.51,20.61,20.5,20.57,4188.928,0
2024-02-10 12:00:00,20.58,20.67,20.55,20.67,4074.732,0
2024-02-10 13:00:00,20.68,20.78,20.62,20.76,5441.5,0
2024-02-10 14:00:00,20.77,20.87,20.73,20.85,3119.544,0
2024-02-10 15:00:00,20.85,20.92,20.85,20.91,1039.755,0
2024-02-10 16:00:00,20.92,20.97,20.84,20.96,3742.937,0
2024-02-10 17:00:00,20.96,21.01,20.9,20.98,1831.526,0
2024-02-10 18:00:00,20.97,20.99,20.78,20.83,12751.502,0
2024-02-10 19:00:00,20.82,20.97,20.81,20.89,2876.741,0
2024-02-10 20:00:00,20.9,21.0,20.89,20.92,1834.273,0
2024-02-10 21:00:00,20.92,21.07,20.92,20.98,2240.438,0
2024-02-10 22:00:00,20.98,21.02,20.84,20.88,1820.007,0
2024-02-10 23:00:00,20.89,20.99,20.84,20.89,1107.959,0
2024-02-11 00:00:00,20.9,20.98,20.81,20.9,6863.862,0
2024-02-11 01:00:00,20.92,20.98,20.89,20.96,1524.514,0
2024-02-11 02:00:00,20.97,21.05,20.89,20.97,4594.275,0
2024-02-11 03:00:00,20.98,21.15,20.98,21.14,2266.641,0
2024-02-11 04:00:00,21.14,21.3,21.14,21.16,3862.776,0
2024-02-11 05:00:00,21.16,21.26,20.89,20.99,10971.888,0
2024-02-11 06:00:00,20.98,21.02,20.82,20.96,13226.182,0
2024-02-11 07:00:00,20.96,21.0,20.93,21.0,1779.807,0
2024-02-11 08:00:00,21.01,21.1,20.98,20.99,3609.281,0
2024-02-11 09:00:00,20.99,21.02,20.89,20.96,2625.92,0
2024-02-11 10:00:00,20.95,20.97,20.73,20.82,3329.352,0
2024-02-11 11:00:00,20.82,20.9,20.81,20.9,1692.178,0
2024-02-11 12:00:00,20.9,20.9,20.72,20.78,9207.199,0
2024-02-11 13:00:00,20.79,20.83,20.66,20.68,3906.822,0
2024-02-11 14:00:00,20.68,20.84,20.66,20.79,3417.355,0
2024-02-11 15:00:00,20.79,20.85,20.73,20.81,3012.896,0
2024-02-11 16:00:00,20.81,20.82,20.61,20.76,3422.865,0
2024-02-11 17:00:00,20.76,20.82,20.69,20.74,2084.926,0
2024-02-11 18:00:00,20.75,20.76,20.59,20.7,4289.54,0
2024-02-11 19:00:00,20.7,20.72,20.59,20.66,2697.956,0
2024-02-11 20:00:00,20.66,20.71,20.4,20.45,7916.16,0
2024-02-11 21:00:00,20.46,20.49,20.28,20.4,12283.121,0
2024-02-11 22:00:00,20.4,20.42,20.31,20.33,2723.338,0
2024-02-11 23:00:00,20.34,20.36,20.21,20.34,2236.178,0
2024-02-12 00:00:00,20.34,20.41,20.27,20.38,6627.171,0
2024-02-12 01:00:00,20.39,20.5,20.32,20.41,2168.023,0
2024-02-12 02:00:00,20.42,20.42,20.0,20.18,6829.995,0
2024-02-12 03:00:00,20.17,20.33,20.09,20.24,2799.59,0
2024-02-12 04:00:00,20.24,20.28,20.16,20.2,3172.635,0
2024-02-12 05:00:00,20.21,20.3,20.19,20.22,2501.206,0
2024-02-12 06:00:00,20.21,20.25,20.01,20.17,3962.684,0
2024-02-12 07:00:00,20.18,20.37,20.18,20.35,3153.318,0
2024-02-12 08:00:00,20.34,20.56,20.34,20.43,4002.903,0
2024-02-12 09:00:00,20.41,20.46,20.24,20.33,5356.181,0
2024-02-12 10:00:00,20.33,20.43,20.19,20.21,5946.798,0
2024-02-12 11:00:00,20.21,20.24,20.11,20.21,4379.126,0
2024-02-12 12:00:00,20.22,20.31,20.1,20.18,4968.197,0
2024-02-12 13:00:00,20.18,20.22,20.14,20.14,2151.63,0
2024-02-12 14:00:00,20.13,20.29,20.13,20.23,4739.198,0
2024-02-12 15:00:00,20.24,20.56,20.21,20.55,7938.946,0
2024-02-12 16:00:00,20.55,20.6,20.44,20.53,4615.097,0
2024-02-12 17:00:00,20.53,20.85,20.52,20.75,8460.563,0
2024-02-12 18:00:00,20.77,20.87,20.57,20.68,22078.103,0
2024-02-12 19:00:00,20.69,20.81,20.62,20.62,3481.706,0
2024-02-12 20:00:00,20.63,20.86,20.63,20.83,5035.265,0
2024-02-12 21:00:00,20.84,20.96,20.82,20.84,3031.684,0
2024-02-12 22:00:00,20.86,21.15,20.86,21.14,5524.364,0
2024-02-12 23:00:00,21.12,21.19,21.05,21.07,4699.983,0
2024-02-13 00:00:00,21.09,21.2,21.05,21.06,14278.901,0
2024-02-13 01:00:00,21.07,21.2,20.5,21.06,14124.38,0
2024-02-13 02:00:00,21.05,21.09,20.91,20.96,2071.831,0
2024-02-13 03:00:00,20.97,20.97,20.77,20.88,3512.828,0
2024-02-13 04:00:00,20.88,21.12,20.84,21.02,4492.887,0
2024-02-13 05:00:00,21.02,21.06,20.96,21.04,3838.347,0
2024-02-13 06:00:00,21.03,21.07,20.95,21.0,4959.942,0
2024-02-13 07:00:00,21.0,21.08,20.92,21.02,8066.981,0
2024-02-13 08:00:00,21.03,21.1,20.95,21.05,2465.114,0
2024-02-13 09:00:00,21.04,21.21,20.99,21.19,12340.19,0
2024-02-13 10:00:00,21.18,21.18,20.53,20.89,11827.177,0
2024-02-13 11:00:00,20.89,21.0,20.79,20.94,11165.949,0
2024-02-13 12:00:00,20.94,20.95,20.79,20.85,3477.642,0
2024-02-13 13:00:00,20.84,20.88,20.28,20.63,10866.49,0
2024-02-13 14:00:00,20.63,20.69,20.23,20.55,11173.754,0
2024-02-13 15:00:00,20.54,20.81,20.48,20.72,8498.488,0
2024-02-13 16:00:00,20.73,20.83,20.62,20.64,3245.18,0
2024-02-13 17:00:00,20.64,20.77,20.64,20.72,4555.624,0
2024-02-13 18:00:00,20.72,20.79,20.69,20.69,2840.181,0
2024-02-13 19:00:00,20.69,20.74,20.6,20.61,2527.351,0
2024-02-13 20:00:00,20.61,20.74,20.61,20.7,1304.303,0
2024-02-13 21:00:00,20.69,20.78,20.66,20.71,1750.981,0
2024-02-13 22:00:00,20.71,20.82,20.62,20.78,3939.898,0
2024-02-13 23:00:00,20.77,20.85,20.72,20.83,2012.648,0
2024-02-14 00:00:00,20.84,20.84,20.61,20.69,2140.208,0
2024-02-14 01:00:00,20.68,20.76,20.64,20.69,1828.582,0
2024-02-14 02:00:00,20.7,20.74,20.64,20.65,4465.491,0
2024-02-14 03:00:00,20.65,20.68,20.63,20.65,3070.755,0
2024-02-14 04:00:00,20.66,20.71,20.63,20.66,2270.845,0
2024-02-14 05:00:00,20.66,20.95,20.66,20.89,3507.345,0
2024-02-14 06:00:00,20.89,20.9,20.76,20.8,8430.651,0
2024-02-14 07:00:00,20.8,20.85,20.75,20.81,4750.944,0
2024-02-14 08:00:00,20.81,21.0,20.74,20.99,3909.997,0
2024-02-14 09:00:00,20.98,21.21,20.94,21.15,13867.534,0
2024-02-14 10:00:00,21.14,21.2,21.07,21.13,5705.284,0
2024-02-14 11:00:00,21.13,21.15,21.04,21.11,3681.246,0
2024-02-14 12:00:00,21.11,21.13,20.97,21.04,3668.979,0
2024-02-14 13:00:00,21.05,21.39,21.05,21.38,10941.554,0
2024-02-14 14:00:00,21.38,21.41,21.22,21.26,8297.861,0
2024-02-14 15:00:00,21.26,21.31,21.04,21.13,9904.642,0
2024-02-14 16:00:00,21.14,21.14,20.97,21.02,6579.898,0
2024-02-14 17:00:00,21.01,21.1,20.96,21.02,2149.173,0
2024-02-14 18:00:00,21.01,21.05,20.9,21.02,2834.161,0
2024-02-14 19:00:00,21.01,21.16,20.91,21.13,3195.55,0
2024-02-14 20:00:00,21.13,21.28,21.12,21.21,3101.565,0
2024-02-14 21:00:00,21.22,21.37,21.18,21.34,4636.337,0
2024-02-14 22:00:00,21.33,21.33,21.24,21.26,2739.373,0
2024-02-14 23:00:00,21.26,21.3,21.16,21.3,2235.448,0
2024-02-15 00:00:00,21.3,21.55,21.23,21.5,8011.495,0
2024-02-15 01:00:00,21.51,21.53,21.18,21.32,7504.52,0
2024-02-15 02:00:00,21.33,21.52,21.32,21.47,3358.834,0
2024-02-15 03:00:00,21.47,21.73,21.46,21.71,12772.9,0
2024-02-15 04:00:00,21.71,21.8,21.59,21.69,6228.68,0
2024-02-15 05:00:00,21.69,21.69,21.35,21.48,4378.251,0
2024-02-15 06:00:00,21.49,21.73,21.43,21.66,9318.624,0
2024-02-15 07:00:00,21.66,21.76,21.56,21.73,5811.832,0
2024-02-15 08:00:00,21.73,21.75,21.6,21.71,2335.822,0
2024-02-15 09:00:00,21.71,21.86,21.7,21.83,4646.905,0
2024-02-15 10:00:00,21.83,21.97,21.77,21.83,6231.444,0
2024-02-15 11:00:00,21.83,21.88,21.6,21.74,7604.542,0
2024-02-15 12:00:00,21.74,21.91,21.65,21.78,8337.381,0
2024-02-15 13:00:00,21.79,22.12,21.73,22.05,16756.686,0
2024-02-15 14:00:00,22.05,22.3,21.97,22.29,15115.345,0
2024-02-15 15:00:00,22.29,22.39,21.88,22.14,22204.313,0
2024-02-15 16:00:00,22.15,22.33,21.89,22.18,10237.83,0
2024-02-15 17:00:00,22.18,22.22,22.0,22.0,3188.775,0
2024-02-15 18:00:00,22.01,22.18,21.99,22.18,2450.433,0
2024-02-15 19:00:00,22.18,22.26,22.08,22.22,3525.529,0
2024-02-15 20:00:00,22.21,22.31,22.07,22.07,4264.425,0
2024-02-15 21:00:00,22.09,22.23,21.85,21.88,3995.651,0
2024-02-15 22:00:00,21.91,22.34,21.91,22.23,4468.93,0
2024-02-15 23:00:00,22.22,22.34,22.14,22.3,5949.801,0
2024-02-16 00:00:00,22.33,22.37,22.12,22.25,2297.622,0
2024-02-16 01:00:00,22.24,22.47,22.23,22.35,3718.87,0
2024-02-16 02:00:00,22.35,22.53,22.3,22.52,3095.601,0
2024-02-16 03:00:00,22.51,22.59,22.41,22.55,2074.32,0
2024-02-16 04:00:00,22.54,22.63,22.51,22.51,2671.849,0
2024-02-16 05:00:00,22.52,22.8,22.51,22.76,11112.648,0
2024-02-16 06:00:00,22.76,22.78,22.44,22.45,5330.88,0
2024-02-16 07:00:00,22.47,22.7,22.38,22.42,6858.294,0
2024-02-16 08:00:00,22.46,22.85,22.46,22.61,14771.637,0
2024-02-16 09:00:00,22.61,22.82,22.37,22.72,6583.519,0
2024-02-16 10:00:00,22.72,22.93,22.7,22.88,4759.143,0
2024-02-16 11:00:00,22.88,22.92,22.68,22.76,3341.01,0
2024-02-16 12:00:00,22.75,22.84,22.59,22.79,6866.146,0
2024-02-16 13:00:00,22.78,22.8,22.49,22.64,5878.264,0
2024-02-16 14:00:00,22.63,22.67,22.06,22.29,9103.95,0
2024-02-16 15:00:00,22.29,22.54,21.97,22.51,8988.046,0
2024-02-16 16:00:00,22.51,22.66,22.39,22.42,3841.612,0
2024-02-16 17:00:00,22.42,22.42,22.2,22.29,7546.947,0
2024-02-16 18:00:00,22.32,22.45,22.18,22.44,6416.122,0
2024-02-16 19:00:00,22.43,22.53,22.31,22.4,6526.22,0
2024-02-16 20:00:00,22.4,22.61,22.37,22.58,2951.109,0
2024-02-16 21:00:00,22.58,22.63,22.51,22.59,2546.432,0
2024-02-16 22:00:00,22.59,22.6,22.52,22.58,1736.931,0
2024-02-16 23:00:00,22.58,22.71,22.54,22.66,1574.205,0
2024-02-17 00:00:00,22.65,22.84,22.61,22.76,1280.124,0
2024-02-17 01:00:00,22.77,22.81,22.47,22.59,1962.684,0
2024-02-17 02:00:00,22.58,22.68,22.54,22.64,1872.17,0
2024-02-17 03:00:00,22.62,22.75,22.61,22.74,1291.078,0
2024-02-17 04:00:00,22.73,22.84,22.66,22.75,1435.125,0
2024-02-17 05:00:00,22.76,22.87,22.7,22.79,1730.326,0
2024-02-17 06:00:00,22.78,23.06,22.68,22.97,10045.143,0
2024-02-17 07:00:00,22.99,23.11,22.9,23.05,7564.254,0
2024-02-17 08:00:00,23.04,23.06,22.69,22.75,5604.276,0
2024-02-17 09:00:00,22.73,22.82,22.52,22.56,5059.369,0
2024-02-17 10:00:00,22.56,22.6,22.46,22.53,4940.831,0
2024-02-17 11:00:00,22.55,22.72,22.55,22.67,2620.221,0
2024-02-17 12:00:00,22.67,22.97,22.59,22.93,3770.123,0
2024-02-17 13:00:00,22.94,24.55,22.83,23.03,118293.768,0
2024-02-17 14:00:00,23.02,23.59,22.7,23.36,39339.265,0
2024-02-17 15:00:00,23.34,24.75,23.25,23.44,80262.138,0
2024-02-17 16:00:00,23.44,23.62,23.14,23.47,17500.437,0
2024-02-17 17:00:00,23.47,24.55,23.33,23.97,76022.661,0
2024-02-17 18:00:00,23.97,24.95,23.82,24.58,40412.739,0
2024-02-17 19:00:00,24.57,24.82,24.3,24.45,27575.277,0
2024-02-17 20:00:00,24.45,24.52,24.18,24.37,20899.978,0
2024-02-17 21:00:00,24.38,24.76,24.29,24.7,23034.858,0
2024-02-17 22:00:00,24.7,24.85,24.54,24.61,11043.949,0
2024-02-17 23:00:00,24.61,24.98,24.46,24.84,18108.841,0
2024-02-18 00:00:00,24.83,25.34,24.6,24.75,39866.165,0
2024-02-18 01:00:00,24.75,25.35,24.75,25.22,36702.425,0
2024-02-18 02:00:00,25.23,25.81,25.2,25.51,44090.046,0
2024-02-18 03:00:00,25.53,26.09,25.48,26.07,20621.357,0
2024-02-18 04:00:00,26.08,26.52,25.79,26.0,33884.221,0
2024-02-18 05:00:00,25.99,27.12,25.89,26.3,67395.651,0
2024-02-18 06:00:00,26.3,26.34,25.46,25.73,32869.565,0
2024-02-18 07:00:00,25.73,25.93,25.09,25.87,32057.263,0
2024-02-18 08:00:00,25.85,26.02,25.51,25.62,13673.972,0
2024-02-18 09:00:00,25.62,25.8,25.5,25.65,13835.629,0
2024-02-18 10:00:00,25.66,25.78,25.4,25.67,23606.205,0
2024-02-18 11:00:00,25.66,25.9,25.6,25.72,12700.727,0
2024-02-18 12:00:00,25.72,26.04,25.61,25.64,14508.792,0
2024-02-18 13:00:00,25.63,26.5,25.6,26.22,25321.423,0
2024-02-18 14:00:00,26.22,26.74,26.15,26.6,24377.945,0
2024-02-18 15:00:00,26.6,26.64,26.08,26.26,28014.811,0
2024-02-18 16:00:00,26.26,26.36,26.12,26.23,6753.6,0
2024-02-18 17:00:00,26.24,26.39,26.0,26.11,11120.636,0
2024-02-18 18:00:00,26.11,26.12,25.69,25.94,9177.464,0
2024-02-18 19:00:00,25.95,25.99,25.71,25.91,5322.303,0
2024-02-18 20:00:00,25.91,25.91,25.59,25.7,5616.875,0
2024-02-18 21:00:00,25.71,25.98,25.7,25.91,2571.508,0
2024-02-18 22:00:00,25.91,26.1,25.71,25.85,6948.211,0
2024-02-18 23:00:00,25.85,25.85,25.54,25.64,5510.834,0
2024-02-19 00:00:00,25.64,25.92,25.48,25.92,7431.09,0
2024-02-19 01:00:00,25.91,26.27,25.7,26.17,5710.502,0
2024-02-19 02:00:00,26.17,26.23,26.01,26.11,3082.845,0
2024-02-19 03:00:00,26.11,26.41,26.11,26.23,6570.835,0
2024-02-19 04:00:00,26.23,26.23,25.88,25.95,4686.29,0
2024-02-19 05:00:00,25.95,26.09,25.7,26.01,6231.441,0
2024-02-19 06:00:00,26.01,26.04,25.78,25.8,10026.06,0
2024-02-19 07:00:00,25.8,25.84,25.48,25.57,15550.519,0
2024-02-19 08:00:00,25.56,25.82,25.21,25.34,18610.645,0
2024-02-19 09:00:00,25.34,25.54,25.27,25.32,12109.988,0
2024-02-19 10:00:00,25.33,25.41,25.11,25.41,15704.613,0
2024-02-19 11:00:00,25.41,25.62,25.31,25.61,11359.788,0
2024-02-19 12:00:00,25.6,25.97,25.45,25.77,13599.472,0
2024-02-19 13:00:00,25.77,26.15,25.51,25.57,14743.781,0
2024-02-19 14:00:00,25.56,25.89,25.4,25.64,11781.559,0
2024-02-19 15:00:00,25.65,25.85,25.62,25.83,9364.897,0
2024-02-19 16:00:00,25.83,25.95,25.57,25.71,20444.457,0
2024-02-19 17:00:00,25.67,25.91,25.53,25.76,7902.973,0
2024-02-19 18:00:00,25.76,25.93,25.66,25.88,10470.074,0
2024-02-19 19:00:00,25.88,26.2,25.81,26.14,9596.79,0
2024-02-19 20:00:00,26.15,26.34,25.96,26.33,17404.97,0
2024-02-19 21:00:00,26.33,27.23,26.26,27.12,27491.992,0
2024-02-19 22:00:00,27.1,27.23,26.7,27.01,15189.967,0
2024-02-19 23:00:00,27.01,27.25,26.71,26.87,9007.403,0
2024-02-20 00:00:00,26.87,27.35,26.76,26.9,17002.079,0
2024-02-20 01:00:00,26.9,27.23,26.4,26.53,15530.594,0
2024-02-20 02:00:00,26.52,26.66,26.41,26.51,3542.359,0
2024-02-20 03:00:00,26.51,26.56,26.04,26.23,13451.686,0
2024-02-20 04:00:00,26.25,26.51,25.98,26.5,8051.918,0
2024-02-20 05:00:00,26.49,26.61,26.33,26.41,4628.236,0
2024-02-20 06:00:00,26.39,26.58,26.35,26.5,3039.278,0
2024-02-20 07:00:00,26.5,26.57,26.21,26.24,3678.664,0
2024-02-20 08:00:00,26.26,26.36,25.72,25.95,10334.345,0
2024-02-20 09:00:00,25.95,25.99,24.99,25.1,35487.003,0
2024-02-20 10:00:00,25.1,25.42,25.09,25.32,14564.834,0
2024-02-20 11:00:00,25.33,25.42,25.22,25.33,18890.059,0
2024-02-20 12:00:00,25.34,25.57,25.14,25.24,14283.327,0
2024-02-20 13:00:00,25.25,25.68,25.16,25.55,20051.914,0
2024-02-20 14:00:00,25.55,25.55,24.32,24.66,30642.165,0
2024-02-20 15:00:00,24.67,24.68,23.19,23.96,43166.173,0
2024-02-20 16:00:00,23.96,24.27,23.82,23.91,14519.734,0
2024-02-20 17:00:00,23.91,24.3,23.67,24.3,14859.036,0
2024-02-20 18:00:00,24.3,24.47,24.18,24.37,3893.855,0
2024-02-20 19:00:00,24.38,24.64,24.31,24.61,4081.296,0
2024-02-20 20:00:00,24.62,24.65,24.46,24.6,4660.417,0
2024-02-20 21:00:00,24.57,24.78,24.49,24.78,4875.366,0
2024-02-20 22:00:00,24.76,24.92,24.69,24.83,7501.452,0
2024-02-20 23:00:00,24.82,24.93,24.73,24.81,5626.544,0
2024-02-21 00:00:00,24.82,25.14,24.75,24.79,9100.282,0
2024-02-21 01:00:00,24.77,24.82,24.56,24.64,2319.993,0
2024-02-21 02:00:00,24.66,24.77,24.57,24.62,1882.352,0
2024-02-21 03:00:00,24.62,24.84,24.61,24.79,3320.767,0
2024-02-21 04:00:00,24.81,24.98,24.59,24.75,6797.586,0
2024-02-21 05:00:00,24.75,24.92,24.58,24.67,2831.518,0
2024-02-21 06:00:00,24.66,24.74,24.31,24.38,6811.945,0
2024-02-21 07:00:00,24.38,24.41,24.07,24.19,13999.266,0
2024-02-21 08:00:00,24.21,24.5,24.21,24.39,2774.674,0
2024-02-21 09:00:00,24.4,24.4,23.53,23.69,15986.837,0
2024-02-21 10:00:00,23.69,24.18,23.5,24.1,8722.79,0
2024-02-21 11:00:00,24.1,24.16,23.68,23.8,7589.455,0
2024-02-21 12:00:00,23.83,24.3,23.59,24.29,11128.648,0
2024-02-21 13:00:00,24.26,24.4,24.08,24.3,8285.681,0
2024-02-21 14:00:00,24.29,24.29,23.71,23.89,7140.904,0
2024-02-21 15:00:00,23.89,24.3,23.82,24.15,5693.187,0
2024-02-21 16:00:00,24.22,24.28,23.9,24.14,8651.483,0
2024-02-21 17:00:00,24.13,24.24,23.76,23.77,9899.825,0
2024-02-21 18:00:00,23.78,23.87,23.43,23.75,7577.826,0
2024-02-21 19:00:00,23.77,23.95,23.66,23.94,3102.787,0
2024-02-21 20:00:00,23.94,24.05,23.86,23.97,4785.388,0
2024-02-21 21:00:00,23.96,24.43,23.92,24.42,7495.347,0
2024-02-21 22:00:00,24.42,24.59,24.22,24.59,2816.313,0
2024-02-21 23:00:00,24.59,24.66,24.48,24.48,2159.758,0
2024-02-22 00:00:00,24.48,24.5,24.23,24.23,3716.222,0
2024-02-22 01:00:00,24.25,24.36,23.71,23.77,4957.278,0
2024-02-22 02:00:00,23.75,26.57,23.74,26.44,33929.177,0
2024-02-22 03:00:00,26.44,26.73,23.97,24.39,66357.201,0
2024-02-22 04:00:00,24.38,24.58,24.2,24.32,6882.92,0
2024-02-22 05:00:00,24.35,24.97,24.31,24.71,14550.437,0
2024-02-22 06:00:00,24.72,26.76,24.69,26.51,67403.575,0
2024-02-22 07:00:00,26.51,29.0,26.47,28.33,187690.401,0
2024-02-22 08:00:00,28.33,29.87,28.0,29.24,123309.641,0
2024-02-22 09:00:00,29.25,29.52,28.2,28.3,68958.829,0
2024-02-22 10:00:00,28.29,28.44,27.35,27.86,61681.156,0
2024-02-22 11:00:00,27.88,28.3,27.38,28.25,31239.279,0
2024-02-22 12:00:00,28.25,28.34,27.65,27.86,17839.982,0
2024-02-22 13:00:00,27.9,27.96,27.42,27.48,27093.727,0
2024-02-22 14:00:00,27.5,27.6,27.0,27.53,24565.025,0
2024-02-22 15:00:00,27.52,27.8,27.28,27.51,22742.451,0
2024-02-22 16:00:00,27.48,27.62,27.0,27.32,27336.374,0
2024-02-22 17:00:00,27.32,27.58,27.26,27.48,13992.439,0
2024-02-22 18:00:00,27.47,27.49,27.05,27.07,13926.55,0
2024-02-22 19:00:00,27.07,27.12,26.79,26.93,18508.553,0
2024-02-22 20:00:00,26.93,27.33,26.77,27.2,15795.975,0
2024-02-22 21:00:00,27.2,27.22,26.83,26.96,7600.666,0
2024-02-22 22:00:00,26.97,27.08,26.69,27.0,7100.413,0
2024-02-22 23:00:00,26.99,27.04,26.69,26.74,5860.641,0
2024-02-23 00:00:00,26.73,27.37,26.65,27.28,12743.464,0
2024-02-23 01:00:00,27.28,27.7,26.83,26.99,16789.757,0
2024-02-23 02:00:00,27.0,27.42,26.77,27.15,17370.377,0
2024-02-23 03:00:00,27.11,27.16,26.51,26.78,16170.252,0
2024-02-23 04:00:00,26.78,27.34,26.55,26.9,12581.089,0
2024-02-23 05:00:00,26.88,26.99,26.03,26.26,17801.17,0
2024-02-23 06:00:00,26.25,26.59,26.24,26.38,6350.358,0
2024-02-23 07:00:00,26.38,26.49,26.19,26.25,7187.084,0
2024-02-23 08:00:00,26.25,26.58,26.12,26.32,14780.779,0
2024-02-23 09:00:00,26.29,26.7,26.16,26.58,10560.358,0
2024-02-23 10:00:00,26.58,26.81,26.49,26.76,9064.604,0
2024-02-23 11:00:00,26.74,27.75,26.69,27.7,36903.175,0
2024-02-23 12:00:00,27.71,27.79,27.37,27.47,18995.463,0
2024-02-23 13:00:00,27.49,27.89,27.29,27.65,17716.296,0
2024-02-23 14:00:00,27.65,27.7,27.22,27.55,14331.977,0
2024-02-23 15:00:00,27.55,27.55,26.76,26.79,26081.839,0
2024-02-23 16:00:00,26.78,27.35,26.41,27.29,24513.012,0
2024-02-23 17:00:00,27.31,27.65,27.16,27.29,13086.174,0
2024-02-23 18:00:00,27.29,27.3,27.03,27.05,7156.577,0
2024-02-23 19:00:00,27.05,27.09,26.92,27.05,3185.997,0
2024-02-23 20:00:00,27.07,27.26,26.96,27.17,5711.276,0
2024-02-23 21:00:00,27.15,27.17,26.78,26.94,13214.976,0
2024-02-23 22:00:00,26.96,27.09,26.87,26.87,8221.04,0
2024-02-23 23:00:00,26.88,27.0,26.48,26.83,4733.409,0
2024-02-24 00:00:00,26.8,27.44,26.8,27.28,8752.438,0
2024-02-24 01:00:00,27.23,27.63,27.18,27.34,11332.518,0
2024-02-24 02:00:00,27.32,27.83,27.1,27.59,9978.968,0
2024-02-24 03:00:00,27.55,27.83,27.28,27.62,7612.1,0
2024-02-24 04:00:00,27.62,27.84,27.29,27.8,15765.408,0
2024-02-24 05:00:00,27.79,27.96,27.53,27.83,7627.48,0
2024-02-24 06:00:00,27.83,27.85,27.54,27.61,4861.608,0
2024-02-24 07:00:00,27.61,27.81,27.52,27.75,5367.537,0
2024-02-24 08:00:00,27.72,27.79,27.48,27.63,3263.71,0
2024-02-24 09:00:00,27.63,27.77,27.44,27.57,4559.14,0
2024-02-24 10:00:00,27.54,28.03,27.47,27.89,6938.238,0
2024-02-24 11:00:00,27.9,27.94,27.63,27.64,6291.382,0
2024-02-24 12:00:00,27.62,27.77,27.43,27.68,7178.736,0
2024-02-24 13:00:00,27.68,27.9,27.65,27.75,5215.345,0
2024-02-24 14:00:00,27.76,28.11,27.5,27.94,8851.354,0
2024-02-24 15:00:00,27.96,28.02,27.63,27.7,4814.492,0
2024-02-24 16:00:00,27.69,27.84,27.53,27.65,5155.664,0
2024-02-24 17:00:00,27.64,27.84,27.52,27.58,4237.722,0
2024-02-24 18:00:00,27.56,27.73,27.36,27.45,7655.12,0
2024-02-24 19:00:00,27.47,27.71,27.44,27.67,3457.166,0
2024-02-24 20:00:00,27.64,27.83,27.56,27.65,5395.376,0
2024-02-24 21:00:00,27.67,27.8,27.53,27.72,4436.934,0
2024-02-24 22:00:00,27.72,27.85,27.54,27.82,9368.224,0
2024-02-24 23:00:00,27.82,28.15,27.82,27.95,7755.512,0
2024-02-25 00:00:00,27.96,28.25,27.71,27.79,7103.708,0
2024-02-25 01:00:00,27.8,27.9,27.66,27.78,3384.376,0
2024-02-25 02:00:00,27.79,27.79,27.47,27.65,5820.854,0
2024-02-25 03:00:00,27.64,27.72,27.4,27.71,3574.427,0
2024-02-25 04:00:00,27.72,27.73,27.4,27.68,2571.706,0
2024-02-25 05:00:00,27.65,27.74,27.45,27.56,24275.284,0
2024-02-25 06:00:00,27.58,27.71,27.42,27.58,13767.344,0
2024-02-25 07:00:00,27.56,27.62,27.42,27.44,3416.267,0
2024-02-25 08:00:00,27.44,27.53,27.36,27.4,3637.89,0
2024-02-25 09:00:00,27.41,27.74,27.36,27.64,5831.097,0
2024-02-25 10:00:00,27.64,27.73,27.45,27.51,5427.592,0
2024-02-25 11:00:00,27.52,27.69,27.51,27.65,1551.43,0
2024-02-25 12:00:00,27.6,27.71,27.53,27.64,3224.066,0
2024-02-25 13:00:00,27.64,27.72,27.56,27.66,5890.411,0
2024-02-25 14:00:00,27.69,28.04,27.59,27.75,8463.366,0
2024-02-25 15:00:00,27.73,27.74,27.44,27.54,7981.985,0
2024-02-25 16:00:00,27.56,27.6,27.33,27.48,4267.192,0
2024-02-25 17:00:00,27.49,27.83,27.49,27.8,4558.435,0
2024-02-25 18:00:00,27.78,27.84,27.64,27.75,3732.552,0
2024-02-25 19:00:00,27.75,27.86,27.71,27.8,1950.366,0
2024-02-25 20:00:00,27.79,27.96,27.7,27.75,7052.932,0
2024-02-25 21:00:00,27.78,28.1,27.73,27.92,6281.27,0
2024-02-25 22:00:00,27.91,28.01,27.78,27.9,1801.325,0
2024-02-25 23:00:00,27.9,27.9,27.68,27.73,3274.643,0
2024-02-26 00:00:00,27.71,28.19,27.64,28.04,5187.081,0
2024-02-26 01:00:00,28.06,28.23,27.97,28.07,4289.745,0
2024-02-26 02:00:00,28.07,28.17,27.83,27.85,5126.829,0
2024-02-26 03:00:00,27.86,28.17,27.7,28.08,4251.729,0
2024-02-26 04:00:00,28.07,28.08,27.9,28.0,2548.606,0
2024-02-26 05:00:00,28.03,28.58,27.99,28.5,10192.157,0
2024-02-26 06:00:00,28.48,28.9,28.44,28.85,14237.259,0
2024-02-26 07:00:00,28.87,28.91,28.57,28.66,7847.154,0
2024-02-26 08:00:00,28.67,28.97,28.46,28.51,8871.413,0
2024-02-26 09:00:00,28.51,28.74,27.76,28.02,22985.582,0
2024-02-26 10:00:00,28.0,28.39,27.98,28.1,6481.185,0
2024-02-26 11:00:00,28.13,28.43,27.92,28.23,8404.279,0
2024-02-26 12:00:00,28.23,28.42,27.93,28.23,6086.889,0
2024-02-26 13:00:00,28.23,28.3,27.88,28.02,5395.564,0
2024-02-26 14:00:00,28.02,28.33,27.95,28.13,10024.241,0
2024-02-26 15:00:00,28.12,28.58,28.1,28.52,10841.428,0
2024-02-26 16:00:00,28.5,28.56,28.15,28.36,11136.011,0
2024-02-26 17:00:00,28.36,28.44,28.2,28.42,5244.172,0
2024-02-26 18:00:00,28.44,28.44,28.03,28.07,6057.438,0
2024-02-26 19:00:00,28.07,28.3,27.8,28.24,8574.971,0
2024-02-26 20:00:00,28.26,28.28,27.96,27.99,8331.317,0
2024-02-26 21:00:00,27.97,28.15,27.95,28.1,2738.584,0
2024-02-26 22:00:00,28.1,28.16,27.84,28.02,5423.569,0
2024-02-26 23:00:00,28.02,28.16,27.93,28.06,2863.878,0
2024-02-27 00:00:00,28.1,28.31,27.97,28.25,5131.664,0
2024-02-27 01:00:00,28.27,28.74,28.24,28.6,9886.359,0
2024-02-27 02:00:00,28.58,28.91,28.42,28.88,15966.583,0
2024-02-27 03:00:00,28.88,29.13,28.68,28.78,14101.722,0
2024-02-27 04:00:00,28.8,29.13,28.68,28.71,8686.308,0
2024-02-27 05:00:00,28.72,29.03,28.64,28.81,9278.433,0
2024-02-27 06:00:00,28.79,29.2,28.77,29.18,7935.191,0
2024-02-27 07:00:00,29.17,29.5,29.13,29.26,19952.747,0
2024-02-27 08:00:00,29.25,29.98,29.23,29.85,17467.455,0
2024-02-27 09:00:00,29.86,30.0,29.63,29.78,12291.839,0
2024-02-27 10:00:00,29.8,29.83,29.34,29.52,8931.38,0
2024-02-27 11:00:00,29.51,29.64,29.31,29.49,5511.86,0
2024-02-27 12:00:00,29.45,29.87,29.41,29.73,7778.199,0
2024-02-27 13:00:00,29.75,30.0,29.44,29.8,16437.312,0
2024-02-27 14:00:00,29.81,29.91,29.21,29.35,16637.465,0
2024-02-27 15:00:00,29.35,29.37,28.37,28.5,16701.671,0
2024-02-27 16:00:00,28.53,29.0,28.34,28.62,11465.09,0
2024-02-27 17:00:00,28.64,28.79,28.53,28.78,5493.173,0
2024-02-27 18:00:00,28.78,28.99,28.77,28.97,4985.957,0
2024-02-27 19:00:00,28.96,29.12,28.56,28.67,11715.883,0
2024-02-27 20:00:00,28.68,28.69,28.38,28.55,5760.006,0
2024-02-27 21:00:00,28.56,28.64,28.38,28.63,2029.287,0
2024-02-27 22:00:00,28.63,29.06,28.62,28.8,4538.169,0
2024-02-27 23:00:00,28.83,28.83,28.67,28.76,2041.708,0
2024-02-28 00:00:00,28.74,29.01,28.72,28.88,4793.189,0
2024-02-28 01:00:00,28.85,29.07,28.64,29.04,7486.439,0
2024-02-28 02:00:00,29.01,29.07,28.96,29.0,3764.126,0
2024-02-28 03:00:00,29.01,29.03,28.75,28.92,2543.947,0
2024-02-28 04:00:00,28.92,28.99,28.76,28.83,6423.304,0
2024-02-28 05:00:00,28.82,28.82,28.3,28.56,8762.262,0
2024-02-28 06:00:00,28.55,28.8,28.45,28.76,7086.817,0
2024-02-28 07:00:00,28.75,29.0,28.53,28.83,10284.388,0
2024-02-28 08:00:00,28.83,28.93,28.66,28.81,8038.635,0
2024-02-28 09:00:00,28.83,29.04,28.42,29.0,10472.77,0
2024-02-28 10:00:00,29.0,29.3,28.78,29.28,20603.039,0
2024-02-28 11:00:00,29.27,29.68,28.56,28.99,21181.198,0
2024-02-28 12:00:00,28.99,29.2,28.75,28.98,9814.891,0
2024-02-28 13:00:00,29.0,29.19,28.75,28.83,15772.159,0
2024-02-28 14:00:00,28.81,29.07,28.56,29.01,15952.076,0
2024-02-28 15:00:00,29.02,29.07,27.98,28.55,91011.381,0
2024-02-28 16:00:00,28.54,29.07,28.52,29.06,22058.908,0
2024-02-28 17:00:00,29.05,29.52,26.0,27.45,79663.364,0
2024-02-28 18:00:00,27.45,27.49,26.07,27.07,29387.347,0
2024-02-28 19:00:00,27.07,27.42,26.95,27.38,7909.132,0
2024-02-28 20:00:00,27.39,27.96,27.14,27.88,14320.696,0
2024-02-28 21:00:00,27.91,28.04,27.67,27.98,7045.291,0
2024-02-28 22:00:00,27.97,28.17,27.93,28.12,8975.431,0
2024-02-28 23:00:00,28.14,28.63,27.79,28.31,14095.711,0
2024-02-29 00:00:00,28.31,28.8,28.13,28.8,7997.466,0
2024-02-29 01:00:00,28.79,28.95,28.54,28.91,8514.503,0
2024-02-29 02:00:00,28.91,28.94,28.42,28.54,6669.895,0
2024-02-29 03:00:00,28.51,28.64,28.26,28.48,5831.562,0
2024-02-29 04:00:00,28.45,29.4,28.3,29.18,23369.081,0
2024-02-29 05:00:00,29.2,30.19,29.2,29.98,36108.049,0
2024-02-29 06:00:00,29.99,30.12,29.62,29.8,13856.08,0
2024-02-29 07:00:00,29.84,29.94,29.29,29.84,12792.346,0
2024-02-29 08:00:00,29.84,29.93,29.65,29.85,11110.075,0
2024-02-29 09:00:00,29.85,30.44,29.78,29.84,17179.554,0
2024-02-29 10:00:00,29.84,29.94,29.43,29.74,10776.188,0
2024-02-29 11:00:00,29.73,29.76,29.38,29.47,8143.742,0
2024-02-29 12:00:00,29.45,29.69,29.11,29.62,9002.644,0
2024-02-29 13:00:00,29.61,29.86,29.45,29.62,6087.214,0
2024-02-29 14:00:00,29.63,29.65,29.2,29.43,10945.41,0
2024-02-29 15:00:00,29.43,29.72,29.33,29.64,8626.793,0
2024-02-29 16:00:00,29.65,29.73,28.98,29.37,15577.769,0
2024-02-29 17:00:00,29.35,29.41,28.44,28.61,14682.576,0
2024-02-29 18:00:00,28.63,29.0,28.5,28.63,13275.782,0
2024-02-29 19:00:00,28.66,28.92,28.17,28.35,31271.977,0
2024-02-29 20:00:00,28.37,28.69,28.33,28.6,9028.538,0
2024-02-29 21:00:00,28.58,28.63,27.61,28.11,13089.672,0
2024-02-29 22:00:00,28.1,28.15,27.0,27.46,11966.255,0
2024-02-29 23:00:00,27.46,28.0,27.45,27.89,3697.856,0
2024-03-01 00:00:00,27.92,28.75,27.88,28.61,10650.472,0
2024-03-01 01:00:00,28.6,28.84,28.5,28.82,4927.864,0
2024-03-01 02:00:00,28.81,28.86,28.5,28.6,6217.702,0
2024-03-01 03:00:00,28.65,28.88,28.53,28.73,4286.288,0
2024-03-01 04:00:00,28.74,29.07,28.58,29.02,15515.134,0
2024-03-01 05:00:00,29.0,29.07,28.79,28.82,5815.156,0
2024-03-01 06:00:00,28.83,29.09,28.63,28.94,9416.684,0
2024-03-01 07:00:00,28.91,28.94,28.62,28.66,5184.134,0
2024-03-01 08:00:00,28.68,29.09,28.54,28.97,7824.989,0
2024-03-01 09:00:00,28.94,29.37,28.91,29.34,12759.554,0
2024-03-01 10:00:00,29.33,29.46,29.09,29.2,9072.155,0
2024-03-01 11:00:00,29.2,29.39,29.06,29.22,4330.884,0
2024-03-01 12:00:00,29.23,29.4,29.14,29.33,7652.165,0
2024-03-01 13:00:00,29.31,29.4,29.12,29.22,6191.785,0
2024-03-01 14:00:00,29.23,29.29,28.72,29.04,19674.374,0
2024-03-01 15:00:00,29.06,29.09,28.62,28.77,8939.7,0
2024-03-01 16:00:00,28.78,28.9,28.6,28.75,4684.369,0
2024-03-01 17:00:00,28.75,29.37,28.75,29.24,5962.836,0
2024-03-01 18:00:00,29.23,29.46,29.1,29.39,3982.965,0
2024-03-01 19:00:00,29.39,30.0,29.28,29.45,11995.83,0
2024-03-01 20:00:00,29.44,29.54,29.29,29.47,6413.904,0
2024-03-01 21:00:00,29.47,29.48,29.3,29.41,5283.316,0
2024-03-01 22:00:00,29.41,29.56,29.32,29.55,5476.932,0
2024-03-01 23:00:00,29.56,29.68,29.45,29.54,4843.457,0
2024-03-02 00:00:00,29.54,29.92,29.51,29.82,6683.937,0
2024-03-02 01:00:00,29.82,30.26,29.2,30.02,20735.179,0
2024-03-02 02:00:00,30.02,30.3,29.77,30.23,15228.464,0
2024-03-02 03:00:00,30.23,31.0,30.1,30.94,27845.532,0
2024-03-02 04:00:00,30.94,31.25,30.32,30.65,28955.14,0
2024-03-02 05:00:00,30.67,31.0,30.39,30.73,10672.623,0
2024-03-02 06:00:00,30.77,31.11,30.67,30.99,9631.401,0
2024-03-02 07:00:00,30.97,31.07,30.64,30.86,9287.585,0
2024-03-02 08:00:00,30.87,30.87,30.21,30.26,13582.861,0
2024-03-02 09:00:00,30.26,30.63,30.15,30.4,7028.572,0
2024-03-02 10:00:00,30.39,30.59,30.3,30.38,5122.428,0
2024-03-02 11:00:00,30.37,31.14,30.36,31.07,13704.597,0
2024-03-02 12:00:00,31.07,31.28,30.92,31.19,7019.396,0
2024-03-02 13:00:00,31.19,31.6,31.17,31.29,21113.54,0
2024-03-02 14:00:00,31.3,31.43,30.67,31.1,19484.741,0
2024-03-02 15:00:00,31.11,31.61,31.07,31.3,15556.871,0
2024-03-02 16:00:00,31.33,31.73,31.21,31.73,11688.502,0
2024-03-02 17:00:00,31.73,32.08,31.63,31.8,10349.825,0
2024-03-02 18:00:00,31.76,32.18,31.75,32.07,10104.797,0
2024-03-02 19:00:00,32.11,32.39,31.9,32.32,10407.607,0
2024-03-02 20:00:00,32.31,32.34,31.85,32.18,12163.044,0
2024-03-02 21:00:00,32.18,32.35,32.14,32.18,7356.202,0
2024-03-02 22:00:00,32.16,32.25,31.94,32.02,7206.337,0
2024-03-02 23:00:00,32.03,33.35,32.03,33.09,35460.052,0
2024-03-03 00:00:00,33.05,33.3,32.12,32.25,26576.542,0
2024-03-03 01:00:00,32.25,32.57,31.94,32.46,17462.487,0
2024-03-03 02:00:00,32.44,32.47,31.81,32.19,7570.797,0
2024-03-03 03:00:00,32.21,32.57,31.68,32.57,9626.072,0
2024-03-03 04:00:00,32.55,32.98,32.52,32.61,7303.557,0
2024-03-03 05:00:00,32.61,32.8,32.5,32.6,6296.064,0
2024-03-03 06:00:00,32.59,33.08,32.04,32.08,18488.789,0
2024-03-03 07:00:00,32.08,32.25,29.5,31.67,46341.633,0
2024-03-03 08:00:00,31.68,32.44,31.68,32.08,37816.981,0
2024-03-03 09:00:00,32.08,32.34,31.77,31.88,6058.329,0
2024-03-03 10:00:00,31.89,32.04,31.65,31.83,3866.054,0
2024-03-03 11:00:00,31.81,32.13,31.75,32.13,3957.02,0
2024-03-03 12:00:00,32.12,32.66,31.99,32.07,9395.894,0
2024-03-03 13:00:00,32.09,32.18,31.49,31.89,16599.064,0
2024-03-03 14:00:00,31.9,31.9,31.32,31.66,15708.799,0
2024-03-03 15:00:00,31.65,31.93,31.56,31.9,10590.22,0
2024-03-03 16:00:00,31.92,32.16,31.58,32.03,9059.748,0
2024-03-03 17:00:00,32.03,32.08,31.75,31.88,12270.925,0
2024-03-03 18:00:00,31.87,31.9,31.51,31.68,7033.215,0
2024-03-03 19:00:00,31.65,31.87,31.63,31.73,4580.052,0
2024-03-03 20:00:00,31.73,31.9,31.54,31.61,4359.374,0
2024-03-03 21:00:00,31.6,31.75,31.55,31.63,6073.623,0
2024-03-03 22:00:00,31.62,31.88,31.53,31.82,10511.465,0
2024-03-03 23:00:00,31.82,31.86,31.48,31.6,9333.3,0
2024-03-04 00:00:00,31.62,31.96,31.08,31.73,9957.388,0
2024-03-04 01:00:00,31.74,32.16,31.47,32.04,10042.432,0
2024-03-04 02:00:00,32.04,32.13,31.66,32.02,9214.363,0
2024-03-04 03:00:00,32.03,32.05,31.28,31.48,7966.828,0
2024-03-04 04:00:00,31.44,31.95,31.22,31.83,6054.39,0
2024-03-04 05:00:00,31.85,31.94,31.35,31.43,7520.031,0
2024-03-04 06:00:00,31.42,31.78,31.34,31.62,12844.563,0
2024-03-04 07:00:00,31.64,32.37,31.57,32.34,14004.434,0
2024-03-04 08:00:00,32.32,33.25,32.04,32.68,25011.065,0
2024-03-04 09:00:00,32.7,32.72,32.16,32.58,12113.31,0
2024-03-04 10:00:00,32.58,32.63,31.8,31.83,12641.236,0
2024-03-04 11:00:00,31.83,32.32,31.8,32.32,8090.969,0
2024-03-04 12:00:00,32.32,32.66,32.05,32.24,10873.399,0
2024-03-04 13:00:00,32.24,32.67,31.55,31.88,21381.093,0
2024-03-04 14:00:00,31.9,32.42,31.5,32.18,15770.836,0
2024-03-04 15:00:00,32.17,32.39,31.87,32.0,6185.267,0
2024-03-04 16:00:00,32.0,33.0,31.29,32.6,36605.182,0
2024-03-04 17:00:00,32.65,32.8,31.04,31.05,21426.723,0
2024-03-04 18:00:00,31.04,32.0,30.8,31.99,11870.379,0
2024-03-04 19:00:00,31.99,32.43,31.78,32.31,15713.914,0
2024-03-04 20:00:00,32.33,32.51,32.09,32.46,6549.197,0
2024-03-04 21:00:00,32.46,32.8,32.33,32.68,13321.494,0
2024-03-04 22:00:00,32.67,33.15,32.48,33.04,14307.462,0
2024-03-04 23:00:00,33.02,33.24,32.58,32.79,15499.689,0
2024-03-05 00:00:00,32.79,33.0,32.44,32.77,10856.817,0
2024-03-05 01:00:00,32.81,33.28,32.62,33.16,7069.354,0
2024-03-05 02:00:00,33.19,33.3,32.24,32.51,14066.435,0
2024-03-05 03:00:00,32.51,32.96,32.22,32.49,10180.671,0
2024-03-05 04:00:00,32.5,33.71,32.5,33.55,26186.9,0
2024-03-05 05:00:00,33.58,33.8,32.81,33.59,25662.105,0
2024-03-05 06:00:00,33.58,34.41,33.33,34.3,23804.876,0
2024-03-05 07:00:00,34.28,34.74,33.39,33.48,26453.013,0
2024-03-05 08:00:00,33.48,33.91,32.85,33.84,23823.049,0
2024-03-05 09:00:00,33.85,34.25,33.7,33.98,11605.408,0
2024-03-05 10:00:00,33.98,34.4,33.7,33.91,16717.875,0
2024-03-05 11:00:00,33.91,34.56,33.87,33.96,9822.29,0
2024-03-05 12:00:00,33.96,34.66,33.94,34.59,14575.44,0
2024-03-05 13:00:00,34.59,35.0,34.32,34.42,27213.015,0
2024-03-05 14:00:00,34.42,34.45,33.75,34.18,26680.107,0
2024-03-05 15:00:00,34.18,34.7,33.14,34.19,41480.036,0
2024-03-05 16:00:00,34.19,34.44,32.18,33.25,43692.086,0
2024-03-05 17:00:00,33.28,33.54,31.9,33.53,20660.536,0
2024-03-05 18:00:00,33.53,33.56,32.76,32.81,6659.706,0
2024-03-05 19:00:00,32.82,32.96,26.26,29.0,79971.009,0
2024-03-05 20:00:00,29.01,34.7,27.07,28.69,63956.941,0
2024-03-05 21:00:00,28.66,29.83,28.63,29.67,17905.292,0
2024-03-05 22:00:00,29.65,29.9,28.94,29.84,13211.723,0
2024-03-05 23:00:00,29.83,30.49,29.73,30.32,12771.607,0
2024-03-06 00:00:00,30.32,30.46,30.02,30.2,11049.764,0
2024-03-06 01:00:00,30.22,30.88,29.64,29.73,15330.808,0
2024-03-06 02:00:00,29.78,30.0,28.99,29.16,18795.967,0
2024-03-06 03:00:00,29.17,29.86,29.15,29.85,22379.623,0
2024-03-06 04:00:00,29.85,30.67,29.82,30.63,6004.545,0
2024-03-06 05:00:00,30.65,31.29,30.48,31.15,13654.181,0
2024-03-06 06:00:00,31.13,31.78,31.06,31.61,6433.001,0
2024-03-06 07:00:00,31.61,31.8,31.35,31.66,12131.543,0
2024-03-06 08:00:00,31.66,32.08,31.42,31.59,16793.875,0
2024-03-06 09:00:00,31.6,31.7,30.86,30.95,10793.742,0
2024-03-06 10:00:00,30.95,31.52,30.95,31.45,7078.414,0
2024-03-06 11:00:00,31.46,31.78,31.2,31.4,12126.833,0
2024-03-06 12:00:00,31.4,31.56,30.08,30.56,14838.595,0
2024-03-06 13:00:00,30.56,31.06,30.33,31.05,11758.225,0
2024-03-06 14:00:00,31.02,31.27,30.62,30.78,6856.784,0
2024-03-06 15:00:00,30.78,31.09,30.26,30.99,8899.819,0
2024-03-06 16:00:00,30.98,31.47,30.92,31.46,6280.594,0
2024-03-06 17:00:00,31.43,31.6,31.27,31.55,4073.673,0
2024-03-06 18:00:00,31.55,31.7,31.29,31.65,5373.586,0
2024-03-06 19:00:00,31.66,31.94,31.46,31.91,2829.171,0
2024-03-06 20:00:00,31.91,32.18,31.75,32.09,6820.322,0
2024-03-06 21:00:00,32.06,32.34,31.95,32.3,3522.782,0
2024-03-06 22:00:00,32.32,32.62,32.2,32.45,7877.546,0
2024-03-06 23:00:00,32.43,33.04,32.27,32.82,8706.622,0
2024-03-07 00:00:00,32.87,33.6,32.7,33.56,18349.056,0
2024-03-07 01:00:00,33.54,33.9,32.94,33.81,13865.459,0
2024-03-07 02:00:00,33.81,34.19,33.38,33.58,13842.707,0
2024-03-07 03:00:00,33.57,33.73,33.21,33.27,9422.548,0
2024-03-07 04:00:00,33.29,33.73,33.13,33.41,10203.926,0
2024-03-07 05:00:00,33.4,33.59,32.59,32.75,7133.906,0
2024-03-07 06:00:00,32.74,33.29,32.62,33.0,10333.004,0
2024-03-07 07:00:00,33.01,33.67,32.94,33.36,14441.431,0
2024-03-07 08:00:00,33.35,33.91,33.32,33.59,8792.068,0
2024-03-07 09:00:00,33.63,33.88,33.44,33.8,6965.6,0
2024-03-07 10:00:00,33.81,33.89,33.37,33.51,7059.781,0
2024-03-07 11:00:00,33.51,33.98,33.51,33.92,15416.365,0
2024-03-07 12:00:00,33.88,34.11,33.48,33.58,13826.527,0
2024-03-07 13:00:00,33.58,33.9,33.0,33.76,13811.774,0
2024-03-07 14:00:00,33.78,34.23,33.27,33.82,18096.341,0
2024-03-07 15:00:00,33.82,34.03,33.56,33.73,14750.92,0
2024-03-07 16:00:00,33.74,33.94,33.42,33.59,9158.075,0
2024-03-07 17:00:00,33.57,33.7,33.4,33.58,7280.7,0
2024-03-07 18:00:00,33.59,34.02,33.3,33.95,7022.267,0
2024-03-07 19:00:00,33.95,34.22,33.5,33.99,11116.497,0
2024-03-07 20:00:00,34.0,34.48,33.95,34.23,8397.671,0
2024-03-07 21:00:00,34.26,34.29,34.0,34.22,2616.499,0
2024-03-07 22:00:00,34.25,34.38,33.97,34.08,4076.046,0
2024-03-07 23:00:00,34.08,34.23,33.98,34.04,4236.526,0
2024-03-08 00:00:00,34.06,34.58,34.02,34.44,7559.745,0
2024-03-08 01:00:00,34.46,34.64,34.06,34.14,5534.105,0
2024-03-08 02:00:00,34.14,34.16,33.88,33.93,8553.726,0
2024-03-08 03:00:00,33.93,33.98,33.66,33.79,4286.285,0
2024-03-08 04:00:00,33.76,33.86,33.52,33.82,5465.24,0
2024-03-08 05:00:00,33.82,33.95,33.58,33.88,3793.519,0
2024-03-08 06:00:00,33.87,33.87,33.53,33.66,4619.589,0
2024-03-08 07:00:00,33.66,33.89,33.52,33.73,5881.595,0
2024-03-08 08:00:00,33.76,34.08,33.68,34.01,8811.315,0
2024-03-08 09:00:00,34.02,34.91,33.98,34.8,17276.514,0
2024-03-08 10:00:00,34.82,35.0,34.63,34.65,15027.213,0
2024-03-08 11:00:00,34.65,34.67,34.08,34.39,10428.934,0
2024-03-08 12:00:00,34.41,34.42,34.04,34.41,6911.309,0
2024-03-08 13:00:00,34.4,34.44,34.1,34.12,4698.5,0
2024-03-08 14:00:00,34.16,34.44,34.01,34.35,7362.376,0
2024-03-08 15:00:00,34.35,34.47,32.2,33.82,48015.505,0
2024-03-08 16:00:00,33.83,34.06,33.0,33.75,31537.813,0
2024-03-08 17:00:00,33.74,34.28,33.46,33.85,18314.199,0
2024-03-08 18:00:00,33.84,33.85,33.49,33.78,15495.54,0
2024-03-08 19:00:00,33.76,33.78,33.25,33.63,20882.909,0
2024-03-08 20:00:00,33.64,34.16,33.62,33.97,6128.272,0
2024-03-08 21:00:00,33.96,34.61,33.89,34.06,9047.232,0
2024-03-08 22:00:00,34.06,34.71,34.0,34.45,6753.332,0
2024-03-08 23:00:00,34.44,34.7,34.35,34.58,5068.872,0
2024-03-09 00:00:00,34.58,34.74,34.3,34.38,6474.843,0
2024-03-09 01:00:00,34.38,34.74,34.1,34.54,6765.643,0
2024-03-09 02:00:00,34.54,35.19,34.45,34.52,26613.179,0
2024-03-09 03:00:00,34.52,34.93,34.51,34.77,10374.024,0
2024-03-09 04:00:00,34.77,35.14,34.48,35.02,23601.649,0
2024-03-09 05:00:00,35.04,35.35,34.8,35.25,24370.372,0
2024-03-09 06:00:00,35.24,35.45,35.2,35.35,16095.199,0
2024-03-09 07:00:00,35.37,35.45,35.19,35.19,6367.65,0
2024-03-09 08:00:00,35.18,35.26,34.85,34.91,11365.815,0
2024-03-09 09:00:00,34.91,35.62,34.9,35.52,13395.997,0
2024-03-09 10:00:00,35.52,35.56,34.85,35.09,10421.328,0
2024-03-09 11:00:00,35.11,35.33,35.0,35.21,8167.626,0
2024-03-09 12:00:00,35.23,35.24,34.76,35.17,11712.615,0
2024-03-09 13:00:00,35.17,35.3,34.92,35.2,9809.878,0
2024-03-09 14:00:00,35.19,35.34,34.6,34.75,10625.278,0
2024-03-09 15:00:00,34.76,35.03,34.74,34.91,5376.797,0
2024-03-09 16:00:00,34.91,35.0,34.51,34.6,6080.253,0
2024-03-09 17:00:00,34.61,34.73,34.19,34.26,7355.554,0
2024-03-09 18:00:00,34.26,34.29,33.98,34.01,9920.679,0
2024-03-09 19:00:00,34.02,34.22,33.86,33.88,8572.599,0
2024-03-09 20:00:00,33.89,34.18,33.72,34.14,9007.078,0
2024-03-09 21:00:00,34.13,34.15,33.92,34.1,8396.683,0
2024-03-09 22:00:00,34.12,34.22,34.03,34.1,3604.874,0
2024-03-09 23:00:00,34.11,34.27,33.9,34.24,4008.709,0
2024-03-10 00:00:00,34.25,34.89,34.19,34.69,81089.535,0
2024-03-10 01:00:00,34.67,34.81,34.3,34.51,7161.631,0
2024-03-10 02:00:00,34.51,34.56,34.4,34.44,2769.701,0
2024-03-10 03:00:00,34.4,34.56,34.36,34.48,3105.692,0
2024-03-10 04:00:00,34.46,34.54,34.3,34.35,5591.918,0
2024-03-10 05:00:00,34.33,34.4,34.14,34.24,5301.214,0
2024-03-10 06:00:00,34.24,34.6,34.18,34.48,8702.936,0
2024-03-10 07:00:00,34.47,34.51,34.15,34.18,7154.048,0
2024-03-10 08:00:00,34.18,34.26,33.82,33.9,19891.03,0
2024-03-10 09:00:00,33.89,33.92,33.07,33.27,42311.835,0
2024-03-10 10:00:00,33.27,33.55,33.18,33.54,9174.01,0
2024-03-10 11:00:00,33.54,33.59,33.26,33.41,6250.066,0
2024-03-10 12:00:00,33.41,33.65,33.0,33.19,10347.083,0
2024-03-10 13:00:00,33.19,33.36,32.79,32.97,13051.888,0
2024-03-10 14:00:00,32.98,33.13,32.07,32.8,23431.502,0
2024-03-10 15:00:00,32.78,32.98,32.65,32.93,6131.848,0
2024-03-10 16:00:00,32.94,33.67,32.93,33.29,13579.736,0
2024-03-10 17:00:00,33.28,33.6,33.24,33.44,6264.358,0
2024-03-10 18:00:00,33.44,33.48,33.3,33.3,4468.305,0
2024-03-10 19:00:00,33.31,33.75,33.16,33.53,6675.393,0
2024-03-10 20:00:00,33.55,33.73,33.38,33.71,7096.663,0
2024-03-10 21:00:00,33.66,33.95,33.63,33.83,5559.279,0
2024-03-10 22:00:00,33.86,33.89,32.77,33.05,6692.136,0
2024-03-10 23:00:00,33.06,33.8,33.06,33.75,4378.879,0
2024-03-11 00:00:00,33.75,33.94,31.31,32.78,13390.546,0
2024-03-11 01:00:00,32.78,33.12,32.32,32.99,6072.646,0
2024-03-11 02:00:00,33.0,33.09,32.68,32.92,4663.022,0
2024-03-11 03:00:00,32.95,33.31,32.9,33.09,3331.283,0
2024-03-11 04:00:00,33.07,33.15,32.64,32.7,7413.489,0
2024-03-11 05:00:00,32.74,33.12,32.6,33.02,9193.908,0
2024-03-11 06:00:00,33.02,33.32,32.81,33.32,4597.739,0
2024-03-11 07:00:00,33.31,33.88,33.21,33.72,17436.912,0
2024-03-11 08:00:00,33.7,33.76,32.34,32.48,91691.482,0
2024-03-11 09:00:00,32.48,33.13,32.46,33.08,21811.458,0
2024-03-11 10:00:00,33.08,33.14,32.9,32.93,9600.006,0
2024-03-11 11:00:00,32.97,33.17,32.56,32.77,9149.756,0
2024-03-11 12:00:00,32.78,33.15,32.63,33.1,14878.81,0
2024-03-11 13:00:00,33.1,33.22,32.63,32.75,19660.211,0
2024-03-11 14:00:00,32.78,33.1,32.78,33.05,13229.234,0
2024-03-11 15:00:00,33.05,33.33,32.99,33.06,19584.318,0
2024-03-11 16:00:00,33.05,33.99,32.82,33.66,30968.802,0
2024-03-11 17:00:00,33.68,34.58,33.68,34.25,43062.957,0
2024-03-11 18:00:00,34.23,34.58,34.03,34.33,16314.898,0
2024-03-11 19:00:00,34.31,34.46,34.18,34.26,13113.578,0
2024-03-11 20:00:00,34.29,34.59,34.22,34.43,5205.623,0
2024-03-11 21:00:00,34.43,35.1,34.4,35.09,16912.056,0
2024-03-11 22:00:00,35.1,35.11,34.89,35.0,19363.377,0
2024-03-11 23:00:00,35.0,35.11,34.77,34.85,9257.031,0
2024-03-12 00:00:00,34.85,35.11,34.66,34.67,11817.101,0
2024-03-12 01:00:00,34.67,34.93,34.55,34.75,8945.088,0
2024-03-12 02:00:00,34.75,35.11,34.65,34.99,3755.08,0
2024-03-12 03:00:00,34.99,35.05,34.18,34.22,11085.01,0
2024-03-12 04:00:00,34.26,34.48,33.79,34.15,11563.292,0
2024-03-12 05:00:00,34.15,34.29,34.02,34.21,4170.703,0
2024-03-12 06:00:00,34.23,34.25,33.38,33.87,8101.195,0
2024-03-12 07:00:00,33.88,34.24,33.47,33.64,12129.457,0
2024-03-12 08:00:00,33.61,33.72,32.56,32.94,26788.481,0
2024-03-12 09:00:00,32.96,33.53,32.95,33.32,16348.076,0
2024-03-12 10:00:00,33.3,33.79,33.23,33.48,17892.339,0
2024-03-12 11:00:00,33.47,33.72,33.13,33.17,6480.331,0
2024-03-12 12:00:00,33.19,33.56,32.77,33.51,15330.168,0
2024-03-12 13:00:00,33.52,33.66,33.23,33.46,9997.423,0
2024-03-12 14:00:00,33.46,33.81,32.75,32.79,16893.759,0
2024-03-12 15:00:00,32.79,33.38,32.54,33.28,11081.066,0
2024-03-12 16:00:00,33.28,33.38,32.62,32.65,13195.701,0
2024-03-12 17:00:00,32.63,33.09,31.16,33.09,38885.234,0
2024-03-12 18:00:00,33.09,33.44,32.82,33.4,7601.417,0
2024-03-12 19:00:00,33.4,33.9,33.27,33.71,8098.887,0
2024-03-12 20:00:00,33.71,33.73,33.34,33.45,6528.473,0
2024-03-12 21:00:00,33.41,33.79,33.37,33.68,4404.164,0
2024-03-12 22:00:00,33.69,33.69,33.4,33.6,3591.631,0
2024-03-12 23:00:00,33.63,34.27,33.45,34.19,11835.939,0
2024-03-13 00:00:00,34.17,34.89,34.04,34.62,26375.794,0
2024-03-13 01:00:00,34.65,35.62,34.55,35.44,39294.546,0
2024-03-13 02:00:00,35.43,35.65,35.17,35.61,18706.316,0
2024-03-13 03:00:00,35.61,35.63,35.17,35.42,9979.554,0
2024-03-13 04:00:00,35.43,35.43,34.3,34.89,21558.244,0
2024-03-13 05:00:00,34.88,35.07,34.56,35.06,14013.156,0
2024-03-13 06:00:00,35.05,35.15,34.63,34.91,13773.595,0
2024-03-13 07:00:00,34.92,35.08,34.64,34.66,10448.33,0
2024-03-13 08:00:00,34.67,34.83,34.59,34.72,11230.649,0
2024-03-13 09:00:00,34.73,34.73,34.18,34.34,22995.449,0
2024-03-13 10:00:00,34.35,34.95,34.32,34.58,22879.913,0
2024-03-13 11:00:00,34.59,34.74,34.29,34.39,15460.629,0
2024-03-13 12:00:00,34.39,34.49,33.85,34.0,13463.944,0
2024-03-13 13:00:00,34.0,34.26,33.2,33.55,25008.253,0
2024-03-13 14:00:00,33.55,33.89,33.04,33.2,13823.489,0
2024-03-13 15:00:00,33.21,33.57,33.04,33.25,11709.54,0
2024-03-13 16:00:00,33.27,33.66,33.08,33.6,8958.426,0
2024-03-13 17:00:00,33.6,33.8,33.4,33.71,4937.273,0
2024-03-13 18:00:00,33.71,34.27,33.68,34.22,7514.903,0
2024-03-13 19:00:00,34.22,34.93,34.11,34.91,17155.357,0
2024-03-13 20:00:00,34.91,34.97,34.31,34.43,14421.384,0
2024-03-13 21:00:00,34.43,34.78,34.37,34.65,4161.723,0
2024-03-13 22:00:00,34.66,34.71,34.35,34.43,6669.194,0
2024-03-13 23:00:00,34.42,35.03,34.34,34.85,14762.701,0
2024-03-14 00:00:00,34.85,34.97,34.31,34.33,11803.955,0
2024-03-14 01:00:00,34.33,34.67,34.13,34.65,11707.178,0
2024-03-14 02:00:00,34.66,35.13,34.42,34.66,14964.004,0
2024-03-14 03:00:00,34.66,34.7,34.18,34.43,6592.221,0
2024-03-14 04:00:00,34.44,34.72,34.12,34.23,8050.776,0
2024-03-14 05:00:00,34.24,34.64,34.21,34.47,9818.885,0
2024-03-14 06:00:00,34.47,34.65,34.17,34.41,7364.9,0
2024-03-14 07:00:00,34.41,34.59,34.23,34.54,4745.7,0
2024-03-14 08:00:00,34.52,34.79,34.5,34.65,4447.074,0
2024-03-14 09:00:00,34.67,35.54,34.57,35.48,23901.153,0
2024-03-14 10:00:00,35.48,35.6,34.3,34.4,16937.112,0
2024-03-14 11:00:00,34.4,34.52,33.88,34.41,14414.538,0
2024-03-14 12:00:00,34.41,34.66,34.07,34.39,12894.792,0
2024-03-14 13:00:00,34.38,34.58,32.91,33.54,35762.989,0
2024-03-14 14:00:00,33.53,34.17,33.47,33.8,13833.881,0
2024-03-14 15:00:00,33.8,34.08,32.6,32.91,32316.141,0
2024-03-14 16:00:00,32.92,33.62,32.55,33.6,15661.857,0
2024-03-14 17:00:00,33.6,33.8,33.35,33.7,18780.769,0
2024-03-14 18:00:00,33.68,33.72,32.54,32.93,16480.947,0
2024-03-14 19:00:00,32.94,33.15,31.83,32.81,19272.922,0
2024-03-14 20:00:00,32.79,33.8,32.76,33.72,11234.342,0
2024-03-14 21:00:00,33.72,34.38,33.44,34.3,11744.434,0
2024-03-14 22:00:00,34.3,34.36,34.08,34.3,11219.106,0
2024-03-14 23:00:00,34.3,34.32,34.06,34.07,7477.599,0
2024-03-15 00:00:00,34.06,35.1,34.06,34.91,14986.043,0
2024-03-15 01:00:00,34.92,34.96,34.25,34.31,7112.388,0
2024-03-15 02:00:00,34.31,34.35,32.21,32.84,19938.139,0
2024-03-15 03:00:00,32.85,32.99,30.66,32.09,48797.292,0
2024-03-15 04:00:00,32.09,32.24,31.39,31.59,28347.751,0
2024-03-15 05:00:00,31.57,32.18,31.54,31.6,10094.781,0
2024-03-15 06:00:00,31.6,32.33,31.6,32.3,8328.839,0
2024-03-15 07:00:00,32.31,32.6,32.04,32.33,5752.036,0
2024-03-15 08:00:00,32.34,32.38,30.56,30.6,31442.421,0
2024-03-15 09:00:00,30.62,31.02,29.06,30.78,40459.783,0
2024-03-15 10:00:00,30.78,31.08,30.51,30.58,11904.354,0
2024-03-15 11:00:00,30.58,30.86,29.89,30.68,13991.778,0
2024-03-15 12:00:00,30.73,30.95,30.55,30.7,10488.24,0
2024-03-15 13:00:00,30.7,31.37,30.42,31.29,11558.524,0
2024-03-15 14:00:00,31.3,31.36,30.89,31.22,8219.085,0
2024-03-15 15:00:00,31.22,31.33,30.92,31.04,6556.667,0
2024-03-15 16:00:00,31.04,31.34,30.66,30.95,7024.771,0
2024-03-15 17:00:00,31.02,31.25,30.75,31.18,4066.862,0
2024-03-15 18:00:00,31.21,31.94,31.19,31.91,5711.032,0
2024-03-15 19:00:00,31.91,31.99,30.98,31.12,8341.553,0
2024-03-15 20:00:00,31.13,31.18,30.4,30.5,7549.844,0
2024-03-15 21:00:00,30.5,31.04,30.5,31.04,3876.838,0
2024-03-15 22:00:00,31.04,31.44,30.97,31.42,4267.023,0
2024-03-15 23:00:00,31.44,31.62,31.29,31.49,5847.335,0
2024-03-16 00:00:00,31.5,31.78,31.39,31.45,8431.82,0
2024-03-16 01:00:00,31.47,31.88,31.43,31.7,10978.571,0
2024-03-16 02:00:00,31.72,31.74,31.45,31.45,6686.866,0
2024-03-16 03:00:00,31.49,31.77,31.3,31.73,3936.486,0
2024-03-16 04:00:00,31.75,32.18,31.65,31.76,6405.964,0
2024-03-16 05:00:00,31.79,31.87,31.3,31.83,5668.417,0
2024-03-16 06:00:00,31.81,32.0,31.64,31.91,3971.57,0
2024-03-16 07:00:00,31.93,32.11,31.75,32.07,2476.208,0
2024-03-16 08:00:00,32.09,32.15,31.86,31.87,6337.783,0
2024-03-16 09:00:00,31.88,31.96,31.58,31.72,5273.678,0
2024-03-16 10:00:00,31.71,31.76,31.38,31.43,8398.519,0
2024-03-16 11:00:00,31.44,31.55,30.78,31.1,13965.544,0
2024-03-16 12:00:00,31.1,31.11,30.34,30.42,18933.831,0
2024-03-16 13:00:00,30.42,30.71,29.51,29.84,23604.378,0
2024-03-16 14:00:00,29.85,30.13,29.64,29.95,23397.642,0
2024-03-16 15:00:00,29.95,30.29,29.61,30.14,19094.963,0
2024-03-16 16:00:00,30.14,30.14,29.86,29.93,6734.679,0
2024-03-16 17:00:00,29.93,30.09,29.15,29.2,17590.803,0
2024-03-16 18:00:00,29.22,29.3,28.2,28.6,22790.666,0
2024-03-16 19:00:00,28.61,29.5,28.61,28.93,9157.202,0
2024-03-16 20:00:00,28.91,29.4,28.57,29.14,5522.26,0
2024-03-16 21:00:00,29.15,29.29,28.47,28.97,5819.265,0
2024-03-16 22:00:00,28.98,29.18,28.67,29.0,7782.58,0
2024-03-16 23:00:00,29.0,29.16,28.28,29.08,11618.108,0
2024-03-17 00:00:00,29.08,29.52,28.46,28.49,5984.054,0
2024-03-17 01:00:00,28.49,29.13,28.49,29.12,3775.655,0
2024-03-17 02:00:00,29.13,29.49,29.05,29.38,7071.987,0
2024-03-17 03:00:00,29.4,29.43,29.21,29.42,7198.525,0
2024-03-17 04:00:00,29.43,29.43,29.13,29.2,2661.828,0
2024-03-17 05:00:00,29.2,29.28,28.76,28.85,7822.135,0
2024-03-17 06:00:00,28.87,28.97,28.1,28.1,13449.779,0
2024-03-17 07:00:00,28.1,28.28,27.22,28.16,34621.177,0
2024-03-17 08:00:00,28.17,29.17,28.1,29.01,18527.427,0
2024-03-17 09:00:00,29.05,29.22,28.82,29.01,8670.537,0
2024-03-17 10:00:00,29.03,29.62,29.03,29.31,17691.849,0
2024-03-17 11:00:00,29.31,29.52,29.1,29.12,6751.776,0
2024-03-17 12:00:00,29.13,29.36,28.68,28.83,7124.247,0
2024-03-17 13:00:00,28.83,29.32,28.81,29.26,5370.635,0
2024-03-17 14:00:00,29.27,29.6,29.07,29.6,6923.386,0
2024-03-17 15:00:00,29.58,29.79,29.36,29.67,14628.227,0
2024-03-17 16:00:00,29.64,29.89,29.53,29.67,9257.121,0
2024-03-17 17:00:00,29.62,29.88,29.54,29.86,3863.996,0
2024-03-17 18:00:00,29.84,29.9,29.57,29.64,2994.273,0
2024-03-17 19:00:00,29.63,29.75,29.54,29.74,4344.122,0
2024-03-17 20:00:00,29.71,29.76,29.51,29.55,3183.479,0
2024-03-17 21:00:00,29.55,29.58,29.29,29.37,7622.903,0
2024-03-17 22:00:00,29.37,29.71,29.31,29.32,4365.176,0
2024-03-17 23:00:00,29.34,29.38,29.1,29.26,5161.32,0
2024-03-18 00:00:00,29.25,29.26,28.63,28.63,18094.763,0
2024-03-18 01:00:00,28.63,29.08,28.31,29.02,7572.306,0
2024-03-18 02:00:00,29.02,29.33,28.91,29.1,2209.771,0
2024-03-18 03:00:00,29.11,29.31,29.08,29.1,2335.308,0
2024-03-18 04:00:00,29.13,29.29,28.82,29.22,3508.27,0
2024-03-18 05:00:00,29.19,29.45,29.08,29.39,2478.953,0
2024-03-18 06:00:00,29.39,29.49,29.24,29.36,6332.5,0
2024-03-18 07:00:00,29.37,29.37,29.04,29.12,6874.89,0
2024-03-18 08:00:00,29.12,29.13,28.55,28.91,7553.182,0
2024-03-18 09:00:00,28.9,28.91,28.25,28.41,10666.332,0
2024-03-18 10:00:00,28.39,28.73,28.0,28.7,11581.993,0
2024-03-18 11:00:00,28.69,28.89,28.6,28.73,4235.989,0
2024-03-18 12:00:00,28.75,28.85,28.45,28.68,4499.354,0
2024-03-18 13:00:00,28.67,28.71,27.91,28.06,13429.4,0
2024-03-18 14:00:00,28.08,28.4,27.56,27.73,22068.96,0
2024-03-18 15:00:00,27.74,27.99,27.28,27.87,26369.944,0
2024-03-18 16:00:00,27.87,28.24,27.51,27.59,8709.44,0
2024-03-18 17:00:00,27.61,27.69,27.13,27.42,14748.331,0
2024-03-18 18:00:00,27.42,27.5,27.03,27.06,20702.162,0
2024-03-18 19:00:00,27.11,27.44,26.94,27.15,7790.117,0
2024-03-18 20:00:00,27.16,27.6,27.16,27.5,7493.953,0
2024-03-18 21:00:00,27.5,27.85,27.48,27.54,5699.351,0
2024-03-18 22:00:00,27.54,27.63,27.29,27.44,5244.578,0
2024-03-18 23:00:00,27.44,27.86,27.39,27.54,5431.629,0
2024-03-19 00:00:00,27.55,27.85,26.85,26.96,17399.156,0
2024-03-19 01:00:00,26.95,26.99,25.9,26.16,35325.543,0
2024-03-19 02:00:00,26.16,26.59,26.06,26.19,12072.928,0
2024-03-19 03:00:00,26.19,26.32,25.52,26.19,19216.286,0
2024-03-19 04:00:00,26.18,26.29,25.7,25.8,15479.777,0
2024-03-19 05:00:00,25.78,26.02,25.47,25.99,14126.732,0
2024-03-19 06:00:00,25.97,25.99,25.33,25.67,20524.597,0
2024-03-19 07:00:00,25.67,25.7,24.6,25.59,34852.598,0
2024-03-19 08:00:00,25.61,25.62,24.52,24.75,23478.628,0
2024-03-19 09:00:00,24.72,25.87,24.36,25.51,29514.679,0
2024-03-19 10:00:00,25.53,25.53,24.76,25.11,16528.611,0
2024-03-19 11:00:00,25.1,25.58,24.83,25.53,18772.876,0
2024-03-19 12:00:00,25.55,25.88,25.41,25.67,15796.256,0
2024-03-19 13:00:00,25.69,25.74,25.32,25.6,7192.524,0
2024-03-19 14:00:00,25.57,25.7,25.06,25.63,10503.87,0
2024-03-19 15:00:00,25.6,26.23,25.36,26.1,11569.846,0
2024-03-19 16:00:00,26.08,26.5,26.0,26.46,12049.607,0
2024-03-19 17:00:00,26.45,26.71,26.36,26.49,10971.887,0
2024-03-19 18:00:00,26.51,26.52,26.19,26.47,4895.009,0
2024-03-19 19:00:00,26.45,26.82,26.4,26.5,5285.349,0
2024-03-19 20:00:00,26.51,26.56,25.76,25.85,5240.849,0
2024-03-19 21:00:00,25.9,25.99,25.62,25.91,5066.094,0
2024-03-19 22:00:00,25.92,25.98,24.77,24.98,10935.403,0
2024-03-19 23:00:00,24.98,25.18,24.43,25.03,13094.626,0
2024-03-20 00:00:00,25.01,25.67,24.97,25.64,8026.185,0
2024-03-20 01:00:00,25.66,25.66,24.81,25.02,7387.169,0
2024-03-20 02:00:00,24.96,25.62,24.91,25.55,10870.889,0
2024-03-20 03:00:00,25.55,25.81,24.93,25.0,5119.992,0
2024-03-20 04:00:00,25.03,25.23,24.6,24.92,18380.285,0
2024-03-20 05:00:00,24.89,25.05,24.3,24.86,19757.059,0
2024-03-20 06:00:00,24.84,25.44,24.83,25.31,9661.654,0
2024-03-20 07:00:00,25.34,26.36,25.28,26.16,15596.723,0
2024-03-20 08:00:00,26.17,26.26,25.72,25.74,8642.066,0
2024-03-20 09:00:00,25.73,26.26,25.73,26.11,9370.858,0
2024-03-20 10:00:00,26.09,26.24,25.92,26.08,7274.298,0
2024-03-20 11:00:00,26.08,26.75,26.01,26.69,22395.673,0
2024-03-20 12:00:00,26.68,26.79,26.43,26.67,12584.752,0
2024-03-20 13:00:00,26.67,26.71,26.35,26.4,10281.98,0
2024-03-20 14:00:00,26.4,26.87,26.28,26.62,22373.705,0
2024-03-20 15:00:00,26.62,26.75,26.09,26.22,13629.859,0
2024-03-20 16:00:00,26.21,26.57,25.32,26.01,29446.261,0
2024-03-20 17:00:00,26.01,26.71,25.92,26.57,11275.886,0
2024-03-20 18:00:00,26.56,27.59,26.56,27.52,23748.132,0
2024-03-20 19:00:00,27.52,27.99,27.4,27.88,17078.719,0
2024-03-20 20:00:00,27.88,28.42,27.77,28.32,9619.138,0
2024-03-20 21:00:00,28.28,28.51,28.19,28.36,9363.493,0
2024-03-20 22:00:00,28.38,28.5,28.24,28.34,11987.905,0
2024-03-20 23:00:00,28.32,28.42,28.2,28.31,6640.372,0
2024-03-21 00:00:00,28.29,28.76,28.21,28.61,8464.441,0
2024-03-21 01:00:00,28.59,28.88,28.53,28.78,10573.708,0
2024-03-21 02:00:00,28.76,30.0,28.76,29.26,27293.02,0
2024-03-21 03:00:00,29.27,29.48,28.95,29.18,10638.097,0
2024-03-21 04:00:00,29.18,29.35,28.74,28.91,9539.293,0
2024-03-21 05:00:00,28.89,29.02,28.25,28.9,14512.408,0
2024-03-21 06:00:00,28.89,29.16,28.78,28.84,6951.351,0
2024-03-21 07:00:00,28.83,29.0,28.66,28.79,5023.493,0
2024-03-21 08:00:00,28.78,29.0,28.61,28.8,11828.712,0
2024-03-21 09:00:00,28.8,28.94,28.5,28.69,11869.049,0
2024-03-21 10:00:00,28.69,28.91,28.65,28.81,3853.518,0
2024-03-21 11:00:00,28.81,28.93,28.61,28.74,5309.912,0
2024-03-21 12:00:00,28.74,28.96,28.67,28.75,10892.26,0
2024-03-21 13:00:00,28.76,29.14,28.74,28.95,10875.928,0
2024-03-21 14:00:00,28.93,29.39,28.91,29.02,22951.924,0
2024-03-21 15:00:00,29.04,29.16,28.78,29.13,11703.034,0
2024-03-21 16:00:00,29.14,29.84,29.06,29.84,15449.847,0
2024-03-21 17:00:00,29.8,29.91,29.08,29.22,10098.124,0
2024-03-21 18:00:00,29.2,29.28,28.5,28.78,8321.08,0
2024-03-21 19:00:00,28.78,29.25,28.7,29.19,2991.94,0
2024-03-21 20:00:00,29.15,29.83,28.81,29.6,6204.49,0
2024-03-21 21:00:00,29.58,29.58,29.26,29.54,3096.034,0
2024-03-21 22:00:00,29.54,29.58,29.27,29.29,2612.325,0
2024-03-21 23:00:00,29.27,29.46,29.24,29.38,1655.361,0
2024-03-22 00:00:00,29.39,29.7,29.09,29.32,5054.692,0
2024-03-22 01:00:00,29.24,29.4,28.76,28.76,9909.351,0
2024-03-22 02:00:00,28.81,28.9,28.63,28.88,3124.229,0
2024-03-22 03:00:00,28.85,29.33,28.8,29.28,5988.881,0
2024-03-22 04:00:00,29.29,29.35,29.0,29.21,5062.662,0
2024-03-22 05:00:00,29.18,29.29,29.03,29.24,8071.34,0
2024-03-22 06:00:00,29.25,29.33,29.04,29.18,2545.789,0
2024-03-22 07:00:00,29.18,29.53,29.05,29.45,5455.448,0
2024-03-22 08:00:00,29.46,29.55,29.14,29.28,8282.166,0
2024-03-22 09:00:00,29.28,29.51,29.05,29.1,5935.031,0
2024-03-22 10:00:00,29.09,29.14,28.5,28.54,11179.064,0
2024-03-22 11:00:00,28.54,28.92,28.28,28.43,6668.129,0
2024-03-22 12:00:00,28.43,29.0,28.2,28.77,9445.529,0
2024-03-22 13:00:00,28.8,28.97,27.9,27.99,19660.015,0
2024-03-22 14:00:00,28.0,28.27,27.79,27.97,14126.642,0
2024-03-22 15:00:00,27.96,28.96,27.91,28.62,9547.787,0
2024-03-22 16:00:00,28.6,28.86,28.08,28.29,19901.405,0
2024-03-22 17:00:00,28.29,28.85,28.27,28.69,2956.222,0
2024-03-22 18:00:00,28.68,28.9,28.55,28.78,7685.448,0
2024-03-22 19:00:00,28.74,28.93,28.5,28.82,4923.883,0
2024-03-22 20:00:00,28.82,28.83,28.52,28.59,4866.479,0
2024-03-22 21:00:00,28.61,28.63,27.95,28.26,15597.898,0
2024-03-22 22:00:00,28.26,28.33,27.94,28.27,3048.716,0
2024-03-22 23:00:00,28.27,28.8,28.21,28.76,1551.354,0
2024-03-23 00:00:00,28.78,28.78,28.45,28.53,2423.324,0
2024-03-23 01:00:00,28.53,29.36,28.52,29.24,10431.108,0
2024-03-23 02:00:00,29.23,29.28,28.65,28.83,6369.041,0
2024-03-23 03:00:00,28.84,28.85,28.23,28.62,3541.526,0
2024-03-23 04:00:00,28.61,28.89,28.56,28.74,2911.715,0
2024-03-23 05:00:00,28.71,28.8,28.59,28.77,1513.398,0
2024-03-23 06:00:00,28.79,28.89,28.67,28.76,1626.015,0
2024-03-23 07:00:00,28.79,29.04,28.79,28.84,3185.182,0
2024-03-23 08:00:00,28.84,28.93,28.5,28.7,2987.851,0
2024-03-23 09:00:00,28.67,28.77,28.54,28.71,6452.535,0
2024-03-23 10:00:00,28.72,28.93,28.7,28.79,4041.845,0
2024-03-23 11:00:00,28.79,28.96,28.76,28.86,2740.989,0
2024-03-23 12:00:00,28.85,29.08,28.79,29.02,3216.511,0
2024-03-23 13:00:00,29.0,29.07,28.86,28.92,11994.037,0
2024-03-23 14:00:00,28.92,29.44,28.87,29.39,9441.572,0
2024-03-23 15:00:00,29.41,29.52,29.19,29.31,6178.022,0
2024-03-23 16:00:00,29.32,29.42,29.12,29.22,3175.539,0
2024-03-23 17:00:00,29.23,29.23,29.03,29.12,2088.656,0
2024-03-23 18:00:00,29.11,29.19,29.02,29.12,1327.381,0
2024-03-23 19:00:00,29.12,29.16,28.96,29.02,4337.817,0
2024-03-23 20:00:00,29.02,29.17,28.86,29.17,12378.216,0
2024-03-23 21:00:00,29.15,29.28,29.04,29.2,1287.173,0
2024-03-23 22:00:00,29.21,29.25,29.09,29.12,1669.81,0
2024-03-23 23:00:00,29.11,29.13,28.62,28.69,3210.977,0
2024-03-24 00:00:00,28.68,29.11,28.65,29.07,2013.379,0
2024-03-24 01:00:00,29.07,29.2,28.92,29.17,1889.848,0
2024-03-24 02:00:00,29.17,29.17,28.92,28.98,1951.65,0
2024-03-24 03:00:00,28.98,28.98,28.66,28.79,3200.558,0
2024-03-24 04:00:00,28.78,28.95,28.59,28.9,5048.589,0
2024-03-24 05:00:00,28.91,29.43,28.87,29.32,4674.589,0
2024-03-24 06:00:00,29.32,29.37,28.95,29.05,9835.868,0
2024-03-24 07:00:00,29.07,29.08,28.74,28.98,4477.18,0
2024-03-24 08:00:00,28.95,29.32,28.92,29.31,1730.467,0
2024-03-24 09:00:00,29.3,29.3,29.09,29.12,2467.128,0
2024-03-24 10:00:00,29.12,29.38,29.11,29.2,3634.691,0
2024-03-24 11:00:00,29.19,29.3,29.14,29.28,3484.943,0
2024-03-24 12:00:00,29.3,29.49,29.22,29.22,5743.087,0
2024-03-24 13:00:00,29.23,29.45,29.1,29.18,5165.712,0
2024-03-24 14:00:00,29.2,29.52,29.16,29.32,2821.681,0
2024-03-24 15:00:00,29.33,29.47,29.26,29.34,1880.667,0
2024-03-24 16:00:00,29.33,29.45,29.2,29.27,2949.203,0
2024-03-24 17:00:00,29.28,29.32,28.8,29.05,8437.317,0
2024-03-24 18:00:00,29.05,29.42,29.02,29.4,4655.76,0
2024-03-24 19:00:00,29.4,29.55,29.34,29.42,6511.828,0
2024-03-24 20:00:00,29.44,29.81,29.33,29.74,5527.156,0
2024-03-24 21:00:00,29.76,29.77,29.52,29.66,4439.508,0
2024-03-24 22:00:00,29.67,29.83,29.56,29.75,5886.881,0
2024-03-24 23:00:00,29.76,29.89,29.66,29.79,4594.57,0
2024-03-25 00:00:00,29.79,29.94,29.63,29.79,5372.048,0
2024-03-25 01:00:00,29.8,29.95,29.68,29.75,2675.165,0
2024-03-25 02:00:00,29.75,30.0,29.75,29.96,4426.404,0
2024-03-25 03:00:00,29.96,30.1,29.91,29.96,3661.979,0
2024-03-25 04:00:00,29.97,30.04,29.8,30.02,3378.028,0
2024-03-25 05:00:00,30.04,30.07,29.87,30.02,4166.074,0
2024-03-25 06:00:00,30.02,30.03,29.85,29.93,3505.49,0
2024-03-25 07:00:00,29.93,29.97,29.54,29.6,6718.839,0
2024-03-25 08:00:00,29.6,29.8,29.49,29.66,9430.116,0
2024-03-25 09:00:00,29.67,29.99,29.54,29.98,3952.283,0
2024-03-25 10:00:00,29.98,30.23,29.8,29.91,8870.368,0
2024-03-25 11:00:00,29.91,29.94,29.57,29.6,4594.073,0
2024-03-25 12:00:00,29.6,29.82,29.53,29.75,4008.257,0
2024-03-25 13:00:00,29.75,30.0,29.53,29.93,9241.748,0
2024-03-25 14:00:00,29.94,30.42,29.84,30.27,8199.426,0
2024-03-25 15:00:00,30.28,30.39,30.08,30.21,9740.241,0
2024-03-25 16:00:00,30.22,30.41,30.06,30.4,5225.768,0
2024-03-25 17:00:00,30.39,30.59,30.36,30.47,7284.256,0
2024-03-25 18:00:00,30.5,30.62,30.43,30.59,5279.919,0
2024-03-25 19:00:00,30.6,30.69,30.43,30.67,6240.68,0
2024-03-25 20:00:00,30.67,30.71,30.41,30.47,7882.403,0
2024-03-25 21:00:00,30.47,30.47,29.96,30.3,9322.502,0
2024-03-25 22:00:00,30.33,30.55,30.33,30.49,1844.693,0
2024-03-25 23:00:00,30.51,30.54,30.12,30.34,2764.48,0
2024-03-26 00:00:00,30.34,30.7,30.34,30.55,5114.841,0
2024-03-26 01:00:00,30.55,30.79,30.52,30.77,2914.855,0
2024-03-26 02:00:00,30.76,31.01,30.66,30.96,3089.25,0
2024-03-26 03:00:00,30.96,30.99,30.84,30.89,4351.011,0
2024-03-26 04:00:00,30.87,30.92,30.69,30.82,2463.394,0
2024-03-26 05:00:00,30.81,30.86,30.67,30.72,3126.774,0
2024-03-26 06:00:00,30.73,31.23,30.68,31.15,10934.01,0
2024-03-26 07:00:00,31.16,31.25,30.84,30.91,5883.275,0
2024-03-26 08:00:00,30.91,31.28,30.8,31.25,10914.186,0
2024-03-26 09:00:00,31.26,31.87,31.14,31.76,12082.188,0
2024-03-26 10:00:00,31.77,31.81,31.51,31.61,6649.055,0
2024-03-26 11:00:00,31.62,31.65,31.38,31.4,4326.926,0
2024-03-26 12:00:00,31.4,31.6,31.26,31.48,5489.53,0
2024-03-26 13:00:00,31.48,31.58,30.99,31.27,10684.318,0
2024-03-26 14:00:00,31.26,31.47,30.72,31.44,14462.098,0
2024-03-26 15:00:00,31.45,31.56,31.13,31.46,17954.675,0
2024-03-26 16:00:00,31.47,31.59,30.78,30.92,14992.847,0
2024-03-26 17:00:00,30.91,31.44,30.91,31.35,4180.277,0
2024-03-26 18:00:00,31.36,31.9,31.31,31.6,8981.979,0
2024-03-26 19:00:00,31.58,31.65,31.28,31.3,6449.95,0
2024-03-26 20:00:00,31.3,31.6,31.3,31.51,2756.565,0
2024-03-26 21:00:00,31.5,31.8,31.48,31.75,5400.542,0
2024-03-26 22:00:00,31.74,31.85,31.36,31.85,4598.528,0
2024-03-26 23:00:00,31.84,31.86,31.55,31.63,6157.001,0
2024-03-27 00:00:00,31.64,31.85,31.43,31.84,5592.877,0
2024-03-27 01:00:00,31.84,32.0,31.62,31.64,5999.485,0
2024-03-27 02:00:00,31.64,31.66,31.46,31.64,2685.023,0
2024-03-27 03:00:00,31.64,31.69,31.3,31.32,2894.087,0
2024-03-27 04:00:00,31.32,31.5,31.1,31.21,3209.652,0
2024-03-27 05:00:00,31.22,31.46,31.21,31.43,2328.679,0
2024-03-27 06:00:00,31.43,31.53,31.28,31.38,1460.852,0
2024-03-27 07:00:00,31.38,31.39,30.45,30.68,13936.792,0
2024-03-27 08:00:00,30.68,30.89,30.24,30.28,3714.788,0
2024-03-27 09:00:00,30.33,30.8,30.0,30.8,5847.454,0
2024-03-27 10:00:00,30.8,31.15,30.73,30.99,6218.381,0
2024-03-27 11:00:00,30.99,31.26,30.9,31.21,4106.618,0
2024-03-27 12:00:00,31.22,31.46,31.07,31.15,5263.191,0
2024-03-27 13:00:00,31.19,31.48,30.48,30.62,10094.579,0
2024-03-27 14:00:00,30.6,31.04,29.75,30.98,27832.159,0
2024-03-27 15:00:00,30.97,30.98,30.5,30.5,7507.311,0
2024-03-27 16:00:00,30.5,30.94,30.33,30.85,4853.658,0
2024-03-27 17:00:00,30.82,30.94,30.66,30.72,2277.816,0
2024-03-27 18:00:00,30.7,30.83,30.39,30.41,5171.247,0
2024-03-27 19:00:00,30.43,31.1,30.43,31.0,7334.484,0
2024-03-27 20:00:00,31.01,31.42,31.01,31.31,5375.814,0
2024-03-27 21:00:00,31.3,31.41,31.13,31.15,7332.858,0
2024-03-27 22:00:00,31.13,31.19,31.04,31.08,2250.219,0
2024-03-27 23:00:00,31.09,31.1,30.76,31.0,5245.25,0
2024-03-28 00:00:00,31.03,31.38,30.84,31.08,2451.617,0
2024-03-28 01:00:00,31.09,31.1,30.65,30.76,2156.254,0
2024-03-28 02:00:00,30.77,31.05,30.55,30.61,3153.516,0
2024-03-28 03:00:00,30.65,30.83,30.37,30.68,2858.699,0
2024-03-28 04:00:00,30.68,31.07,30.66,31.06,3323.289,0
2024-03-28 05:00:00,31.06,31.15,30.89,30.98,2343.846,0
2024-03-28 06:00:00,30.98,31.7,30.83,31.66,5103.862,0
2024-03-28 07:00:00,31.68,31.68,31.5,31.53,3042.4,0
2024-03-28 08:00:00,31.53,31.69,31.36,31.47,5805.868,0
2024-03-28 09:00:00,31.47,31.61,31.33,31.48,2318.478,0
2024-03-28 10:00:00,31.49,31.53,31.24,31.36,2839.649,0
2024-03-28 11:00:00,31.36,31.51,31.15,31.25,3048.238,0
2024-03-28 12:00:00,31.24,31.37,30.83,31.07,4648.14,0
2024-03-28 13:00:00,31.08,31.19,30.73,31.02,8311.637,0
2024-03-28 14:00:00,31.02,31.16,30.83,31.1,3183.719,0
2024-03-28 15:00:00,31.12,31.13,30.74,30.91,3058.337,0
2024-03-28 16:00:00,30.91,31.07,30.81,31.03,2799.823,0
2024-03-28 17:00:00,31.05,31.18,30.92,31.05,3760.84,0
2024-03-28 18:00:00,31.06,31.13,30.92,31.01,1004.92,0
2024-03-28 19:00:00,30.99,31.01,30.85,30.91,3590.171,0
2024-03-28 20:00:00,30.89,30.96,30.82,30.88,782.166,0
2024-03-28 21:00:00,30.87,30.97,30.8,30.83,1163.916,0
2024-03-28 22:00:00,30.83,30.89,30.59,30.86,5079.775,0
2024-03-28 23:00:00,30.87,30.92,30.75,30.78,1724.731,0
2024-03-29 00:00:00,30.78,30.82,30.48,30.6,2798.079,0
2024-03-29 01:00:00,30.6,30.74,30.39,30.47,2628.528,0
2024-03-29 02:00:00,30.48,30.55,30.27,30.54,6737.692,0
2024-03-29 03:00:00,30.55,30.76,30.41,30.75,4477.598,0
2024-03-29 04:00:00,30.74,31.0,30.62,30.79,6695.55,0
2024-03-29 05:00:00,30.79,31.0,30.7,30.82,2648.113,0
2024-03-29 06:00:00,30.81,30.93,30.61,30.83,2335.789,0
2024-03-29 07:00:00,30.84,30.87,30.01,30.13,8676.243,0
2024-03-29 08:00:00,30.12,30.6,30.12,30.52,6111.752,0
2024-03-29 09:00:00,30.52,30.61,30.34,30.53,2352.882,0
2024-03-29 10:00:00,30.54,31.01,30.31,31.0,5906.571,0
2024-03-29 11:00:00,31.0,31.49,31.0,31.16,17499.958,0
2024-03-29 12:00:00,31.13,31.25,30.8,30.83,14430.273,0
2024-03-29 13:00:00,30.83,30.94,30.57,30.77,21955.889,0
2024-03-29 14:00:00,30.77,31.17,30.66,30.94,13868.348,0
2024-03-29 15:00:00,30.95,31.11,30.14,30.49,14465.566,0
2024-03-29 16:00:00,30.5,30.92,30.45,30.54,6307.669,0
2024-03-29 17:00:00,30.54,30.85,30.43,30.57,3284.502,0
2024-03-29 18:00:00,30.57,30.63,30.41,30.48,1482.135,0
2024-03-29 19:00:00,30.49,30.6,30.42,30.6,1853.434,0
2024-03-29 20:00:00,30.59,30.61,30.12,30.29,7649.975,0
2024-03-29 21:00:00,30.3,30.31,29.94,30.1,5419.166,0
2024-03-29 22:00:00,30.09,30.57,30.09,30.56,6488.468,0
2024-03-29 23:00:00,30.56,30.78,30.53,30.71,3954.705,0
2024-03-30 00:00:00,30.72,30.88,30.43,30.8,6315.505,0
2024-03-30 01:00:00,30.79,30.8,30.56,30.6,5271.886,0
2024-03-30 02:00:00,30.6,30.6,30.35,30.54,2395.509,0
2024-03-30 03:00:00,30.54,30.7,30.33,30.43,3796.766,0
2024-03-30 04:00:00,30.43,30.62,30.36,30.61,1608.208,0
2024-03-30 05:00:00,30.61,30.7,30.48,30.52,3279.972,0
2024-03-30 06:00:00,30.49,30.49,30.16,30.36,5782.069,0
2024-03-30 07:00:00,30.36,30.43,30.19,30.19,2059.626,0
2024-03-30 08:00:00,30.18,30.32,30.03,30.21,2282.87,0
2024-03-30 09:00:00,30.21,30.37,30.1,30.29,5996.982,0
2024-03-30 10:00:00,30.28,30.29,30.06,30.22,4369.934,0
2024-03-30 11:00:00,30.23,30.39,30.13,30.35,2864.502,0
2024-03-30 12:00:00,30.34,30.35,30.13,30.24,3496.946,0
2024-03-30 13:00:00,30.23,30.23,30.02,30.09,3113.427,0
2024-03-30 14:00:00,30.11,30.19,30.0,30.16,3786.355,0
2024-03-30 15:00:00,30.17,30.29,30.06,30.21,4344.39,0
2024-03-30 16:00:00,30.19,30.37,30.16,30.28,6770.285,0
2024-03-30 17:00:00,30.3,30.41,30.19,30.39,3176.687,0
2024-03-30 18:00:00,30.38,30.55,30.33,30.39,4953.7,0
2024-03-30 19:00:00,30.38,30.47,30.14,30.44,3055.137,0
2024-03-30 20:00:00,30.42,30.49,30.31,30.34,4765.294,0
2024-03-30 21:00:00,30.33,30.38,29.94,30.08,5734.719,0
2024-03-30 22:00:00,30.05,30.2,29.96,30.09,4973.808,0
2024-03-30 23:00:00,30.08,30.25,29.8,30.08,10134.084,0
2024-03-31 00:00:00,30.07,30.31,29.97,30.24,4277.857,0
2024-03-31 01:00:00,30.23,30.36,30.13,30.28,2750.488,0
2024-03-31 02:00:00,30.25,30.35,30.2,30.34,2303.585,0
2024-03-31 03:00:00,30.33,30.52,30.07,30.43,9223.775,0
2024-03-31 04:00:00,30.42,30.45,30.25,30.3,2467.77,0
2024-03-31 05:00:00,30.29,30.49,30.26,30.47,2211.614,0
2024-03-31 06:00:00,30.46,30.71,30.42,30.61,4445.066,0
2024-03-31 07:00:00,30.61,30.67,30.49,30.58,2834.381,0
2024-03-31 08:00:00,30.57,30.65,30.49,30.53,2245.736,0
2024-03-31 09:00:00,30.52,30.7,30.45,30.5,2970.753,0
2024-03-31 10:00:00,30.5,30.61,30.39,30.53,3481.21,0
2024-03-31 11:00:00,30.52,30.68,30.51,30.57,3094.156,0
2024-03-31 12:00:00,30.57,30.83,30.39,30.63,11144.468,0
2024-03-31 13:00:00,30.64,30.69,30.54,30.57,3654.841,0
2024-03-31 14:00:00,30.57,30.68,30.47,30.54,6548.438,0
2024-03-31 15:00:00,30.54,30.59,30.38,30.44,5705.228,0
2024-03-31 16:00:00,30.44,30.54,30.39,30.48,5377.995,0
2024-03-31 17:00:00,30.47,30.54,30.42,30.5,1244.394,0
2024-03-31 18:00:00,30.5,30.72,30.47,30.55,2098.64,0
2024-03-31 19:00:00,30.55,30.64,30.45,30.55,6695.711,0
2024-03-31 20:00:00,30.55,30.64,30.41,30.45,4432.331,0
2024-03-31 21:00:00,30.45,30.47,30.06,30.15,7983.304,0
2024-03-31 22:00:00,30.17,30.42,30.16,30.33,12236.918,0
2024-03-31 23:00:00,30.33,30.49,30.27,30.44,3403.903,0
2024-04-01 00:00:00,30.44,30.54,30.18,30.46,9468.38,0
2024-04-01 01:00:00,30.46,30.46,30.1,30.15,18374.475,0
2024-04-01 02:00:00,30.13,30.38,30.12,30.3,7677.48,0
2024-04-01 03:00:00,30.3,30.39,30.2,30.3,4636.195,0
2024-04-01 04:00:00,30.3,30.46,30.18,30.19,4440.908,0
2024-04-01 05:00:00,30.21,30.24,28.0,28.76,36552.348,0
2024-04-01 06:00:00,28.77,29.53,28.74,29.47,19013.846,0
2024-04-01 07:00:00,29.46,29.75,29.37,29.6,6625.534,0
2024-04-01 08:00:00,29.59,29.61,29.08,29.21,6503.752,0
2024-04-01 09:00:00,29.21,29.48,29.15,29.21,7986.561,0
2024-04-01 10:00:00,29.2,29.33,28.98,29.27,6089.884,0
2024-04-01 11:00:00,29.25,29.3,29.04,29.08,6201.132,0
2024-04-01 12:00:00,29.07,29.35,29.02,29.34,4622.294,0
2024-04-01 13:00:00,29.33,29.54,29.12,29.3,9820.672,0
2024-04-01 14:00:00,29.3,29.34,28.39,28.54,14897.836,0
2024-04-01 15:00:00,28.54,28.72,28.08,28.28,24173.305,0
2024-04-01 16:00:00,28.28,28.63,28.21,28.37,9252.016,0
2024-04-01 17:00:00,28.36,28.43,27.97,28.41,9736.113,0
2024-04-01 18:00:00,28.41,28.41,27.91,28.31,9735.721,0
2024-04-01 19:00:00,28.32,28.64,28.27,28.61,3473.854,0
2024-04-01 20:00:00,28.6,28.67,28.45,28.64,3074.626,0
2024-04-01 21:00:00,28.64,28.74,28.56,28.73,4514.942,0
2024-04-01 22:00:00,28.72,28.95,28.69,28.9,1943.966,0
2024-04-01 23:00:00,28.9,29.06,28.85,28.94,3019.837,0
2024-04-02 00:00:00,28.96,28.98,28.46,28.59,5196.097,0
2024-04-02 01:00:00,28.57,28.76,28.49,28.65,3663.924,0
2024-04-02 02:00:00,28.63,28.65,27.1,27.77,29448.335,0
2024-04-02 03:00:00,27.77,27.99,27.5,27.7,10479.04,0
2024-04-02 04:00:00,27.68,27.99,27.62,27.81,8130.125,0
2024-04-02 05:00:00,27.8,27.94,27.52,27.75,5422.045,0
2024-04-02 06:00:00,27.76,28.07,27.76,27.98,6143.11,0
2024-04-02 07:00:00,27.97,28.04,27.65,27.68,3388.649,0
2024-04-02 08:00:00,27.67,27.86,27.24,27.33,14310.972,0
2024-04-02 09:00:00,27.33,27.74,27.16,27.59,10750.204,0
2024-04-02 10:00:00,27.52,27.6,27.18,27.41,15225.615,0
2024-04-02 11:00:00,27.4,27.51,27.01,27.5,15851.173,0
2024-04-02 12:00:00,27.5,27.58,27.24,27.33,4854.425,0
2024-04-02 13:00:00,27.3,27.39,27.0,27.35,9223.777,0
2024-04-02 14:00:00,27.34,27.83,27.29,27.53,12653.02,0
2024-04-02 15:00:00,27.5,27.7,27.06,27.14,8159.853,0
2024-04-02 16:00:00,27.13,27.79,27.02,27.71,31448.415,0
2024-04-02 17:00:00,27.73,27.82,27.6,27.79,3507.267,0
2024-04-02 18:00:00,27.81,27.94,27.66,27.91,5057.152,0
2024-04-02 19:00:00,27.88,27.94,27.74,27.81,3740.5,0
2024-04-02 20:00:00,27.78,27.88,27.67,27.81,2847.338,0
2024-04-02 21:00:00,27.83,27.87,27.55,27.72,2833.27,0
2024-04-02 22:00:00,27.72,27.98,27.69,27.98,2163.075,0
2024-04-02 23:00:00,27.98,27.99,27.55,27.66,2207.129,0
2024-04-03 00:00:00,27.66,27.84,26.85,27.54,18128.55,0
2024-04-03 01:00:00,27.54,27.91,27.22,27.89,5491.366,0
2024-04-03 02:00:00,27.89,27.94,27.66,27.91,4472.422,0
2024-04-03 03:00:00,27.91,28.01,27.86,27.99,11975.485,0
2024-04-03 04:00:00,28.0,28.01,27.92,28.0,12696.97,0
2024-04-03 05:00:00,28.0,28.19,27.92,28.05,8963.824,0
2024-04-03 06:00:00,28.05,28.39,27.99,28.35,6766.329,0
2024-04-03 07:00:00,28.35,28.42,28.12,28.14,4682.066,0
2024-04-03 08:00:00,28.13,28.28,27.96,28.22,4536.86,0
2024-04-03 09:00:00,28.2,28.3,27.85,28.09,13740.651,0
2024-04-03 10:00:00,28.11,28.11,27.8,27.9,7187.553,0
2024-04-03 11:00:00,27.91,27.98,27.67,27.85,7338.951,0
2024-04-03 12:00:00,27.85,27.94,27.46,27.69,6395.02,0
2024-04-03 13:00:00,27.68,27.85,27.46,27.54,5781.037,0
2024-04-03 14:00:00,27.56,28.03,27.54,27.92,4172.721,0
2024-04-03 15:00:00,27.93,27.94,27.43,27.54,3952.547,0
2024-04-03 16:00:00,27.54,27.91,27.52,27.64,3424.881,0
2024-04-03 17:00:00,27.62,27.66,27.22,27.33,7103.299,0
2024-04-03 18:00:00,27.33,27.44,27.1,27.38,12897.259,0
2024-04-03 19:00:00,27.38,27.44,27.16,27.25,1780.022,0
2024-04-03 20:00:00,27.22,27.24,26.9,27.01,3235.897,0
2024-04-03 21:00:00,26.98,27.27,26.7,27.24,7444.304,0
2024-04-03 22:00:00,27.23,27.3,27.15,27.25,2640.115,0
2024-04-03 23:00:00,27.25,27.33,27.16,27.17,2893.267,0
2024-04-04 00:00:00,27.16,27.5,27.11,27.44,2879.215,0
2024-04-04 01:00:00,27.44,27.52,27.16,27.23,1895.951,0
2024-04-04 02:00:00,27.24,27.26,26.75,27.06,3235.431,0
2024-04-04 03:00:00,27.05,27.37,26.94,27.16,10063.377,0
2024-04-04 04:00:00,27.15,27.39,26.84,27.36,7478.634,0
2024-04-04 05:00:00,27.36,27.48,27.26,27.41,3831.464,0
2024-04-04 06:00:00,27.41,27.49,27.35,27.4,1989.791,0
2024-04-04 07:00:00,27.39,27.58,27.35,27.5,3200.171,0
2024-04-04 08:00:00,27.49,27.99,27.45,27.86,12988.185,0
2024-04-04 09:00:00,27.84,27.95,27.74,27.88,2893.572,0
2024-04-04 10:00:00,27.88,27.98,27.78,27.86,1668.073,0
2024-04-04 11:00:00,27.87,27.96,27.77,27.92,2025.54,0
2024-04-04 12:00:00,27.91,27.98,27.84,27.87,2678.023,0
2024-04-04 13:00:00,27.88,28.17,27.88,27.99,9885.659,0
2024-04-04 14:00:00,27.98,28.11,27.86,27.95,7731.922,0
2024-04-04 15:00:00,27.95,27.95,27.69,27.86,5671.051,0
2024-04-04 16:00:00,27.85,27.87,27.69,27.75,13690.525,0
2024-04-04 17:00:00,27.75,28.19,27.67,28.15,7746.449,0
2024-04-04 18:00:00,28.15,28.21,27.86,27.89,6428.567,0
2024-04-04 19:00:00,27.89,28.02,27.81,27.82,4022.315,0
2024-04-04 20:00:00,27.84,27.86,27.26,27.63,18489.54,0
2024-04-04 21:00:00,27.6,27.69,27.42,27.57,2974.788,0
2024-04-04 22:00:00,27.57,27.6,27.4,27.47,3195.444,0
2024-04-04 23:00:00,27.47,27.7,27.46,27.66,1223.616,0
2024-04-05 00:00:00,27.64,27.72,27.52,27.7,3977.98,0
2024-04-05 01:00:00,27.69,27.72,27.34,27.46,1539.298,0
2024-04-05 02:00:00,27.43,27.45,26.93,27.03,6639.767,0
2024-04-05 03:00:00,27.01,27.37,27.0,27.35,4866.326,0
2024-04-05 04:00:00,27.35,27.4,26.94,27.07,3584.874,0
2024-04-05 05:00:00,27.09,27.11,26.51,26.99,9968.576,0
2024-04-05 06:00:00,26.94,27.43,26.93,27.24,8047.899,0
2024-04-05 07:00:00,27.22,27.44,27.0,27.2,6035.987,0
2024-04-05 08:00:00,27.2,27.48,27.08,27.28,4018.849,0
2024-04-05 09:00:00,27.28,27.28,26.86,27.15,7756.705,0
2024-04-05 10:00:00,27.15,27.19,26.77,27.02,3646.038,0
2024-04-05 11:00:00,27.06,27.1,26.65,26.66,3646.061,0
2024-04-05 12:00:00,26.69,27.09,26.5,27.09,11057.394,0
2024-04-05 13:00:00,27.07,27.22,26.92,27.15,4592.203,0
2024-04-05 14:00:00,27.13,27.38,27.04,27.33,2413.038,0
2024-04-05 15:00:00,27.34,27.5,27.26,27.47,4133.08,0
2024-04-05 16:00:00,27.47,27.61,27.26,27.35,1749.06,0
2024-04-05 17:00:00,27.34,27.39,27.21,27.29,995.096,0
2024-04-05 18:00:00,27.29,27.4,27.2,27.36,1678.199,0
2024-04-05 19:00:00,27.39,27.49,27.28,27.31,1425.854,0
2024-04-05 20:00:00,27.3,27.46,27.27,27.37,1202.972,0
2024-04-05 21:00:00,27.34,27.46,27.33,27.33,1044.437,0
2024-04-05 22:00:00,27.34,27.4,27.29,27.29,341.458,0
2024-04-05 23:00:00,27.3,27.39,27.26,27.29,420.3,0
2024-04-06 00:00:00,27.29,27.49,27.15,27.31,2279.241,0
2024-04-06 01:00:00,27.34,27.57,27.3,27.34,4471.103,0
2024-04-06 02:00:00,27.35,27.41,27.26,27.38,701.795,0
2024-04-06 03:00:00,27.39,27.59,27.35,27.41,3875.573,0
2024-04-06 04:00:00,27.43,27.5,27.34,27.42,1809.55,0
2024-04-06 05:00:00,27.42,27.59,27.42,27.53,796.106,0
2024-04-06 06:00:00,27.5,27.6,27.45,27.58,1014.046,0
2024-04-06 07:00:00,27.56,27.62,27.46,27.55,1195.105,0
2024-04-06 08:00:00,27.55,27.62,27.49,27.59,2737.362,0
2024-04-06 09:00:00,27.61,27.66,27.48,27.59,4927.98,0
2024-04-06 10:00:00,27.6,27.68,27.57,27.65,1468.976,0
2024-04-06 11:00:00,27.64,27.71,27.59,27.66,1948.371,0
2024-04-06 12:00:00,27.64,27.67,27.35,27.48,4980.696,0
2024-04-06 13:00:00,27.48,27.48,27.23,27.26,3715.269,0
2024-04-06 14:00:00,27.25,27.49,27.24,27.41,3293.757,0
2024-04-06 15:00:00,27.41,27.58,27.41,27.52,3544.681,0
2024-04-06 16:00:00,27.56,27.59,27.46,27.58,1908.179,0
2024-04-06 17:00:00,27.57,27.68,27.5,27.58,1878.86,0
2024-04-06 18:00:00,27.57,27.57,27.39,27.41,1360.363,0
2024-04-06 19:00:00,27.41,27.47,27.3,27.34,2991.118,0
2024-04-06 20:00:00,27.34,27.5,27.31,27.5,683.478,0
2024-04-06 21:00:00,27.51,27.54,27.41,27.41,595.974,0
2024-04-06 22:00:00,27.42,27.63,27.37,27.62,1183.311,0
2024-04-06 23:00:00,27.63,27.86,27.46,27.49,5515.687,0
2024-04-07 00:00:00,27.5,27.65,27.44,27.63,1436.135,0
2024-04-07 01:00:00,27.64,27.89,27.62,27.84,3147.398,0
2024-04-07 02:00:00,27.86,27.9,27.77,27.78,749.704,0
2024-04-07 03:00:00,27.78,27.89,27.77,27.86,1508.518,0
2024-04-07 04:00:00,27.87,27.88,27.64,27.78,5513.37,0
2024-04-07 05:00:00,27.78,27.88,27.76,27.83,3007.761,0
2024-04-07 06:00:00,27.83,27.85,27.63,27.68,1811.142,0
2024-04-07 07:00:00,27.7,27.73,27.6,27.71,3124.271,0
2024-04-07 08:00:00,27.69,27.87,27.69,27.86,857.115,0
2024-04-07 09:00:00,27.83,27.86,27.6,27.66,3366.254,0
2024-04-07 10:00:00,27.65,27.9,27.64,27.85,5766.855,0
2024-04-07 11:00:00,27.85,28.06,27.76,27.96,4743.463,0
2024-04-07 12:00:00,27.96,28.06,27.94,28.03,2379.05,0
2024-04-07 13:00:00,28.02,28.14,27.83,28.03,7094.813,0
2024-04-07 14:00:00,28.05,28.14,27.97,28.02,5022.61,0
2024-04-07 15:00:00,28.02,28.09,27.78,27.87,3948.334,0
2024-04-07 16:00:00,27.84,28.1,27.83,27.95,3772.42,0
2024-04-07 17:00:00,27.93,27.96,27.75,27.82,3942.503,0
2024-04-07 18:00:00,27.83,27.84,27.6,27.71,3998.182,0
2024-04-07 19:00:00,27.7,27.72,27.49,27.57,2141.624,0
2024-04-07 20:00:00,27.54,27.78,27.54,27.74,2032.606,0
2024-04-07 21:00:00,27.74,27.85,27.69,27.69,1197.438,0
2024-04-07 22:00:00,27.7,27.79,27.55,27.72,1454.964,0
2024-04-07 23:00:00,27.7,27.91,27.7,27.86,2010.679,0
2024-04-08 00:00:00,27.84,27.96,27.71,27.85,3861.939,0
2024-04-08 01:00:00,27.81,28.01,27.7,27.9,2812.503,0
2024-04-08 02:00:00,27.9,27.92,27.54,27.61,3645.819,0
2024-04-08 03:00:00,27.61,27.65,27.47,27.54,4311.979,0
2024-04-08 04:00:00,27.53,27.57,27.32,27.41,2430.096,0
2024-04-08 05:00:00,27.42,27.49,27.36,27.45,2516.439,0
2024-04-08 06:00:00,27.45,27.49,27.38,27.44,3580.612,0
2024-04-08 07:00:00,27.43,27.87,27.4,27.77,6128.502,0
2024-04-08 08:00:00,27.77,28.26,27.75,28.16,12987.225,0
2024-04-08 09:00:00,28.21,28.4,28.11,28.31,10457.655,0
2024-04-08 10:00:00,28.31,28.4,28.09,28.34,11179.765,0
2024-04-08 11:00:00,28.37,28.43,28.31,28.41,5890.681,0
2024-04-08 12:00:00,28.41,28.43,28.2,28.25,6955.617,0
2024-04-08 13:00:00,28.26,28.54,28.22,28.44,8222.219,0
2024-04-08 14:00:00,28.44,28.47,28.22,28.38,5246.885,0
2024-04-08 15:00:00,28.37,28.47,28.31,28.41,3905.497,0
2024-04-08 16:00:00,28.42,28.7,28.38,28.61,9819.028,0
2024-04-08 17:00:00,28.61,28.65,28.45,28.61,2179.02,0
2024-04-08 18:00:00,28.6,28.65,28.47,28.55,3704.548,0
2024-04-08 19:00:00,28.55,28.59,28.48,28.58,1891.538,0
2024-04-08 20:00:00,28.58,28.59,28.45,28.54,2596.22,0
2024-04-08 21:00:00,28.54,28.63,28.46,28.62,5431.522,0
2024-04-08 22:00:00,28.61,28.68,28.55,28.68,4135.154,0
2024-04-08 23:00:00,28.68,28.69,28.47,28.52,2775.507,0
2024-04-09 00:00:00,28.53,28.6,28.36,28.51,5746.815,0
2024-04-09 01:00:00,28.5,28.51,28.21,28.38,7465.077,0
2024-04-09 02:00:00,28.38,28.55,28.32,28.41,2804.844,0
2024-04-09 03:00:00,28.41,28.42,28.21,28.3,2729.074,0
2024-04-09 04:00:00,28.31,28.63,28.18,28.62,5163.836,0
2024-04-09 05:00:00,28.62,28.81,28.49,28.81,7419.872,0
2024-04-09 06:00:00,28.81,28.81,28.27,28.34,7696.963,0
2024-04-09 07:00:00,28.38,28.59,28.12,28.23,7386.936,0
2024-04-09 08:00:00,28.23,28.61,27.84,28.59,15145.451,0
2024-04-09 09:00:00,28.61,28.65,28.41,28.49,7587.896,0
2024-04-09 10:00:00,28.49,28.54,28.29,28.5,4463.905,0
2024-04-09 11:00:00,28.5,28.55,28.44,28.49,3796.782,0
2024-04-09 12:00:00,28.49,28.6,28.37,28.5,4390.046,0
2024-04-09 13:00:00,28.52,28.57,28.19,28.22,14362.078,0
2024-04-09 14:00:00,28.21,28.41,27.64,27.92,15153.887,0
2024-04-09 15:00:00,27.92,28.0,27.46,28.0,9014.262,0
2024-04-09 16:00:00,28.0,28.14,27.84,27.89,6373.999,0
2024-04-09 17:00:00,27.88,28.1,27.64,28.01,8876.7,0
2024-04-09 18:00:00,28.0,28.09,27.94,28.0,1648.849,0
2024-04-09 19:00:00,27.99,28.07,27.87,27.97,2781.297,0
2024-04-09 20:00:00,27.98,28.08,27.93,27.99,1435.083,0
2024-04-09 21:00:00,27.97,27.99,27.74,27.89,1123.273,0
2024-04-09 22:00:00,27.88,27.98,27.82,27.93,932.517,0
2024-04-09 23:00:00,27.92,27.93,27.42,27.62,2936.249,0
2024-04-10 00:00:00,27.61,27.78,27.51,27.52,18928.915,0
2024-04-10 01:00:00,27.52,27.55,27.18,27.49,6583.253,0
2024-04-10 02:00:00,27.52,27.71,26.84,26.96,13341.829,0
2024-04-10 03:00:00,26.94,27.22,26.86,27.21,7097.289,0
2024-04-10 04:00:00,27.18,27.27,27.08,27.2,3979.118,0
2024-04-10 05:00:00,27.21,27.37,27.21,27.26,1765.245,0
2024-04-10 06:00:00,27.26,27.46,27.2,27.32,2800.759,0
2024-04-10 07:00:00,27.31,27.36,27.21,27.26,2876.644,0
2024-04-10 08:00:00,27.27,27.27,27.0,27.13,6974.922,0
2024-04-10 09:00:00,27.08,27.3,27.01,27.15,5482.017,0
2024-04-10 10:00:00,27.15,27.15,26.8,27.09,7747.999,0
2024-04-10 11:00:00,27.1,27.13,26.97,27.06,3152.978,0
2024-04-10 12:00:00,27.04,27.09,26.0,26.79,32338.547,0
2024-04-10 13:00:00,26.77,26.77,26.47,26.67,8501.152,0
2024-04-10 14:00:00,26.65,26.99,26.41,26.85,17621.85,0
2024-04-10 15:00:00,26.85,26.94,26.74,26.85,4586.421,0
2024-04-10 16:00:00,26.85,27.19,26.68,27.17,6210.478,0
2024-04-10 17:00:00,27.17,27.18,26.98,27.06,7830.192,0
2024-04-10 18:00:00,27.02,27.03,26.74,26.83,3658.385,0
2024-04-10 19:00:00,26.83,27.07,26.75,27.06,3285.744,0
2024-04-10 20:00:00,27.05,27.09,26.9,26.92,1492.129,0
2024-04-10 21:00:00,26.92,26.96,26.81,26.9,1494.177,0
2024-04-10 22:00:00,26.91,27.17,26.91,27.01,2800.056,0
2024-04-10 23:00:00,27.02,27.07,26.9,27.05,3372.336,0
2024-04-11 00:00:00,27.06,27.21,26.95,27.17,4274.116,0
2024-04-11 01:00:00,27.14,27.19,26.98,27.01,2724.44,0
2024-04-11 02:00:00,27.02,27.12,26.94,27.06,2036.053,0
2024-04-11 03:00:00,27.08,27.08,26.99,27.02,1184.715,0
2024-04-11 04:00:00,27.04,27.04,26.83,27.01,2444.902,0
2024-04-11 05:00:00,27.02,27.02,26.91,26.93,4810.464,0
2024-04-11 06:00:00,26.95,27.1,26.95,27.07,1468.366,0
2024-04-11 07:00:00,27.09,27.16,27.04,27.07,2446.288,0
2024-04-11 08:00:00,27.08,27.17,27.03,27.1,2768.206,0
2024-04-11 09:00:00,27.09,27.12,26.82,26.83,1530.984,0
2024-04-11 10:00:00,26.85,26.9,26.7,26.73,1776.865,0
2024-04-11 11:00:00,26.73,26.79,26.45,26.49,6957.431,0
2024-04-11 12:00:00,26.49,26.82,26.35,26.74,6421.216,0
2024-04-11 13:00:00,26.73,26.92,26.42,26.7,9828.583,0
2024-04-11 14:00:00,26.67,26.67,26.23,26.5,11269.387,0
2024-04-11 15:00:00,26.49,26.62,26.44,26.6,1257.147,0
2024-04-11 16:00:00,26.58,26.76,26.31,26.57,4167.863,0
2024-04-11 17:00:00,26.55,26.81,26.55,26.6,2908.071,0
2024-04-11 18:00:00,26.62,26.62,26.35,26.47,5388.686,0
2024-04-11 19:00:00,26.46,26.6,26.37,26.55,2365.119,0
2024-04-11 20:00:00,26.56,26.76,26.54,26.74,2261.138,0
2024-04-11 21:00:00,26.73,26.74,26.45,26.47,3801.864,0
2024-04-11 22:00:00,26.47,26.63,26.46,26.46,4169.994,0
2024-04-11 23:00:00,26.45,26.57,26.34,26.52,2822.006,0
2024-04-12 00:00:00,26.52,26.75,26.51,26.73,2775.985,0
2024-04-12 01:00:00,26.73,26.77,26.66,26.73,1518.006,0
2024-04-12 02:00:00,26.74,26.88,26.69,26.75,3350.617,0
2024-04-12 03:00:00,26.77,26.95,26.73,26.92,3674.047,0
2024-04-12 04:00:00,26.9,26.99,26.82,26.97,1597.051,0
2024-04-12 05:00:00,26.96,27.03,26.9,26.96,2630.971,0
2024-04-12 06:00:00,26.98,26.99,26.71,26.82,5180.179,0
2024-04-12 07:00:00,26.82,26.91,26.65,26.75,4738.855,0
2024-04-12 08:00:00,26.74,26.91,26.7,26.76,5963.406,0
2024-04-12 09:00:00,26.76,26.81,26.55,26.67,11809.589,0
2024-04-12 10:00:00,26.65,26.66,26.49,26.64,7980.88,0
2024-04-12 11:00:00,26.64,26.97,26.61,26.9,3997.897,0
2024-04-12 12:00:00,26.9,26.91,26.53,26.59,4698.088,0
2024-04-12 13:00:00,26.59,26.59,26.05,26.2,13064.257,0
2024-04-12 14:00:00,26.18,26.42,26.08,26.22,8908.635,0
2024-04-12 15:00:00,26.22,26.5,26.16,26.37,7337.733,0
2024-04-12 16:00:00,26.36,26.37,25.69,26.2,10543.888,0
2024-04-12 17:00:00,26.15,26.2,24.69,24.94,52272.531,0
2024-04-12 18:00:00,24.94,24.97,21.5,21.72,93335.514,0
2024-04-12 19:00:00,21.73,22.6,21.55,22.49,58533.078,0
2024-04-12 20:00:00,22.49,23.4,22.41,23.23,31088.109,0
2024-04-12 21:00:00,23.22,23.29,22.99,23.29,7122.93,0
2024-04-12 22:00:00,23.29,23.29,22.81,22.97,10056.027,0
2024-04-12 23:00:00,22.97,23.42,22.81,23.23,11405.865,0
2024-04-13 00:00:00,23.21,23.58,23.06,23.16,10606.239,0
2024-04-13 01:00:00,23.15,23.22,22.36,22.48,18483.144,0
2024-04-13 02:00:00,22.47,23.24,22.47,23.04,8550.634,0
2024-04-13 03:00:00,23.02,23.49,22.9,23.43,5380.395,0
2024-04-13 04:00:00,23.41,23.63,23.25,23.54,4588.429,0
2024-04-13 05:00:00,23.55,23.7,23.37,23.44,4542.042,0
2024-04-13 06:00:00,23.45,23.72,23.45,23.69,4081.585,0
2024-04-13 07:00:00,23.7,23.76,23.46,23.59,5060.139,0
2024-04-13 08:00:00,23.58,23.66,23.37,23.4,3035.617,0
2024-04-13 09:00:00,23.37,23.57,23.32,23.49,6019.541,0
2024-04-13 10:00:00,23.5,23.85,23.4,23.6,9084.973,0
2024-04-13 11:00:00,23.6,23.84,23.5,23.51,4591.853,0
2024-04-13 12:00:00,23.51,23.8,23.39,23.71,6966.286,0
2024-04-13 13:00:00,23.71,23.77,23.53,23.58,3611.875,0
2024-04-13 14:00:00,23.6,23.69,23.47,23.56,3390.149,0
2024-04-13 15:00:00,23.54,23.9,23.45,23.5,6136.875,0
2024-04-13 16:00:00,23.51,23.61,22.94,23.06,9774.482,0
2024-04-13 17:00:00,23.06,23.06,21.72,22.32,37822.305,0
2024-04-13 18:00:00,22.37,22.93,22.07,22.9,16786.661,0
2024-04-13 19:00:00,22.87,22.95,20.11,20.74,36335.213,0
2024-04-13 20:00:00,20.72,20.95,17.94,18.64,121817.645,0
2024-04-13 21:00:00,18.64,19.64,17.94,19.64,54797.737,0
2024-04-13 22:00:00,19.64,20.69,19.23,20.53,63586.0,0
2024-04-13 23:00:00,20.52,20.77,20.37,20.48,23610.2,0
2024-04-14 00:00:00,20.44,20.62,19.73,19.95,22107.928,0
2024-04-14 01:00:00,19.96,20.44,19.8,20.3,14044.857,0
2024-04-14 02:00:00,20.3,20.44,20.09,20.32,7861.051,0
2024-04-14 03:00:00,20.33,20.52,19.79,20.29,21376.164,0
2024-04-14 04:00:00,20.31,20.97,20.23,20.84,14837.597,0
2024-04-14 05:00:00,20.85,21.37,20.76,21.26,11117.055,0
2024-04-14 06:00:00,21.26,21.79,21.01,21.6,16786.006,0
2024-04-14 07:00:00,21.61,21.7,21.39,21.67,11612.216,0
2024-04-14 08:00:00,21.68,21.86,21.52,21.6,7496.987,0
2024-04-14 09:00:00,21.6,21.83,21.44,21.53,10573.762,0
2024-04-14 10:00:00,21.53,21.68,21.42,21.49,11163.464,0
2024-04-14 11:00:00,21.5,21.55,20.73,20.94,10102.783,0
2024-04-14 12:00:00,20.94,21.37,20.82,21.07,12329.212,0
2024-04-14 13:00:00,21.12,21.32,20.72,20.72,7022.0,0
2024-04-14 14:00:00,20.76,21.12,20.47,20.88,12193.237,0
2024-04-14 15:00:00,20.87,21.21,20.78,20.95,8804.035,0
2024-04-14 16:00:00,20.93,21.47,20.9,21.14,8963.504,0
2024-04-14 17:00:00,21.14,21.28,20.18,20.81,26831.819,0
2024-04-14 18:00:00,20.78,21.36,20.7,21.26,7462.83,0
2024-04-14 19:00:00,21.27,21.34,20.98,21.09,2519.421,0
2024-04-14 20:00:00,21.08,21.27,20.84,20.92,5405.736,0
2024-04-14 21:00:00,20.9,21.12,20.82,21.12,10432.972,0
2024-04-14 22:00:00,21.12,22.08,21.11,21.97,10587.321,0
2024-04-14 23:00:00,21.95,22.13,21.84,21.97,3383.642,0
2024-04-15 00:00:00,21.97,22.06,21.58,21.7,5290.231,0
2024-04-15 01:00:00,21.66,21.87,21.46,21.82,2134.856,0
2024-04-15 02:00:00,21.79,21.85,21.52,21.7,1957.431,0
2024-04-15 03:00:00,21.71,21.93,21.65,21.87,1909.775,0
2024-04-15 04:00:00,21.87,21.93,21.52,21.79,4627.578,0
2024-04-15 05:00:00,21.78,22.17,21.77,22.13,5775.957,0
2024-04-15 06:00:00,22.1,22.89,22.07,22.85,31050.514,0
2024-04-15 07:00:00,22.83,22.95,22.66,22.76,10941.343,0
2024-04-15 08:00:00,22.76,22.9,22.56,22.61,5691.366,0
2024-04-15 09:00:00,22.61,22.77,22.48,22.62,5802.548,0
2024-04-15 10:00:00,22.62,22.72,22.47,22.67,6884.331,0
2024-04-15 11:00:00,22.67,22.76,22.17,22.19,11700.458,0
2024-04-15 12:00:00,22.2,22.41,22.19,22.38,8957.582,0
2024-04-15 13:00:00,22.39,22.66,22.12,22.23,13548.688,0
2024-04-15 14:00:00,22.23,22.51,21.4,21.52,23571.368,0
2024-04-15 15:00:00,21.52,22.03,21.23,21.78,27491.787,0
2024-04-15 16:00:00,21.8,21.9,21.18,21.24,12676.036,0
2024-04-15 17:00:00,21.28,21.71,20.91,21.13,18626.252,0
2024-04-15 18:00:00,21.12,21.28,20.66,20.7,8790.654,0
2024-04-15 19:00:00,20.7,21.65,20.39,21.53,11147.412,0
2024-04-15 20:00:00,21.49,21.63,21.09,21.14,4845.563,0
2024-04-15 21:00:00,21.14,21.39,20.95,21.29,3307.248,0
2024-04-15 22:00:00,21.27,21.38,21.02,21.38,1748.964,0
2024-04-15 23:00:00,21.34,21.34,21.01,21.2,3709.428,0
2024-04-16 00:00:00,21.23,21.44,20.73,20.99,8976.169,0
2024-04-16 01:00:00,21.02,21.45,20.91,21.12,3654.556,0
2024-04-16 02:00:00,21.11,21.31,20.9,21.27,2306.402,0
2024-04-16 03:00:00,21.26,21.36,20.77,20.96,3278.702,0
2024-04-16 04:00:00,20.97,21.04,20.3,20.72,5426.341,0
2024-04-16 05:00:00,20.72,21.05,20.63,20.91,4108.3,0
2024-04-16 06:00:00,20.92,21.47,20.92,21.38,5018.264,0
2024-04-16 07:00:00,21.39,21.81,21.38,21.72,5025.181,0
2024-04-16 08:00:00,21.72,21.75,21.51,21.56,3556.549,0
2024-04-16 09:00:00,21.59,21.7,21.4,21.44,2609.714,0
2024-04-16 10:00:00,21.43,21.48,20.7,21.29,17524.755,0
2024-04-16 11:00:00,21.29,21.49,21.02,21.45,6127.543,0
2024-04-16 12:00:00,21.43,21.47,21.0,21.05,7727.259,0
2024-04-16 13:00:00,21.07,21.2,20.65,21.0,12655.509,0
2024-04-16 14:00:00,21.0,21.3,20.73,20.78,3836.253,0
2024-04-16 15:00:00,20.79,20.96,20.58,20.71,9083.387,0
2024-04-16 16:00:00,20.66,21.15,20.54,21.12,5964.674,0
2024-04-16 17:00:00,21.12,21.4,20.95,21.09,9325.885,0
2024-04-16 18:00:00,21.11,21.32,20.96,21.28,2719.157,0
2024-04-16 19:00:00,21.3,21.39,21.0,21.1,2973.664,0
2024-04-16 20:00:00,21.1,21.29,21.02,21.21,3858.369,0
2024-04-16 21:00:00,21.21,21.5,21.2,21.44,3511.275,0
2024-04-16 22:00:00,21.45,21.51,21.31,21.48,4910.885,0
2024-04-16 23:00:00,21.45,21.55,21.36,21.43,8566.132,0
2024-04-17 00:00:00,21.39,21.54,21.19,21.43,11218.891,0
2024-04-17 01:00:00,21.42,21.43,21.1,21.27,3678.047,0
2024-04-17 02:00:00,21.23,21.64,21.05,21.32,10088.994,0
2024-04-17 03:00:00,21.32,21.35,21.17,21.27,3038.33,0
2024-04-17 04:00:00,21.27,21.57,21.12,21.54,6198.378,0
2024-04-17 05:00:00,21.53,22.09,21.2,21.28,13148.563,0
2024-04-17 06:00:00,21.27,21.38,21.17,21.27,3393.046,0
2024-04-17 07:00:00,21.31,21.34,21.06,21.23,2454.665,0
2024-04-17 08:00:00,21.24,21.39,20.98,21.11,8279.863,0
2024-04-17 09:00:00,21.09,21.22,21.05,21.16,4727.113,0
2024-04-17 10:00:00,21.17,21.23,20.94,20.99,4568.458,0
2024-04-17 11:00:00,20.98,21.07,20.65,20.66,6267.271,0
2024-04-17 12:00:00,20.67,20.74,20.39,20.59,11984.557,0
2024-04-17 13:00:00,20.59,20.95,20.59,20.65,15724.282,0
2024-04-17 14:00:00,20.64,20.66,20.05,20.45,20029.828,0
2024-04-17 15:00:00,20.49,20.55,20.13,20.32,12792.409,0
2024-04-17 16:00:00,20.3,20.69,20.1,20.39,11830.817,0
2024-04-17 17:00:00,20.38,21.06,20.38,20.97,8455.363,0
2024-04-17 18:00:00,21.0,21.46,20.94,21.28,6054.98,0
2024-04-17 19:00:00,21.28,21.28,20.92,21.08,6349.329,0
2024-04-17 20:00:00,21.11,21.26,20.86,20.88,2471.945,0
2024-04-17 21:00:00,20.93,21.43,20.91,21.25,5244.604,0
2024-04-17 22:00:00,21.23,21.28,21.13,21.21,598.967,0
2024-04-17 23:00:00,21.22,21.31,20.99,21.05,3701.694,0
2024-04-18 00:00:00,21.04,21.13,20.55,20.98,4318.597,0
2024-04-18 01:00:00,20.97,21.24,20.92,21.07,6630.593,0
2024-04-18 02:00:00,21.05,21.17,20.89,21.08,6255.014,0
2024-04-18 03:00:00,21.14,21.33,21.14,21.23,2440.906,0
2024-04-18 04:00:00,21.24,21.37,21.17,21.18,5881.621,0
2024-04-18 05:00:00,21.17,21.27,20.97,20.97,6008.206,0
2024-04-18 06:00:00,20.97,21.04,20.63,20.79,6254.164,0
2024-04-18 07:00:00,20.8,20.9,20.49,20.66,10030.168,0
2024-04-18 08:00:00,20.67,20.88,20.44,20.84,4681.678,0
2024-04-18 09:00:00,20.83,21.09,20.8,21.02,9780.496,0
2024-04-18 10:00:00,21.03,21.17,20.92,21.13,5008.875,0
2024-04-18 11:00:00,21.13,21.63,21.13,21.52,14286.145,0
2024-04-18 12:00:00,21.51,21.57,21.11,21.32,11988.966,0
2024-04-18 13:00:00,21.33,21.61,21.24,21.54,8945.861,0
2024-04-18 14:00:00,21.53,21.98,21.43,21.8,9950.607,0
2024-04-18 15:00:00,21.84,22.0,21.74,21.86,3019.023,0
2024-04-18 16:00:00,21.88,21.91,21.63,21.69,3606.86,0
2024-04-18 17:00:00,21.67,21.72,21.35,21.4,2936.009,0
2024-04-18 18:00:00,21.43,21.8,21.34,21.79,2724.867,0
2024-04-18 19:00:00,21.76,21.89,21.62,21.75,15460.917,0
2024-04-18 20:00:00,21.76,21.9,21.61,21.9,8572.055,0
2024-04-18 21:00:00,21.9,22.0,21.83,22.0,2381.461,0
2024-04-18 22:00:00,21.96,22.15,21.93,22.01,2702.168,0
2024-04-18 23:00:00,22.01,22.16,21.96,22.02,1740.621,0
2024-04-19 00:00:00,22.0,22.0,21.68,21.68,5167.631,0
2024-04-19 01:00:00,21.67,21.67,20.73,20.81,13248.565,0
2024-04-19 02:00:00,20.77,20.93,20.23,20.89,12802.518,0
2024-04-19 03:00:00,20.84,21.42,20.82,21.29,5003.923,0
2024-04-19 04:00:00,21.29,21.68,21.28,21.55,8019.835,0
2024-04-19 05:00:00,21.57,21.62,21.32,21.44,1859.928,0
2024-04-19 06:00:00,21.42,22.71,21.33,22.57,21659.051,0
2024-04-19 07:00:00,22.6,22.73,22.32,22.46,18044.231,0
2024-04-19 08:00:00,22.45,22.88,22.44,22.85,6404.573,0
2024-04-19 09:00:00,22.84,22.87,22.55,22.81,5864.873,0
2024-04-19 10:00:00,22.79,22.85,22.49,22.68,5797.004,0
2024-04-19 11:00:00,22.69,22.78,22.51,22.57,7567.743,0
2024-04-19 12:00:00,22.58,22.67,22.41,22.5,8306.03,0
2024-04-19 13:00:00,22.49,22.72,22.3,22.68,4879.584,0
2024-04-19 14:00:00,22.66,22.69,22.15,22.38,6171.253,0
2024-04-19 15:00:00,22.37,22.53,22.33,22.42,2857.367,0
2024-04-19 16:00:00,22.43,22.56,22.06,22.41,4724.529,0
2024-04-19 17:00:00,22.42,22.64,22.35,22.59,4958.921,0
2024-04-19 18:00:00,22.56,22.56,22.29,22.34,3828.599,0
2024-04-19 19:00:00,22.33,22.64,22.31,22.62,4349.485,0
2024-04-19 20:00:00,22.61,22.61,22.22,22.37,2826.873,0
2024-04-19 21:00:00,22.39,22.53,22.39,22.47,2104.903,0
2024-04-19 22:00:00,22.45,22.53,22.3,22.31,5602.295,0
2024-04-19 23:00:00,22.29,22.37,21.8,22.25,6854.648,0
2024-04-20 00:00:00,22.25,22.43,22.02,22.06,7904.691,0
2024-04-20 01:00:00,22.04,22.51,21.93,22.43,2431.466,0
2024-04-20 02:00:00,22.4,22.84,22.38,22.53,7497.304,0
2024-04-20 03:00:00,22.54,22.61,22.34,22.5,5894.64,0
2024-04-20 04:00:00,22.5,22.62,22.45,22.57,955.214,0
2024-04-20 05:00:00,22.56,22.62,22.36,22.54,8875.645,0
2024-04-20 06:00:00,22.51,22.65,22.5,22.57,1215.345,0
2024-04-20 07:00:00,22.6,22.63,22.49,22.54,1127.823,0
2024-04-20 08:00:00,22.53,22.55,22.38,22.41,1608.025,0
2024-04-20 09:00:00,22.46,22.48,22.25,22.43,2441.507,0
2024-04-20 10:00:00,22.46,22.54,22.33,22.46,2632.253,0
2024-04-20 11:00:00,22.47,22.54,22.44,22.47,2364.21,0
2024-04-20 12:00:00,22.46,22.65,22.45,22.61,2715.818,0
2024-04-20 13:00:00,22.62,22.65,22.48,22.55,6402.214,0
2024-04-20 14:00:00,22.55,22.61,22.49,22.58,3377.476,0
2024-04-20 15:00:00,22.58,22.94,22.51,22.94,3714.056,0
2024-04-20 16:00:00,22.94,23.13,22.8,23.05,6471.991,0
2024-04-20 17:00:00,23.06,23.4,23.05,23.39,3167.678,0
2024-04-20 18:00:00,23.39,23.41,23.06,23.13,5531.553,0
2024-04-20 19:00:00,23.15,23.23,22.99,23.22,2282.885,0
2024-04-20 20:00:00,23.21,23.36,23.19,23.27,3877.502,0
2024-04-20 21:00:00,23.28,23.33,23.13,23.15,1925.125,0
2024-04-20 22:00:00,23.16,23.16,23.05,23.06,1557.863,0
2024-04-20 23:00:00,23.04,23.26,23.04,23.24,1693.32,0
2024-04-21 00:00:00,23.23,23.28,22.87,23.04,3369.864,0
2024-04-21 01:00:00,23.04,23.37,23.04,23.29,4401.896,0
2024-04-21 02:00:00,23.29,23.57,23.26,23.44,3697.241,0
2024-04-21 03:00:00,23.43,23.52,23.24,23.35,3946.804,0
2024-04-21 04:00:00,23.32,23.36,23.15,23.32,2336.48,0
2024-04-21 05:00:00,23.3,23.33,23.08,23.19,4047.576,0
2024-04-21 06:00:00,23.15,23.27,23.11,23.17,1154.868,0
2024-04-21 07:00:00,23.21,23.31,23.08,23.27,2513.475,0
2024-04-21 08:00:00,23.28,23.3,23.03,23.03,2967.515,0
2024-04-21 09:00:00,23.05,23.1,22.94,23.01,3704.168,0
2024-04-21 10:00:00,23.0,23.04,22.75,22.97,7300.901,0
2024-04-21 11:00:00,22.94,23.2,22.9,23.02,7457.74,0
2024-04-21 12:00:00,23.0,23.09,22.87,22.9,2885.216,0
2024-04-21 13:00:00,22.92,22.97,22.57,22.68,3718.786,0
2024-04-21 14:00:00,22.68,22.88,22.65,22.73,2814.174,0
2024-04-21 15:00:00,22.72,23.02,22.72,22.91,3088.33,0
2024-04-21 16:00:00,22.91,24.08,22.39,22.51,38445.706,0
2024-04-21 17:00:00,22.54,22.69,22.4,22.64,11333.623,0
2024-04-21 18:00:00,22.63,22.63,22.44,22.51,4384.262,0
2024-04-21 19:00:00,22.53,22.67,22.49,22.57,1593.443,0
2024-04-21 20:00:00,22.57,22.72,22.47,22.65,3016.428,0
2024-04-21 21:00:00,22.66,23.01,22.59,22.71,4755.742,0
2024-04-21 22:00:00,22.66,22.9,22.63,22.77,2226.746,0
2024-04-21 23:00:00,22.76,22.78,22.62,22.73,2366.09,0
2024-04-22 00:00:00,22.75,23.08,22.7,22.83,3080.313,0
2024-04-22 01:00:00,22.82,23.07,22.68,22.71,6385.621,0
2024-04-22 02:00:00,22.74,22.85,22.65,22.83,1339.66,0
2024-04-22 03:00:00,22.83,23.15,22.78,23.01,5786.802,0
2024-04-22 04:00:00,23.01,23.46,22.99,23.35,14406.484,0
2024-04-22 05:00:00,23.36,24.4,23.33,24.13,33512.853,0
2024-04-22 06:00:00,24.15,24.29,23.85,23.96,9667.845,0
2024-04-22 07:00:00,23.96,24.32,23.68,23.73,7549.436,0
2024-04-22 08:00:00,23.73,23.76,23.48,23.52,3171.809,0
2024-04-22 09:00:00,23.52,23.69,23.5,23.68,1754.706,0
2024-04-22 10:00:00,23.68,23.85,23.67,23.8,1124.911,0
2024-04-22 11:00:00,23.79,23.79,23.56,23.62,1898.31,0
2024-04-22 12:00:00,23.62,23.83,23.61,23.81,3615.608,0
2024-04-22 13:00:00,23.81,23.93,23.6,23.78,2323.532,0
2024-04-22 14:00:00,23.76,24.19,23.76,23.87,11799.798,0
2024-04-22 15:00:00,23.84,24.04,23.61,23.97,4604.88,0
2024-04-22 16:00:00,23.97,24.14,23.78,23.9,4515.271,0
2024-04-22 17:00:00,23.95,24.13,23.93,24.02,3807.8,0
2024-04-22 18:00:00,23.97,24.11,23.93,24.05,4603.808,0
2024-04-22 19:00:00,24.04,24.13,23.91,24.1,1639.395,0
2024-04-22 20:00:00,24.1,24.3,24.02,24.2,2246.891,0
2024-04-22 21:00:00,24.19,24.4,24.1,24.28,4743.858,0
2024-04-22 22:00:00,24.31,24.44,24.27,24.39,6643.321,0
2024-04-22 23:00:00,24.4,24.55,24.26,24.3,5930.0,0
2024-04-23 00:00:00,24.3,24.48,24.17,24.41,6915.89,0
2024-04-23 01:00:00,24.41,24.43,24.19,24.22,6003.055,0
2024-04-23 02:00:00,24.22,24.32,23.93,24.06,4954.533,0
2024-04-23 03:00:00,24.06,24.14,23.84,23.89,9094.258,0
2024-04-23 04:00:00,23.87,24.03,23.75,23.86,2144.61,0
2024-04-23 05:00:00,23.9,24.08,23.81,23.99,5053.013,0
2024-04-23 06:00:00,23.96,24.04,23.75,23.81,1847.48,0
2024-04-23 07:00:00,23.79,23.91,23.55,23.69,5343.149,0
2024-04-23 08:00:00,23.7,24.09,23.7,24.05,3479.559,0
2024-04-23 09:00:00,24.06,24.16,23.89,23.94,1707.407,0
2024-04-23 10:00:00,24.0,24.07,23.92,23.94,1510.72,0
2024-04-23 11:00:00,23.94,23.97,23.74,23.91,1518.011,0
2024-04-23 12:00:00,23.91,24.06,23.88,23.95,2760.345,0
2024-04-23 13:00:00,23.94,24.14,23.8,24.1,6101.07,0
2024-04-23 14:00:00,24.1,24.27,24.01,24.25,5256.417,0
2024-04-23 15:00:00,24.26,24.38,23.99,24.02,6014.685,0
2024-04-23 16:00:00,24.05,24.18,23.93,23.95,4482.921,0
2024-04-23 17:00:00,23.97,24.1,23.84,24.03,5307.463,0
2024-04-23 18:00:00,24.02,24.02,23.81,23.94,3796.262,0
2024-04-23 19:00:00,23.93,24.46,23.83,24.45,6633.398,0
2024-04-23 20:00:00,24.45,24.46,24.13,24.15,4196.052,0
2024-04-23 21:00:00,24.14,24.15,24.0,24.06,2593.615,0
2024-04-23 22:00:00,24.03,24.09,23.86,23.9,2107.679,0
2024-04-23 23:00:00,23.9,23.97,23.76,23.97,1580.636,0
2024-04-24 00:00:00,23.95,24.02,23.77,23.97,2558.697,0
2024-04-24 01:00:00,23.97,24.3,23.93,24.17,5942.009,0
2024-04-24 02:00:00,24.17,24.22,23.91,24.07,3712.551,0
2024-04-24 03:00:00,24.06,24.22,24.03,24.13,2070.647,0
2024-04-24 04:00:00,24.12,24.44,24.09,24.42,1551.597,0
2024-04-24 05:00:00,24.4,24.45,24.14,24.2,2804.476,0
2024-04-24 06:00:00,24.19,24.33,23.96,24.21,4783.097,0
2024-04-24 07:00:00,24.2,24.25,24.01,24.04,2795.027,0
2024-04-24 08:00:00,24.04,24.16,23.99,24.02,2025.949,0
2024-04-24 09:00:00,24.03,24.14,23.81,24.05,3374.972,0
2024-04-24 10:00:00,24.05,24.34,24.0,24.28,5125.987,0
2024-04-24 11:00:00,24.28,24.43,24.23,24.33,2868.526,0
2024-04-24 12:00:00,24.34,24.42,24.18,24.23,3807.972,0
2024-04-24 13:00:00,24.22,24.23,23.89,23.93,6735.578,0
2024-04-24 14:00:00,23.92,24.04,23.19,23.48,13245.764,0
2024-04-24 15:00:00,23.49,23.57,23.15,23.2,4092.556,0
2024-04-24 16:00:00,23.17,23.5,23.06,23.31,8782.067,0
2024-04-24 17:00:00,23.32,23.51,23.3,23.39,3762.324,0
2024-04-24 18:00:00,23.39,23.39,22.9,23.05,2478.303,0
2024-04-24 19:00:00,23.07,23.29,22.8,23.16,2130.734,0
2024-04-24 20:00:00,23.16,23.27,22.95,23.08,2243.032,0
2024-04-24 21:00:00,23.03,23.18,22.89,23.13,2751.715,0
2024-04-24 22:00:00,23.12,23.14,22.71,22.84,3017.757,0
2024-04-24 23:00:00,22.77,22.91,22.61,22.91,3199.752,0
2024-04-25 00:00:00,22.88,23.16,22.84,23.02,4927.657,0
2024-04-25 01:00:00,23.04,23.2,22.83,22.85,2322.288,0
2024-04-25 02:00:00,22.83,23.03,22.69,22.81,7305.254,0
2024-04-25 03:00:00,22.82,22.89,22.54,22.63,4228.92,0
2024-04-25 04:00:00,22.65,22.81,22.28,22.78,5549.378,0
2024-04-25 05:00:00,22.78,22.94,22.62,22.84,3461.181,0
2024-04-25 06:00:00,22.81,22.88,22.73,22.81,1579.749,0
2024-04-25 07:00:00,22.81,22.91,22.66,22.73,2457.324,0
2024-04-25 08:00:00,22.73,22.82,22.52,22.7,5569.797,0
2024-04-25 09:00:00,22.68,22.86,22.57,22.66,3873.059,0
2024-04-25 10:00:00,22.67,22.67,22.33,22.52,3618.841,0
2024-04-25 11:00:00,22.54,22.83,22.52,22.77,5860.366,0
2024-04-25 12:00:00,22.74,22.92,22.42,22.5,3327.626,0
2024-04-25 13:00:00,22.49,22.83,22.35,22.8,3824.158,0
2024-04-25 14:00:00,22.79,23.15,22.79,22.91,4834.765,0
2024-04-25 15:00:00,22.91,23.3,22.89,23.28,6301.197,0
2024-04-25 16:00:00,23.27,23.44,23.23,23.42,3876.348,0
2024-04-25 17:00:00,23.44,23.62,23.31,23.51,3547.59,0
2024-04-25 18:00:00,23.49,23.6,23.39,23.58,4717.339,0
2024-04-25 19:00:00,23.58,23.58,23.33,23.43,1471.828,0
2024-04-25 20:00:00,23.48,23.57,23.32,23.49,2366.224,0
2024-04-25 21:00:00,23.49,23.54,23.34,23.42,3219.465,0
2024-04-25 22:00:00,23.39,23.49,23.28,23.33,5735.003,0
2024-04-25 23:00:00,23.33,23.44,23.18,23.34,2278.946,0
2024-04-26 00:00:00,23.34,23.42,22.95,23.09,2310.31,0
2024-04-26 01:00:00,23.07,23.32,22.67,23.2,8333.928,0
2024-04-26 02:00:00,23.18,23.41,23.13,23.3,1776.124,0
2024-04-26 03:00:00,23.3,23.36,22.98,23.01,1777.001,0
2024-04-26 04:00:00,22.99,23.23,22.85,23.09,3305.384,0
2024-04-26 05:00:00,23.07,23.35,23.06,23.35,2139.287,0
2024-04-26 06:00:00,23.33,23.36,23.03,23.06,1760.142,0
2024-04-26 07:00:00,23.05,23.19,22.94,22.99,1960.408,0
2024-04-26 08:00:00,22.99,23.12,22.91,23.01,1263.927,0
2024-04-26 09:00:00,23.0,23.1,22.91,22.99,4584.903,0
2024-04-26 10:00:00,22.99,23.04,22.66,22.73,4302.603,0
2024-04-26 11:00:00,22.73,22.96,22.73,22.88,2978.837,0
2024-04-26 12:00:00,22.88,23.08,22.81,22.89,6052.334,0
2024-04-26 13:00:00,22.91,23.12,22.58,23.09,5116.104,0
2024-04-26 14:00:00,23.08,23.25,22.75,22.78,14148.063,0
2024-04-26 15:00:00,22.8,22.98,22.57,22.88,9840.063,0
2024-04-26 16:00:00,22.85,22.96,22.76,22.84,3740.126,0
2024-04-26 17:00:00,22.85,23.01,22.83,23.01,998.856,0
2024-04-26 18:00:00,23.01,23.07,22.92,23.04,1309.547,0
2024-04-26 19:00:00,23.03,23.11,22.96,23.04,1140.55,0
2024-04-26 20:00:00,23.04,23.22,23.04,23.11,1188.35,0
2024-04-26 21:00:00,23.11,23.14,23.0,23.07,1332.24,0
2024-04-26 22:00:00,23.06,23.06,22.77,22.83,2300.342,0
2024-04-26 23:00:00,22.85,22.92,22.83,22.88,1121.741,0
2024-04-27 00:00:00,22.89,23.07,22.68,22.9,3686.755,0
2024-04-27 01:00:00,22.9,22.9,22.12,22.47,11727.148,0
2024-04-27 02:00:00,22.48,22.83,22.46,22.74,2009.158,0
2024-04-27 03:00:00,22.74,22.93,22.74,22.85,941.817,0
2024-04-27 04:00:00,22.84,22.99,22.82,22.96,1793.02,0
2024-04-27 05:00:00,23.0,23.02,22.75,22.83,1813.016,0
2024-04-27 06:00:00,22.82,22.93,22.71,22.77,1738.407,0
2024-04-27 07:00:00,22.72,22.82,22.66,22.68,2086.602,0
2024-04-27 08:00:00,22.68,22.77,22.6,22.7,1933.626,0
2024-04-27 09:00:00,22.7,22.74,22.58,22.7,1938.467,0
2024-04-27 10:00:00,22.7,22.73,22.58,22.61,3672.627,0
2024-04-27 11:00:00,22.61,22.83,22.48,22.69,3209.359,0
2024-04-27 12:00:00,22.67,23.0,22.61,22.95,5057.378,0
2024-04-27 13:00:00,22.95,23.08,22.91,23.01,3386.245,0
2024-04-27 14:00:00,23.0,23.06,22.81,22.84,2324.674,0
2024-04-27 15:00:00,22.84,22.98,22.64,22.66,5706.043,0
2024-04-27 16:00:00,22.68,22.78,22.52,22.67,5412.597,0
2024-04-27 17:00:00,22.66,23.11,22.66,23.07,3539.107,0
2024-04-27 18:00:00,23.11,23.12,22.74,23.07,5289.616,0
2024-04-27 19:00:00,23.06,23.14,22.94,23.13,2538.782,0
2024-04-27 20:00:00,23.12,23.22,23.07,23.18,1063.71,0
2024-04-27 21:00:00,23.16,23.21,23.09,23.19,2076.196,0
2024-04-27 22:00:00,23.17,23.18,23.02,23.1,2866.364,0
2024-04-27 23:00:00,23.09,23.27,23.09,23.22,922.745,0
2024-04-28 00:00:00,23.26,23.48,23.22,23.42,3893.797,0
2024-04-28 01:00:00,23.45,23.51,23.31,23.47,4717.465,0
2024-04-28 02:00:00,23.47,23.62,23.34,23.57,10303.451,0
2024-04-28 03:00:00,23.58,23.65,23.45,23.48,1294.056,0
2024-04-28 04:00:00,23.43,23.49,23.28,23.36,3114.458,0
2024-04-28 05:00:00,23.36,23.42,23.28,23.32,3674.895,0
2024-04-28 06:00:00,23.32,23.32,23.19,23.28,1823.481,0
2024-04-28 07:00:00,23.28,23.33,23.2,23.28,1197.6,0
2024-04-28 08:00:00,23.28,23.31,23.01,23.13,2316.123,0
2024-04-28 09:00:00,23.15,23.23,23.04,23.13,1244.571,0
2024-04-28 10:00:00,23.13,23.19,23.0,23.1,1533.201,0
2024-04-28 11:00:00,23.12,23.12,22.81,22.9,6149.397,0
2024-04-28 12:00:00,22.9,23.02,22.89,22.99,6402.479,0
2024-04-28 13:00:00,22.97,23.28,22.96,23.21,3976.309,0
2024-04-28 14:00:00,23.2,23.25,23.06,23.19,7837.912,0
2024-04-28 15:00:00,23.19,23.21,22.89,22.92,4892.503,0
2024-04-28 16:00:00,22.91,23.1,22.89,22.96,5278.321,0
2024-04-28 17:00:00,22.94,23.13,22.94,23.09,4398.131,0
2024-04-28 18:00:00,23.1,23.18,23.08,23.18,5020.22,0
2024-04-28 19:00:00,23.17,23.21,22.99,23.08,5185.577,0
2024-04-28 20:00:00,23.07,23.14,23.06,23.14,806.165,0
2024-04-28 21:00:00,23.12,23.14,22.98,22.99,1627.802,0
2024-04-28 22:00:00,23.0,23.06,22.67,22.72,1975.411,0
2024-04-28 23:00:00,22.71,22.71,22.39,22.48,5954.946,0
2024-04-29 00:00:00,22.47,22.65,22.43,22.61,1624.241,0
2024-04-29 01:00:00,22.63,22.74,22.5,22.67,947.21,0
2024-04-29 02:00:00,22.68,22.72,22.28,22.35,3598.878,0
2024-04-29 03:00:00,22.37,22.51,22.14,22.18,6365.726,0
2024-04-29 04:00:00,22.17,22.43,22.14,22.41,1684.095,0
2024-04-29 05:00:00,22.41,22.41,22.2,22.37,1437.812,0
2024-04-29 06:00:00,22.37,22.39,21.9,22.06,8665.347,0
2024-04-29 07:00:00,22.08,22.24,22.03,22.21,5631.229,0
2024-04-29 08:00:00,22.22,22.23,21.98,22.16,3197.309,0
2024-04-29 09:00:00,22.15,22.27,22.05,22.16,6092.231,0
2024-04-29 10:00:00,22.17,22.33,22.05,22.15,2690.23,0
2024-04-29 11:00:00,22.15,22.19,22.01,22.07,2013.412,0
2024-04-29 12:00:00,22.07,22.19,21.93,22.15,4604.718,0
2024-04-29 13:00:00,22.18,22.19,21.79,21.88,4655.32,0
2024-04-29 14:00:00,21.9,22.2,21.8,22.17,4316.642,0
2024-04-29 15:00:00,22.17,22.65,22.13,22.52,17851.878,0
2024-04-29 16:00:00,22.5,22.74,22.46,22.6,9835.702,0
2024-04-29 17:00:00,22.6,22.65,22.44,22.49,8294.721,0
2024-04-29 18:00:00,22.5,22.79,22.36,22.66,12631.458,0
2024-04-29 19:00:00,22.67,22.67,22.29,22.31,11659.236,0
2024-04-29 20:00:00,22.31,22.4,22.17,22.23,4705.302,0
2024-04-29 21:00:00,22.23,22.27,22.11,22.17,1884.973,0
2024-04-29 22:00:00,22.18,22.63,22.15,22.55,3065.774,0
2024-04-29 23:00:00,22.55,22.64,22.34,22.36,4295.057,0
2024-04-30 00:00:00,22.36,22.56,22.23,22.49,3339.118,0
2024-04-30 01:00:00,22.49,22.52,22.13,22.15,2626.298,0
2024-04-30 02:00:00,22.14,22.5,21.98,22.47,4451.546,0
2024-04-30 03:00:00,22.46,22.48,22.35,22.41,795.357,0
2024-04-30 04:00:00,22.43,22.46,22.29,22.36,1339.016,0
2024-04-30 05:00:00,22.36,22.42,22.19,22.3,2839.84,0
2024-04-30 06:00:00,22.3,22.33,22.24,22.29,1447.645,0
2024-04-30 07:00:00,22.29,22.31,21.98,22.0,4512.351,0
2024-04-30 08:00:00,22.0,22.08,21.42,21.54,14253.034,0
2024-04-30 09:00:00,21.53,21.74,21.41,21.45,7179.51,0
2024-04-30 10:00:00,21.45,21.52,21.2,21.28,6421.309,0
2024-04-30 11:00:00,21.28,21.28,20.92,21.06,8368.489,0
2024-04-30 12:00:00,21.07,21.18,20.62,20.96,9687.864,0
2024-04-30 13:00:00,20.94,21.03,20.68,20.78,4638.587,0
2024-04-30 14:00:00,20.78,21.16,20.78,21.0,6146.087,0
2024-04-30 15:00:00,21.01,21.12,20.72,20.87,7540.993,0
2024-04-30 16:00:00,20.87,20.93,20.46,20.88,12501.194,0
2024-04-30 17:00:00,20.87,20.96,20.75,20.83,4826.88,0
2024-04-30 18:00:00,20.83,20.92,20.73,20.9,5709.622,0
2024-04-30 19:00:00,20.89,20.95,20.58,20.68,6917.324,0
2024-04-30 20:00:00,20.69,21.16,20.68,21.11,4682.322,0
2024-04-30 21:00:00,21.1,21.27,21.09,21.14,2644.766,0
2024-04-30 22:00:00,21.14,21.48,21.1,21.36,1819.372,0
2024-04-30 23:00:00,21.3,21.46,21.23,21.35,4614.685,0
2024-05-01 00:00:00,21.34,21.42,21.09,21.14,4956.544,0
2024-05-01 01:00:00,21.14,21.31,20.97,21.26,1888.159,0
2024-05-01 02:00:00,21.28,21.31,20.98,21.23,3387.338,0
2024-05-01 03:00:00,21.23,21.4,21.22,21.38,742.746,0
2024-05-01 04:00:00,21.38,21.49,21.37,21.46,438.185,0
2024-05-01 05:00:00,21.45,21.55,21.29,21.35,3397.798,0
2024-05-01 06:00:00,21.36,21.37,21.01,21.03,5352.896,0
2024-05-01 07:00:00,21.03,21.08,20.34,20.59,14779.34,0
2024-05-01 08:00:00,20.59,20.65,20.18,20.57,16484.955,0
2024-05-01 09:00:00,20.57,20.88,20.54,20.73,3448.98,0
2024-05-01 10:00:00,20.71,20.84,20.65,20.79,10306.363,0
2024-05-01 11:00:00,20.79,20.88,20.65,20.88,3506.678,0
2024-05-01 12:00:00,20.87,21.06,20.74,20.99,3352.259,0
2024-05-01 13:00:00,21.0,21.05,20.76,20.91,7451.207,0
2024-05-01 14:00:00,20.9,21.06,20.8,21.0,3461.292,0
2024-05-01 15:00:00,20.99,21.01,20.71,20.99,2888.705,0
2024-05-01 16:00:00,20.99,21.15,20.87,20.98,2067.177,0
2024-05-01 17:00:00,20.95,21.39,20.92,21.3,13097.241,0
2024-05-01 18:00:00,21.3,22.09,21.29,21.92,11572.378,0
2024-05-01 19:00:00,21.92,22.03,21.32,21.48,8392.681,0
2024-05-01 20:00:00,21.47,21.92,21.4,21.65,17385.666,0
2024-05-01 21:00:00,21.65,21.85,21.61,21.76,2442.632,0
2024-05-01 22:00:00,21.74,21.92,21.74,21.91,2369.014,0
2024-05-01 23:00:00,21.9,22.34,21.89,22.23,2979.662,0
2024-05-02 00:00:00,22.22,22.37,22.03,22.05,10782.965,0
2024-05-02 01:00:00,22.05,22.17,21.66,21.82,8685.113,0
2024-05-02 02:00:00,21.87,21.89,21.63,21.83,5308.804,0
2024-05-02 03:00:00,21.88,22.13,21.88,22.03,1185.262,0
2024-05-02 04:00:00,22.01,22.08,21.7,21.76,1992.397,0
2024-05-02 05:00:00,21.77,21.91,21.61,21.69,3514.719,0
2024-05-02 06:00:00,21.69,22.0,21.57,21.78,7206.49,0
2024-05-02 07:00:00,21.78,21.88,21.72,21.73,2536.628,0
2024-05-02 08:00:00,21.72,21.99,21.67,21.99,1293.323,0
2024-05-02 09:00:00,21.96,22.13,21.93,22.1,1918.744,0
2024-05-02 10:00:00,22.11,22.27,22.02,22.23,4005.212,0
2024-05-02 11:00:00,22.24,22.81,22.24,22.75,8025.175,0
2024-05-02 12:00:00,22.75,22.93,22.64,22.68,4952.245,0
2024-05-02 13:00:00,22.69,22.73,22.29,22.41,2848.54,0
2024-05-02 14:00:00,22.35,22.76,22.31,22.67,1678.122,0
2024-05-02 15:00:00,22.67,22.84,22.64,22.71,2517.61,0
2024-05-02 16:00:00,22.72,22.72,22.47,22.56,4387.121,0
2024-05-02 17:00:00,22.57,22.68,22.46,22.66,8763.886,0
2024-05-02 18:00:00,22.64,22.73,22.46,22.6,7599.787,0
2024-05-02 19:00:00,22.59,22.77,22.5,22.74,4116.422,0
2024-05-02 20:00:00,22.74,22.74,22.53,22.7,2821.225,0
2024-05-02 21:00:00,22.69,22.99,22.69,22.91,3860.762,0
2024-05-02 22:00:00,22.93,23.07,22.84,22.94,5486.088,0
2024-05-02 23:00:00,22.94,23.05,22.73,22.76,5672.71,0
2024-05-03 00:00:00,22.76,22.79,22.54,22.68,9564.269,0
2024-05-03 01:00:00,22.67,22.94,22.64,22.77,3388.878,0
2024-05-03 02:00:00,22.76,22.96,22.74,22.78,1825.268,0
2024-05-03 03:00:00,22.79,22.82,22.58,22.63,3509.816,0
2024-05-03 04:00:00,22.64,22.68,22.49,22.56,1333.91,0
2024-05-03 05:00:00,22.57,22.7,22.51,22.64,2040.541,0
2024-05-03 06:00:00,22.61,22.69,22.5,22.59,3319.088,0
2024-05-03 07:00:00,22.56,22.64,22.39,22.46,2214.019,0
2024-05-03 08:00:00,22.48,22.58,22.38,22.41,5472.157,0
2024-05-03 09:00:00,22.41,22.52,22.35,22.49,4038.323,0
2024-05-03 10:00:00,22.49,22.5,22.17,22.4,4541.681,0
2024-05-03 11:00:00,22.39,22.41,22.28,22.35,2036.16,0
2024-05-03 12:00:00,22.36,22.87,22.3,22.81,5907.691,0
2024-05-03 13:00:00,22.79,23.07,22.75,23.07,6843.278,0
2024-05-03 14:00:00,23.07,23.12,22.84,23.0,5117.084,0
2024-05-03 15:00:00,23.01,23.2,22.9,23.14,5037.206,0
2024-05-03 16:00:00,23.14,23.44,23.14,23.34,3939.565,0
2024-05-03 17:00:00,23.35,23.36,23.2,23.26,4972.623,0
2024-05-03 18:00:00,23.26,23.27,23.11,23.12,1632.414,0
2024-05-03 19:00:00,23.11,23.23,23.04,23.18,1963.474,0
2024-05-03 20:00:00,23.18,23.38,23.15,23.25,2841.623,0
2024-05-03 21:00:00,23.26,23.36,23.12,23.19,2375.867,0
2024-05-03 22:00:00,23.19,23.23,23.13,23.14,2733.798,0
2024-05-03 23:00:00,23.13,23.19,22.97,23.02,2403.955,0
2024-05-04 00:00:00,23.03,23.13,22.95,23.08,3869.907,0
2024-05-04 01:00:00,23.08,23.12,22.87,22.87,4038.655,0
2024-05-04 02:00:00,22.88,22.98,22.72,22.92,5844.396,0
2024-05-04 03:00:00,22.91,23.04,22.87,22.95,1245.712,0
2024-05-04 04:00:00,22.95,23.12,22.92,23.06,2049.21,0
2024-05-04 05:00:00,23.05,23.1,22.94,23.07,3691.596,0
2024-05-04 06:00:00,23.07,23.07,22.81,22.81,2550.454,0
2024-05-04 07:00:00,22.82,22.93,22.82,22.86,1022.992,0
2024-05-04 08:00:00,22.86,22.99,22.86,22.94,598.865,0
2024-05-04 09:00:00,22.94,23.03,22.9,22.95,1513.351,0
2024-05-04 10:00:00,22.95,23.28,22.89,23.27,2769.819,0
2024-05-04 11:00:00,23.28,23.35,22.96,22.99,6102.128,0
2024-05-04 12:00:00,22.99,23.21,22.97,23.2,2244.208,0
2024-05-04 13:00:00,23.19,23.22,22.99,23.16,4135.867,0
2024-05-04 14:00:00,23.16,23.28,23.04,23.25,2046.252,0
2024-05-04 15:00:00,23.26,23.27,23.13,23.24,1355.057,0
2024-05-04 16:00:00,23.25,23.32,23.13,23.31,2770.531,0
2024-05-04 17:00:00,23.3,23.3,23.1,23.25,1713.214,0
2024-05-04 18:00:00,23.24,23.32,23.21,23.25,2758.403,0
2024-05-04 19:00:00,23.25,23.31,23.19,23.28,1120.51,0
2024-05-04 20:00:00,23.28,23.33,23.19,23.22,2135.768,0
2024-05-04 21:00:00,23.23,23.24,22.99,23.14,2318.743,0
2024-05-04 22:00:00,23.14,23.24,23.1,23.13,3598.606,0
2024-05-04 23:00:00,23.13,23.14,23.02,23.1,1335.875,0
2024-05-05 00:00:00,23.1,23.17,22.86,22.99,4062.903,0
2024-05-05 01:00:00,22.99,23.05,22.63,22.92,9020.879,0
2024-05-05 02:00:00,22.92,22.94,22.72,22.74,2358.854,0
2024-05-05 03:00:00,22.74,22.81,22.65,22.77,1408.833,0
2024-05-05 04:00:00,22.77,22.81,22.71,22.72,744.72,0
2024-05-05 05:00:00,22.73,22.81,22.63,22.66,1952.164,0
2024-05-05 06:00:00,22.68,22.82,22.64,22.66,3929.078,0
2024-05-05 07:00:00,22.67,22.88,22.65,22.81,1069.459,0
2024-05-05 08:00:00,22.81,22.98,22.79,22.89,3928.28,0
2024-05-05 09:00:00,22.89,22.99,22.77,22.92,1849.67,0
2024-05-05 10:00:00,22.92,23.1,22.91,23.04,4765.395,0
2024-05-05 11:00:00,23.04,23.09,22.98,23.05,2752.603,0
2024-05-05 12:00:00,23.05,23.06,22.95,23.01,5432.694,0
2024-05-05 13:00:00,23.01,23.14,22.94,23.07,9907.251,0
2024-05-05 14:00:00,23.07,23.13,22.83,23.13,9106.48,0
2024-05-05 15:00:00,23.13,23.31,23.06,23.25,6608.788,0
2024-05-05 16:00:00,23.25,23.29,23.1,23.17,2192.932,0
2024-05-05 17:00:00,23.17,23.32,23.15,23.18,2945.429,0
2024-05-05 18:00:00,23.18,23.2,22.99,23.06,2424.947,0
2024-05-05 19:00:00,23.06,23.07,22.98,23.01,875.486,0
2024-05-05 20:00:00,23.0,23.15,22.9,23.04,4171.49,0
2024-05-05 21:00:00,23.03,23.05,22.95,23.01,1781.57,0
2024-05-05 22:00:00,23.02,23.11,22.92,23.06,3699.236,0
2024-05-05 23:00:00,23.06,23.19,23.03,23.09,4428.907,0
2024-05-06 00:00:00,23.09,23.41,23.07,23.39,7554.624,0
2024-05-06 01:00:00,23.37,23.49,23.22,23.25,1480.145,0
2024-05-06 02:00:00,23.24,23.34,23.0,23.0,1506.665,0
2024-05-06 03:00:00,23.0,23.13,22.92,23.12,2278.591,0
2024-05-06 04:00:00,23.12,23.22,23.04,23.22,2018.758,0
2024-05-06 05:00:00,23.21,23.49,23.11,23.41,4811.751,0
2024-05-06 06:00:00,23.4,23.44,23.22,23.28,5568.14,0
2024-05-06 07:00:00,23.27,23.5,23.27,23.5,3549.17,0
2024-05-06 08:00:00,23.49,23.82,23.46,23.67,5800.54,0
2024-05-06 09:00:00,23.67,23.95,23.63,23.88,6582.922,0
2024-05-06 10:00:00,23.88,24.01,23.14,23.36,11713.609,0
2024-05-06 11:00:00,23.36,23.54,23.31,23.44,3880.456,0
2024-05-06 12:00:00,23.44,23.46,22.9,23.09,8163.907,0
2024-05-06 13:00:00,23.1,23.35,23.06,23.31,3766.56,0
2024-05-06 14:00:00,23.34,23.4,22.95,22.95,3721.759,0
2024-05-06 15:00:00,22.97,23.23,22.82,23.15,5182.21,0
2024-05-06 16:00:00,23.15,23.26,22.98,23.02,3677.269,0
2024-05-06 17:00:00,23.02,23.78,22.97,23.16,22102.552,0
2024-05-06 18:00:00,23.16,23.23,23.03,23.15,4155.962,0
2024-05-06 19:00:00,23.15,23.16,22.95,23.11,4128.854,0
2024-05-06 20:00:00,23.11,23.22,23.08,23.17,2022.716,0
2024-05-06 21:00:00,23.18,23.25,23.03,23.06,7225.914,0
2024-05-06 22:00:00,23.07,23.07,22.98,23.04,2446.492,0
2024-05-06 23:00:00,23.05,23.05,22.84,22.86,2551.001,0
2024-05-07 00:00:00,22.86,23.09,22.74,23.04,5737.691,0
2024-05-07 01:00:00,23.04,23.22,23.0,23.12,8341.427,0
2024-05-07 02:00:00,23.13,23.37,23.03,23.14,5442.945,0
2024-05-07 03:00:00,23.15,23.17,22.7,22.83,10931.781,0
2024-05-07 04:00:00,22.82,23.02,22.81,22.98,3328.863,0
2024-05-07 05:00:00,22.97,23.05,22.8,22.93,3399.58,0
2024-05-07 06:00:00,22.93,22.98,22.73,22.86,2560.21,0
2024-05-07 07:00:00,22.86,23.6,22.84,22.86,5883.62,0
2024-05-07 08:00:00,22.86,23.28,22.81,23.24,9663.635,0
2024-05-07 09:00:00,23.25,23.29,23.06,23.08,3848.181,0
2024-05-07 10:00:00,23.07,23.1,22.88,23.04,2401.148,0
2024-05-07 11:00:00,23.04,23.12,22.77,22.84,4613.302,0
2024-05-07 12:00:00,22.84,23.21,22.81,22.97,9168.112,0
2024-05-07 13:00:00,22.97,23.03,22.73,22.8,2900.18,0
2024-05-07 14:00:00,22.8,23.04,22.72,23.01,3458.304,0
2024-05-07 15:00:00,23.01,23.09,22.81,22.83,4722.59,0
2024-05-07 16:00:00,22.83,23.0,22.82,22.99,4880.811,0
2024-05-07 17:00:00,22.99,23.08,22.91,23.01,4037.62,0
2024-05-07 18:00:00,23.01,23.07,22.91,23.06,2844.266,0
2024-05-07 19:00:00,23.07,23.09,22.89,22.9,3478.697,0
2024-05-07 20:00:00,22.91,22.97,22.72,22.78,6986.979,0
2024-05-07 21:00:00,22.78,22.94,22.65,22.79,2083.11,0
2024-05-07 22:00:00,22.77,22.86,22.57,22.64,6833.103,0
2024-05-07 23:00:00,22.62,22.64,22.37,22.42,5180.358,0
2024-05-08 00:00:00,22.43,22.61,22.33,22.56,2605.804,0
2024-05-08 01:00:00,22.56,22.6,22.31,22.39,4910.87,0
2024-05-08 02:00:00,22.38,22.62,22.38,22.56,3358.284,0
2024-05-08 03:00:00,22.55,22.62,22.5,22.6,1662.485,0
2024-05-08 04:00:00,22.61,23.23,22.35,22.47,21698.514,0
2024-05-08 05:00:00,22.47,22.57,22.31,22.51,4657.764,0
2024-05-08 06:00:00,22.51,22.57,22.27,22.44,4313.113,0
2024-05-08 07:00:00,22.44,22.52,22.25,22.31,2305.626,0
2024-05-08 08:00:00,22.3,22.46,22.26,22.4,2785.853,0
2024-05-08 09:00:00,22.4,22.48,22.28,22.47,2212.571,0
2024-05-08 10:00:00,22.47,22.62,22.43,22.56,5543.366,0
2024-05-08 11:00:00,22.55,22.56,22.33,22.41,2515.402,0
2024-05-08 12:00:00,22.42,22.6,22.27,22.44,2944.591,0
2024-05-08 13:00:00,22.42,23.2,22.4,22.84,13634.918,0
2024-05-08 14:00:00,22.83,23.3,22.65,22.95,8118.117,0
2024-05-08 15:00:00,22.95,23.08,22.71,22.92,4815.436,0
2024-05-08 16:00:00,22.92,23.01,22.74,22.88,2930.463,0
2024-05-08 17:00:00,22.87,23.26,22.86,23.1,9529.119,0
2024-05-08 18:00:00,23.09,23.45,23.03,23.13,5089.166,0
2024-05-08 19:00:00,23.14,23.4,23.05,23.29,14790.533,0
2024-05-08 20:00:00,23.28,23.37,22.95,23.07,10418.846,0
2024-05-08 21:00:00,23.05,23.26,22.92,23.25,3214.404,0
2024-05-08 22:00:00,23.25,23.62,23.21,23.54,11116.189,0
2024-05-08 23:00:00,23.54,23.71,23.38,23.49,5746.973,0
2024-05-09 00:00:00,23.49,23.49,23.16,23.32,5525.439,0
2024-05-09 01:00:00,23.32,23.44,23.11,23.34,3161.396,0
2024-05-09 02:00:00,23.35,23.56,23.34,23.55,2867.85,0
2024-05-09 03:00:00,23.54,23.63,23.4,23.45,2903.837,0
2024-05-09 04:00:00,23.46,23.62,23.26,23.31,3364.644,0
2024-05-09 05:00:00,23.31,23.43,23.31,23.38,3032.488,0
2024-05-09 06:00:00,23.38,23.5,23.35,23.43,5671.211,0
2024-05-09 07:00:00,23.43,23.43,23.09,23.14,5378.227,0
2024-05-09 08:00:00,23.14,23.3,23.07,23.22,2363.808,0
2024-05-09 09:00:00,23.22,23.27,22.97,23.2,4991.426,0
2024-05-09 10:00:00,23.19,23.2,22.94,22.94,3607.517,0
2024-05-09 11:00:00,22.94,23.25,22.88,23.2,3427.716,0
2024-05-09 12:00:00,23.21,23.44,23.16,23.36,2530.192,0
2024-05-09 13:00:00,23.36,23.49,23.03,23.19,5618.327,0
2024-05-09 14:00:00,23.18,23.53,23.14,23.52,3979.242,0
2024-05-09 15:00:00,23.51,23.85,23.51,23.68,6001.088,0
2024-05-09 16:00:00,23.67,23.86,23.4,23.44,16619.797,0
2024-05-09 17:00:00,23.44,23.59,23.4,23.47,2881.21,0
2024-05-09 18:00:00,23.47,23.59,23.46,23.54,1539.691,0
2024-05-09 19:00:00,23.54,23.54,23.44,23.48,1508.455,0
2024-05-09 20:00:00,23.49,23.54,23.41,23.53,3295.565,0
2024-05-09 21:00:00,23.53,23.57,23.44,23.49,1569.102,0
2024-05-09 22:00:00,23.48,23.61,23.45,23.57,1622.787,0
2024-05-09 23:00:00,23.56,23.57,23.36,23.46,2241.084,0
2024-05-10 00:00:00,23.46,23.6,23.41,23.54,1735.751,0
2024-05-10 01:00:00,23.54,23.65,23.45,23.62,2435.735,0
2024-05-10 02:00:00,23.62,23.69,23.58,23.63,1396.235,0
2024-05-10 03:00:00,23.66,23.7,23.55,23.6,1262.175,0
2024-05-10 04:00:00,23.62,23.7,23.58,23.7,949.536,0
2024-05-10 05:00:00,23.7,23.77,23.63,23.75,2320.729,0
2024-05-10 06:00:00,23.75,23.83,23.71,23.82,1887.569,0
2024-05-10 07:00:00,23.83,23.88,23.74,23.81,3069.744,0
2024-05-10 08:00:00,23.8,23.92,23.76,23.84,2277.406,0
2024-05-10 09:00:00,23.85,24.04,23.8,24.0,4459.094,0
2024-05-10 10:00:00,24.01,24.07,23.96,24.0,3196.52,0
2024-05-10 11:00:00,24.0,24.01,23.86,23.99,2662.602,0
2024-05-10 12:00:00,23.98,23.98,23.67,23.76,3625.595,0
2024-05-10 13:00:00,23.76,23.88,23.68,23.85,2257.994,0
2024-05-10 14:00:00,23.85,23.86,23.12,23.38,16121.62,0
2024-05-10 15:00:00,23.35,23.52,23.16,23.17,14532.47,0
2024-05-10 16:00:00,23.15,23.39,22.95,23.39,8507.599,0
2024-05-10 17:00:00,23.38,23.4,23.08,23.21,9644.621,0
2024-05-10 18:00:00,23.21,23.25,22.98,23.14,5237.846,0
2024-05-10 19:00:00,23.16,23.16,22.9,22.96,4394.536,0
2024-05-10 20:00:00,22.97,23.08,22.81,22.92,8509.319,0
2024-05-10 21:00:00,22.91,23.04,22.87,22.93,3244.645,0
2024-05-10 22:00:00,22.95,22.96,22.7,22.84,3710.92,0
2024-05-10 23:00:00,22.84,22.95,22.83,22.85,2461.094,0
2024-05-11 00:00:00,22.86,22.96,22.77,22.82,1711.11,0
2024-05-11 01:00:00,22.83,23.04,22.81,22.93,3299.141,0
2024-05-11 02:00:00,22.94,23.05,22.82,22.87,4482.296,0
2024-05-11 03:00:00,22.86,22.88,22.7,22.72,1380.102,0
2024-05-11 04:00:00,22.71,22.77,22.65,22.66,1304.082,0
2024-05-11 05:00:00,22.66,22.82,22.66,22.75,1308.077,0
2024-05-11 06:00:00,22.76,22.79,22.64,22.68,1683.655,0
2024-05-11 07:00:00,22.68,22.94,22.65,22.87,3445.646,0
2024-05-11 08:00:00,22.86,22.88,22.68,22.72,1719.011,0
2024-05-11 09:00:00,22.71,22.82,22.69,22.8,2628.015,0
2024-05-11 10:00:00,22.8,22.84,22.58,22.65,3853.969,0
2024-05-11 11:00:00,22.66,22.74,22.52,22.67,1658.902,0
2024-05-11 12:00:00,22.68,22.82,22.67,22.76,2681.245,0
2024-05-11 13:00:00,22.75,22.94,22.74,22.91,2454.421,0
2024-05-11 14:00:00,22.91,22.92,22.72,22.74,3005.261,0
2024-05-11 15:00:00,22.75,23.0,22.75,22.93,4478.465,0
2024-05-11 16:00:00,22.92,23.05,22.91,22.94,3829.172,0
2024-05-11 17:00:00,22.95,22.96,22.83,22.87,1187.765,0
2024-05-11 18:00:00,22.87,22.89,22.79,22.81,867.359,0
2024-05-11 19:00:00,22.82,22.82,22.68,22.78,1624.46,0
2024-05-11 20:00:00,22.78,22.79,22.62,22.67,1878.427,0
2024-05-11 21:00:00,22.68,22.68,22.6,22.65,722.53,0
2024-05-11 22:00:00,22.64,22.68,22.55,22.57,1644.876,0
2024-05-11 23:00:00,22.57,22.61,22.45,22.5,5104.112,0
2024-05-12 00:00:00,22.5,22.64,22.46,22.57,717.23,0
2024-05-12 01:00:00,22.57,22.6,22.54,22.54,822.194,0
2024-05-12 02:00:00,22.53,22.59,22.52,22.55,1709.328,0
2024-05-12 03:00:00,22.54,22.63,22.52,22.63,1016.136,0
2024-05-12 04:00:00,22.62,22.98,22.61,22.95,2185.711,0
2024-05-12 05:00:00,22.94,22.99,22.81,22.92,2369.77,0
2024-05-12 06:00:00,22.93,22.94,22.8,22.82,1221.276,0
2024-05-12 07:00:00,22.82,22.83,22.62,22.66,891.328,0
2024-05-12 08:00:00,22.66,22.73,22.58,22.65,489.94,0
2024-05-12 09:00:00,22.62,22.7,22.6,22.65,2473.858,0
2024-05-12 10:00:00,22.68,22.95,22.64,22.9,4135.273,0
2024-05-12 11:00:00,22.89,22.9,22.78,22.78,945.126,0
2024-05-12 12:00:00,22.78,22.89,22.77,22.84,786.305,0
2024-05-12 13:00:00,22.85,22.9,22.79,22.87,1156.786,0
2024-05-12 14:00:00,22.88,22.92,22.82,22.84,617.049,0
2024-05-12 15:00:00,22.84,22.93,22.81,22.88,1722.936,0
2024-05-12 16:00:00,22.87,22.93,22.7,22.7,3224.99,0
2024-05-12 17:00:00,22.7,22.82,22.65,22.77,1442.79,0
2024-05-12 18:00:00,22.76,22.76,22.61,22.64,1544.599,0
2024-05-12 19:00:00,22.64,22.64,22.55,22.64,3358.389,0
2024-05-12 20:00:00,22.64,22.64,22.57,22.57,1772.207,0
2024-05-12 21:00:00,22.58,22.58,22.31,22.41,5405.772,0
2024-05-12 22:00:00,22.41,22.41,22.33,22.38,1813.373,0
2024-05-12 23:00:00,22.36,22.47,22.33,22.36,1308.098,0
2024-05-13 00:00:00,22.36,22.49,22.34,22.38,1870.436,0
2024-05-13 01:00:00,22.38,22.44,22.08,22.16,7231.156,0
2024-05-13 02:00:00,22.16,22.21,21.72,21.89,9603.634,0
2024-05-13 03:00:00,21.88,21.88,21.55,21.81,5476.146,0
2024-05-13 04:00:00,21.81,21.88,21.68,21.8,4924.509,0
2024-05-13 05:00:00,21.8,21.86,21.66,21.66,2604.963,0
2024-05-13 06:00:00,21.66,22.14,21.63,22.12,4204.701,0
2024-05-13 07:00:00,22.12,22.54,22.09,22.51,7778.517,0
2024-05-13 08:00:00,22.51,22.73,22.51,22.51,5428.4,0
2024-05-13 09:00:00,22.51,22.62,22.42,22.45,5784.378,0
2024-05-13 10:00:00,22.45,22.45,22.18,22.3,3603.885,0
2024-05-13 11:00:00,22.3,22.34,22.11,22.13,2748.348,0
2024-05-13 12:00:00,22.13,22.3,22.03,22.15,5199.416,0
2024-05-13 13:00:00,22.15,22.27,22.12,22.15,2936.329,0
2024-05-13 14:00:00,22.15,22.37,22.14,22.23,5899.183,0
2024-05-13 15:00:00,22.23,22.39,22.21,22.29,4056.089,0
2024-05-13 16:00:00,22.29,22.47,22.23,22.34,3465.615,0
2024-05-13 17:00:00,22.34,22.36,21.9,22.01,10213.164,0
2024-05-13 18:00:00,22.0,22.0,21.82,21.92,3264.803,0
2024-05-13 19:00:00,21.92,22.04,21.92,21.97,2736.049,0
2024-05-13 20:00:00,21.97,22.02,21.87,21.95,2846.81,0
2024-05-13 21:00:00,21.95,22.11,21.94,22.05,6587.241,0
2024-05-13 22:00:00,22.05,22.34,22.05,22.27,10147.269,0
2024-05-13 23:00:00,22.26,22.26,22.17,22.19,1628.319,0
2024-05-14 00:00:00,22.19,22.45,22.15,22.36,3340.143,0
2024-05-14 01:00:00,22.35,22.44,22.13,22.18,5419.82,0
2024-05-14 02:00:00,22.18,22.2,22.04,22.12,4672.662,0
2024-05-14 03:00:00,22.11,22.27,22.07,22.17,1961.575,0
2024-05-14 04:00:00,22.16,22.3,22.13,22.27,2490.472,0
2024-05-14 05:00:00,22.27,22.4,22.25,22.33,1836.97,0
2024-05-14 06:00:00,22.32,22.32,21.86,22.28,8226.642,0
2024-05-14 07:00:00,22.27,22.35,22.23,22.34,2243.9,0
2024-05-14 08:00:00,22.34,22.34,22.09,22.29,2081.881,0
2024-05-14 09:00:00,22.26,22.34,22.21,22.25,575.385,0
2024-05-14 10:00:00,22.27,22.32,22.18,22.24,1640.492,0
2024-05-14 11:00:00,22.23,22.36,22.23,22.32,1335.565,0
2024-05-14 12:00:00,22.31,22.4,22.08,22.27,4109.736,0
2024-05-14 13:00:00,22.27,22.4,22.19,22.28,1876.337,0
2024-05-14 14:00:00,22.28,22.51,22.05,22.36,3394.571,0
2024-05-14 15:00:00,22.35,22.58,22.27,22.38,4225.61,0
2024-05-14 16:00:00,22.38,22.45,22.19,22.32,2925.278,0
2024-05-14 17:00:00,22.32,22.43,22.13,22.26,6376.362,0
2024-05-14 18:00:00,22.26,22.4,22.22,22.36,4722.415,0
2024-05-14 19:00:00,22.36,22.37,22.26,22.26,4029.851,0
2024-05-14 20:00:00,22.26,22.34,22.14,22.15,4241.984,0
2024-05-14 21:00:00,22.16,22.19,22.07,22.08,3468.044,0
2024-05-14 22:00:00,22.08,22.11,21.88,21.96,2581.236,0
2024-05-14 23:00:00,21.96,21.97,21.84,21.94,2108.087,0
2024-05-15 00:00:00,21.94,22.19,21.89,21.99,10273.629,0
2024-05-15 01:00:00,21.99,22.29,21.99,22.27,3287.37,0
2024-05-15 02:00:00,22.27,22.39,22.25,22.29,2472.296,0
2024-05-15 03:00:00,22.29,22.44,22.29,22.42,4338.456,0
2024-05-15 04:00:00,22.41,22.52,22.38,22.46,3296.293,0
2024-05-15 05:00:00,22.46,22.67,22.38,22.46,8678.365,0
2024-05-15 06:00:00,22.46,22.49,22.33,22.41,2020.573,0
2024-05-15 07:00:00,22.41,22.63,22.38,22.53,3729.393,0
2024-05-15 08:00:00,22.53,22.62,22.44,22.54,4321.414,0
2024-05-15 09:00:00,22.54,22.54,22.19,22.46,11914.441,0
2024-05-15 10:00:00,22.46,22.52,22.34,22.48,6030.283,0
2024-05-15 11:00:00,22.48,22.51,22.12,22.26,4785.091,0
2024-05-15 12:00:00,22.26,22.81,22.14,22.68,19378.186,0
2024-05-15 13:00:00,22.69,22.7,22.3,22.38,8365.985,0
2024-05-15 14:00:00,22.38,22.66,22.33,22.62,7636.727,0
2024-05-15 15:00:00,22.62,22.65,22.47,22.47,5243.44,0
2024-05-15 16:00:00,22.48,22.68,22.41,22.66,5705.721,0
2024-05-15 17:00:00,22.67,22.91,22.66,22.85,2905.195,0
2024-05-15 18:00:00,22.85,23.0,22.8,22.94,3791.706,0
2024-05-15 19:00:00,22.94,23.25,22.83,23.18,5310.289,0
2024-05-15 20:00:00,23.19,23.24,23.12,23.21,2924.752,0
2024-05-15 21:00:00,23.22,23.26,23.13,23.25,1787.071,0
2024-05-15 22:00:00,23.25,23.38,23.1,23.14,6058.625,0
2024-05-15 23:00:00,23.15,23.33,23.12,23.24,2599.56,0
2024-05-16 00:00:00,23.24,23.35,23.14,23.24,3761.643,0
2024-05-16 01:00:00,23.25,23.48,23.25,23.39,4820.382,0
2024-05-16 02:00:00,23.4,23.5,23.33,23.46,2941.378,0
2024-05-16 03:00:00,23.47,23.56,23.43,23.47,2297.345,0
2024-05-16 04:00:00,23.47,23.6,23.43,23.56,4226.78,0
2024-05-16 05:00:00,23.56,23.9,23.53,23.64,6118.928,0
2024-05-16 06:00:00,23.64,23.67,23.49,23.5,3218.304,0
2024-05-16 07:00:00,23.5,23.55,23.37,23.39,3351.591,0
2024-05-16 08:00:00,23.4,23.51,23.29,23.33,1771.101,0
2024-05-16 09:00:00,23.33,23.41,23.25,23.41,1904.128,0
2024-05-16 10:00:00,23.43,23.44,23.21,23.27,4168.857,0
2024-05-16 11:00:00,23.28,23.33,23.23,23.31,1215.248,0
2024-05-16 12:00:00,23.32,23.34,22.99,23.07,5443.818,0
2024-05-16 13:00:00,23.07,23.27,22.94,23.24,4269.14,0
2024-05-16 14:00:00,23.24,23.3,22.87,22.9,4495.61,0
2024-05-16 15:00:00,22.9,23.33,22.88,23.31,3849.193,0
2024-05-16 16:00:00,23.31,23.39,23.23,23.33,4372.655,0
2024-05-16 17:00:00,23.35,23.37,23.11,23.28,2594.629,0
2024-05-16 18:00:00,23.28,23.32,23.19,23.25,1907.127,0
2024-05-16 19:00:00,23.26,23.69,23.14,23.52,9649.5,0
2024-05-16 20:00:00,23.52,23.65,23.42,23.56,5819.09,0
2024-05-16 21:00:00,23.57,23.72,23.51,23.71,3184.171,0
2024-05-16 22:00:00,23.71,23.8,23.57,23.73,5557.821,0
2024-05-16 23:00:00,23.74,23.76,23.62,23.69,3118.572,0
2024-05-17 00:00:00,23.68,23.89,23.66,23.75,3564.551,0
2024-05-17 01:00:00,23.75,23.75,23.48,23.53,4260.992,0
2024-05-17 02:00:00,23.53,23.56,23.39,23.41,2209.204,0
2024-05-17 03:00:00,23.44,23.5,23.3,23.31,3342.845,0
2024-05-17 04:00:00,23.31,23.34,23.18,23.26,6951.397,0
2024-05-17 05:00:00,23.27,23.39,23.27,23.38,724.102,0
2024-05-17 06:00:00,23.38,23.52,23.28,23.46,3436.527,0
2024-05-17 07:00:00,23.46,23.77,23.46,23.7,8133.743,0
2024-05-17 08:00:00,23.7,23.7,23.42,23.44,3178.714,0
2024-05-17 09:00:00,23.44,23.5,23.34,23.4,2164.518,0
2024-05-17 10:00:00,23.4,23.5,23.37,23.49,1569.46,0
2024-05-17 11:00:00,23.5,23.53,23.41,23.45,3442.284,0
2024-05-17 12:00:00,23.46,23.64,23.32,23.6,4349.601,0
2024-05-17 13:00:00,23.6,23.63,23.36,23.44,5401.745,0
2024-05-17 14:00:00,23.45,23.67,23.45,23.56,2892.877,0
2024-05-17 15:00:00,23.56,23.82,23.48,23.75,7618.757,0
2024-05-17 16:00:00,23.75,23.95,23.68,23.7,6228.302,0
2024-05-17 17:00:00,23.7,23.8,23.64,23.65,2087.909,0
2024-05-17 18:00:00,23.65,23.77,23.5,23.76,1917.359,0
2024-05-17 19:00:00,23.76,23.78,23.7,23.74,1020.454,0
2024-05-17 20:00:00,23.74,23.74,23.67,23.72,1375.352,0
2024-05-17 21:00:00,23.72,23.75,23.64,23.64,1565.625,0
2024-05-17 22:00:00,23.64,23.68,23.62,23.65,1093.864,0
2024-05-17 23:00:00,23.65,23.69,23.55,23.58,1301.882,0
2024-05-18 00:00:00,23.58,23.7,23.52,23.64,2309.013,0
2024-05-18 01:00:00,23.64,23.72,23.48,23.72,1169.061,0
2024-05-18 02:00:00,23.72,23.73,23.51,23.54,1245.844,0
2024-05-18 03:00:00,23.55,23.65,23.51,23.6,4021.913,0
2024-05-18 04:00:00,23.59,23.61,23.49,23.54,1921.864,0
2024-05-18 05:00:00,23.54,23.61,23.48,23.5,2978.271,0
2024-05-18 06:00:00,23.51,23.6,23.49,23.53,1709.838,0
2024-05-18 07:00:00,23.53,23.72,23.53,23.53,3828.813,0
2024-05-18 08:00:00,23.53,23.69,23.53,23.59,1589.683,0
2024-05-18 09:00:00,23.59,23.66,23.55,23.65,890.773,0
2024-05-18 10:00:00,23.65,23.67,23.56,23.62,752.018,0
2024-05-18 11:00:00,23.61,23.65,23.57,23.58,964.913,0
2024-05-18 12:00:00,23.57,23.62,23.42,23.44,1565.606,0
2024-05-18 13:00:00,23.44,23.48,23.19,23.23,3145.945,0
2024-05-18 14:00:00,23.23,23.33,23.17,23.29,2436.53,0
2024-05-18 15:00:00,23.3,23.43,23.3,23.35,1180.307,0
2024-05-18 16:00:00,23.35,23.59,23.35,23.49,1958.386,0
2024-05-18 17:00:00,23.5,23.6,23.45,23.5,1685.583,0
2024-05-18 18:00:00,23.51,23.62,23.51,23.58,1051.083,0
2024-05-18 19:00:00,23.58,23.58,23.51,23.53,1479.981,0
2024-05-18 20:00:00,23.52,23.56,23.47,23.5,953.302,0
2024-05-18 21:00:00,23.51,23.52,23.39,23.48,2851.545,0
2024-05-18 22:00:00,23.48,23.56,23.41,23.54,1687.561,0
2024-05-18 23:00:00,23.54,23.58,23.51,23.57,615.746,0
2024-05-19 00:00:00,23.58,23.59,23.47,23.49,1170.379,0
2024-05-19 01:00:00,23.49,23.58,23.47,23.51,2149.655,0
2024-05-19 02:00:00,23.51,23.65,23.51,23.65,648.88,0
2024-05-19 03:00:00,23.66,23.73,23.62,23.66,943.764,0
2024-05-19 04:00:00,23.65,23.76,23.55,23.74,2608.666,0
2024-05-19 05:00:00,23.72,23.83,23.71,23.76,3493.665,0
2024-05-19 06:00:00,23.75,23.88,23.56,23.59,5222.129,0
2024-05-19 07:00:00,23.59,23.67,23.5,23.5,5324.0,0
2024-05-19 08:00:00,23.5,23.51,23.36,23.4,1251.879,0
2024-05-19 09:00:00,23.4,23.42,23.3,23.39,2136.183,0
2024-05-19 10:00:00,23.42,23.52,23.32,23.35,1310.299,0
2024-05-19 11:00:00,23.36,23.44,23.09,23.37,7688.637,0
2024-05-19 12:00:00,23.36,23.38,23.11,23.17,2485.244,0
2024-05-19 13:00:00,23.16,23.26,22.97,23.23,11763.832,0
2024-05-19 14:00:00,23.23,23.39,23.23,23.27,2128.679,0
2024-05-19 15:00:00,23.27,23.43,23.19,23.43,2037.927,0
2024-05-19 16:00:00,23.42,23.52,23.3,23.43,4924.823,0
2024-05-19 17:00:00,23.43,23.49,23.3,23.37,3520.937,0
2024-05-19 18:00:00,23.37,23.42,23.27,23.28,2182.327,0
2024-05-19 19:00:00,23.29,23.41,23.23,23.29,3785.355,0
2024-05-19 20:00:00,23.3,23.34,23.22,23.24,908.775,0
2024-05-19 21:00:00,23.24,23.26,23.01,23.19,3552.199,0
2024-05-19 22:00:00,23.18,23.31,23.18,23.27,721.829,0
2024-05-19 23:00:00,23.28,23.32,23.25,23.25,916.617,0
2024-05-20 00:00:00,23.24,23.33,23.09,23.31,2088.406,0
2024-05-20 01:00:00,23.3,23.34,23.02,23.21,5586.739,0
2024-05-20 02:00:00,23.23,23.43,23.23,23.39,1361.752,0
2024-05-20 03:00:00,23.38,23.47,23.35,23.4,1144.532,0
2024-05-20 04:00:00,23.41,23.69,23.41,23.61,3521.442,0
2024-05-20 05:00:00,23.62,23.71,23.58,23.62,7410.235,0
2024-05-20 06:00:00,23.62,23.62,23.13,23.25,4377.8,0
2024-05-20 07:00:00,23.26,23.53,23.25,23.49,2143.236,0
2024-05-20 08:00:00,23.49,23.58,23.46,23.54,2173.459,0
2024-05-20 09:00:00,23.53,23.64,23.44,23.44,6073.329,0
2024-05-20 10:00:00,23.45,23.68,23.38,23.58,5721.196,0
2024-05-20 11:00:00,23.58,24.12,23.44,23.48,18692.51,0
2024-05-20 12:00:00,23.47,23.57,23.35,23.4,4671.883,0
2024-05-20 13:00:00,23.39,23.6,23.35,23.47,6610.241,0
2024-05-20 14:00:00,23.47,23.48,23.29,23.37,2340.788,0
2024-05-20 15:00:00,23.38,23.53,23.33,23.48,1726.875,0
2024-05-20 16:00:00,23.49,23.59,23.39,23.52,3695.52,0
2024-05-20 17:00:00,23.52,23.56,23.41,23.47,2243.111,0
2024-05-20 18:00:00,23.48,23.56,23.41,23.53,2228.954,0
2024-05-20 19:00:00,23.54,24.43,23.5,24.38,20929.607,0
2024-05-20 20:00:00,24.38,24.55,24.23,24.43,8968.642,0
2024-05-20 21:00:00,24.41,24.61,24.32,24.59,8770.99,0
2024-05-20 22:00:00,24.6,25.04,24.47,24.9,11833.549,0
2024-05-20 23:00:00,24.89,25.09,24.69,25.03,9298.684,0
2024-05-21 00:00:00,25.03,25.5,25.01,25.21,13738.566,0
2024-05-21 01:00:00,25.2,25.29,24.82,25.0,12274.548,0
2024-05-21 02:00:00,25.0,25.02,24.82,24.82,5152.352,0
2024-05-21 03:00:00,24.82,24.89,24.76,24.8,3862.245,0
2024-05-21 04:00:00,24.8,24.84,24.54,24.61,5793.652,0
2024-05-21 05:00:00,24.62,24.78,24.45,24.77,6469.324,0
2024-05-21 06:00:00,24.79,24.9,24.71,24.79,4523.72,0
2024-05-21 07:00:00,24.79,24.82,24.65,24.74,2870.184,0
2024-05-21 08:00:00,24.74,24.86,24.63,24.63,6729.556,0
2024-05-21 09:00:00,24.63,24.8,24.61,24.7,7657.3,0
2024-05-21 10:00:00,24.7,24.79,24.65,24.7,5676.017,0
2024-05-21 11:00:00,24.7,24.92,24.63,24.71,6310.563,0
2024-05-21 12:00:00,24.71,24.76,24.46,24.53,11113.063,0
2024-05-21 13:00:00,24.51,24.66,24.28,24.52,12598.308,0
2024-05-21 14:00:00,24.51,24.69,24.47,24.53,5363.375,0
2024-05-21 15:00:00,24.54,24.64,24.22,24.27,8995.07,0
2024-05-21 16:00:00,24.27,24.67,24.22,24.49,2813.368,0
2024-05-21 17:00:00,24.49,24.53,24.36,24.49,2572.994,0
2024-05-21 18:00:00,24.49,24.58,24.48,24.55,3059.261,0
2024-05-21 19:00:00,24.55,24.64,24.25,24.4,4553.928,0
2024-05-21 20:00:00,24.44,24.58,24.42,24.49,897.839,0
2024-05-21 21:00:00,24.5,24.52,24.31,24.35,1511.328,0
2024-05-21 22:00:00,24.37,24.47,24.29,24.42,2546.207,0
2024-05-21 23:00:00,24.42,24.83,24.34,24.62,10655.826,0
2024-05-22 00:00:00,24.61,24.68,24.47,24.49,1490.923,0
2024-05-22 01:00:00,24.49,24.64,24.47,24.62,1110.45,0
2024-05-22 02:00:00,24.62,24.7,24.58,24.66,1939.549,0
2024-05-22 03:00:00,24.65,24.67,24.51,24.6,1841.017,0
2024-05-22 04:00:00,24.6,24.63,24.1,24.36,8303.761,0
2024-05-22 05:00:00,24.35,24.44,24.21,24.43,4125.725,0
2024-05-22 06:00:00,24.43,24.54,24.42,24.51,2859.664,0
2024-05-22 07:00:00,24.5,24.54,24.18,24.26,7436.224,0
2024-05-22 08:00:00,24.25,24.41,24.17,24.33,1997.192,0
2024-05-22 09:00:00,24.32,24.35,24.24,24.29,3265.37,0
2024-05-22 10:00:00,24.29,24.41,24.22,24.39,3053.899,0
2024-05-22 11:00:00,24.39,24.5,24.24,24.27,2630.731,0
2024-05-22 12:00:00,24.27,24.52,24.11,24.15,10640.577,0
2024-05-22 13:00:00,24.16,24.41,24.16,24.41,4100.496,0
2024-05-22 14:00:00,24.43,24.6,24.37,24.47,2839.413,0
2024-05-22 15:00:00,24.48,24.8,24.45,24.78,3541.158,0
2024-05-22 16:00:00,24.78,24.8,24.58,24.78,1841.56,0
2024-05-22 17:00:00,24.77,24.96,24.57,24.63,3711.344,0
2024-05-22 18:00:00,24.62,24.68,24.29,24.52,3030.088,0
2024-05-22 19:00:00,24.51,24.58,24.43,24.45,1580.709,0
2024-05-22 20:00:00,24.47,24.67,24.38,24.49,2694.918,0
2024-05-22 21:00:00,24.51,24.74,24.38,24.72,1542.76,0
2024-05-22 22:00:00,24.73,24.74,24.56,24.68,1218.078,0
2024-05-22 23:00:00,24.68,24.78,24.66,24.7,2505.446,0
2024-05-23 00:00:00,24.7,24.79,24.67,24.73,1182.242,0
2024-05-23 01:00:00,24.72,24.79,24.56,24.67,2631.307,0
2024-05-23 02:00:00,24.67,24.88,24.64,24.88,3162.709,0
2024-05-23 03:00:00,24.85,25.16,24.8,25.15,6717.382,0
2024-05-23 04:00:00,25.14,25.22,24.98,25.04,6990.193,0
2024-05-23 05:00:00,25.04,25.17,24.89,25.15,4971.594,0
2024-05-23 06:00:00,25.15,25.16,24.92,24.97,5213.361,0
2024-05-23 07:00:00,24.96,25.2,24.88,25.12,1754.12,0
2024-05-23 08:00:00,25.12,25.16,24.93,24.99,2718.865,0
2024-05-23 09:00:00,24.99,25.08,24.83,24.94,6185.413,0
2024-05-23 10:00:00,24.94,25.02,24.81,24.92,5875.046,0
2024-05-23 11:00:00,24.92,25.17,24.92,25.15,3466.085,0
2024-05-23 12:00:00,25.15,25.35,24.52,24.89,11999.435,0
2024-05-23 13:00:00,24.89,25.05,24.18,24.49,12448.228,0
2024-05-23 14:00:00,24.48,24.89,24.32,24.37,9927.087,0
2024-05-23 15:00:00,24.38,24.75,24.3,24.57,8188.191,0
2024-05-23 16:00:00,24.57,24.58,24.41,24.44,1803.621,0
2024-05-23 17:00:00,24.46,24.54,24.24,24.25,2695.137,0
2024-05-23 18:00:00,24.24,24.29,23.88,24.2,5045.948,0
2024-05-23 19:00:00,24.2,24.27,23.99,24.04,3022.936,0
2024-05-23 20:00:00,24.03,24.03,23.42,23.9,25725.557,0
2024-05-23 21:00:00,23.91,24.63,23.89,24.59,9811.095,0
2024-05-23 22:00:00,24.59,24.98,24.54,24.96,17139.094,0
2024-05-23 23:00:00,24.97,26.13,24.93,25.33,29539.047,0
2024-05-24 00:00:00,25.31,26.34,25.2,25.67,35357.279,0
2024-05-24 01:00:00,25.68,26.8,25.59,26.53,49038.941,0
2024-05-24 02:00:00,26.5,26.6,26.23,26.4,22086.189,0
2024-05-24 03:00:00,26.4,26.98,26.28,26.77,14803.172,0
2024-05-24 04:00:00,26.77,28.0,26.71,27.12,19526.437,0
2024-05-24 05:00:00,27.12,27.12,26.44,26.55,16201.261,0
2024-05-24 06:00:00,26.54,26.82,26.1,26.15,14621.937,0
2024-05-24 07:00:00,26.15,26.93,25.86,26.46,23802.764,0
2024-05-24 08:00:00,26.46,26.82,26.26,26.7,11080.967,0
2024-05-24 09:00:00,26.7,26.86,26.53,26.69,7178.237,0
2024-05-24 10:00:00,26.71,27.04,26.66,26.74,5768.876,0
2024-05-24 11:00:00,26.74,26.95,26.63,26.91,6668.331,0
2024-05-24 12:00:00,26.91,27.48,26.87,27.05,31745.456,0
2024-05-24 13:00:00,27.09,27.27,26.63,26.76,13787.573,0
2024-05-24 14:00:00,26.78,27.2,26.72,26.91,12581.559,0
2024-05-24 15:00:00,26.91,26.98,26.65,26.68,7748.167,0
2024-05-24 16:00:00,26.68,26.71,26.46,26.51,5904.843,0
2024-05-24 17:00:00,26.51,27.27,26.49,26.69,7417.696,0
2024-05-24 18:00:00,26.69,26.91,26.61,26.74,2624.668,0
2024-05-24 19:00:00,26.75,27.15,26.72,27.03,9094.741,0
2024-05-24 20:00:00,27.03,27.12,26.92,27.02,2773.904,0
2024-05-24 21:00:00,27.02,27.47,26.98,27.42,5684.36,0
2024-05-24 22:00:00,27.41,27.57,27.3,27.32,5992.911,0
2024-05-24 23:00:00,27.33,27.8,27.28,27.75,9356.19,0
2024-05-25 00:00:00,27.74,27.82,27.58,27.69,5715.511,0
2024-05-25 01:00:00,27.7,27.76,27.46,27.52,7950.331,0
2024-05-25 02:00:00,27.54,27.56,27.3,27.35,3569.706,0
2024-05-25 03:00:00,27.34,27.5,27.27,27.31,3811.666,0
2024-05-25 04:00:00,27.33,27.51,27.3,27.36,2368.433,0
2024-05-25 05:00:00,27.4,27.66,27.39,27.42,3320.302,0
2024-05-25 06:00:00,27.41,27.63,27.39,27.58,1335.062,0
2024-05-25 07:00:00,27.55,27.65,27.47,27.47,1531.352,0
2024-05-25 08:00:00,27.47,27.64,27.47,27.57,2060.017,0
2024-05-25 09:00:00,27.54,27.64,27.38,27.42,2893.532,0
2024-05-25 10:00:00,27.42,27.44,27.32,27.34,3674.288,0
2024-05-25 11:00:00,27.36,27.43,27.13,27.17,3338.166,0
2024-05-25 12:00:00,27.16,27.2,26.91,26.97,5817.369,0
2024-05-25 13:00:00,26.97,27.14,26.85,26.92,2413.442,0
2024-05-25 14:00:00,26.93,26.99,26.63,26.81,5932.473,0
2024-05-25 15:00:00,26.8,26.85,26.47,26.65,12166.675,0
2024-05-25 16:00:00,26.65,26.82,26.54,26.82,2682.493,0
2024-05-25 17:00:00,26.81,26.87,26.71,26.75,1871.919,0
2024-05-25 18:00:00,26.78,26.87,26.73,26.86,2626.057,0
2024-05-25 19:00:00,26.85,26.91,26.78,26.85,1018.936,0
2024-05-25 20:00:00,26.85,26.89,26.78,26.89,1828.614,0
2024-05-25 21:00:00,26.88,26.9,26.74,26.79,473.626,0
2024-05-25 22:00:00,26.82,26.84,26.72,26.8,790.165,0
2024-05-25 23:00:00,26.82,26.95,26.82,26.91,2196.384,0
2024-05-26 00:00:00,26.87,26.95,26.84,26.93,2788.103,0
2024-05-26 01:00:00,26.91,27.12,26.9,27.09,1317.147,0
2024-05-26 02:00:00,27.09,27.18,26.8,26.94,2919.576,0
2024-05-26 03:00:00,26.93,26.96,26.82,26.93,655.137,0
2024-05-26 04:00:00,26.93,26.93,26.66,26.74,1159.739,0
2024-05-26 05:00:00,26.72,26.79,26.65,26.74,697.62,0
2024-05-26 06:00:00,26.74,26.75,26.66,26.7,1015.999,0
2024-05-26 07:00:00,26.69,26.87,26.66,26.77,1870.58,0
2024-05-26 08:00:00,26.8,26.8,26.43,26.58,5196.828,0
2024-05-26 09:00:00,26.59,26.72,26.31,26.42,2621.673,0
2024-05-26 10:00:00,26.42,26.52,26.4,26.41,781.996,0
2024-05-26 11:00:00,26.43,26.59,26.4,26.44,1035.712,0
2024-05-26 12:00:00,26.45,26.5,26.31,26.36,1100.094,0
2024-05-26 13:00:00,26.36,26.41,26.23,26.4,3259.142,0
2024-05-26 14:00:00,26.41,26.5,26.31,26.37,4512.235,0
2024-05-26 15:00:00,26.38,26.56,26.17,26.35,5185.651,0
2024-05-26 16:00:00,26.36,26.47,26.23,26.38,3991.396,0
2024-05-26 17:00:00,26.36,26.48,26.34,26.44,801.805,0
2024-05-26 18:00:00,26.45,26.51,26.44,26.48,889.675,0
2024-05-26 19:00:00,26.49,26.53,26.46,26.5,796.965,0
2024-05-26 20:00:00,26.5,26.53,26.42,26.42,1068.021,0
2024-05-26 21:00:00,26.43,26.52,26.33,26.52,2028.27,0
2024-05-26 22:00:00,26.52,26.9,26.52,26.82,2850.455,0
2024-05-26 23:00:00,26.77,26.78,26.5,26.52,752.823,0
2024-05-27 00:00:00,26.55,26.58,26.38,26.47,952.49,0
2024-05-27 01:00:00,26.45,26.6,26.37,26.53,1395.802,0
2024-05-27 02:00:00,26.53,26.72,26.39,26.61,2863.324,0
2024-05-27 03:00:00,26.59,26.72,26.44,26.54,5083.279,0
2024-05-27 04:00:00,26.55,26.78,26.39,26.52,4120.211,0
2024-05-27 05:00:00,26.52,26.72,26.26,26.7,7630.335,0
2024-05-27 06:00:00,26.69,26.83,26.54,26.61,3093.049,0
2024-05-27 07:00:00,26.6,26.77,26.6,26.65,1339.628,0
2024-05-27 08:00:00,26.66,26.97,26.64,26.97,1627.604,0
2024-05-27 09:00:00,26.97,27.08,26.9,27.04,1306.203,0
2024-05-27 10:00:00,27.04,27.18,26.93,27.15,2974.855,0
2024-05-27 11:00:00,27.15,27.66,27.14,27.41,14412.769,0
2024-05-27 12:00:00,27.41,27.43,26.98,27.03,2712.493,0
2024-05-27 13:00:00,27.01,27.96,26.99,27.53,14489.09,0
2024-05-27 14:00:00,27.56,27.97,26.0,27.87,18080.761,0
2024-05-27 15:00:00,27.88,28.14,27.75,27.86,17810.793,0
2024-05-27 16:00:00,27.86,27.89,27.45,27.49,6542.189,0
2024-05-27 17:00:00,27.49,27.72,27.46,27.62,3300.649,0
2024-05-27 18:00:00,27.58,27.79,27.55,27.61,1713.006,0
2024-05-27 19:00:00,27.61,27.74,27.11,27.31,6681.029,0
2024-05-27 20:00:00,27.29,27.49,27.29,27.4,1380.541,0
2024-05-27 21:00:00,27.4,27.4,27.12,27.16,2370.611,0
2024-05-27 22:00:00,27.15,27.21,26.98,26.98,1871.661,0
2024-05-27 23:00:00,26.99,27.16,26.86,27.0,3433.661,0
2024-05-28 00:00:00,26.98,27.06,26.81,26.92,1693.792,0
2024-05-28 01:00:00,26.9,26.99,26.58,26.65,2968.215,0
2024-05-28 02:00:00,26.61,26.98,26.5,26.92,3221.662,0
2024-05-28 03:00:00,26.93,27.04,26.62,26.81,2515.451,0
2024-05-28 04:00:00,26.84,26.92,26.4,26.58,4722.831,0
2024-05-28 05:00:00,26.57,26.96,26.54,26.92,3785.776,0
2024-05-28 06:00:00,26.91,26.98,26.74,26.84,2002.445,0
2024-05-28 07:00:00,26.88,26.9,26.64,26.83,3787.016,0
2024-05-28 08:00:00,26.85,26.96,26.75,26.84,3454.78,0
2024-05-28 09:00:00,26.79,26.96,26.76,26.94,556.89,0
2024-05-28 10:00:00,26.9,27.0,26.58,26.76,6385.963,0
2024-05-28 11:00:00,26.75,26.83,26.65,26.73,2000.023,0
2024-05-28 12:00:00,26.74,26.74,26.55,26.68,2515.553,0
2024-05-28 13:00:00,26.67,26.72,26.46,26.49,2067.181,0
2024-05-28 14:00:00,26.54,26.74,26.43,26.55,6363.988,0
2024-05-28 15:00:00,26.55,26.63,26.44,26.51,11486.378,0
2024-05-28 16:00:00,26.5,26.62,26.27,26.33,4193.377,0
2024-05-28 17:00:00,26.34,26.52,26.25,26.4,576.796,0
2024-05-28 18:00:00,26.45,26.52,26.18,26.32,5773.908,0
2024-05-28 19:00:00,26.32,26.72,26.32,26.7,1912.986,0
2024-05-28 20:00:00,26.68,26.81,26.64,26.69,1046.964,0
2024-05-28 21:00:00,26.69,26.77,26.62,26.75,722.367,0
2024-05-28 22:00:00,26.76,26.78,26.65,26.66,422.481,0
2024-05-28 23:00:00,26.65,26.66,26.56,26.66,629.661,0
2024-05-29 00:00:00,26.64,26.79,26.47,26.5,3109.575,0
2024-05-29 01:00:00,26.5,26.57,26.39,26.44,1373.393,0
2024-05-29 02:00:00,26.42,26.66,26.35,26.63,4450.716,0
2024-05-29 03:00:00,26.63,26.75,26.63,26.71,733.985,0
2024-05-29 04:00:00,26.71,26.93,26.67,26.9,3076.803,0
2024-05-29 05:00:00,26.92,27.31,26.9,27.31,4152.829,0
2024-05-29 06:00:00,27.28,27.43,27.16,27.16,3057.722,0
2024-05-29 07:00:00,27.16,27.17,26.86,26.86,2881.943,0
2024-05-29 08:00:00,26.87,27.21,26.63,27.11,4793.003,0
2024-05-29 09:00:00,27.12,27.38,27.02,27.28,4019.051,0
2024-05-29 10:00:00,27.28,27.41,27.23,27.34,2542.836,0
2024-05-29 11:00:00,27.34,27.37,27.05,27.09,2781.135,0
2024-05-29 12:00:00,27.11,27.23,27.01,27.18,2568.95,0
2024-05-29 13:00:00,27.2,27.35,26.99,27.1,4099.102,0
2024-05-29 14:00:00,27.09,27.14,26.85,26.98,2453.537,0
2024-05-29 15:00:00,26.98,27.09,26.86,26.86,2677.644,0
2024-05-29 16:00:00,26.87,26.99,26.69,26.85,5986.619,0
2024-05-29 17:00:00,26.85,27.0,26.72,26.95,2496.705,0
2024-05-29 18:00:00,26.98,27.08,26.86,27.03,3540.018,0
2024-05-29 19:00:00,27.04,27.3,27.03,27.04,2925.365,0
2024-05-29 20:00:00,27.04,27.15,27.0,27.12,2281.022,0
2024-05-29 21:00:00,27.12,27.21,27.02,27.05,3443.667,0
2024-05-29 22:00:00,27.06,27.06,26.95,27.03,811.257,0
2024-05-29 23:00:00,27.02,27.02,26.79,26.83,3477.058,0
2024-05-30 00:00:00,26.82,27.07,26.82,26.86,1306.733,0
2024-05-30 01:00:00,26.84,27.13,26.81,27.04,1411.388,0
2024-05-30 02:00:00,27.04,27.25,27.02,27.14,1485.054,0
2024-05-30 03:00:00,27.13,27.24,27.13,27.21,896.436,0
2024-05-30 04:00:00,27.23,27.24,27.03,27.05,1569.352,0
2024-05-30 05:00:00,27.04,27.11,26.97,26.97,2263.582,0
2024-05-30 06:00:00,26.96,26.96,26.44,26.54,6289.787,0
2024-05-30 07:00:00,26.54,26.67,26.2,26.38,5011.695,0
2024-05-30 08:00:00,26.37,26.59,26.2,26.54,4539.074,0
2024-05-30 09:00:00,26.54,26.85,26.5,26.79,6526.553,0
2024-05-30 10:00:00,26.79,27.2,26.72,26.88,10817.137,0
2024-05-30 11:00:00,26.87,26.96,26.64,26.69,3920.769,0
2024-05-30 12:00:00,26.66,26.91,26.66,26.78,2258.022,0
2024-05-30 13:00:00,26.78,26.95,26.73,26.86,1924.656,0
2024-05-30 14:00:00,26.9,26.98,26.77,26.78,1673.819,0
2024-05-30 15:00:00,26.78,26.97,26.75,26.95,3082.219,0
2024-05-30 16:00:00,26.94,27.04,26.87,26.92,5198.512,0
2024-05-30 17:00:00,26.92,26.96,26.67,26.93,7748.137,0
2024-05-30 18:00:00,26.93,26.97,26.84,26.97,952.909,0
2024-05-30 19:00:00,26.95,26.97,26.67,26.8,4528.163,0
2024-05-30 20:00:00,26.77,26.77,26.45,26.6,3945.685,0
2024-05-30 21:00:00,26.6,26.79,26.52,26.69,1927.712,0
2024-05-30 22:00:00,26.69,26.71,26.63,26.66,836.738,0
2024-05-30 23:00:00,26.66,26.79,26.66,26.72,1062.992,0
2024-05-31 00:00:00,26.73,26.74,26.37,26.51,1724.465,0
2024-05-31 01:00:00,26.51,26.57,26.42,26.42,1111.27,0
2024-05-31 02:00:00,26.44,26.6,26.42,26.49,2653.967,0
2024-05-31 03:00:00,26.49,27.17,26.48,26.54,5764.499,0
2024-05-31 04:00:00,26.54,26.73,26.53,26.73,1282.019,0
2024-05-31 05:00:00,26.69,26.71,26.5,26.62,2217.863,0
2024-05-31 06:00:00,26.62,26.95,26.59,26.73,3333.651,0
2024-05-31 07:00:00,26.73,26.88,26.66,26.69,2175.866,0
2024-05-31 08:00:00,26.69,26.95,26.66,26.89,3170.275,0
2024-05-31 09:00:00,26.88,26.88,26.67,26.74,1510.678,0
2024-05-31 10:00:00,26.75,26.92,26.73,26.74,1438.733,0
2024-05-31 11:00:00,26.74,26.87,26.71,26.79,1192.582,0
2024-05-31 12:00:00,26.79,27.13,26.78,26.96,2882.968,0
2024-05-31 13:00:00,26.99,27.05,26.73,26.75,3152.687,0
2024-05-31 14:00:00,26.74,26.81,26.62,26.73,2234.017,0
2024-05-31 15:00:00,26.72,26.81,26.5,26.52,3152.197,0
2024-05-31 16:00:00,26.51,26.76,26.34,26.76,4755.056,0
2024-05-31 17:00:00,26.74,26.94,26.67,26.79,2516.088,0
2024-05-31 18:00:00,26.78,26.89,26.72,26.8,1596.515,0
2024-05-31 19:00:00,26.79,27.0,26.78,26.96,2352.92,0
2024-05-31 20:00:00,26.97,27.08,26.57,26.94,8011.514,0
2024-05-31 21:00:00,26.95,26.98,26.9,26.92,594.405,0
2024-05-31 22:00:00,26.92,26.97,26.88,26.88,315.949,0
2024-05-31 23:00:00,26.88,26.98,26.75,26.97,1827.999,0
2024-06-01 00:00:00,26.98,27.05,26.83,26.93,2756.466,0
2024-06-01 01:00:00,26.91,26.93,26.82,26.88,321.178,0
2024-06-01 02:00:00,26.88,26.95,26.82,26.89,1504.047,0
2024-06-01 03:00:00,26.88,26.95,26.82,26.94,853.52,0
2024-06-01 04:00:00,26.91,26.93,26.78,26.81,810.195,0
2024-06-01 05:00:00,26.81,26.84,26.67,26.69,906.554,0
2024-06-01 06:00:00,26.68,26.69,26.49,26.49,8269.481,0
2024-06-01 07:00:00,26.48,26.53,26.39,26.42,4162.363,0
2024-06-01 08:00:00,26.39,26.55,26.32,26.53,3675.766,0
2024-06-01 09:00:00,26.55,26.61,26.47,26.61,2057.066,0
2024-06-01 10:00:00,26.57,26.59,26.45,26.54,2542.755,0
2024-06-01 11:00:00,26.53,26.66,26.5,26.64,1479.038,0
2024-06-01 12:00:00,26.62,27.02,26.62,27.0,8038.446,0
2024-06-01 13:00:00,26.99,26.99,26.81,26.82,2835.803,0
2024-06-01 14:00:00,26.82,26.9,26.81,26.89,1972.475,0
2024-06-01 15:00:00,26.87,26.9,26.8,26.81,2623.818,0
2024-06-01 16:00:00,26.8,26.9,26.78,26.83,1340.752,0
2024-06-01 17:00:00,26.83,26.88,26.8,26.88,535.571,0
2024-06-01 18:00:00,26.89,26.96,26.8,26.85,938.246,0
2024-06-01 19:00:00,26.86,26.86,26.72,26.78,702.34,0
2024-06-01 20:00:00,26.78,26.85,26.75,26.81,838.788,0
2024-06-01 21:00:00,26.83,26.97,26.82,26.88,1193.488,0
2024-06-01 22:00:00,26.89,27.08,26.87,27.0,2786.298,0
2024-06-01 23:00:00,26.99,27.06,26.95,27.06,1508.464,0
2024-06-02 00:00:00,27.05,27.31,27.02,27.21,2347.495,0
2024-06-02 01:00:00,27.22,27.33,27.08,27.2,1605.726,0
2024-06-02 02:00:00,27.2,27.31,27.14,27.21,913.883,0
2024-06-02 03:00:00,27.25,27.28,27.08,27.18,909.731,0
2024-06-02 04:00:00,27.19,27.35,27.15,27.21,1568.638,0
2024-06-02 05:00:00,27.25,27.34,26.56,26.77,30656.08,0
2024-06-02 06:00:00,26.8,26.8,26.5,26.64,14109.96,0
2024-06-02 07:00:00,26.63,26.73,26.37,26.38,5127.127,0
2024-06-02 08:00:00,26.4,26.66,26.37,26.47,3305.417,0
2024-06-02 09:00:00,26.47,26.54,26.35,26.51,4064.493,0
2024-06-02 10:00:00,26.5,26.6,26.43,26.6,1976.373,0
2024-06-02 11:00:00,26.6,26.8,26.57,26.75,3516.797,0
2024-06-02 12:00:00,26.76,26.77,26.53,26.69,2382.168,0
2024-06-02 13:00:00,26.68,26.78,26.63,26.71,1882.135,0
2024-06-02 14:00:00,26.72,26.82,26.64,26.81,5187.805,0
2024-06-02 15:00:00,26.82,26.93,26.72,26.73,1831.855,0
2024-06-02 16:00:00,26.73,26.77,26.61,26.67,3111.621,0
2024-06-02 17:00:00,26.65,26.66,26.43,26.48,2165.735,0
2024-06-02 18:00:00,26.44,26.58,26.29,26.53,2634.055,0
2024-06-02 19:00:00,26.53,26.54,26.25,26.37,3960.063,0
2024-06-02 20:00:00,26.38,26.42,26.22,26.42,2871.281,0
2024-06-02 21:00:00,26.39,26.43,26.34,26.39,1882.702,0
2024-06-02 22:00:00,26.39,26.52,26.32,26.35,1992.225,0
2024-06-02 23:00:00,26.38,26.46,26.27,26.41,1283.17,0
2024-06-03 00:00:00,26.37,26.42,26.05,26.23,2309.231,0
2024-06-03 01:00:00,26.21,26.72,26.21,26.72,2576.347,0
2024-06-03 02:00:00,26.72,26.79,26.69,26.72,2340.889,0
2024-06-03 03:00:00,26.77,26.77,26.62,26.71,2281.015,0
2024-06-03 04:00:00,26.74,26.74,26.33,26.61,7475.639,0
2024-06-03 05:00:00,26.61,26.8,26.56,26.63,3034.601,0
2024-06-03 06:00:00,26.64,26.8,26.59,26.75,1453.943,0
2024-06-03 07:00:00,26.79,26.83,26.46,26.59,3279.306,0
2024-06-03 08:00:00,26.6,26.85,26.57,26.72,7872.094,0
2024-06-03 09:00:00,26.72,26.73,26.53,26.56,4665.462,0
2024-06-03 10:00:00,26.56,26.82,26.56,26.6,2973.62,0
2024-06-03 11:00:00,26.6,26.73,26.48,26.53,3629.431,0
2024-06-03 12:00:00,26.53,26.69,26.39,26.45,6309.109,0
2024-06-03 13:00:00,26.45,26.5,26.4,26.44,2037.856,0
2024-06-03 14:00:00,26.43,26.46,25.78,25.88,29885.749,0
2024-06-03 15:00:00,25.89,26.0,25.79,25.93,11636.754,0
2024-06-03 16:00:00,25.95,26.0,25.5,25.6,11620.661,0
2024-06-03 17:00:00,25.59,25.79,25.53,25.76,2638.788,0
2024-06-03 18:00:00,25.77,25.83,25.68,25.7,5768.323,0
2024-06-03 19:00:00,25.7,25.72,25.51,25.58,2987.78,0
2024-06-03 20:00:00,25.59,25.78,25.51,25.56,2626.005,0
2024-06-03 21:00:00,25.55,25.59,25.43,25.47,3265.772,0
2024-06-03 22:00:00,25.47,25.48,25.37,25.47,1046.152,0
2024-06-03 23:00:00,25.46,25.55,25.31,25.5,3966.193,0
2024-06-04 00:00:00,25.52,25.62,25.32,25.57,7724.515,0
2024-06-04 01:00:00,25.59,25.67,25.45,25.66,1565.541,0
2024-06-04 02:00:00,25.66,25.73,25.53,25.57,2328.602,0
2024-06-04 03:00:00,25.57,25.68,25.56,25.65,891.523,0
2024-06-04 04:00:00,25.63,25.67,25.56,25.59,781.517,0
2024-06-04 05:00:00,25.57,25.67,25.45,25.57,2981.994,0
2024-06-04 06:00:00,25.56,25.58,25.4,25.41,2393.193,0
2024-06-04 07:00:00,25.41,25.54,25.36,25.43,1988.786,0
2024-06-04 08:00:00,25.43,25.54,25.31,25.31,3849.915,0
2024-06-04 09:00:00,25.33,25.35,25.23,25.26,2372.729,0
2024-06-04 10:00:00,25.25,25.46,25.25,25.39,1311.715,0
2024-06-04 11:00:00,25.4,25.44,25.21,25.29,2766.105,0
2024-06-04 12:00:00,25.29,25.35,25.03,25.28,12927.562,0
2024-06-04 13:00:00,25.31,25.57,25.25,25.56,3322.987,0
2024-06-04 14:00:00,25.57,25.67,25.46,25.62,5227.308,0
2024-06-04 15:00:00,25.63,25.9,25.49,25.68,10127.279,0
2024-06-04 16:00:00,25.68,25.98,25.66,25.92,8281.601,0
2024-06-04 17:00:00,25.92,26.01,25.84,25.93,7341.517,0
2024-06-04 18:00:00,25.94,26.36,25.93,26.2,8112.127,0
2024-06-04 19:00:00,26.21,27.34,26.2,26.83,24567.048,0
2024-06-04 20:00:00,26.84,28.65,26.81,28.08,61597.66,0
2024-06-04 21:00:00,28.08,28.32,27.28,27.34,26014.306,0
2024-06-04 22:00:00,27.36,27.5,27.12,27.45,10649.069,0
2024-06-04 23:00:00,27.44,27.99,27.41,27.57,10032.645,0
2024-06-05 00:00:00,27.58,27.79,27.39,27.41,11498.946,0
2024-06-05 01:00:00,27.42,27.61,27.17,27.46,6608.889,0
2024-06-05 02:00:00,27.46,27.61,27.34,27.35,5123.248,0
2024-06-05 03:00:00,27.35,27.35,27.07,27.16,11357.893,0
2024-06-05 04:00:00,27.15,27.44,27.15,27.2,7015.353,0
2024-06-05 05:00:00,27.19,27.4,27.13,27.25,11845.454,0
2024-06-05 06:00:00,27.25,27.38,27.13,27.23,11945.056,0
2024-06-05 07:00:00,27.21,27.24,27.0,27.04,4278.478,0
2024-06-05 08:00:00,27.02,27.04,26.85,26.87,3885.133,0
2024-06-05 09:00:00,26.88,26.97,26.8,26.82,2067.779,0
2024-06-05 10:00:00,26.82,27.01,26.69,26.98,5400.311,0
2024-06-05 11:00:00,26.98,27.13,26.86,26.91,2762.594,0
2024-06-05 12:00:00,26.89,26.98,26.64,26.83,5521.958,0
2024-06-05 13:00:00,26.82,26.83,26.58,26.65,4969.728,0
2024-06-05 14:00:00,26.65,26.73,26.48,26.52,3262.912,0
2024-06-05 15:00:00,26.53,26.67,26.51,26.59,3011.384,0
2024-06-05 16:00:00,26.58,26.65,26.44,26.47,1360.414,0
2024-06-05 17:00:00,26.47,26.69,26.47,26.62,2345.794,0
2024-06-05 18:00:00,26.64,26.64,26.48,26.56,1759.146,0
2024-06-05 19:00:00,26.54,26.62,26.47,26.57,2499.115,0
2024-06-05 20:00:00,26.58,26.62,26.48,26.53,2629.316,0
2024-06-05 21:00:00,26.51,26.56,26.41,26.43,1381.018,0
2024-06-05 22:00:00,26.41,26.51,26.38,26.42,3013.325,0
2024-06-05 23:00:00,26.42,26.54,26.41,26.51,2086.174,0
2024-06-06 00:00:00,26.52,26.67,26.5,26.63,997.263,0
2024-06-06 01:00:00,26.62,26.63,26.44,26.52,2009.013,0
2024-06-06 02:00:00,26.52,26.52,26.41,26.48,2514.543,0
2024-06-06 03:00:00,26.46,26.56,26.25,26.29,4484.977,0
2024-06-06 04:00:00,26.29,26.35,26.21,26.27,1384.561,0
2024-06-06 05:00:00,26.26,26.3,26.12,26.18,2336.068,0
2024-06-06 06:00:00,26.17,26.21,26.03,26.1,1894.428,0
2024-06-06 07:00:00,26.08,26.14,26.02,26.14,2082.111,0
2024-06-06 08:00:00,26.13,26.26,26.07,26.11,2546.858,0
2024-06-06 09:00:00,26.12,26.3,26.09,26.28,2010.686,0
2024-06-06 10:00:00,26.28,26.48,26.22,26.44,1824.283,0
2024-06-06 11:00:00,26.43,26.43,26.34,26.36,978.302,0
2024-06-06 12:00:00,26.38,26.58,26.35,26.54,5447.874,0
2024-06-06 13:00:00,26.51,26.69,26.38,26.42,3074.525,0
2024-06-06 14:00:00,26.41,26.56,26.31,26.46,4529.419,0
2024-06-06 15:00:00,26.46,26.72,26.42,26.7,3807.853,0
2024-06-06 16:00:00,26.7,26.87,26.63,26.83,4163.607,0
2024-06-06 17:00:00,26.8,27.16,26.8,27.09,8313.856,0
2024-06-06 18:00:00,27.1,27.39,26.93,27.12,7999.115,0
2024-06-06 19:00:00,27.12,27.17,26.7,26.79,4990.307,0
2024-06-06 20:00:00,26.81,26.88,26.55,26.8,4827.77,0
2024-06-06 21:00:00,26.8,26.8,26.6,26.78,1570.957,0
2024-06-06 22:00:00,26.74,26.9,26.71,26.76,972.625,0
2024-06-06 23:00:00,26.77,26.87,26.68,26.76,945.492,0
2024-06-07 00:00:00,26.77,26.87,26.71,26.76,1215.34,0
2024-06-07 01:00:00,26.77,26.84,26.64,26.7,3429.984,0
2024-06-07 02:00:00,26.72,26.83,26.59,26.65,722.532,0
2024-06-07 03:00:00,26.64,26.75,26.56,26.65,1184.112,0
2024-06-07 04:00:00,26.65,26.72,26.5,26.65,3646.445,0
2024-06-07 05:00:00,26.64,26.68,26.58,26.67,3951.959,0
2024-06-07 06:00:00,26.67,27.03,26.63,26.78,3610.604,0
2024-06-07 07:00:00,26.76,26.91,26.71,26.85,2009.281,0
2024-06-07 08:00:00,26.84,26.89,26.66,26.66,1786.598,0
2024-06-07 09:00:00,26.66,26.75,26.57,26.72,3104.289,0
2024-06-07 10:00:00,26.72,26.86,26.69,26.86,2466.257,0
2024-06-07 11:00:00,26.84,27.03,26.83,26.94,1988.851,0
2024-06-07 12:00:00,26.92,26.93,26.3,26.65,7043.599,0
2024-06-07 13:00:00,26.62,26.83,26.59,26.78,3501.002,0
2024-06-07 14:00:00,26.77,26.89,26.66,26.79,3516.455,0
2024-06-07 15:00:00,26.79,26.85,26.56,26.73,5193.591,0
2024-06-07 16:00:00,26.71,26.94,26.57,26.71,11899.029,0
2024-06-07 17:00:00,26.7,26.74,26.3,26.34,3807.849,0
2024-06-07 18:00:00,26.36,26.36,23.0,24.54,79953.309,0
2024-06-07 19:00:00,24.53,25.1,24.25,24.86,11542.122,0
2024-06-07 20:00:00,24.84,25.19,24.64,25.17,5998.543,0
2024-06-07 21:00:00,25.16,25.37,25.09,25.25,4221.052,0
2024-06-07 22:00:00,25.24,25.26,25.04,25.18,7373.993,0
2024-06-07 23:00:00,25.18,25.21,24.89,24.89,2547.42,0
2024-06-08 00:00:00,24.9,25.03,24.76,25.02,3335.089,0
2024-06-08 01:00:00,25.02,25.3,25.0,25.26,1650.791,0
2024-06-08 02:00:00,25.24,25.28,25.14,25.16,1773.575,0
2024-06-08 03:00:00,25.15,25.23,25.13,25.19,1881.414,0
2024-06-08 04:00:00,25.17,25.17,24.97,24.97,1908.014,0
2024-06-08 05:00:00,24.96,25.12,24.95,25.03,1949.564,0
2024-06-08 06:00:00,25.01,25.06,24.93,24.99,747.926,0
2024-06-08 07:00:00,24.99,25.08,24.93,24.95,1309.873,0
2024-06-08 08:00:00,24.93,24.95,24.66,24.71,4528.573,0
2024-06-08 09:00:00,24.69,24.69,24.54,24.56,2450.624,0
2024-06-08 10:00:00,24.58,24.61,24.43,24.52,1432.439,0
2024-06-08 11:00:00,24.51,24.57,24.01,24.11,4895.625,0
2024-06-08 12:00:00,24.1,24.33,23.95,24.17,3925.737,0
2024-06-08 13:00:00,24.11,24.25,23.84,24.23,10662.781,0
2024-06-08 14:00:00,24.22,24.22,24.03,24.14,4211.561,0
2024-06-08 15:00:00,24.14,24.21,23.97,24.08,2961.284,0
2024-06-08 16:00:00,24.06,24.09,23.76,23.79,7601.98,0
2024-06-08 17:00:00,23.76,23.92,23.54,23.65,17209.525,0
2024-06-08 18:00:00,23.64,23.78,23.54,23.65,3860.559,0
2024-06-08 19:00:00,23.64,23.67,23.45,23.56,3128.406,0
2024-06-08 20:00:00,23.56,23.61,23.51,23.58,1886.486,0
2024-06-08 21:00:00,23.57,23.72,23.54,23.59,1250.136,0
2024-06-08 22:00:00,23.58,23.61,22.73,23.05,40212.773,0
2024-06-08 23:00:00,23.04,23.14,22.94,22.97,8659.517,0
2024-06-09 00:00:00,22.97,23.15,22.94,23.07,4090.911,0
2024-06-09 01:00:00,23.08,23.36,23.08,23.28,3903.476,0
2024-06-09 02:00:00,23.28,23.28,22.96,23.08,4491.93,0
2024-06-09 03:00:00,23.08,23.22,22.98,23.22,2251.171,0
2024-06-09 04:00:00,23.21,23.3,23.09,23.14,1697.873,0
2024-06-09 05:00:00,23.15,23.56,23.04,23.5,15360.502,0
2024-06-09 06:00:00,23.51,23.69,23.51,23.65,1188.564,0
2024-06-09 07:00:00,23.61,23.65,23.47,23.57,1970.832,0
2024-06-09 08:00:00,23.56,23.58,23.49,23.54,2629.878,0
2024-06-09 09:00:00,23.57,23.57,23.51,23.55,1797.992,0
2024-06-09 10:00:00,23.52,23.64,23.43,23.47,1318.554,0
2024-06-09 11:00:00,23.47,23.58,23.46,23.48,1020.348,0
2024-06-09 12:00:00,23.46,23.64,23.4,23.59,1929.085,0
2024-06-09 13:00:00,23.59,23.63,23.32,23.39,6002.456,0
2024-06-09 14:00:00,23.39,23.56,23.37,23.5,1621.676,0
2024-06-09 15:00:00,23.52,23.54,23.44,23.46,1250.571,0
2024-06-09 16:00:00,23.44,23.52,23.42,23.46,851.745,0
2024-06-09 17:00:00,23.47,23.48,23.34,23.36,1311.049,0
2024-06-09 18:00:00,23.35,23.58,23.31,23.54,3187.541,0
2024-06-09 19:00:00,23.53,23.66,23.52,23.61,2041.762,0
2024-06-09 20:00:00,23.61,23.73,23.56,23.65,4918.09,0
2024-06-09 21:00:00,23.68,23.78,23.61,23.75,3505.652,0
2024-06-09 22:00:00,23.71,23.75,23.53,23.65,3210.626,0
2024-06-09 23:00:00,23.64,23.77,23.63,23.74,389.197,0
2024-06-10 00:00:00,23.73,23.73,23.59,23.68,858.001,0
2024-06-10 01:00:00,23.69,23.87,23.63,23.84,1081.16,0
2024-06-10 02:00:00,23.84,24.05,23.77,23.84,4410.01,0
2024-06-10 03:00:00,23.87,23.91,23.73,23.75,889.377,0
2024-06-10 04:00:00,23.75,23.77,23.56,23.76,1458.761,0
2024-06-10 05:00:00,23.75,23.75,23.51,23.59,4197.825,0
2024-06-10 06:00:00,23.61,23.7,23.39,23.46,2006.304,0
2024-06-10 07:00:00,23.47,23.57,23.26,23.3,2037.195,0
2024-06-10 08:00:00,23.28,23.69,23.28,23.68,1934.865,0
2024-06-10 09:00:00,23.64,23.83,23.54,23.75,2730.711,0
2024-06-10 10:00:00,23.8,23.84,23.59,23.64,4657.284,0
2024-06-10 11:00:00,23.64,23.69,23.59,23.62,577.258,0
2024-06-10 12:00:00,23.63,23.7,23.47,23.55,7249.807,0
2024-06-10 13:00:00,23.55,23.76,23.48,23.73,3867.11,0
2024-06-10 14:00:00,23.73,24.09,23.57,23.97,11197.825,0
2024-06-10 15:00:00,23.99,24.4,23.85,24.18,13318.497,0
2024-06-10 16:00:00,24.18,24.27,24.0,24.12,4979.976,0
2024-06-10 17:00:00,24.12,24.12,23.85,24.05,2370.697,0
2024-06-10 18:00:00,24.05,24.05,23.76,23.82,3229.196,0
2024-06-10 19:00:00,23.84,23.84,23.63,23.65,1256.29,0
2024-06-10 20:00:00,23.65,23.67,23.5,23.53,2041.414,0
2024-06-10 21:00:00,23.53,23.65,23.45,23.59,1693.916,0
2024-06-10 22:00:00,23.59,23.63,23.48,23.58,804.006,0
2024-06-10 23:00:00,23.59,23.61,23.41,23.56,957.485,0
2024-06-11 00:00:00,23.55,23.66,23.51,23.56,642.418,0
2024-06-11 01:00:00,23.61,23.83,23.0,23.31,7158.831,0
2024-06-11 02:00:00,23.3,23.51,23.11,23.27,8241.397,0
2024-06-11 03:00:00,23.27,23.38,23.21,23.33,5066.831,0
2024-06-11 04:00:00,23.32,23.35,23.16,23.24,4470.202,0
2024-06-11 05:00:00,23.25,23.26,23.02,23.17,5434.381,0
2024-06-11 06:00:00,23.15,23.15,22.76,22.94,4944.938,0
2024-06-11 07:00:00,22.95,23.16,22.89,23.04,10873.738,0
2024-06-11 08:00:00,23.04,23.17,23.02,23.03,4373.155,0
2024-06-11 09:00:00,23.05,23.08,22.81,22.96,4141.629,0
2024-06-11 10:00:00,22.95,23.14,22.92,23.0,2907.949,0
2024-06-11 11:00:00,22.99,23.2,22.93,23.07,3241.432,0
2024-06-11 12:00:00,23.04,23.2,22.98,23.02,3653.714,0
2024-06-11 13:00:00,23.0,23.1,22.47,22.55,9546.093,0
2024-06-11 14:00:00,22.53,22.75,22.4,22.55,6172.689,0
2024-06-11 15:00:00,22.57,22.64,21.91,22.28,13737.485,0
2024-06-11 16:00:00,22.3,22.83,22.28,22.54,6679.36,0
2024-06-11 17:00:00,22.54,22.57,22.17,22.47,8613.205,0
2024-06-11 18:00:00,22.48,22.7,22.46,22.65,1319.144,0
2024-06-11 19:00:00,22.65,22.76,22.59,22.73,3378.857,0
2024-06-11 20:00:00,22.69,22.72,22.56,22.65,4304.902,0
2024-06-11 21:00:00,22.64,22.74,22.57,22.67,1789.466,0
2024-06-11 22:00:00,22.68,22.69,22.57,22.66,1558.155,0
2024-06-11 23:00:00,22.66,22.83,22.66,22.77,7565.533,0
2024-06-12 00:00:00,22.77,22.86,22.65,22.67,1242.715,0
2024-06-12 01:00:00,22.68,22.68,22.35,22.64,4417.75,0
2024-06-12 02:00:00,22.64,22.97,22.59,22.94,4059.533,0
2024-06-12 03:00:00,22.97,23.0,22.85,22.99,1060.7,0
2024-06-12 04:00:00,22.98,23.11,22.94,23.06,1013.955,0
2024-06-12 05:00:00,23.07,23.19,23.04,23.05,947.307,0
2024-06-12 06:00:00,23.04,23.18,23.02,23.13,1215.465,0
2024-06-12 07:00:00,23.11,23.29,23.11,23.24,796.38,0
2024-06-12 08:00:00,23.25,23.36,23.14,23.31,4231.452,0
2024-06-12 09:00:00,23.32,23.49,23.29,23.45,3043.465,0
2024-06-12 10:00:00,23.46,23.8,23.46,23.62,15220.866,0
2024-06-12 11:00:00,23.64,23.64,23.39,23.39,3608.961,0
2024-06-12 12:00:00,23.39,24.12,23.36,23.73,16777.19,0
2024-06-12 13:00:00,23.72,23.77,23.45,23.56,4032.177,0
2024-06-12 14:00:00,23.54,23.93,23.53,23.91,4632.856,0
2024-06-12 15:00:00,23.91,23.98,23.71,23.77,5967.858,0
2024-06-12 16:00:00,23.76,23.9,23.66,23.81,3741.06,0
2024-06-12 17:00:00,23.81,23.9,23.77,23.87,1572.257,0
2024-06-12 18:00:00,23.89,23.97,23.31,23.63,8574.073,0
2024-06-12 19:00:00,23.66,24.0,23.37,23.52,3993.676,0
2024-06-12 20:00:00,23.52,23.78,23.43,23.69,2199.99,0
2024-06-12 21:00:00,23.68,23.73,23.59,23.63,1797.741,0
2024-06-12 22:00:00,23.61,23.67,23.55,23.65,2007.067,0
2024-06-12 23:00:00,23.65,23.65,23.47,23.6,1348.795,0
2024-06-13 00:00:00,23.6,23.68,23.48,23.67,448.354,0
2024-06-13 01:00:00,23.67,23.96,23.57,23.6,4133.327,0
2024-06-13 02:00:00,23.57,23.62,23.22,23.25,3059.777,0
2024-06-13 03:00:00,23.25,23.3,22.97,23.29,3288.668,0
2024-06-13 04:00:00,23.25,23.35,23.18,23.18,347.464,0
2024-06-13 05:00:00,23.2,23.27,23.02,23.02,1337.004,0
2024-06-13 06:00:00,23.05,23.1,22.86,22.93,1872.039,0
2024-06-13 07:00:00,22.92,23.47,22.88,23.23,11599.412,0
2024-06-13 08:00:00,23.22,23.31,23.17,23.23,1407.889,0
2024-06-13 09:00:00,23.2,23.28,23.04,23.28,1936.843,0
2024-06-13 10:00:00,23.27,23.33,23.07,23.2,4708.439,0
2024-06-13 11:00:00,23.2,23.2,23.02,23.03,1226.215,0
2024-06-13 12:00:00,23.0,23.48,22.97,23.06,4569.182,0
2024-06-13 13:00:00,23.07,23.37,23.02,23.14,3792.955,0
2024-06-13 14:00:00,23.14,23.32,23.07,23.14,4807.624,0
2024-06-13 15:00:00,23.18,23.23,22.68,22.74,6718.066,0
2024-06-13 16:00:00,22.75,22.97,22.66,22.87,4610.963,0
2024-06-13 17:00:00,22.9,23.1,22.86,23.08,2824.12,0
2024-06-13 18:00:00,23.07,23.07,22.93,23.05,4092.733,0
2024-06-13 19:00:00,23.03,23.13,22.98,22.99,1892.421,0
2024-06-13 20:00:00,22.97,23.06,22.91,23.0,1488.071,0
2024-06-13 21:00:00,23.0,23.09,22.87,23.09,2325.739,0
2024-06-13 22:00:00,23.08,23.1,22.98,23.05,2903.028,0
2024-06-13 23:00:00,23.06,23.06,22.74,22.76,3282.103,0
2024-06-14 00:00:00,22.78,22.88,22.61,22.75,2552.861,0
2024-06-14 01:00:00,22.74,22.93,22.64,22.91,3229.579,0
2024-06-14 02:00:00,22.9,23.05,22.86,23.01,1305.945,0
2024-06-14 03:00:00,23.04,23.14,22.98,23.02,969.159,0
2024-06-14 04:00:00,23.05,23.16,23.02,23.08,2360.647,0
2024-06-14 05:00:00,23.07,23.3,23.05,23.24,2123.453,0
2024-06-14 06:00:00,23.23,23.42,23.17,23.27,2922.956,0
2024-06-14 07:00:00,23.28,23.36,23.18,23.31,2979.324,0
2024-06-14 08:00:00,23.28,23.45,23.23,23.45,2784.326,0
2024-06-14 09:00:00,23.42,23.51,23.29,23.38,2332.571,0
2024-06-14 10:00:00,23.35,23.42,23.22,23.4,3631.644,0
2024-06-14 11:00:00,23.41,23.75,23.29,23.58,5139.491,0
2024-06-14 12:00:00,23.56,23.57,23.42,23.47,2960.906,0
2024-06-14 13:00:00,23.49,23.57,23.41,23.56,7536.252,0
2024-06-14 14:00:00,23.55,23.55,23.05,23.38,7073.383,0
2024-06-14 15:00:00,23.36,23.37,22.92,23.03,2550.972,0
2024-06-14 16:00:00,23.02,23.07,21.84,22.88,18750.378,0
2024-06-14 17:00:00,22.87,23.01,22.59,22.67,10841.858,0
2024-06-14 18:00:00,22.65,22.66,22.26,22.3,5224.417,0
2024-06-14 19:00:00,22.31,22.47,22.19,22.47,5168.465,0
2024-06-14 20:00:00,22.47,22.82,22.46,22.5,7113.029,0
2024-06-14 21:00:00,22.5,22.97,22.47,22.75,12328.777,0
2024-06-14 22:00:00,22.75,22.78,22.58,22.73,2013.539,0
2024-06-14 23:00:00,22.72,22.8,22.62,22.76,2230.039,0
2024-06-15 00:00:00,22.75,23.06,22.73,22.79,3051.323,0
2024-06-15 01:00:00,22.84,22.99,22.59,22.68,2311.957,0
2024-06-15 02:00:00,22.56,22.77,22.56,22.72,1215.964,0
2024-06-15 03:00:00,22.74,22.9,22.71,22.88,2598.867,0
2024-06-15 04:00:00,22.86,22.87,22.64,22.76,2307.666,0
2024-06-15 05:00:00,22.76,22.95,22.76,22.9,5123.696,0
2024-06-15 06:00:00,22.92,23.1,22.9,22.95,2780.388,0
2024-06-15 07:00:00,22.97,23.01,22.81,22.83,2093.158,0
2024-06-15 08:00:00,22.83,22.89,22.76,22.78,1149.27,0
2024-06-15 09:00:00,22.81,22.83,22.69,22.7,937.888,0
2024-06-15 10:00:00,22.71,22.86,22.64,22.8,1900.722,0
2024-06-15 11:00:00,22.82,22.86,22.75,22.78,684.81,0
2024-06-15 12:00:00,22.79,22.87,22.71,22.86,2636.424,0
2024-06-15 13:00:00,22.83,22.83,22.69,22.71,1125.415,0
2024-06-15 14:00:00,22.72,22.75,22.54,22.59,3508.587,0
2024-06-15 15:00:00,22.59,22.78,22.59,22.65,6338.141,0
2024-06-15 16:00:00,22.64,22.74,22.53,22.54,6729.815,0
2024-06-15 17:00:00,22.54,22.66,22.5,22.66,1087.693,0
2024-06-15 18:00:00,22.66,22.66,22.55,22.59,2229.67,0
2024-06-15 19:00:00,22.56,22.68,22.44,22.68,3075.094,0
2024-06-15 20:00:00,22.66,22.66,22.41,22.5,1617.629,0
2024-06-15 21:00:00,22.51,22.65,22.5,22.58,1383.191,0
2024-06-15 22:00:00,22.58,22.73,22.54,22.66,978.748,0
2024-06-15 23:00:00,22.65,22.73,22.59,22.65,602.621,0
2024-06-16 00:00:00,22.68,22.91,22.64,22.8,8658.409,0
2024-06-16 01:00:00,22.79,22.99,22.61,22.7,9167.048,0
2024-06-16 02:00:00,22.69,22.7,22.53,22.54,1240.673,0
2024-06-16 03:00:00,22.51,22.58,22.36,22.48,1973.175,0
2024-06-16 04:00:00,22.47,22.73,22.34,22.65,10532.992,0
2024-06-16 05:00:00,22.64,22.8,22.64,22.78,829.526,0
2024-06-16 06:00:00,22.79,22.93,22.76,22.87,1026.529,0
2024-06-16 07:00:00,22.87,22.9,22.81,22.87,1030.549,0
2024-06-16 08:00:00,22.87,22.91,22.79,22.81,1670.627,0
2024-06-16 09:00:00,22.81,22.93,22.76,22.88,468.749,0
2024-06-16 10:00:00,22.89,23.04,22.84,23.03,1185.336,0
2024-06-16 11:00:00,23.04,23.07,22.97,23.06,1787.789,0
2024-06-16 12:00:00,23.06,23.07,22.85,22.91,5363.547,0
2024-06-16 13:00:00,22.89,22.96,22.72,22.84,3733.921,0
2024-06-16 14:00:00,22.83,22.96,22.55,22.58,8401.379,0
2024-06-16 15:00:00,22.6,22.71,22.58,22.67,2661.08,0
2024-06-16 16:00:00,22.68,22.71,22.65,22.68,624.977,0
2024-06-16 17:00:00,22.69,22.74,22.64,22.65,2114.994,0
2024-06-16 18:00:00,22.68,22.71,22.63,22.63,1095.447,0
2024-06-16 19:00:00,22.64,22.71,22.6,22.65,1468.338,0
2024-06-16 20:00:00,22.64,22.68,22.61,22.61,559.166,0
2024-06-16 21:00:00,22.62,22.76,22.62,22.64,1681.191,0
2024-06-16 22:00:00,22.66,22.92,22.65,22.74,2670.87,0
2024-06-16 23:00:00,22.78,22.91,22.67,22.86,3046.189,0
2024-06-17 00:00:00,22.88,23.05,22.79,22.83,5243.057,0
2024-06-17 01:00:00,22.81,22.84,22.6,22.68,1754.171,0
2024-06-17 02:00:00,22.68,22.7,22.48,22.6,2487.303,0
2024-06-17 03:00:00,22.58,22.6,22.34,22.41,1538.61,0
2024-06-17 04:00:00,22.42,23.29,22.31,22.64,8703.175,0
2024-06-17 05:00:00,22.64,22.68,22.49,22.49,2183.36,0
2024-06-17 06:00:00,22.54,22.59,22.27,22.3,2725.209,0
2024-06-17 07:00:00,22.3,22.41,22.05,22.26,6162.096,0
2024-06-17 08:00:00,22.25,22.27,21.74,22.06,8841.695,0
2024-06-17 09:00:00,22.06,22.19,21.86,21.91,5445.77,0
2024-06-17 10:00:00,21.91,22.1,21.61,22.03,11331.646,0
2024-06-17 11:00:00,22.02,22.09,21.93,21.95,4523.211,0
2024-06-17 12:00:00,21.95,22.25,21.92,22.07,17546.375,0
2024-06-17 13:00:00,22.04,22.2,21.83,21.93,3321.745,0
2024-06-17 14:00:00,21.92,22.19,21.91,22.08,3126.935,0
2024-06-17 15:00:00,22.08,22.13,21.87,21.87,5282.972,0
2024-06-17 16:00:00,21.9,22.26,21.04,22.24,19230.961,0
2024-06-17 17:00:00,22.2,22.29,21.97,22.04,8749.516,0
2024-06-17 18:00:00,22.07,22.12,21.95,22.1,7440.592,0
2024-06-17 19:00:00,22.11,22.13,21.87,21.9,3510.969,0
2024-06-17 20:00:00,21.89,21.91,21.56,21.66,3003.064,0
2024-06-17 21:00:00,21.64,21.79,21.46,21.76,3894.672,0
2024-06-17 22:00:00,21.76,21.94,21.69,21.74,3103.973,0
2024-06-17 23:00:00,21.73,21.76,21.6,21.72,1935.53,0
2024-06-18 00:00:00,21.75,21.81,21.29,21.61,12890.93,0
2024-06-18 01:00:00,21.59,21.72,18.8,20.01,65020.876,0
2024-06-18 02:00:00,20.01,20.31,19.69,20.19,17545.54,0
2024-06-18 03:00:00,20.19,20.29,20.13,20.18,5325.568,0
2024-06-18 04:00:00,20.19,20.66,20.06,20.35,16346.815,0
2024-06-18 05:00:00,20.36,20.45,20.32,20.34,3834.875,0
2024-06-18 06:00:00,20.35,20.4,20.2,20.2,3511.411,0
2024-06-18 07:00:00,20.21,20.79,20.2,20.29,9517.42,0
2024-06-18 08:00:00,20.28,20.43,20.2,20.4,3494.288,0
2024-06-18 09:00:00,20.4,20.46,20.24,20.29,2872.344,0
2024-06-18 10:00:00,20.27,20.33,20.17,20.21,4530.16,0
2024-06-18 11:00:00,20.21,20.24,19.83,20.06,9919.513,0
2024-06-18 12:00:00,20.09,20.12,19.68,19.9,8508.622,0
2024-06-18 13:00:00,19.93,19.93,19.56,19.63,16519.396,0
2024-06-18 14:00:00,19.64,20.13,19.46,19.84,14017.826,0
2024-06-18 15:00:00,19.86,20.19,19.69,20.1,10250.273,0
2024-06-18 16:00:00,20.1,20.12,19.74,19.97,11759.116,0
2024-06-18 17:00:00,19.96,20.08,19.7,19.77,7765.26,0
2024-06-18 18:00:00,19.76,19.92,19.6,19.72,4790.709,0
2024-06-18 19:00:00,19.69,20.06,19.54,20.04,12953.055,0
2024-06-18 20:00:00,20.05,20.31,19.93,20.25,8398.579,0
2024-06-18 21:00:00,20.25,20.42,20.17,20.41,5188.114,0
2024-06-18 22:00:00,20.4,20.55,20.28,20.55,2065.034,0
2024-06-18 23:00:00,20.54,20.59,20.43,20.5,3384.172,0
2024-06-19 00:00:00,20.5,20.64,20.38,20.64,5881.06,0
2024-06-19 01:00:00,20.62,20.85,20.55,20.75,10632.575,0
2024-06-19 02:00:00,20.74,21.88,20.73,20.96,15161.826,0
2024-06-19 03:00:00,20.96,21.2,20.89,21.13,4785.598,0
2024-06-19 04:00:00,21.12,21.32,20.91,20.91,7471.176,0
2024-06-19 05:00:00,20.92,20.98,20.71,20.79,1946.954,0
2024-06-19 06:00:00,20.81,20.96,20.79,20.95,3682.333,0
2024-06-19 07:00:00,20.94,20.95,20.74,20.85,1456.047,0
2024-06-19 08:00:00,20.84,20.84,20.57,20.64,2818.6,0
2024-06-19 09:00:00,20.66,20.73,20.53,20.69,4318.168,0
2024-06-19 10:00:00,20.69,20.9,20.64,20.84,2266.054,0
2024-06-19 11:00:00,20.84,20.85,20.48,20.62,4885.919,0
2024-06-19 12:00:00,20.66,20.77,20.49,20.65,8163.275,0
2024-06-19 13:00:00,20.65,20.68,20.51,20.55,4682.397,0
2024-06-19 14:00:00,20.56,20.56,20.15,20.19,7307.741,0
2024-06-19 15:00:00,20.19,20.29,19.97,19.99,6884.122,0
2024-06-19 16:00:00,19.98,20.12,19.89,19.97,8044.501,0
2024-06-19 17:00:00,19.97,20.25,19.95,20.03,11260.069,0
2024-06-19 18:00:00,20.03,20.09,19.83,19.83,9558.981,0
2024-06-19 19:00:00,19.83,19.97,19.77,19.84,9694.312,0
2024-06-19 20:00:00,19.84,19.99,19.74,19.88,7670.916,0
2024-06-19 21:00:00,19.88,20.05,19.86,19.93,8401.353,0
2024-06-19 22:00:00,19.93,19.99,19.86,19.88,5040.459,0
2024-06-19 23:00:00,19.88,20.07,19.86,20.07,4923.994,0
2024-06-20 00:00:00,20.07,20.23,19.92,20.19,3165.016,0
2024-06-20 01:00:00,20.17,20.37,20.07,20.13,5515.629,0
2024-06-20 02:00:00,20.13,20.19,19.97,20.03,2338.82,0
2024-06-20 03:00:00,20.04,20.17,19.98,20.1,2344.919,0
2024-06-20 04:00:00,20.12,20.31,20.06,20.3,1624.709,0
2024-06-20 05:00:00,20.29,20.56,20.22,20.52,4558.307,0
2024-06-20 06:00:00,20.52,20.66,20.49,20.66,2220.684,0
2024-06-20 07:00:00,20.67,20.76,20.59,20.6,4012.044,0
2024-06-20 08:00:00,20.64,20.64,20.4,20.5,4066.478,0
2024-06-20 09:00:00,20.5,20.54,20.41,20.45,2079.825,0
2024-06-20 10:00:00,20.45,20.58,20.39,20.56,4291.843,0
2024-06-20 11:00:00,20.56,20.73,20.43,20.46,4593.424,0
2024-06-20 12:00:00,20.46,20.56,20.4,20.43,2773.656,0
2024-06-20 13:00:00,20.43,20.45,20.11,20.26,13750.074,0
2024-06-20 14:00:00,20.25,20.3,19.94,20.22,3619.669,0
2024-06-20 15:00:00,20.21,20.22,19.94,19.96,3375.592,0
2024-06-20 16:00:00,19.97,20.06,19.75,19.97,11611.323,0
2024-06-20 17:00:00,19.94,20.04,19.9,20.03,1117.733,0
2024-06-20 18:00:00,20.02,20.12,19.89,20.04,6384.312,0
2024-06-20 19:00:00,20.03,20.09,19.96,20.08,1545.301,0
2024-06-20 20:00:00,20.08,20.15,20.05,20.1,1560.351,0
2024-06-20 21:00:00,20.11,20.13,19.96,19.99,1183.932,0
2024-06-20 22:00:00,19.97,19.99,19.92,19.94,2068.414,0
2024-06-20 23:00:00,19.94,20.05,19.88,20.03,2437.894,0
2024-06-21 00:00:00,20.01,20.11,19.81,19.94,4770.23,0
2024-06-21 01:00:00,19.94,20.3,19.92,20.27,3134.032,0
2024-06-21 02:00:00,20.28,20.35,20.21,20.32,4744.781,0
2024-06-21 03:00:00,20.34,20.43,20.26,20.35,1336.322,0
2024-06-21 04:00:00,20.35,20.37,20.15,20.28,7322.723,0
2024-06-21 05:00:00,20.28,20.28,20.09,20.25,1911.908,0
2024-06-21 06:00:00,20.23,20.24,20.05,20.08,2458.778,0
2024-06-21 07:00:00,20.11,20.15,19.82,19.9,5407.806,0
2024-06-21 08:00:00,19.9,20.02,19.57,19.72,8603.109,0
2024-06-21 09:00:00,19.7,20.08,19.69,19.98,5621.949,0
2024-06-21 10:00:00,19.98,20.04,19.9,19.96,3430.14,0
2024-06-21 11:00:00,19.95,20.16,19.89,20.15,6610.22,0
2024-06-21 12:00:00,20.15,20.22,19.95,20.1,5613.458,0
2024-06-21 13:00:00,20.08,20.08,19.83,20.03,8524.957,0
2024-06-21 14:00:00,20.03,20.31,19.99,20.29,6426.295,0
2024-06-21 15:00:00,20.29,20.33,20.04,20.18,3874.739,0
2024-06-21 16:00:00,20.17,20.22,19.98,19.99,2078.743,0
2024-06-21 17:00:00,20.0,20.02,19.69,19.76,8394.083,0
2024-06-21 18:00:00,19.75,19.99,19.63,19.99,4283.989,0
2024-06-21 19:00:00,19.99,20.05,19.95,19.97,1184.76,0
2024-06-21 20:00:00,19.97,20.15,19.97,20.12,1269.235,0
2024-06-21 21:00:00,20.15,20.15,19.95,20.08,1070.063,0
2024-06-21 22:00:00,20.06,20.09,20.01,20.03,1080.883,0
2024-06-21 23:00:00,20.06,20.07,19.97,20.07,1216.418,0
2024-06-22 00:00:00,20.07,20.08,19.8,19.84,2375.974,0
2024-06-22 01:00:00,19.85,19.97,19.83,19.95,1028.594,0
2024-06-22 02:00:00,19.95,20.04,19.95,19.97,1148.693,0
2024-06-22 03:00:00,20.01,20.1,19.97,20.1,1251.692,0
2024-06-22 04:00:00,20.09,20.16,20.03,20.1,4514.39,0
2024-06-22 05:00:00,20.08,20.15,20.01,20.05,4137.083,0
2024-06-22 06:00:00,20.08,20.1,19.99,19.99,1793.875,0
2024-06-22 07:00:00,19.99,20.05,19.95,19.99,1809.692,0
2024-06-22 08:00:00,19.99,20.0,19.82,19.89,3676.37,0
2024-06-22 09:00:00,19.91,19.93,19.81,19.88,2353.975,0
2024-06-22 10:00:00,19.87,19.94,19.86,19.9,864.637,0
2024-06-22 11:00:00,19.89,19.96,19.89,19.94,1280.584,0
2024-06-22 12:00:00,19.95,19.96,19.88,19.93,652.162,0
2024-06-22 13:00:00,19.92,20.0,19.88,19.95,3232.969,0
2024-06-22 14:00:00,19.93,20.1,19.92,20.03,1701.311,0
2024-06-22 15:00:00,20.01,20.03,19.94,19.98,2396.975,0
2024-06-22 16:00:00,20.0,20.1,19.98,20.06,2108.557,0
2024-06-22 17:00:00,20.1,20.13,20.05,20.05,1584.086,0
2024-06-22 18:00:00,20.07,20.12,20.0,20.07,4794.264,0
2024-06-22 19:00:00,20.07,20.15,20.06,20.06,2092.399,0
2024-06-22 20:00:00,20.07,20.07,19.96,20.01,990.431,0
2024-06-22 21:00:00,20.0,20.1,19.99,20.08,1152.027,0
2024-06-22 22:00:00,20.07,20.12,20.04,20.11,614.724,0
2024-06-22 23:00:00,20.1,20.16,19.99,19.99,2225.738,0
2024-06-23 00:00:00,19.98,20.13,19.96,20.06,1163.916,0
2024-06-23 01:00:00,20.07,20.17,20.05,20.14,1240.817,0
2024-06-23 02:00:00,20.13,20.14,20.1,20.12,363.884,0
2024-06-23 03:00:00,20.17,20.23,20.14,20.22,799.076,0
2024-06-23 04:00:00,20.22,20.26,20.14,20.18,938.174,0
2024-06-23 05:00:00,20.19,20.21,20.16,20.19,1344.339,0
2024-06-23 06:00:00,20.2,20.27,20.19,20.25,752.908,0
2024-06-23 07:00:00,20.24,20.29,20.22,20.22,1611.052,0
2024-06-23 08:00:00,20.23,20.39,20.2,20.36,3499.286,0
2024-06-23 09:00:00,20.37,20.42,20.29,20.32,2922.138,0
2024-06-23 10:00:00,20.34,20.34,20.19,20.22,3914.039,0
2024-06-23 11:00:00,20.2,20.23,20.13,20.19,3498.085,0
2024-06-23 12:00:00,20.17,20.26,20.14,20.14,5437.294,0
2024-06-23 13:00:00,20.13,20.17,20.03,20.03,3779.191,0
2024-06-23 14:00:00,20.05,20.07,19.9,19.92,5384.879,0
2024-06-23 15:00:00,19.92,19.95,19.7,19.76,12206.487,0
2024-06-23 16:00:00,19.76,19.77,19.49,19.54,2179.33,0
2024-06-23 17:00:00,19.55,19.74,19.52,19.68,1811.562,0
2024-06-23 18:00:00,19.72,19.73,19.62,19.65,413.907,0
2024-06-23 19:00:00,19.65,19.75,19.63,19.73,3306.071,0
2024-06-23 20:00:00,19.74,19.79,19.35,19.67,8114.405,0
2024-06-23 21:00:00,19.71,19.82,19.68,19.78,1970.19,0
2024-06-23 22:00:00,19.77,19.77,19.44,19.56,5804.027,0
2024-06-23 23:00:00,19.55,19.59,19.5,19.59,888.983,0
2024-06-24 00:00:00,19.58,19.82,19.58,19.78,4307.102,0
2024-06-24 01:00:00,19.78,19.84,19.62,19.71,1404.381,0
2024-06-24 02:00:00,19.71,19.75,19.47,19.61,1409.91,0
2024-06-24 03:00:00,19.64,19.78,19.6,19.65,1291.846,0
2024-06-24 04:00:00,19.68,19.93,19.47,19.9,16246.286,0
2024-06-24 05:00:00,19.89,19.89,19.45,19.66,6828.568,0
2024-06-24 06:00:00,19.67,19.74,19.53,19.64,3395.078,0
2024-06-24 07:00:00,19.64,19.65,19.43,19.46,1234.532,0
2024-06-24 08:00:00,19.45,19.81,19.35,19.71,6748.305,0
2024-06-24 09:00:00,19.75,19.81,18.88,19.64,14283.438,0
2024-06-24 10:00:00,19.65,19.72,19.53,19.54,6713.952,0
2024-06-24 11:00:00,19.56,19.65,19.25,19.38,9691.828,0
2024-06-24 12:00:00,19.36,19.67,19.36,19.53,2099.24,0
2024-06-24 13:00:00,19.56,19.59,19.39,19.55,5735.499,0
2024-06-24 14:00:00,19.58,19.6,19.35,19.44,6108.92,0
2024-06-24 15:00:00,19.45,19.48,19.14,19.2,6543.652,0
2024-06-24 16:00:00,19.21,19.37,19.15,19.26,4060.085,0
2024-06-24 17:00:00,19.27,19.48,19.08,19.21,7167.24,0
2024-06-24 18:00:00,19.22,19.42,19.11,19.36,2266.795,0
2024-06-24 19:00:00,19.37,19.47,19.31,19.34,3848.715,0
2024-06-24 20:00:00,19.41,19.63,19.16,19.6,11405.354,0
2024-06-24 21:00:00,19.6,19.83,19.59,19.83,4291.238,0
2024-06-24 22:00:00,19.83,19.89,19.68,19.68,5221.487,0
2024-06-24 23:00:00,19.67,19.86,19.62,19.82,2652.225,0
2024-06-25 00:00:00,19.83,19.83,19.5,19.64,2703.933,0
2024-06-25 01:00:00,19.62,19.67,19.47,19.56,1134.182,0
2024-06-25 02:00:00,19.56,19.79,19.53,19.72,3772.462,0
2024-06-25 03:00:00,19.72,19.91,19.67,19.78,2435.213,0
2024-06-25 04:00:00,19.8,19.84,19.72,19.79,1386.447,0
2024-06-25 05:00:00,19.81,19.83,19.71,19.73,1449.203,0
2024-06-25 06:00:00,19.73,19.75,19.63,19.65,1805.639,0
2024-06-25 07:00:00,19.63,19.71,19.57,19.6,2221.933,0
2024-06-25 08:00:00,19.64,19.76,19.54,19.68,7659.341,0
2024-06-25 09:00:00,19.66,19.87,19.59,19.82,5350.75,0
2024-06-25 10:00:00,19.8,19.95,19.76,19.94,3844.492,0
2024-06-25 11:00:00,19.94,20.1,19.93,19.95,6453.548,0
2024-06-25 12:00:00,19.95,19.95,19.85,19.87,1438.629,0
2024-06-25 13:00:00,19.87,20.0,19.82,19.85,4576.212,0
2024-06-25 14:00:00,19.87,20.2,19.81,20.08,6039.165,0
2024-06-25 15:00:00,20.09,20.25,19.97,20.21,5975.28,0
2024-06-25 16:00:00,20.21,20.23,20.07,20.12,2543.142,0
2024-06-25 17:00:00,20.11,20.24,20.11,20.15,785.433,0
2024-06-25 18:00:00,20.16,20.36,20.09,20.32,3903.281,0
2024-06-25 19:00:00,20.33,20.34,20.19,20.2,2106.188,0
2024-06-25 20:00:00,20.2,20.23,20.13,20.21,1399.5,0
2024-06-25 21:00:00,20.19,20.26,20.18,20.2,1034.04,0
2024-06-25 22:00:00,20.2,20.28,20.2,20.23,819.526,0
2024-06-25 23:00:00,20.24,20.24,20.13,20.14,1460.247,0
2024-06-26 00:00:00,20.14,20.2,20.04,20.11,933.076,0
2024-06-26 01:00:00,20.1,20.45,20.1,20.41,4770.276,0
2024-06-26 02:00:00,20.41,20.43,20.24,20.27,3860.046,0
2024-06-26 03:00:00,20.28,20.32,20.11,20.21,7858.275,0
2024-06-26 04:00:00,20.21,20.25,19.97,20.01,4997.309,0
2024-06-26 05:00:00,20.0,20.11,19.9,20.07,2482.424,0
2024-06-26 06:00:00,20.05,20.12,20.02,20.07,2034.089,0
2024-06-26 07:00:00,20.05,20.15,20.0,20.09,2692.524,0
2024-06-26 08:00:00,20.1,20.11,19.94,19.97,1219.524,0
2024-06-26 09:00:00,19.96,20.01,19.93,19.95,3245.589,0
2024-06-26 10:00:00,19.94,19.99,19.63,19.66,14671.904,0
2024-06-26 11:00:00,19.66,19.74,19.64,19.72,7234.387,0
2024-06-26 12:00:00,19.73,19.78,19.65,19.69,4279.449,0
2024-06-26 13:00:00,19.7,19.95,19.69,19.95,4135.286,0
2024-06-26 14:00:00,19.95,20.0,19.74,19.88,4710.813,0
2024-06-26 15:00:00,19.86,19.89,19.71,19.83,3131.5,0
2024-06-26 16:00:00,19.81,19.89,19.72,19.74,2980.181,0
2024-06-26 17:00:00,19.73,19.76,19.47,19.76,5443.248,0
2024-06-26 18:00:00,19.77,19.77,19.67,19.68,1139.971,0
2024-06-26 19:00:00,19.68,19.89,19.68,19.89,2112.476,0
2024-06-26 20:00:00,19.89,19.99,19.84,19.9,2535.559,0
2024-06-26 21:00:00,19.91,19.95,19.86,19.92,651.664,0
2024-06-26 22:00:00,19.93,19.94,19.81,19.82,980.244,0
2024-06-26 23:00:00,19.84,20.0,19.79,19.91,9359.489,0
2024-06-27 00:00:00,19.89,19.92,19.79,19.88,1507.957,0
2024-06-27 01:00:00,19.88,20.0,19.75,19.89,5643.744,0
2024-06-27 02:00:00,19.88,19.99,19.81,19.97,2022.173,0
2024-06-27 03:00:00,19.93,20.06,19.91,20.04,3953.254,0
2024-06-27 04:00:00,20.04,20.16,19.99,19.99,3339.602,0
2024-06-27 05:00:00,20.0,20.0,19.83,19.84,5138.402,0
2024-06-27 06:00:00,19.84,19.93,19.78,19.91,4242.224,0
2024-06-27 07:00:00,19.89,19.98,19.85,19.91,3354.181,0
2024-06-27 08:00:00,19.92,20.04,19.9,20.01,3749.188,0
2024-06-27 09:00:00,20.02,20.2,20.01,20.18,4102.977,0
2024-06-27 10:00:00,20.21,20.27,20.15,20.17,5125.524,0
2024-06-27 11:00:00,20.17,20.37,20.16,20.27,9471.013,0
2024-06-27 12:00:00,20.26,20.4,20.18,20.39,7835.636,0
2024-06-27 13:00:00,20.39,20.78,20.39,20.63,15649.053,0
2024-06-27 14:00:00,20.63,20.81,20.47,20.49,12546.49,0
2024-06-27 15:00:00,20.52,20.71,20.5,20.68,5055.565,0
2024-06-27 16:00:00,20.68,20.82,20.68,20.75,3531.538,0
2024-06-27 17:00:00,20.72,20.85,20.69,20.78,2506.809,0
2024-06-27 18:00:00,20.77,20.79,20.63,20.69,5485.627,0
2024-06-27 19:00:00,20.74,20.84,20.66,20.79,1951.501,0
2024-06-27 20:00:00,20.79,20.88,20.78,20.84,2392.864,0
2024-06-27 21:00:00,20.85,20.95,20.81,20.91,1873.897,0
2024-06-27 22:00:00,20.92,20.95,20.82,20.95,3098.274,0
2024-06-27 23:00:00,20.95,20.96,20.84,20.87,2037.833,0
2024-06-28 00:00:00,20.87,20.88,20.62,20.68,1737.957,0
2024-06-28 01:00:00,20.69,20.9,20.69,20.87,1451.101,0
2024-06-28 02:00:00,20.85,20.88,20.72,20.79,1669.11,0
2024-06-28 03:00:00,20.78,20.85,20.77,20.82,546.504,0
2024-06-28 04:00:00,20.8,21.2,20.79,20.91,8226.169,0
2024-06-28 05:00:00,20.91,20.92,20.74,20.8,5675.67,0
2024-06-28 06:00:00,20.79,20.83,20.74,20.82,848.913,0
2024-06-28 07:00:00,20.83,20.84,20.68,20.77,2133.055,0
2024-06-28 08:00:00,20.77,20.82,20.72,20.76,2036.954,0
2024-06-28 09:00:00,20.76,20.84,20.72,20.82,2533.501,0
2024-06-28 10:00:00,20.83,20.94,20.8,20.9,2747.575,0
2024-06-28 11:00:00,20.89,20.92,20.85,20.88,2450.525,0
2024-06-28 12:00:00,20.88,21.0,20.83,20.9,3245.469,0
2024-06-28 13:00:00,20.9,21.1,20.78,20.91,3613.004,0
2024-06-28 14:00:00,20.91,21.01,20.69,20.86,3909.406,0
2024-06-28 15:00:00,20.85,20.96,20.74,20.9,6196.007,0
2024-06-28 16:00:00,20.92,20.94,20.72,20.92,6475.615,0
2024-06-28 17:00:00,20.89,20.9,20.67,20.81,2967.113,0
2024-06-28 18:00:00,20.81,20.85,20.74,20.8,1801.265,0
2024-06-28 19:00:00,20.8,20.93,20.67,20.86,2954.29,0
2024-06-28 20:00:00,20.87,21.24,20.87,21.12,11546.224,0
2024-06-28 21:00:00,21.08,21.11,20.95,21.04,4078.166,0
2024-06-28 22:00:00,21.01,21.01,20.84,20.93,2688.575,0
2024-06-28 23:00:00,20.92,20.92,20.63,20.66,2623.706,0
2024-06-29 00:00:00,20.65,20.75,20.56,20.7,2725.976,0
2024-06-29 01:00:00,20.69,20.86,20.69,20.8,1318.089,0
2024-06-29 02:00:00,20.82,20.86,20.61,20.64,1801.944,0
2024-06-29 03:00:00,20.65,20.78,20.59,20.75,1116.104,0
2024-06-29 04:00:00,20.73,20.88,20.72,20.74,1172.537,0
2024-06-29 05:00:00,20.74,20.79,20.58,20.67,1546.482,0
2024-06-29 06:00:00,20.65,20.66,20.57,20.62,191.364,0
2024-06-29 07:00:00,20.62,20.8,20.62,20.69,1005.143,0
2024-06-29 08:00:00,20.69,20.74,20.62,20.68,3287.61,0
2024-06-29 09:00:00,20.68,20.79,20.63,20.71,2146.257,0
2024-06-29 10:00:00,20.71,20.72,20.53,20.57,5063.712,0
2024-06-29 11:00:00,20.58,20.65,20.56,20.63,1726.147,0
2024-06-29 12:00:00,20.63,20.64,20.51,20.54,2563.471,0
2024-06-29 13:00:00,20.55,20.67,20.53,20.63,2893.246,0
2024-06-29 14:00:00,20.6,20.65,20.5,20.55,1818.529,0
2024-06-29 15:00:00,20.53,20.67,20.47,20.67,2725.382,0
2024-06-29 16:00:00,20.68,20.68,20.55,20.61,1189.528,0
2024-06-29 17:00:00,20.61,20.61,20.46,20.54,1433.615,0
2024-06-29 18:00:00,20.54,20.55,20.45,20.47,1563.887,0
2024-06-29 19:00:00,20.47,20.54,20.35,20.48,1848.411,0
2024-06-29 20:00:00,20.46,20.52,20.38,20.41,1194.063,0
2024-06-29 21:00:00,20.42,20.44,20.3,20.36,1821.944,0
2024-06-29 22:00:00,20.35,20.35,20.18,20.21,1605.308,0
2024-06-29 23:00:00,20.21,20.3,20.18,20.24,4093.127,0
2024-06-30 00:00:00,20.21,20.33,20.2,20.3,1393.248,0
2024-06-30 01:00:00,20.32,20.32,20.18,20.25,432.416,0
2024-06-30 02:00:00,20.24,20.25,19.93,20.0,3764.786,0
2024-06-30 03:00:00,20.02,20.02,19.96,19.96,1592.751,0
2024-06-30 04:00:00,19.96,19.97,19.83,19.89,4100.031,0
2024-06-30 05:00:00,19.89,19.93,19.85,19.91,540.637,0
2024-06-30 06:00:00,19.9,20.05,19.87,20.03,1605.106,0
2024-06-30 07:00:00,20.03,20.52,20.03,20.45,7357.887,0
2024-06-30 08:00:00,20.45,20.91,20.45,20.79,10355.664,0
2024-06-30 09:00:00,20.78,20.9,20.75,20.76,8438.787,0
2024-06-30 10:00:00,20.75,20.76,20.75,20.76,7964.117,0
2024-06-30 11:00:00,20.75,20.98,20.71,20.75,4668.329,0
2024-06-30 12:00:00,20.75,20.86,20.54,20.57,4120.154,0
2024-06-30 13:00:00,20.58,20.63,20.52,20.61,1305.867,0
2024-06-30 14:00:00,20.59,20.63,20.53,20.57,774.334,0
2024-06-30 15:00:00,20.59,20.69,20.59,20.65,2092.389,0
2024-06-30 16:00:00,20.65,20.69,20.45,20.47,1541.711,0
2024-06-30 17:00:00,20.47,20.68,20.46,20.49,2311.851,0
2024-06-30 18:00:00,20.51,20.63,20.49,20.59,700.544,0
2024-06-30 19:00:00,20.58,20.59,20.49,20.54,1786.614,0
2024-06-30 20:00:00,20.56,20.66,20.52,20.56,2833.665,0
2024-06-30 21:00:00,20.59,20.59,20.47,20.49,935.843,0
2024-06-30 22:00:00,20.53,20.89,20.51,20.87,1615.086,0
2024-06-30 23:00:00,20.88,21.0,20.79,20.94,2610.683,0
2024-07-01 00:00:00,20.95,20.95,20.68,20.74,2907.103,0
2024-07-01 01:00:00,20.72,21.01,20.68,20.9,4395.437,0
2024-07-01 02:00:00,20.9,20.96,20.74,20.79,1605.229,0
2024-07-01 03:00:00,20.79,20.81,20.72,20.78,649.853,0
2024-07-01 04:00:00,20.77,20.91,20.77,20.83,2393.512,0
2024-07-01 05:00:00,20.81,20.84,20.75,20.78,4752.89,0
2024-07-01 06:00:00,20.77,20.79,20.7,20.77,813.041,0
2024-07-01 07:00:00,20.76,21.36,20.74,20.87,21897.755,0
2024-07-01 08:00:00,20.86,20.86,20.53,20.73,3837.424,0
2024-07-01 09:00:00,20.74,20.74,20.56,20.71,4819.652,0
2024-07-01 10:00:00,20.71,20.76,20.54,20.57,3285.529,0
2024-07-01 11:00:00,20.58,20.64,20.51,20.58,2453.494,0
2024-07-01 12:00:00,20.6,20.77,20.56,20.6,4621.278,0
2024-07-01 13:00:00,20.6,20.69,20.41,20.48,2399.178,0
2024-07-01 14:00:00,20.48,20.48,20.25,20.42,3262.627,0
2024-07-01 15:00:00,20.44,20.52,20.36,20.48,2258.511,0
2024-07-01 16:00:00,20.46,20.51,20.41,20.47,748.78,0
2024-07-01 17:00:00,20.49,20.69,20.49,20.68,943.278,0
2024-07-01 18:00:00,20.68,20.74,20.64,20.71,841.139,0
2024-07-01 19:00:00,20.71,20.78,20.66,20.73,857.719,0
2024-07-01 20:00:00,20.74,20.78,20.66,20.72,838.629,0
2024-07-01 21:00:00,20.73,20.77,20.6,20.68,2152.116,0
2024-07-01 22:00:00,20.66,20.99,20.62,20.78,15547.543,0
2024-07-01 23:00:00,20.79,21.0,20.67,20.74,7014.643,0
2024-07-02 00:00:00,20.74,20.78,20.57,20.77,3377.007,0
2024-07-02 01:00:00,20.75,20.76,20.54,20.6,3786.751,0
2024-07-02 02:00:00,20.6,20.62,20.45,20.53,758.633,0
2024-07-02 03:00:00,20.54,20.69,20.54,20.65,392.932,0
2024-07-02 04:00:00,20.64,20.74,20.56,20.56,807.005,0
2024-07-02 05:00:00,20.59,20.75,20.55,20.67,1285.898,0
2024-07-02 06:00:00,20.7,20.71,20.57,20.58,434.263,0
2024-07-02 07:00:00,20.58,20.66,20.58,20.58,1664.333,0
2024-07-02 08:00:00,20.59,20.61,20.51,20.54,1244.206,0
2024-07-02 09:00:00,20.53,20.65,18.75,20.56,26544.153,0
2024-07-02 10:00:00,20.57,20.69,20.45,20.67,5880.413,0
2024-07-02 11:00:00,20.65,20.72,20.6,20.63,3940.062,0
2024-07-02 12:00:00,20.62,20.76,20.59,20.67,2761.303,0
2024-07-02 13:00:00,20.69,20.84,20.61,20.67,2085.111,0
2024-07-02 14:00:00,20.67,20.81,20.54,20.67,4473.558,0
2024-07-02 15:00:00,20.67,20.79,20.66,20.74,2922.687,0
2024-07-02 16:00:00,20.75,20.76,20.55,20.67,3247.027,0
2024-07-02 17:00:00,20.67,20.69,20.52,20.59,4163.06,0
2024-07-02 18:00:00,20.62,20.81,20.61,20.76,3242.69,0
2024-07-02 19:00:00,20.76,20.78,20.7,20.75,609.835,0
2024-07-02 20:00:00,20.76,20.77,20.68,20.74,967.102,0
2024-07-02 21:00:00,20.76,20.76,20.63,20.74,1867.444,0
2024-07-02 22:00:00,20.73,20.8,20.71,20.8,933.369,0
2024-07-02 23:00:00,20.81,20.86,20.75,20.86,1501.285,0
2024-07-03 00:00:00,20.82,20.91,20.74,20.78,2942.162,0
2024-07-03 01:00:00,20.79,20.82,20.5,20.62,3756.293,0
2024-07-03 02:00:00,20.63,20.68,20.43,20.6,8214.2,0
2024-07-03 03:00:00,20.6,20.63,20.29,20.58,4508.065,0
2024-07-03 04:00:00,20.56,20.58,20.35,20.46,1597.765,0
2024-07-03 05:00:00,20.48,20.67,20.41,20.67,6430.038,0
2024-07-03 06:00:00,20.69,20.92,20.69,20.79,6354.251,0
2024-07-03 07:00:00,20.79,20.82,20.72,20.82,1406.677,0
2024-07-03 08:00:00,20.81,20.98,20.79,20.92,9414.056,0
2024-07-03 09:00:00,20.95,21.03,20.86,20.91,5346.229,0
2024-07-03 10:00:00,20.92,20.99,20.57,20.72,9966.066,0
2024-07-03 11:00:00,20.71,20.84,20.65,20.69,6454.448,0
2024-07-03 12:00:00,20.72,20.73,20.35,20.39,4650.533,0
2024-07-03 13:00:00,20.41,20.63,20.31,20.58,3604.597,0
2024-07-03 14:00:00,20.61,20.87,20.58,20.79,12526.802,0
2024-07-03 15:00:00,20.77,20.81,20.64,20.72,4875.619,0
2024-07-03 16:00:00,20.72,20.72,20.52,20.6,1637.562,0
2024-07-03 17:00:00,20.66,20.67,20.35,20.4,1787.179,0
2024-07-03 18:00:00,20.39,20.44,20.08,20.14,5049.855,0
2024-07-03 19:00:00,20.14,20.23,19.86,20.06,6270.261,0
2024-07-03 20:00:00,20.06,20.17,19.99,20.0,1341.399,0
2024-07-03 21:00:00,20.01,20.4,19.99,20.4,4275.264,0
2024-07-03 22:00:00,20.4,20.65,20.21,20.63,2431.541,0
2024-07-03 23:00:00,20.62,20.83,20.54,20.8,3387.289,0
2024-07-04 00:00:00,20.81,20.89,20.55,20.6,6002.06,0
2024-07-04 01:00:00,20.59,20.62,19.72,20.06,19646.504,0
2024-07-04 02:00:00,20.06,20.18,19.76,19.97,6961.206,0
2024-07-04 03:00:00,19.98,20.1,19.82,19.97,10035.672,0
2024-07-04 04:00:00,19.98,20.14,19.93,20.12,1948.295,0
2024-07-04 05:00:00,20.12,20.13,19.94,20.02,1808.362,0
2024-07-04 06:00:00,20.04,20.14,19.9,19.99,5412.359,0
2024-07-04 07:00:00,20.0,20.03,19.6,19.67,6753.541,0
2024-07-04 08:00:00,19.64,19.87,19.49,19.78,8687.235,0
2024-07-04 09:00:00,19.79,19.91,19.57,19.74,5216.231,0
2024-07-04 10:00:00,19.74,19.74,19.48,19.63,3589.726,0
2024-07-04 11:00:00,19.64,19.68,19.11,19.46,20153.431,0
2024-07-04 12:00:00,19.49,19.52,19.18,19.2,2497.707,0
2024-07-04 13:00:00,19.21,19.22,18.64,19.1,20492.615,0
2024-07-04 14:00:00,19.09,19.21,18.93,19.19,5287.5,0
2024-07-04 15:00:00,19.22,19.52,18.98,19.4,10985.796,0
2024-07-04 16:00:00,19.4,19.72,19.34,19.57,10310.424,0
2024-07-04 17:00:00,19.56,19.6,19.23,19.28,5780.292,0
2024-07-04 18:00:00,19.27,19.28,18.97,19.18,5776.883,0
2024-07-04 19:00:00,19.18,19.35,19.16,19.22,3491.597,0
2024-07-04 20:00:00,19.21,19.32,19.19,19.32,2264.897,0
2024-07-04 21:00:00,19.31,19.44,19.25,19.28,2423.554,0
2024-07-04 22:00:00,19.29,19.36,19.07,19.07,1188.711,0
2024-07-04 23:00:00,19.09,19.09,18.33,18.4,10092.861,0
2024-07-05 00:00:00,18.38,18.39,17.1,17.79,40535.435,0
2024-07-05 01:00:00,17.79,17.88,17.0,17.81,16737.482,0
2024-07-05 02:00:00,17.81,17.81,16.0,16.26,23776.544,0
2024-07-05 03:00:00,16.29,16.69,15.78,16.43,66242.934,0
2024-07-05 04:00:00,16.42,16.76,16.04,16.58,13847.823,0
2024-07-05 05:00:00,16.55,16.82,16.48,16.78,13401.07,0
2024-07-05 06:00:00,16.8,18.21,16.68,16.79,20155.364,0
2024-07-05 07:00:00,16.78,17.03,16.71,17.01,4108.561,0
2024-07-05 08:00:00,16.99,16.99,16.4,16.47,7494.325,0
2024-07-05 09:00:00,16.48,17.0,16.47,16.92,7598.98,0
2024-07-05 10:00:00,16.91,17.41,16.9,17.23,13549.478,0
2024-07-05 11:00:00,17.23,17.58,17.23,17.43,18154.163,0
2024-07-05 12:00:00,17.42,17.68,17.23,17.27,5370.798,0
2024-07-05 13:00:00,17.3,17.95,17.24,17.85,9919.891,0
2024-07-05 14:00:00,17.85,18.0,17.63,17.9,4769.692,0
2024-07-05 15:00:00,17.88,18.2,17.83,18.03,8855.637,0
2024-07-05 16:00:00,18.01,18.1,17.74,17.79,8875.066,0
2024-07-05 17:00:00,17.8,17.99,17.71,17.95,992.875,0
2024-07-05 18:00:00,17.96,18.14,17.81,18.12,1895.784,0
2024-07-05 19:00:00,18.12,18.24,18.06,18.12,2999.9,0
2024-07-05 20:00:00,18.13,18.19,18.04,18.16,1300.512,0
2024-07-05 21:00:00,18.17,18.21,18.05,18.13,974.511,0
2024-07-05 22:00:00,18.13,18.27,18.04,18.16,801.328,0
2024-07-05 23:00:00,18.18,18.33,18.14,18.3,3124.829,0
2024-07-06 00:00:00,18.27,18.76,18.23,18.52,8968.354,0
2024-07-06 01:00:00,18.53,18.59,18.41,18.52,1777.888,0
2024-07-06 02:00:00,18.53,18.6,18.35,18.55,1583.656,0
2024-07-06 03:00:00,18.5,18.67,18.44,18.6,2081.707,0
2024-07-06 04:00:00,18.58,18.62,18.41,18.42,3572.842,0
2024-07-06 05:00:00,18.41,18.47,18.3,18.47,1766.748,0
2024-07-06 06:00:00,18.46,18.78,18.44,18.71,4097.593,0
2024-07-06 07:00:00,18.72,19.02,18.68,18.86,7140.09,0
2024-07-06 08:00:00,18.83,18.95,18.55,18.55,11563.498,0
2024-07-06 09:00:00,18.58,18.62,18.44,18.61,1676.386,0
2024-07-06 10:00:00,18.59,19.02,18.52,18.72,11995.907,0
2024-07-06 11:00:00,18.72,19.03,18.69,18.91,6275.906,0
2024-07-06 12:00:00,18.9,19.31,18.9,19.18,13770.284,0
2024-07-06 13:00:00,19.17,19.29,18.97,19.0,6258.293,0
2024-07-06 14:00:00,19.0,19.16,18.89,19.12,1745.172,0
2024-07-06 15:00:00,19.14,19.39,19.14,19.2,4150.495,0
2024-07-06 16:00:00,19.16,19.81,19.16,19.81,4941.654,0
2024-07-06 17:00:00,19.81,19.98,19.75,19.81,3512.487,0
2024-07-06 18:00:00,19.79,19.81,19.65,19.7,872.849,0
2024-07-06 19:00:00,19.7,19.77,19.64,19.68,1530.529,0
2024-07-06 20:00:00,19.68,20.8,19.68,19.83,9252.511,0
2024-07-06 21:00:00,19.85,19.93,19.83,19.85,774.3,0
2024-07-06 22:00:00,19.85,20.05,19.85,19.98,2260.366,0
2024-07-06 23:00:00,19.99,19.99,19.77,19.84,1409.715,0
2024-07-07 00:00:00,19.84,19.86,19.58,19.6,2861.399,0
2024-07-07 01:00:00,19.6,19.68,19.45,19.65,1813.892,0
2024-07-07 02:00:00,19.65,19.79,19.64,19.72,2333.678,0
2024-07-07 03:00:00,19.71,19.77,19.54,19.72,1755.449,0
2024-07-07 04:00:00,19.7,20.15,19.47,19.67,13612.268,0
2024-07-07 05:00:00,19.69,20.03,19.61,19.78,5689.717,0
2024-07-07 06:00:00,19.79,19.87,19.74,19.76,1501.386,0
2024-07-07 07:00:00,19.75,19.91,19.45,19.74,3650.944,0
2024-07-07 08:00:00,19.72,20.06,19.72,19.98,6707.575,0
2024-07-07 09:00:00,19.98,20.06,19.85,19.87,2086.557,0
2024-07-07 10:00:00,19.88,19.99,19.69,19.8,2973.356,0
2024-07-07 11:00:00,19.78,19.82,19.66,19.8,2501.458,0
2024-07-07 12:00:00,19.8,20.3,19.79,20.08,13891.757,0
2024-07-07 13:00:00,20.08,20.3,20.03,20.09,17883.233,0
2024-07-07 14:00:00,20.1,20.11,19.6,19.72,23117.717,0
2024-07-07 15:00:00,19.69,19.84,19.51,19.6,14285.081,0
2024-07-07 16:00:00,19.53,19.77,19.49,19.55,7800.799,0
2024-07-07 17:00:00,19.55,19.62,19.39,19.5,7026.389,0
2024-07-07 18:00:00,19.52,19.73,19.45,19.48,7679.768,0
2024-07-07 19:00:00,19.48,19.53,19.37,19.48,8078.18,0
2024-07-07 20:00:00,19.5,19.63,19.45,19.49,2629.771,0
2024-07-07 21:00:00,19.49,19.49,18.92,19.07,20543.751,0
2024-07-07 22:00:00,19.07,19.14,18.61,18.64,4431.262,0
2024-07-07 23:00:00,18.64,18.81,18.55,18.67,2420.053,0
2024-07-08 00:00:00,18.68,18.78,17.95,18.01,16570.095,0
2024-07-08 01:00:00,18.04,18.11,17.67,18.11,7859.313,0
2024-07-08 02:00:00,18.09,19.11,18.08,18.99,18991.952,0
2024-07-08 03:00:00,18.99,20.04,18.87,19.0,18566.368,0
2024-07-08 04:00:00,18.99,19.04,18.79,18.94,3926.426,0
2024-07-08 05:00:00,18.92,19.03,18.47,18.5,10375.46,0
2024-07-08 06:00:00,18.52,18.9,18.48,18.73,3828.851,0
2024-07-08 07:00:00,18.76,18.77,18.49,18.7,2958.713,0
2024-07-08 08:00:00,18.69,19.84,18.67,19.79,12332.975,0
2024-07-08 09:00:00,19.79,20.06,19.68,19.79,8461.028,0
2024-07-08 10:00:00,19.81,19.87,19.45,19.51,2240.655,0
2024-07-08 11:00:00,19.51,20.58,19.51,20.14,31388.561,0
2024-07-08 12:00:00,20.18,20.69,19.98,20.0,12663.146,0
2024-07-08 13:00:00,20.01,20.16,19.89,20.04,3663.03,0
2024-07-08 14:00:00,20.05,20.07,19.3,19.87,32635.943,0
2024-07-08 15:00:00,19.85,20.16,19.79,20.03,8761.486,0
2024-07-08 16:00:00,20.01,20.23,19.78,19.93,4967.72,0
2024-07-08 17:00:00,19.93,20.15,19.85,20.13,5042.166,0
2024-07-08 18:00:00,20.14,20.21,20.05,20.12,2605.494,0
2024-07-08 19:00:00,20.15,20.25,20.09,20.22,2093.406,0
2024-07-08 20:00:00,20.2,20.22,20.05,20.08,1131.227,0
2024-07-08 21:00:00,20.1,20.38,20.1,20.26,2775.222,0
2024-07-08 22:00:00,20.25,20.47,20.11,20.25,3567.102,0
2024-07-08 23:00:00,20.3,20.5,20.3,20.47,1460.27,0
2024-07-09 00:00:00,20.48,20.54,20.32,20.44,4421.213,0
2024-07-09 01:00:00,20.44,20.88,20.43,20.84,8036.828,0
2024-07-09 02:00:00,20.84,21.0,20.69,20.94,8080.693,0
2024-07-09 03:00:00,20.96,21.0,20.62,20.76,4992.281,0
2024-07-09 04:00:00,20.74,20.87,20.57,20.62,2373.853,0
2024-07-09 05:00:00,20.61,20.85,20.57,20.83,4187.807,0
2024-07-09 06:00:00,20.82,22.35,20.75,21.7,47037.996,0
2024-07-09 07:00:00,21.7,22.37,21.25,21.43,53545.986,0
2024-07-09 08:00:00,21.44,22.52,21.31,22.04,26662.366,0
2024-07-09 09:00:00,22.01,22.21,21.82,21.84,9098.153,0
2024-07-09 10:00:00,21.82,22.03,21.62,21.72,24084.545,0
2024-07-09 11:00:00,21.72,21.89,21.62,21.82,4460.722,0
2024-07-09 12:00:00,21.78,21.91,21.66,21.74,6458.001,0
2024-07-09 13:00:00,21.75,21.88,21.5,21.85,19994.627,0
2024-07-09 14:00:00,21.86,22.2,21.8,22.08,20364.986,0
2024-07-09 15:00:00,22.07,22.41,21.94,22.15,24580.345,0
2024-07-09 16:00:00,22.16,22.55,22.14,22.32,13941.086,0
2024-07-09 17:00:00,22.31,22.5,22.19,22.35,6001.226,0
2024-07-09 18:00:00,22.37,23.0,22.35,22.73,25626.084,0
2024-07-09 19:00:00,22.75,22.95,22.72,22.82,5349.526,0
2024-07-09 20:00:00,22.81,23.02,22.79,22.91,4472.922,0
2024-07-09 21:00:00,22.91,22.96,22.5,22.53,9011.185,0
2024-07-09 22:00:00,22.55,22.64,22.34,22.46,9334.161,0
2024-07-09 23:00:00,22.47,22.67,22.36,22.61,4199.846,0
2024-07-10 00:00:00,22.6,22.6,22.26,22.29,7935.258,0
2024-07-10 01:00:00,22.3,23.29,22.29,22.99,31433.471,0
2024-07-10 02:00:00,22.98,23.14,22.63,22.91,10821.41,0
2024-07-10 03:00:00,22.9,23.0,22.75,22.97,4960.127,0
2024-07-10 04:00:00,22.95,23.32,22.95,23.17,6453.923,0
2024-07-10 05:00:00,23.17,23.25,22.74,23.02,6104.079,0
2024-07-10 06:00:00,23.0,23.0,22.72,22.85,7065.366,0
2024-07-10 07:00:00,22.84,23.67,22.7,23.32,33868.254,0
2024-07-10 08:00:00,23.26,23.51,23.03,23.25,17486.886,0
2024-07-10 09:00:00,23.27,23.5,23.14,23.43,9188.476,0
2024-07-10 10:00:00,23.44,23.6,23.22,23.3,7273.32,0
2024-07-10 11:00:00,23.3,23.34,22.82,23.12,7449.943,0
2024-07-10 12:00:00,23.11,23.54,22.76,23.18,15496.646,0
2024-07-10 13:00:00,23.19,23.27,23.01,23.16,2517.562,0
2024-07-10 14:00:00,23.16,23.23,22.93,22.97,3303.754,0
2024-07-10 15:00:00,23.0,23.18,22.93,23.08,2927.883,0
2024-07-10 16:00:00,23.08,23.24,22.93,23.16,7948.052,0
2024-07-10 17:00:00,23.17,23.27,23.1,23.18,3619.164,0
2024-07-10 18:00:00,23.18,23.31,23.11,23.21,2976.997,0
2024-07-10 19:00:00,23.23,23.24,23.03,23.12,4344.312,0
2024-07-10 20:00:00,23.13,23.2,23.0,23.14,2362.276,0
2024-07-10 21:00:00,23.14,23.18,23.05,23.07,790.026,0
2024-07-10 22:00:00,23.09,23.3,23.08,23.25,2050.565,0
2024-07-10 23:00:00,23.28,23.47,23.25,23.4,7168.768,0
2024-07-11 00:00:00,23.4,23.43,23.18,23.31,5117.769,0
2024-07-11 01:00:00,23.3,23.41,23.16,23.33,3505.279,0
2024-07-11 02:00:00,23.35,23.45,23.26,23.37,2969.017,0
2024-07-11 03:00:00,23.37,23.39,21.28,23.06,8362.291,0
2024-07-11 04:00:00,23.06,23.19,23.03,23.11,4100.888,0
2024-07-11 05:00:00,23.11,23.4,23.03,23.32,10128.965,0
2024-07-11 06:00:00,23.34,23.42,23.26,23.31,5084.99,0
2024-07-11 07:00:00,23.35,23.36,23.16,23.16,1936.69,0
2024-07-11 08:00:00,23.16,23.32,23.16,23.28,1903.81,0
2024-07-11 09:00:00,23.29,23.56,23.21,23.49,6074.509,0
2024-07-11 10:00:00,23.51,23.8,23.43,23.68,7550.37,0
2024-07-11 11:00:00,23.68,23.8,23.63,23.69,5514.69,0
2024-07-11 12:00:00,23.74,23.98,23.65,23.88,9973.633,0
2024-07-11 13:00:00,23.87,24.08,23.83,23.98,7947.912,0
2024-07-11 14:00:00,23.97,24.19,23.64,23.67,5019.391,0
2024-07-11 15:00:00,23.69,23.87,23.58,23.84,12785.141,0
2024-07-11 16:00:00,23.83,23.95,23.65,23.81,3322.43,0
2024-07-11 17:00:00,23.84,23.94,23.73,23.87,1063.478,0
2024-07-11 18:00:00,23.91,24.3,23.83,24.15,22671.665,0
2024-07-11 19:00:00,24.17,24.4,23.95,24.26,17816.295,0
2024-07-11 20:00:00,24.22,24.32,23.84,24.06,9046.204,0
2024-07-11 21:00:00,24.06,24.27,23.91,24.12,4462.746,0
2024-07-11 22:00:00,24.15,24.31,24.09,24.18,4687.124,0
2024-07-11 23:00:00,24.18,24.33,24.15,24.2,6568.303,0
2024-07-12 00:00:00,24.21,24.39,24.01,24.04,19515.903,0
2024-07-12 01:00:00,24.05,24.13,23.71,23.95,9557.244,0
2024-07-12 02:00:00,23.93,24.0,23.71,23.8,6362.853,0
2024-07-12 03:00:00,23.8,23.9,23.7,23.76,4093.714,0
2024-07-12 04:00:00,23.75,23.81,23.51,23.74,5762.589,0
2024-07-12 05:00:00,23.75,23.89,23.7,23.78,1948.653,0
2024-07-12 06:00:00,23.77,23.92,23.68,23.73,4548.313,0
2024-07-12 07:00:00,23.73,23.84,23.64,23.75,3037.129,0
2024-07-12 08:00:00,23.74,23.81,23.66,23.72,4055.318,0
2024-07-12 09:00:00,23.71,23.73,23.45,23.51,4196.785,0
2024-07-12 10:00:00,23.5,23.62,23.4,23.5,5899.58,0
2024-07-12 11:00:00,23.5,23.67,23.47,23.64,2317.47,0
2024-07-12 12:00:00,23.68,23.92,23.66,23.87,5054.635,0
2024-07-12 13:00:00,23.88,24.11,23.62,23.73,8435.847,0
2024-07-12 14:00:00,23.74,23.76,23.55,23.62,4534.414,0
2024-07-12 15:00:00,23.62,23.78,23.54,23.54,1837.991,0
2024-07-12 16:00:00,23.53,23.54,23.35,23.53,6638.37,0
2024-07-12 17:00:00,23.55,23.63,23.41,23.42,1683.193,0
2024-07-12 18:00:00,23.41,23.6,23.37,23.54,978.455,0
2024-07-12 19:00:00,23.52,23.73,23.39,23.5,7774.613,0
2024-07-12 20:00:00,23.5,23.72,23.5,23.65,2577.398,0
2024-07-12 21:00:00,23.68,23.81,23.65,23.77,3138.833,0
2024-07-12 22:00:00,23.76,24.03,23.76,23.83,5011.205,0
2024-07-12 23:00:00,23.85,24.07,23.83,24.06,6514.209,0
2024-07-13 00:00:00,24.07,24.33,23.97,24.28,4214.156,0
2024-07-13 01:00:00,24.27,24.27,24.15,24.18,1473.653,0
2024-07-13 02:00:00,24.18,24.2,23.93,23.96,3239.408,0
2024-07-13 03:00:00,23.96,24.76,23.96,24.18,19903.655,0
2024-07-13 04:00:00,24.18,24.61,24.02,24.54,13485.818,0
2024-07-13 05:00:00,24.55,25.38,24.49,25.05,15046.152,0
2024-07-13 06:00:00,25.07,25.87,25.04,25.83,10419.747,0
2024-07-13 07:00:00,25.85,26.2,25.6,25.6,12273.227,0
2024-07-13 08:00:00,25.59,25.95,25.54,25.88,4592.954,0
2024-07-13 09:00:00,25.87,26.04,25.74,25.99,12163.969,0
2024-07-13 10:00:00,25.99,26.32,25.93,26.14,7331.876,0
2024-07-13 11:00:00,26.12,26.14,25.68,25.7,10922.711,0
2024-07-13 12:00:00,25.69,25.73,25.5,25.61,2814.528,0
2024-07-13 13:00:00,25.61,26.1,25.47,25.7,12481.524,0
2024-07-13 14:00:00,25.68,25.75,25.47,25.61,3537.772,0
2024-07-13 15:00:00,25.64,25.83,25.58,25.69,4652.535,0
2024-07-13 16:00:00,25.69,26.06,25.69,26.02,4955.597,0
2024-07-13 17:00:00,25.99,26.24,25.94,26.23,2288.044,0
2024-07-13 18:00:00,26.24,27.0,26.23,26.68,33141.628,0
2024-07-13 19:00:00,26.7,26.84,26.49,26.66,6810.885,0
2024-07-13 20:00:00,26.66,26.92,26.55,26.83,6750.585,0
2024-07-13 21:00:00,26.82,27.24,26.68,26.8,11193.44,0
2024-07-13 22:00:00,26.81,27.02,26.58,26.76,3371.715,0
2024-07-13 23:00:00,26.75,27.0,26.67,26.77,1367.019,0
2024-07-14 00:00:00,26.76,26.98,26.67,26.82,2437.282,0
2024-07-14 01:00:00,26.8,27.88,26.72,26.72,12439.312,0
2024-07-14 02:00:00,26.72,26.83,26.68,26.74,2886.263,0
2024-07-14 03:00:00,26.73,26.85,26.73,26.83,3702.852,0
2024-07-14 04:00:00,26.82,27.02,26.77,26.96,3852.93,0
2024-07-14 05:00:00,26.98,27.04,26.63,26.73,5096.807,0
2024-07-14 06:00:00,26.7,26.94,26.6,26.93,4054.201,0
2024-07-14 07:00:00,26.93,27.37,26.77,27.27,17897.765,0
2024-07-14 08:00:00,27.26,28.0,27.16,27.84,29785.769,0
2024-07-14 09:00:00,27.8,28.31,27.62,27.94,16550.516,0
2024-07-14 10:00:00,27.95,28.82,27.68,27.76,17326.884,0
2024-07-14 11:00:00,27.76,28.36,27.58,28.09,19338.573,0
2024-07-14 12:00:00,28.18,29.01,27.93,28.36,46494.613,0
2024-07-14 13:00:00,28.36,28.84,28.27,28.7,29601.425,0
2024-07-14 14:00:00,28.72,29.0,28.19,28.88,35618.436,0
2024-07-14 15:00:00,28.89,29.1,28.5,28.66,11895.359,0
2024-07-14 16:00:00,28.62,29.62,28.53,29.24,36578.335,0
2024-07-14 17:00:00,29.24,29.45,29.04,29.39,12655.028,0
2024-07-14 18:00:00,29.38,29.71,29.17,29.19,13158.9,0
2024-07-14 19:00:00,29.19,29.26,28.63,29.03,10310.909,0
2024-07-14 20:00:00,29.04,29.58,29.04,29.47,9386.044,0
2024-07-14 21:00:00,29.43,30.0,29.35,29.8,12529.175,0
2024-07-14 22:00:00,29.84,29.84,29.29,29.38,8420.746,0
2024-07-14 23:00:00,29.36,30.01,29.08,29.36,16454.628,0
2024-07-15 00:00:00,29.37,29.96,29.3,29.73,7744.238,0
2024-07-15 01:00:00,29.72,30.07,29.72,29.79,8159.982,0
2024-07-15 02:00:00,29.79,29.95,29.45,29.67,9745.251,0
2024-07-15 03:00:00,29.67,29.69,29.19,29.33,8184.676,0
2024-07-15 04:00:00,29.36,29.59,29.21,29.47,7676.506,0
2024-07-15 05:00:00,29.47,29.75,29.44,29.56,5218.037,0
2024-07-15 06:00:00,29.55,29.84,29.4,29.72,11147.418,0
2024-07-15 07:00:00,29.72,29.96,28.59,29.44,15633.402,0
2024-07-15 08:00:00,29.46,29.8,29.32,29.6,8699.079,0
2024-07-15 09:00:00,29.6,29.61,29.08,29.11,7507.413,0
2024-07-15 10:00:00,29.09,29.42,28.98,29.32,6367.629,0
2024-07-15 11:00:00,29.32,29.57,28.99,29.42,9636.027,0
2024-07-15 12:00:00,29.4,29.61,29.2,29.29,10293.492,0
2024-07-15 13:00:00,29.3,29.38,29.07,29.16,7198.922,0
2024-07-15 14:00:00,29.16,29.25,28.92,29.09,12029.531,0
2024-07-15 15:00:00,29.09,29.1,28.8,28.99,6439.766,0
2024-07-15 16:00:00,28.97,29.11,28.7,28.7,8591.264,0
2024-07-15 17:00:00,28.7,28.82,28.6,28.72,11277.539,0
2024-07-15 18:00:00,28.71,28.76,28.44,28.73,7231.654,0
2024-07-15 19:00:00,28.73,28.91,28.31,28.82,11399.018,0
2024-07-15 20:00:00,28.82,28.9,28.39,28.49,8061.753,0
2024-07-15 21:00:00,28.51,28.57,28.25,28.45,9138.834,0
2024-07-15 22:00:00,28.47,28.47,28.19,28.26,7222.544,0
2024-07-15 23:00:00,28.27,28.43,28.17,28.22,6051.76,0
2024-07-16 00:00:00,28.2,28.2,27.83,27.98,14362.224,0
2024-07-16 01:00:00,27.98,28.24,27.86,28.08,14895.587,0
2024-07-16 02:00:00,28.07,28.08,27.82,27.85,5300.179,0
2024-07-16 03:00:00,27.82,28.17,27.74,27.97,6674.143,0
2024-07-16 04:00:00,27.95,28.1,27.71,28.1,3692.778,0
2024-07-16 05:00:00,28.1,28.58,27.98,28.29,16868.342,0
2024-07-16 06:00:00,28.28,29.34,28.21,28.5,35785.141,0
2024-07-16 07:00:00,28.53,29.41,28.42,29.2,26698.954,0
2024-07-16 08:00:00,29.24,29.54,28.73,28.77,17510.16,0
2024-07-16 09:00:00,28.76,29.62,28.53,29.47,24356.157,0
2024-07-16 10:00:00,29.47,29.47,29.03,29.08,4333.922,0
2024-07-16 11:00:00,29.08,29.32,28.88,29.19,5766.373,0
2024-07-16 12:00:00,29.2,29.71,29.2,29.48,15160.207,0
2024-07-16 13:00:00,29.49,30.54,29.39,29.99,25151.274,0
2024-07-16 14:00:00,29.99,32.23,29.56,32.02,47066.844,0
2024-07-16 15:00:00,32.02,32.42,27.81,29.92,95587.065,0
2024-07-16 16:00:00,29.91,31.42,29.83,31.05,42122.35,0
2024-07-16 17:00:00,31.05,31.05,29.68,30.26,14223.423,0
2024-07-16 18:00:00,30.25,30.79,30.19,30.59,10403.55,0
2024-07-16 19:00:00,30.54,30.72,29.75,29.8,7246.265,0
2024-07-16 20:00:00,29.79,29.82,29.42,29.61,9023.007,0
2024-07-16 21:00:00,29.61,29.92,29.21,29.25,12422.808,0
2024-07-16 22:00:00,29.24,29.76,29.24,29.41,5351.123,0
2024-07-16 23:00:00,29.41,30.38,29.34,30.29,8939.894,0
2024-07-17 00:00:00,30.3,30.79,30.08,30.08,13215.777,0
2024-07-17 01:00:00,30.05,30.45,29.84,30.11,5802.828,0
2024-07-17 02:00:00,30.11,31.08,30.11,31.07,13412.49,0
2024-07-17 03:00:00,31.07,31.4,30.85,31.13,13948.806,0
2024-07-17 04:00:00,31.13,31.77,30.89,31.02,14826.183,0
2024-07-17 05:00:00,31.03,31.46,30.94,30.96,5499.768,0
2024-07-17 06:00:00,30.96,31.16,30.69,30.88,4243.081,0
2024-07-17 07:00:00,30.88,31.14,30.77,30.89,6565.109,0
2024-07-17 08:00:00,30.89,30.89,30.12,30.19,11351.974,0
2024-07-17 09:00:00,30.16,30.32,30.04,30.05,3844.486,0
2024-07-17 10:00:00,30.04,30.22,29.94,30.08,3275.402,0
2024-07-17 11:00:00,30.06,31.53,30.02,30.59,11291.168,0
2024-07-17 12:00:00,30.59,31.33,30.21,31.27,8251.689,0
2024-07-17 13:00:00,31.26,31.46,30.83,31.22,9455.476,0
2024-07-17 14:00:00,31.24,31.3,30.87,31.08,5866.101,0
2024-07-17 15:00:00,31.03,31.91,30.99,31.17,23646.594,0
2024-07-17 16:00:00,31.17,31.24,30.65,30.86,7744.66,0
2024-07-17 17:00:00,30.83,31.75,30.58,31.54,12902.173,0
2024-07-17 18:00:00,31.57,32.01,31.4,31.51,7212.62,0
2024-07-17 19:00:00,31.49,31.78,31.41,31.75,3319.784,0
2024-07-17 20:00:00,31.76,32.5,31.6,32.2,10825.936,0
2024-07-17 21:00:00,32.21,32.22,31.28,31.29,10121.333,0
2024-07-17 22:00:00,31.28,31.75,31.25,31.68,6415.146,0
2024-07-17 23:00:00,31.68,31.82,31.06,31.06,5477.313,0
2024-07-18 00:00:00,31.08,31.52,31.05,31.44,4616.321,0
2024-07-18 01:00:00,31.44,32.15,31.29,32.0,7472.393,0
2024-07-18 02:00:00,31.99,32.13,31.11,31.31,7385.231,0
2024-07-18 03:00:00,31.33,31.45,31.18,31.4,4038.663,0
2024-07-18 04:00:00,31.39,31.85,31.19,31.28,5731.904,0
2024-07-18 05:00:00,31.25,31.27,30.45,30.62,14568.116,0
2024-07-18 06:00:00,30.62,30.87,30.32,30.67,6720.438,0
2024-07-18 07:00:00,30.67,30.68,30.23,30.34,6811.415,0
2024-07-18 08:00:00,30.35,31.11,30.26,31.04,11795.953,0
2024-07-18 09:00:00,31.03,31.69,31.03,31.54,9673.967,0
2024-07-18 10:00:00,31.54,31.64,31.05,31.27,11953.079,0
2024-07-18 11:00:00,31.27,31.63,30.66,31.32,10455.582,0
2024-07-18 12:00:00,31.31,31.73,31.12,31.56,8835.402,0
2024-07-18 13:00:00,31.6,32.55,31.3,31.6,22297.423,0
2024-07-18 14:00:00,31.59,31.74,30.84,31.15,7975.727,0
2024-07-18 15:00:00,31.14,31.36,30.65,30.72,9118.463,0
2024-07-18 16:00:00,30.72,31.09,30.5,30.84,11838.261,0
2024-07-18 17:00:00,30.85,30.86,30.37,30.55,7131.357,0
2024-07-18 18:00:00,30.58,30.94,30.56,30.84,4756.248,0
2024-07-18 19:00:00,30.81,30.9,30.55,30.57,3491.787,0
2024-07-18 20:00:00,30.59,30.81,30.45,30.65,2593.366,0
2024-07-18 21:00:00,30.64,30.67,30.42,30.5,4112.502,0
2024-07-18 22:00:00,30.49,30.82,30.37,30.56,4150.259,0
2024-07-18 23:00:00,30.57,30.79,30.26,30.79,8866.349,0
2024-07-19 00:00:00,30.8,30.99,29.96,30.21,6535.665,0
2024-07-19 01:00:00,30.21,30.48,29.81,30.38,3590.462,0
2024-07-19 02:00:00,30.38,31.37,30.38,31.14,8884.154,0
2024-07-19 03:00:00,31.15,31.5,31.07,31.42,4422.189,0
2024-07-19 04:00:00,31.43,31.66,30.93,31.12,11439.846,0
2024-07-19 05:00:00,31.11,31.37,31.1,31.27,2681.4,0
2024-07-19 06:00:00,31.28,31.56,31.15,31.18,2387.604,0
2024-07-19 07:00:00,31.18,31.18,30.53,30.59,12094.46,0
2024-07-19 08:00:00,30.61,30.71,30.02,30.23,9966.784,0
2024-07-19 09:00:00,30.24,30.42,29.68,29.85,6090.083,0
2024-07-19 10:00:00,29.82,30.08,29.64,29.86,6804.164,0
2024-07-19 11:00:00,29.85,29.98,29.43,29.61,10745.493,0
2024-07-19 12:00:00,29.58,29.78,29.44,29.48,5666.917,0
2024-07-19 13:00:00,29.48,29.57,29.05,29.24,10705.057,0
2024-07-19 14:00:00,29.23,29.5,28.94,29.32,9008.474,0
2024-07-19 15:00:00,29.31,29.5,29.07,29.43,4065.871,0
2024-07-19 16:00:00,29.41,29.95,29.18,29.2,12937.148,0
2024-07-19 17:00:00,29.2,29.83,29.11,29.83,4541.166,0
2024-07-19 18:00:00,29.8,29.9,29.61,29.69,4343.814,0
2024-07-19 19:00:00,29.71,29.91,29.56,29.82,4039.654,0
2024-07-19 20:00:00,29.78,29.85,29.61,29.63,3197.469,0
2024-07-19 21:00:00,29.63,29.71,29.48,29.52,1621.556,0
2024-07-19 22:00:00,29.5,29.58,29.45,29.54,793.251,0
2024-07-19 23:00:00,29.51,29.66,29.46,29.53,1508.361,0
2024-07-20 00:00:00,29.51,29.61,29.37,29.44,3112.513,0
2024-07-20 01:00:00,29.43,29.7,29.43,29.54,2314.257,0
2024-07-20 02:00:00,29.58,29.66,29.4,29.45,1057.995,0
2024-07-20 03:00:00,29.45,29.52,29.3,29.32,1102.841,0
2024-07-20 04:00:00,29.32,29.65,29.3,29.57,2383.675,0
2024-07-20 05:00:00,29.58,29.72,29.39,29.51,2709.739,0
2024-07-20 06:00:00,29.48,29.94,29.42,29.8,3503.983,0
2024-07-20 07:00:00,29.79,29.83,29.55,29.67,3872.956,0
2024-07-20 08:00:00,29.66,29.95,29.43,29.44,3286.632,0
2024-07-20 09:00:00,29.44,29.51,29.22,29.42,4538.778,0
2024-07-20 10:00:00,29.42,29.51,29.27,29.31,1621.251,0
2024-07-20 11:00:00,29.28,29.31,28.93,28.96,2858.73,0
2024-07-20 12:00:00,28.95,29.1,28.8,28.9,5449.573,0
2024-07-20 13:00:00,28.91,29.35,28.82,29.28,4019.754,0
2024-07-20 14:00:00,29.27,29.6,29.25,29.33,5124.049,0
2024-07-20 15:00:00,29.33,29.47,29.1,29.26,2614.09,0
2024-07-20 16:00:00,29.25,29.31,28.9,28.97,3955.117,0
2024-07-20 17:00:00,28.95,29.17,28.81,29.15,2604.442,0
2024-07-20 18:00:00,29.12,29.17,29.01,29.03,1313.061,0
2024-07-20 19:00:00,29.03,29.12,28.85,28.89,4153.655,0
2024-07-20 20:00:00,28.89,29.26,28.89,29.05,2506.825,0
2024-07-20 21:00:00,29.05,29.16,28.9,29.12,2491.72,0
2024-07-20 22:00:00,29.16,29.47,29.13,29.43,2158.688,0
2024-07-20 23:00:00,29.42,29.72,29.37,29.62,3273.842,0
2024-07-21 00:00:00,29.62,29.75,29.48,29.51,3989.009,0
2024-07-21 01:00:00,29.51,30.0,29.43,29.99,3983.686,0
2024-07-21 02:00:00,30.0,30.7,29.98,30.69,11911.484,0
2024-07-21 03:00:00,30.66,31.11,29.83,29.9,10974.257,0
2024-07-21 04:00:00,29.87,30.14,29.54,29.55,3468.294,0
2024-07-21 05:00:00,29.54,29.77,29.37,29.72,3633.572,0
2024-07-21 06:00:00,29.71,29.77,29.49,29.62,2433.525,0
2024-07-21 07:00:00,29.58,29.78,29.42,29.69,2726.039,0
2024-07-21 08:00:00,29.66,29.85,29.63,29.83,3488.956,0
2024-07-21 09:00:00,29.83,30.81,29.81,30.56,11318.569,0
2024-07-21 10:00:00,30.58,31.46,30.12,31.09,37954.055,0
2024-07-21 11:00:00,31.1,31.97,31.1,31.8,31057.18,0
2024-07-21 12:00:00,31.83,31.96,31.28,31.84,25537.845,0
2024-07-21 13:00:00,31.85,31.98,31.05,31.34,11506.551,0
2024-07-21 14:00:00,31.36,32.62,31.19,32.36,31091.194,0
2024-07-21 15:00:00,32.37,32.5,31.77,32.03,14438.621,0
2024-07-21 16:00:00,32.04,32.72,31.72,32.3,31472.021,0
2024-07-21 17:00:00,32.3,32.52,31.73,32.02,11823.835,0
2024-07-21 18:00:00,32.03,32.33,31.25,31.78,13298.658,0
2024-07-21 19:00:00,31.79,32.12,31.66,31.85,6891.54,0
2024-07-21 20:00:00,31.86,32.23,31.67,31.99,11259.079,0
2024-07-21 21:00:00,32.0,32.53,31.87,32.36,5728.395,0
2024-07-21 22:00:00,32.39,32.49,32.15,32.22,6857.387,0
2024-07-21 23:00:00,32.23,32.33,31.86,32.07,21199.99,0
2024-07-22 00:00:00,32.07,32.42,31.99,31.99,7184.554,0
2024-07-22 01:00:00,31.99,31.99,31.66,31.74,2917.881,0
2024-07-22 02:00:00,31.76,32.16,31.73,32.04,3388.851,0
2024-07-22 03:00:00,31.97,32.02,31.6,31.66,2766.167,0
2024-07-22 04:00:00,31.65,32.18,31.62,31.94,8366.989,0
2024-07-22 05:00:00,31.93,32.09,31.6,31.64,3879.194,0
2024-07-22 06:00:00,31.65,31.96,31.36,31.49,4808.394,0
2024-07-22 07:00:00,31.45,31.66,31.35,31.38,2790.374,0
2024-07-22 08:00:00,31.39,31.57,31.32,31.45,3713.63,0
2024-07-22 09:00:00,31.46,31.77,31.39,31.71,2512.92,0
2024-07-22 10:00:00,31.71,32.0,31.6,31.95,4152.507,0
2024-07-22 11:00:00,31.95,32.11,31.84,31.98,3812.066,0
2024-07-22 12:00:00,31.94,32.36,31.93,31.99,5950.561,0
2024-07-22 13:00:00,32.0,32.03,31.4,31.63,9411.042,0
2024-07-22 14:00:00,31.59,31.75,31.33,31.39,4308.306,0
2024-07-22 15:00:00,31.41,31.82,31.38,31.69,2269.031,0
2024-07-22 16:00:00,31.67,31.93,31.52,31.74,3630.222,0
2024-07-22 17:00:00,31.72,32.05,31.65,31.99,3315.545,0
2024-07-22 18:00:00,31.98,32.3,31.91,32.11,3857.208,0
2024-07-22 19:00:00,32.12,32.18,31.93,32.0,4060.629,0
2024-07-22 20:00:00,32.02,32.26,32.0,32.17,1936.263,0
2024-07-22 21:00:00,32.16,32.21,31.93,32.02,1864.13,0
2024-07-22 22:00:00,32.05,32.05,31.62,31.67,1983.409,0
2024-07-22 23:00:00,31.67,31.71,30.25,30.36,17590.919,0
2024-07-23 00:00:00,30.35,30.86,30.11,30.75,6569.94,0
2024-07-23 01:00:00,30.76,31.48,30.72,31.46,3917.217,0
2024-07-23 02:00:00,31.45,31.51,31.02,31.13,4218.541,0
2024-07-23 03:00:00,31.12,31.13,30.76,30.8,2155.741,0
2024-07-23 04:00:00,30.79,30.96,30.51,30.57,2668.181,0
2024-07-23 05:00:00,30.61,30.69,30.18,30.3,7493.494,0
2024-07-23 06:00:00,30.31,30.65,30.25,30.59,5089.877,0
2024-07-23 07:00:00,30.62,30.64,30.37,30.54,2458.684,0
2024-07-23 08:00:00,30.51,31.16,30.45,31.0,4713.656,0
2024-07-23 09:00:00,30.99,31.39,30.94,31.22,3186.893,0
2024-07-23 10:00:00,31.21,31.28,30.55,30.66,4945.088,0
2024-07-23 11:00:00,30.63,30.69,30.35,30.55,4243.136,0
2024-07-23 12:00:00,30.52,30.64,30.31,30.54,5956.831,0
2024-07-23 13:00:00,30.54,30.76,29.94,30.03,7767.8,0
2024-07-23 14:00:00,30.02,30.61,30.0,30.53,5259.427,0
2024-07-23 15:00:00,30.54,30.56,30.17,30.32,3299.235,0
2024-07-23 16:00:00,30.26,30.28,29.58,29.58,6162.117,0
2024-07-23 17:00:00,29.59,29.77,29.41,29.62,4214.593,0
2024-07-23 18:00:00,29.61,30.03,29.61,29.86,4644.805,0
2024-07-23 19:00:00,29.86,30.11,29.84,30.02,2603.177,0
2024-07-23 20:00:00,30.01,30.08,29.88,29.88,754.821,0
2024-07-23 21:00:00,29.88,30.05,29.6,29.75,6319.856,0
2024-07-23 22:00:00,29.71,29.82,29.57,29.81,2121.874,0
2024-07-23 23:00:00,29.77,29.84,29.61,29.69,1884.688,0
2024-07-24 00:00:00,29.67,29.74,29.33,29.38,2283.231,0
2024-07-24 01:00:00,29.39,29.62,29.32,29.37,1223.304,0
2024-07-24 02:00:00,29.37,29.63,29.32,29.61,1826.893,0
2024-07-24 03:00:00,29.63,29.88,29.49,29.79,2534.049,0
2024-07-24 04:00:00,29.8,29.8,29.56,29.66,1413.528,0
2024-07-24 05:00:00,29.65,29.9,29.61,29.8,1413.052,0
2024-07-24 06:00:00,29.8,29.8,29.59,29.64,915.168,0
2024-07-24 07:00:00,29.62,29.93,29.58,29.79,1537.823,0
2024-07-24 08:00:00,29.78,29.95,29.6,29.63,2553.349,0
2024-07-24 09:00:00,29.63,30.22,29.52,30.2,7981.054,0
2024-07-24 10:00:00,30.2,30.37,30.15,30.25,5879.762,0
2024-07-24 11:00:00,30.25,30.27,30.0,30.01,2830.907,0
2024-07-24 12:00:00,30.02,30.3,30.02,30.13,4774.535,0
2024-07-24 13:00:00,30.13,30.23,29.78,29.79,5344.886,0
2024-07-24 14:00:00,29.8,30.11,29.54,29.64,4282.65,0
2024-07-24 15:00:00,29.64,29.67,29.45,29.57,6260.523,0
2024-07-24 16:00:00,29.55,29.75,29.35,29.71,4652.316,0
2024-07-24 17:00:00,29.76,29.95,29.71,29.86,1066.265,0
2024-07-24 18:00:00,29.86,30.06,29.8,29.91,4238.239,0
2024-07-24 19:00:00,29.9,30.03,29.79,29.88,1167.917,0
2024-07-24 20:00:00,29.92,30.47,29.91,30.41,5129.519,0
2024-07-24 21:00:00,30.43,30.47,29.66,30.04,3436.404,0
2024-07-24 22:00:00,30.06,30.31,29.92,30.12,3067.263,0
2024-07-24 23:00:00,30.11,30.15,29.87,30.13,1061.301,0
2024-07-25 00:00:00,30.09,30.29,29.87,30.26,2105.931,0
2024-07-25 01:00:00,30.26,30.26,28.98,29.63,10656.022,0
2024-07-25 02:00:00,29.64,29.89,29.55,29.82,4563.823,0
2024-07-25 03:00:00,29.84,29.9,29.25,29.36,4265.581,0
2024-07-25 04:00:00,29.29,29.58,29.03,29.56,7280.147,0
2024-07-25 05:00:00,29.56,30.02,29.45,29.52,12979.618,0
2024-07-25 06:00:00,29.55,30.02,29.52,29.99,3376.056,0
2024-07-25 07:00:00,29.96,30.13,29.64,29.72,2691.445,0
2024-07-25 08:00:00,29.68,30.03,29.5,29.95,6564.827,0
2024-07-25 09:00:00,29.96,30.33,29.87,30.21,13704.081,0
2024-07-25 10:00:00,30.19,30.21,29.8,29.97,4976.48,0
2024-07-25 11:00:00,29.93,30.08,29.84,30.04,2576.152,0
2024-07-25 12:00:00,30.03,30.65,30.03,30.12,21338.317,0
2024-07-25 13:00:00,30.12,30.2,29.73,29.79,14484.339,0
2024-07-25 14:00:00,29.78,30.06,29.34,30.05,7933.905,0
2024-07-25 15:00:00,30.06,30.27,29.64,29.84,5713.416,0
2024-07-25 16:00:00,29.85,30.14,29.67,29.85,10349.168,0
2024-07-25 17:00:00,29.87,30.2,29.86,30.18,8441.803,0
2024-07-25 18:00:00,30.16,30.23,29.21,29.34,2768.125,0
2024-07-25 19:00:00,29.32,29.52,28.96,29.13,6050.757,0
2024-07-25 20:00:00,29.13,29.18,28.2,29.12,15367.29,0
2024-07-25 21:00:00,29.16,29.32,28.64,29.09,8645.912,0
2024-07-25 22:00:00,29.09,30.0,28.98,29.79,9255.607,0
2024-07-25 23:00:00,29.79,30.3,29.75,30.15,15734.403,0
2024-07-26 00:00:00,30.15,31.4,30.14,31.26,11523.764,0
2024-07-26 01:00:00,31.28,32.06,31.28,31.74,21566.82,0
2024-07-26 02:00:00,31.8,32.08,31.65,31.85,12429.577,0
2024-07-26 03:00:00,31.84,32.05,31.58,31.89,20326.542,0
2024-07-26 04:00:00,31.9,32.15,31.79,31.93,4048.991,0
2024-07-26 05:00:00,31.93,32.5,31.9,32.42,11074.394,0
2024-07-26 06:00:00,32.42,32.68,32.13,32.19,12802.41,0
2024-07-26 07:00:00,32.19,32.32,32.04,32.11,4420.782,0
2024-07-26 08:00:00,32.11,32.16,31.83,31.9,4084.495,0
2024-07-26 09:00:00,31.94,32.2,31.87,32.0,2924.027,0
2024-07-26 10:00:00,31.97,32.17,31.84,32.04,5327.626,0
2024-07-26 11:00:00,32.04,32.05,31.83,31.99,3023.414,0
2024-07-26 12:00:00,32.0,32.01,31.66,31.71,2344.284,0
2024-07-26 13:00:00,31.7,31.79,31.46,31.51,4722.587,0
2024-07-26 14:00:00,31.5,31.51,31.16,31.33,3994.088,0
2024-07-26 15:00:00,31.32,31.9,31.3,31.82,3454.375,0
2024-07-26 16:00:00,31.8,32.03,31.67,31.99,3553.719,0
2024-07-26 17:00:00,32.0,32.5,31.83,32.25,9374.595,0
2024-07-26 18:00:00,32.21,32.48,31.92,31.94,5466.955,0
2024-07-26 19:00:00,31.95,32.35,31.86,32.15,4784.462,0
2024-07-26 20:00:00,32.14,32.23,31.95,32.18,2392.794,0
2024-07-26 21:00:00,32.14,32.6,32.01,32.38,7340.229,0
2024-07-26 22:00:00,32.39,32.48,32.31,32.44,1164.785,0
2024-07-26 23:00:00,32.42,32.89,32.36,32.49,5967.457,0
2024-07-27 00:00:00,32.49,32.56,32.26,32.33,2365.071,0
2024-07-27 01:00:00,32.31,32.36,31.7,31.72,3130.432,0
2024-07-27 02:00:00,31.7,31.77,31.56,31.71,2508.816,0
2024-07-27 03:00:00,31.73,31.75,31.36,31.42,2111.651,0
2024-07-27 04:00:00,31.43,31.54,31.1,31.33,2359.729,0
2024-07-27 05:00:00,31.33,31.59,31.14,31.16,1935.368,0
2024-07-27 06:00:00,31.16,31.32,31.12,31.23,3560.423,0
2024-07-27 07:00:00,31.23,31.29,31.09,31.26,5526.044,0
2024-07-27 08:00:00,31.25,31.28,31.1,31.19,2357.642,0
2024-07-27 09:00:00,31.19,31.68,31.14,31.54,5301.477,0
2024-07-27 10:00:00,31.52,31.53,30.79,30.92,5478.076,0
2024-07-27 11:00:00,30.95,30.95,30.75,30.86,2943.536,0
2024-07-27 12:00:00,30.84,31.17,30.8,30.94,3569.154,0
2024-07-27 13:00:00,30.94,31.15,30.9,31.03,5860.481,0
2024-07-27 14:00:00,31.0,31.55,30.9,31.43,7611.375,0
2024-07-27 15:00:00,31.42,31.69,31.11,31.41,5913.693,0
2024-07-27 16:00:00,31.34,31.82,31.22,31.56,7766.425,0
2024-07-27 17:00:00,31.56,31.75,31.45,31.7,3645.419,0
2024-07-27 18:00:00,31.64,31.75,31.34,31.34,7073.263,0
2024-07-27 19:00:00,31.34,31.69,30.99,31.6,4152.617,0
2024-07-27 20:00:00,31.6,31.79,31.11,31.49,8630.176,0
2024-07-27 21:00:00,31.5,31.91,31.4,31.64,5344.019,0
2024-07-27 22:00:00,31.63,31.91,31.51,31.51,5521.077,0
2024-07-27 23:00:00,31.52,31.79,31.43,31.72,7756.959,0
2024-07-28 00:00:00,31.73,31.75,31.43,31.64,3293.353,0
2024-07-28 01:00:00,31.65,31.98,31.61,31.84,3127.548,0
2024-07-28 02:00:00,31.84,32.02,31.43,31.52,3870.757,0
2024-07-28 03:00:00,31.51,31.6,31.28,31.3,1789.427,0
2024-07-28 04:00:00,31.33,31.37,31.11,31.13,3278.092,0
2024-07-28 05:00:00,31.11,31.34,31.08,31.28,1940.865,0
2024-07-28 06:00:00,31.26,31.39,31.08,31.36,4461.441,0
2024-07-28 07:00:00,31.36,31.55,31.13,31.33,2830.068,0
2024-07-28 08:00:00,31.33,31.33,31.1,31.2,2916.828,0
2024-07-28 09:00:00,31.19,31.31,31.12,31.2,1515.128,0
2024-07-28 10:00:00,31.19,31.34,31.16,31.31,2001.091,0
2024-07-28 11:00:00,31.29,32.26,31.29,31.8,27995.732,0
2024-07-28 12:00:00,31.76,31.85,31.63,31.69,1652.503,0
2024-07-28 13:00:00,31.71,32.44,31.65,32.04,25166.613,0
2024-07-28 14:00:00,32.04,32.76,31.96,32.63,21969.133,0
2024-07-28 15:00:00,32.64,32.99,32.47,32.69,12773.384,0
2024-07-28 16:00:00,32.69,33.0,32.63,32.68,5979.515,0
2024-07-28 17:00:00,32.68,32.87,32.45,32.78,5715.549,0
2024-07-28 18:00:00,32.79,33.0,32.75,32.76,3222.71,0
2024-07-28 19:00:00,32.77,32.85,32.54,32.63,2682.751,0
2024-07-28 20:00:00,32.66,32.73,32.48,32.52,1941.419,0
2024-07-28 21:00:00,32.52,32.6,32.08,32.09,3961.153,0
2024-07-28 22:00:00,32.09,32.12,31.77,31.82,7081.839,0
2024-07-28 23:00:00,31.82,32.17,31.76,32.01,2864.114,0
2024-07-29 00:00:00,32.0,32.51,31.91,31.99,4247.951,0
2024-07-29 01:00:00,32.01,32.04,31.7,31.79,6084.314,0
2024-07-29 02:00:00,31.79,32.18,31.74,32.03,3134.081,0
2024-07-29 03:00:00,32.0,32.29,31.72,31.77,5479.2,0
2024-07-29 04:00:00,31.78,31.8,31.56,31.6,2621.011,0
2024-07-29 05:00:00,31.59,31.93,31.54,31.87,2743.287,0
2024-07-29 06:00:00,31.87,31.99,31.54,31.6,4872.449,0
2024-07-29 07:00:00,31.6,32.0,31.59,31.99,1907.353,0
2024-07-29 08:00:00,31.99,32.06,31.78,31.84,3466.694,0
2024-07-29 09:00:00,31.81,31.97,31.59,31.71,3533.88,0
2024-07-29 10:00:00,31.67,31.86,31.66,31.77,3768.521,0
2024-07-29 11:00:00,31.74,32.73,31.65,32.63,34426.758,0
2024-07-29 12:00:00,32.62,33.43,32.4,33.29,29107.189,0
2024-07-29 13:00:00,33.29,33.6,33.14,33.3,13344.598,0
2024-07-29 14:00:00,33.33,33.5,32.9,33.31,13234.54,0
2024-07-29 15:00:00,33.29,33.62,32.46,33.26,25435.494,0
2024-07-29 16:00:00,33.26,33.34,32.44,32.5,9857.873,0
2024-07-29 17:00:00,32.51,33.07,32.46,32.76,5522.554,0
2024-07-29 18:00:00,32.73,32.99,32.72,32.98,1727.194,0
2024-07-29 19:00:00,32.98,33.06,32.71,33.02,5027.807,0
2024-07-29 20:00:00,33.03,33.13,32.85,32.86,1308.551,0
2024-07-29 21:00:00,32.85,32.91,32.53,32.86,3004.389,0
2024-07-29 22:00:00,32.89,33.7,32.78,33.0,12115.457,0
2024-07-29 23:00:00,32.99,33.74,32.88,32.92,8044.771,0
2024-07-30 00:00:00,32.92,33.11,32.31,32.92,5639.484,0
2024-07-30 01:00:00,32.92,33.32,32.65,32.74,5467.536,0
2024-07-30 02:00:00,32.74,33.33,32.43,33.1,8457.195,0
2024-07-30 03:00:00,33.12,33.14,32.76,33.11,4581.369,0
2024-07-30 04:00:00,33.12,33.6,33.1,33.18,5298.055,0
2024-07-30 05:00:00,33.17,33.26,32.96,33.23,2373.883,0
2024-07-30 06:00:00,33.15,33.15,31.68,32.11,28885.382,0
2024-07-30 07:00:00,32.13,32.13,31.6,31.85,11620.275,0
2024-07-30 08:00:00,31.88,32.44,31.84,32.0,7044.55,0
2024-07-30 09:00:00,32.01,32.07,31.74,31.8,5673.097,0
2024-07-30 10:00:00,31.84,32.37,31.76,32.31,7909.494,0
2024-07-30 11:00:00,32.31,32.38,32.02,32.13,2526.189,0
2024-07-30 12:00:00,32.12,32.5,32.05,32.3,3160.723,0
2024-07-30 13:00:00,32.31,32.51,32.24,32.38,3460.104,0
2024-07-30 14:00:00,32.38,32.49,32.05,32.22,5182.448,0
2024-07-30 15:00:00,32.22,32.24,31.7,31.7,5022.045,0
2024-07-30 16:00:00,31.7,32.04,31.3,31.82,18396.977,0
2024-07-30 17:00:00,31.81,31.82,31.36,31.57,13947.342,0
2024-07-30 18:00:00,31.56,31.87,31.38,31.76,2641.155,0
2024-07-30 19:00:00,31.73,31.84,31.35,31.76,2892.346,0
2024-07-30 20:00:00,31.75,32.24,31.33,32.0,7811.528,0
2024-07-30 21:00:00,32.0,32.08,31.6,31.64,1767.94,0
2024-07-30 22:00:00,31.64,32.05,31.53,32.04,1974.486,0
2024-07-30 23:00:00,32.05,32.26,32.01,32.14,3354.644,0
2024-07-31 00:00:00,32.14,32.25,31.79,31.98,1613.618,0
2024-07-31 01:00:00,31.99,32.39,31.71,31.88,3751.772,0
2024-07-31 02:00:00,31.88,32.1,31.58,31.76,1663.152,0
2024-07-31 03:00:00,31.73,31.8,31.52,31.54,879.339,0
2024-07-31 04:00:00,31.53,32.02,31.4,31.53,7607.143,0
2024-07-31 05:00:00,31.51,31.86,31.46,31.75,4764.489,0
2024-07-31 06:00:00,31.77,32.03,31.62,31.65,3082.246,0
2024-07-31 07:00:00,31.63,31.66,31.28,31.34,2591.463,0
2024-07-31 08:00:00,31.35,32.0,31.29,31.66,8854.404,0
2024-07-31 09:00:00,31.67,31.8,31.48,31.49,3779.894,0
2024-07-31 10:00:00,31.48,31.65,31.4,31.45,4405.162,0
2024-07-31 11:00:00,31.42,31.8,31.4,31.76,3741.332,0
2024-07-31 12:00:00,31.8,32.01,31.65,31.89,3088.287,0
2024-07-31 13:00:00,31.89,32.12,31.78,31.97,2901.299,0
2024-07-31 14:00:00,31.97,32.0,31.62,31.81,3614.169,0
2024-07-31 15:00:00,31.82,31.83,31.52,31.66,3951.366,0
2024-07-31 16:00:00,31.66,32.0,31.5,31.72,4245.88,0
2024-07-31 17:00:00,31.7,31.91,31.61,31.75,1635.853,0
2024-07-31 18:00:00,31.73,31.87,31.4,31.81,4042.535,0
2024-07-31 19:00:00,31.83,31.86,31.1,31.28,6481.822,0
2024-07-31 20:00:00,31.26,32.42,30.96,31.99,40102.773,0
2024-07-31 21:00:00,31.99,33.0,31.85,32.87,17580.759,0
2024-07-31 22:00:00,32.85,33.42,32.63,33.32,16194.465,0
2024-07-31 23:00:00,33.33,33.8,33.2,33.6,19840.297,0
2024-08-01 00:00:00,33.6,33.68,33.06,33.24,10442.424,0
2024-08-01 01:00:00,33.24,33.48,33.08,33.28,3549.796,0
2024-08-01 02:00:00,33.3,33.6,33.0,33.54,6843.514,0
2024-08-01 03:00:00,33.53,33.53,32.89,33.01,16846.713,0
2024-08-01 04:00:00,32.99,33.23,32.19,32.3,10665.483,0
2024-08-01 05:00:00,32.3,32.77,32.17,32.68,5550.656,0
2024-08-01 06:00:00,32.68,32.88,32.56,32.69,4424.692,0
2024-08-01 07:00:00,32.7,32.9,32.53,32.57,3133.906,0
2024-08-01 08:00:00,32.56,32.87,32.38,32.45,5673.321,0
2024-08-01 09:00:00,32.46,32.78,32.37,32.65,3596.57,0
2024-08-01 10:00:00,32.63,32.86,32.52,32.58,2735.834,0
2024-08-01 11:00:00,32.6,32.8,32.4,32.41,3084.777,0
2024-08-01 12:00:00,32.41,32.85,32.35,32.68,2203.048,0
2024-08-01 13:00:00,32.63,32.69,32.4,32.46,3058.392,0
2024-08-01 14:00:00,32.45,32.5,31.71,31.76,9044.065,0
2024-08-01 15:00:00,31.76,32.09,31.53,31.67,14362.448,0
2024-08-01 16:00:00,31.67,31.71,31.03,31.26,23303.383,0
2024-08-01 17:00:00,31.25,31.74,30.94,31.69,14761.581,0
2024-08-01 18:00:00,31.68,31.68,30.58,30.97,17461.179,0
2024-08-01 19:00:00,30.99,31.5,30.96,31.38,3318.864,0
2024-08-01 20:00:00,31.38,31.5,31.07,31.5,2920.861,0
2024-08-01 21:00:00,31.48,31.97,31.27,31.66,3516.684,0
2024-08-01 22:00:00,31.67,32.52,31.5,32.35,6530.607,0
2024-08-01 23:00:00,32.35,32.52,32.17,32.45,4125.619,0
2024-08-02 00:00:00,32.45,32.88,32.09,32.12,8387.071,0
2024-08-02 01:00:00,32.11,32.19,31.6,31.69,6375.801,0
2024-08-02 02:00:00,31.69,31.7,30.43,30.47,15563.917,0
2024-08-02 03:00:00,30.45,30.45,29.37,29.63,21259.652,0
2024-08-02 04:00:00,29.63,30.42,29.35,30.3,14787.874,0
2024-08-02 05:00:00,30.29,30.29,29.67,29.95,5008.575,0
2024-08-02 06:00:00,29.96,30.15,29.78,30.11,6151.185,0
2024-08-02 07:00:00,30.13,30.73,29.82,30.6,10507.73,0
2024-08-02 08:00:00,30.6,31.8,30.6,31.64,14961.231,0
2024-08-02 09:00:00,31.65,32.07,31.28,31.98,17039.604,0
2024-08-02 10:00:00,32.0,33.25,31.38,33.21,27259.936,0
2024-08-02 11:00:00,33.18,34.33,33.07,33.96,35661.739,0
2024-08-02 12:00:00,33.95,34.36,33.5,34.16,17837.263,0
2024-08-02 13:00:00,34.12,34.52,33.93,34.22,13662.551,0
2024-08-02 14:00:00,34.17,34.29,33.0,33.09,16389.069,0
2024-08-02 15:00:00,33.1,33.5,32.57,32.9,16297.863,0
2024-08-02 16:00:00,32.9,33.41,32.56,33.35,13492.999,0
2024-08-02 17:00:00,33.34,33.95,33.19,33.52,10613.145,0
2024-08-02 18:00:00,33.51,33.89,33.17,33.25,8299.704,0
2024-08-02 19:00:00,33.23,33.65,33.07,33.19,5153.807,0
2024-08-02 20:00:00,33.19,33.51,32.92,33.08,5762.383,0
2024-08-02 21:00:00,33.06,33.1,32.43,32.76,7488.244,0
2024-08-02 22:00:00,32.74,32.94,32.54,32.62,1836.809,0
2024-08-02 23:00:00,32.65,32.94,32.52,32.68,2755.683,0
2024-08-03 00:00:00,32.67,33.26,32.3,32.37,7133.882,0
2024-08-03 01:00:00,32.36,32.88,31.81,32.7,12860.827,0
2024-08-03 02:00:00,32.67,32.72,32.26,32.5,6735.292,0
2024-08-03 03:00:00,32.5,32.67,32.33,32.55,3340.737,0
2024-08-03 04:00:00,32.55,32.57,32.07,32.1,4973.604,0
2024-08-03 05:00:00,32.1,32.55,32.07,32.53,4328.662,0
2024-08-03 06:00:00,32.55,33.74,32.43,33.34,27353.076,0
2024-08-03 07:00:00,33.34,33.6,32.65,33.41,21563.729,0
2024-08-03 08:00:00,33.39,33.77,33.09,33.27,31448.658,0
2024-08-03 09:00:00,33.31,33.66,33.08,33.48,28718.388,0
2024-08-03 10:00:00,33.46,33.53,33.01,33.01,5319.163,0
2024-08-03 11:00:00,33.04,33.49,33.0,33.21,4260.866,0
2024-08-03 12:00:00,33.21,34.79,31.87,32.89,38752.545,0
2024-08-03 13:00:00,32.91,33.46,32.22,33.03,16179.525,0
2024-08-03 14:00:00,33.01,34.3,32.91,33.13,23313.843,0
2024-08-03 15:00:00,33.1,34.08,32.86,33.02,27908.251,0
2024-08-03 16:00:00,33.02,33.52,32.42,32.67,16368.839,0
2024-08-03 17:00:00,32.71,33.12,32.39,32.55,9981.235,0
2024-08-03 18:00:00,32.55,32.8,32.19,32.4,10798.885,0
2024-08-03 19:00:00,32.42,32.46,31.68,31.84,13279.303,0
2024-08-03 20:00:00,31.85,32.61,31.85,31.88,8237.277,0
2024-08-03 21:00:00,31.9,32.77,31.74,32.63,11598.682,0
2024-08-03 22:00:00,32.64,32.77,32.13,32.15,6955.187,0
2024-08-03 23:00:00,32.16,32.34,31.63,31.78,7232.634,0
2024-08-04 00:00:00,31.77,31.93,31.34,31.49,8891.805,0
2024-08-04 01:00:00,31.51,31.96,31.33,31.88,5971.509,0
2024-08-04 02:00:00,31.92,32.35,31.85,32.2,6110.155,0
2024-08-04 03:00:00,32.21,32.27,31.7,31.74,4160.048,0
2024-08-04 04:00:00,31.74,32.37,31.68,32.09,8858.818,0
2024-08-04 05:00:00,32.1,32.37,31.8,32.27,4025.206,0
2024-08-04 06:00:00,32.28,32.61,32.18,32.37,3687.281,0
2024-08-04 07:00:00,32.37,32.4,31.88,31.94,6347.456,0
2024-08-04 08:00:00,31.97,31.98,31.61,31.78,3987.264,0
2024-08-04 09:00:00,31.77,31.93,31.45,31.72,6651.367,0
2024-08-04 10:00:00,31.72,31.78,31.43,31.55,3553.904,0
2024-08-04 11:00:00,31.55,31.83,31.47,31.77,2525.422,0
2024-08-04 12:00:00,31.77,32.27,31.7,32.11,3086.397,0
2024-08-04 13:00:00,32.13,32.29,31.88,32.03,1707.343,0
2024-08-04 14:00:00,31.98,32.06,31.19,31.24,9791.437,0
2024-08-04 15:00:00,31.29,31.3,30.76,30.91,9996.041,0
2024-08-04 16:00:00,30.92,31.38,30.3,30.33,9881.712,0
2024-08-04 17:00:00,30.32,30.85,30.04,30.68,18461.168,0
2024-08-04 18:00:00,30.67,30.76,30.14,30.51,5827.988,0
2024-08-04 19:00:00,30.46,31.58,30.27,31.3,8129.311,0
2024-08-04 20:00:00,31.28,32.02,31.09,31.9,11631.243,0
2024-08-04 21:00:00,31.88,31.96,31.19,31.28,10712.595,0
2024-08-04 22:00:00,31.22,32.01,31.01,31.26,12518.215,0
2024-08-04 23:00:00,31.25,31.33,30.73,30.79,4498.655,0
2024-08-05 00:00:00,30.78,31.53,29.7,30.03,26589.918,0
2024-08-05 01:00:00,30.0,30.17,28.22,28.4,43965.425,0
2024-08-05 02:00:00,28.42,28.47,27.72,28.37,28456.563,0
2024-08-05 03:00:00,28.35,28.37,27.49,27.63,9851.394,0
2024-08-05 04:00:00,27.64,28.04,27.37,27.45,9635.856,0
2024-08-05 05:00:00,27.49,27.52,26.41,26.81,21386.661,0
2024-08-05 06:00:00,26.83,28.36,25.35,27.89,53238.918,0
2024-08-05 07:00:00,27.87,29.58,27.68,29.38,44705.693,0
2024-08-05 08:00:00,29.36,29.75,28.7,28.9,24770.38,0
2024-08-05 09:00:00,28.89,29.09,28.29,28.73,11193.995,0
2024-08-05 10:00:00,28.73,28.73,27.4,27.44,16991.935,0
2024-08-05 11:00:00,27.46,28.06,26.63,27.77,16264.608,0
2024-08-05 12:00:00,27.78,27.9,26.83,27.21,17802.57,0
2024-08-05 13:00:00,27.19,28.0,26.55,27.8,23722.85,0
2024-08-05 14:00:00,27.78,29.75,27.78,29.59,28420.797,0
2024-08-05 15:00:00,29.59,31.39,29.35,30.8,27684.69,0
2024-08-05 16:00:00,30.78,31.98,30.72,31.75,46803.204,0
2024-08-05 17:00:00,31.75,31.99,31.11,31.48,20926.741,0
2024-08-05 18:00:00,31.48,31.67,29.98,30.09,11016.611,0
2024-08-05 19:00:00,30.12,30.43,29.76,30.29,15176.54,0
2024-08-05 20:00:00,30.32,30.8,30.01,30.46,7331.526,0
2024-08-05 21:00:00,30.46,30.91,30.07,30.46,12246.384,0
2024-08-05 22:00:00,30.46,31.11,30.19,30.81,6546.869,0
2024-08-05 23:00:00,30.76,31.15,29.96,30.06,6641.526,0
2024-08-06 00:00:00,30.06,30.69,29.67,30.35,14543.723,0
2024-08-06 01:00:00,30.35,30.4,29.34,29.41,17641.21,0
2024-08-06 02:00:00,29.4,30.04,29.13,29.78,12144.478,0
2024-08-06 03:00:00,29.77,29.97,29.58,29.59,5815.893,0
2024-08-06 04:00:00,29.58,29.82,29.26,29.45,7423.405,0
2024-08-06 05:00:00,29.4,29.95,29.27,29.64,10099.895,0
2024-08-06 06:00:00,29.65,30.5,29.45,30.17,12394.036,0
2024-08-06 07:00:00,30.19,30.35,29.71,29.89,6433.522,0
2024-08-06 08:00:00,29.86,30.16,29.16,29.38,11779.237,0
2024-08-06 09:00:00,29.37,29.7,29.2,29.67,5769.156,0
2024-08-06 10:00:00,29.69,31.04,29.62,30.87,21311.253,0
2024-08-06 11:00:00,30.86,31.26,30.76,31.24,9070.15,0
2024-08-06 12:00:00,31.25,32.14,31.25,31.73,14084.122,0
2024-08-06 13:00:00,31.73,31.74,30.88,31.17,9807.584,0
2024-08-06 14:00:00,31.16,32.5,31.15,32.22,8766.04,0
2024-08-06 15:00:00,32.24,32.7,31.92,32.54,10998.642,0
2024-08-06 16:00:00,32.57,32.83,32.26,32.43,14503.535,0
2024-08-06 17:00:00,32.43,32.5,32.24,32.24,6302.114,0
2024-08-06 18:00:00,32.26,32.42,31.98,32.15,3758.567,0
2024-08-06 19:00:00,32.18,32.35,31.92,32.25,4952.578,0
2024-08-06 20:00:00,32.23,32.7,32.1,32.65,13791.53,0
2024-08-06 21:00:00,32.67,32.72,32.3,32.49,9812.458,0
2024-08-06 22:00:00,32.5,32.6,31.66,31.92,14268.56,0
2024-08-06 23:00:00,31.94,31.97,31.55,31.82,4659.131,0
2024-08-07 00:00:00,31.84,32.13,31.66,32.01,4355.063,0
2024-08-07 01:00:00,32.01,32.6,31.76,32.56,4697.84,0
2024-08-07 02:00:00,32.56,33.5,32.41,33.2,24148.618,0
2024-08-07 03:00:00,33.23,34.3,33.23,33.66,20204.923,0
2024-08-07 04:00:00,33.66,33.91,33.31,33.55,15665.661,0
2024-08-07 05:00:00,33.56,33.6,33.0,33.1,29314.914,0
2024-08-07 06:00:00,33.09,33.35,32.99,33.27,7312.529,0
2024-08-07 07:00:00,33.28,33.34,32.86,33.06,16411.162,0
2024-08-07 08:00:00,33.07,33.18,32.92,32.98,12960.019,0
2024-08-07 09:00:00,32.99,33.37,32.73,32.97,14308.449,0
2024-08-07 10:00:00,32.95,33.24,32.76,32.98,8095.526,0
2024-08-07 11:00:00,32.96,33.03,32.63,32.78,6220.11,0
2024-08-07 12:00:00,32.83,33.02,32.49,32.75,8082.163,0
2024-08-07 13:00:00,32.69,33.2,31.64,32.7,9314.815,0
2024-08-07 14:00:00,32.71,32.83,31.35,31.62,42529.615,0
2024-08-07 15:00:00,31.62,32.0,31.35,31.38,17098.182,0
2024-08-07 16:00:00,31.36,31.89,31.17,31.69,10740.275,0
2024-08-07 17:00:00,31.69,32.44,31.15,31.91,37070.629,0
2024-08-07 18:00:00,31.91,32.13,31.39,31.62,14965.448,0
2024-08-07 19:00:00,31.64,32.5,31.57,32.43,12099.292,0
2024-08-07 20:00:00,32.41,32.69,31.84,32.1,12184.01,0
2024-08-07 21:00:00,32.05,32.23,31.66,32.18,5710.653,0
2024-08-07 22:00:00,32.16,32.4,31.72,32.38,5062.341,0
2024-08-07 23:00:00,32.41,32.77,32.19,32.5,3542.977,0
2024-08-08 00:00:00,32.51,32.51,31.54,32.04,5140.911,0
2024-08-08 01:00:00,32.06,32.99,31.99,32.88,4708.953,0
2024-08-08 02:00:00,32.9,33.5,32.88,33.2,8822.891,0
2024-08-08 03:00:00,33.2,34.1,33.19,33.42,34950.837,0
2024-08-08 04:00:00,33.42,33.91,32.86,32.92,17993.928,0
2024-08-08 05:00:00,32.95,33.4,32.93,33.23,8261.677,0
2024-08-08 06:00:00,33.26,33.73,33.26,33.52,7410.473,0
2024-08-08 07:00:00,33.54,33.69,33.12,33.2,2437.598,0
2024-08-08 08:00:00,33.22,33.69,33.21,33.43,6325.541,0
2024-08-08 09:00:00,33.44,33.46,32.99,33.09,4594.074,0
2024-08-08 10:00:00,33.09,33.11,32.45,32.72,7326.969,0
2024-08-08 11:00:00,32.71,32.88,32.5,32.59,4780.047,0
2024-08-08 12:00:00,32.59,33.66,32.51,33.0,18041.81,0
2024-08-08 13:00:00,32.99,33.46,32.68,32.95,7599.07,0
2024-08-08 14:00:00,32.93,33.36,32.78,33.3,5506.62,0
2024-08-08 15:00:00,33.34,33.67,33.09,33.44,8187.607,0
2024-08-08 16:00:00,33.45,34.01,33.45,33.86,7133.478,0
2024-08-08 17:00:00,33.86,34.35,33.64,33.79,11284.784,0
2024-08-08 18:00:00,33.79,34.12,33.79,34.06,4305.99,0
2024-08-08 19:00:00,34.07,34.89,34.0,34.44,26735.759,0
2024-08-08 20:00:00,34.46,35.8,34.44,35.66,23322.262,0
2024-08-08 21:00:00,35.63,36.46,35.53,36.05,35990.179,0
2024-08-08 22:00:00,36.06,36.35,35.35,35.43,20675.907,0
2024-08-08 23:00:00,35.43,36.13,35.38,35.84,10006.301,0
2024-08-09 00:00:00,35.84,36.27,35.31,35.52,6597.111,0
2024-08-09 01:00:00,35.61,35.97,35.34,35.89,5838.852,0
2024-08-09 02:00:00,35.91,36.49,35.85,36.35,12692.577,0
2024-08-09 03:00:00,36.34,37.0,36.12,36.61,20577.949,0
2024-08-09 04:00:00,36.63,37.04,36.4,36.43,22573.012,0
2024-08-09 05:00:00,36.43,37.33,36.32,37.05,16105.613,0
2024-08-09 06:00:00,37.04,37.76,37.01,37.19,19789.626,0
2024-08-09 07:00:00,37.18,37.7,37.16,37.38,7343.603,0
2024-08-09 08:00:00,37.4,37.82,37.15,37.61,8887.983,0
2024-08-09 09:00:00,37.61,37.71,37.12,37.4,9625.112,0
2024-08-09 10:00:00,37.4,37.5,36.88,37.23,10216.933,0
2024-08-09 11:00:00,37.25,37.57,37.16,37.49,11154.97,0
2024-08-09 12:00:00,37.47,37.51,36.09,36.93,35238.851,0
2024-08-09 13:00:00,36.9,37.38,36.66,37.24,21059.124,0
2024-08-09 14:00:00,37.24,38.42,37.13,38.01,39342.836,0
2024-08-09 15:00:00,37.98,39.23,37.88,38.77,54641.614,0
2024-08-09 16:00:00,38.81,39.66,38.63,39.66,38088.789,0
2024-08-09 17:00:00,39.66,40.12,39.37,39.61,39092.208,0
2024-08-09 18:00:00,39.61,40.0,39.25,39.94,25263.167,0
2024-08-09 19:00:00,39.93,40.42,39.56,40.12,21691.725,0
2024-08-09 20:00:00,40.12,40.55,39.88,40.19,25900.507,0
2024-08-09 21:00:00,40.24,40.24,39.44,40.02,12004.966,0
2024-08-09 22:00:00,40.05,40.51,39.94,40.13,10277.199,0
2024-08-09 23:00:00,40.13,41.2,39.97,40.81,17291.649,0
2024-08-10 00:00:00,40.81,42.07,40.13,40.47,80682.231,0
2024-08-10 01:00:00,40.44,41.33,40.27,41.05,16102.644,0
2024-08-10 02:00:00,41.07,41.53,40.8,41.46,14618.376,0
2024-08-10 03:00:00,41.44,41.65,40.73,41.42,19190.098,0
2024-08-10 04:00:00,41.42,41.48,40.93,41.1,11273.073,0
2024-08-10 05:00:00,41.1,41.24,40.73,40.79,14926.306,0
2024-08-10 06:00:00,40.81,41.31,40.69,41.2,4759.565,0
2024-08-10 07:00:00,41.22,41.44,40.93,40.96,9137.185,0
2024-08-10 08:00:00,40.98,41.19,40.75,41.08,8309.959,0
2024-08-10 09:00:00,41.09,41.46,41.02,41.29,9201.249,0
2024-08-10 10:00:00,41.29,41.58,40.84,41.35,15389.684,0
2024-08-10 11:00:00,41.32,41.49,41.08,41.13,4454.723,0
2024-08-10 12:00:00,41.14,41.41,40.88,41.26,8551.801,0
2024-08-10 13:00:00,41.23,41.31,40.95,41.06,6370.193,0
2024-08-10 14:00:00,41.08,41.23,40.95,41.16,6510.915,0
2024-08-10 15:00:00,41.19,41.21,40.71,40.84,11134.275,0
2024-08-10 16:00:00,40.85,41.38,40.76,41.17,6176.103,0
2024-08-10 17:00:00,41.16,41.32,41.02,41.14,3369.097,0
2024-08-10 18:00:00,41.14,41.19,40.86,41.01,3991.48,0
2024-08-10 19:00:00,40.94,41.06,40.82,40.87,2250.091,0
2024-08-10 20:00:00,40.88,41.17,40.73,41.09,7965.05,0
2024-08-10 21:00:00,41.08,41.35,40.93,41.29,3819.633,0
2024-08-10 22:00:00,41.27,41.52,41.12,41.19,4987.746,0
2024-08-10 23:00:00,41.18,41.35,41.07,41.29,4693.366,0
2024-08-11 00:00:00,41.27,41.53,41.26,41.31,2857.301,0
2024-08-11 01:00:00,41.31,41.78,41.25,41.46,4376.9,0
2024-08-11 02:00:00,41.43,41.69,41.33,41.38,2646.8,0
2024-08-11 03:00:00,41.34,41.42,41.1,41.36,9221.052,0
2024-08-11 04:00:00,41.28,41.5,41.25,41.39,8998.625,0
2024-08-11 05:00:00,41.37,41.41,41.26,41.29,6790.047,0
2024-08-11 06:00:00,41.28,41.34,41.0,41.23,14641.187,0
2024-08-11 07:00:00,41.27,41.31,40.97,41.04,9673.654,0
2024-08-11 08:00:00,41.07,41.13,40.8,41.12,11926.114,0
2024-08-11 09:00:00,41.13,41.25,40.83,41.01,4084.818,0
2024-08-11 10:00:00,41.02,41.48,41.02,41.4,6328.629,0
2024-08-11 11:00:00,41.4,41.4,40.93,41.19,5088.051,0
2024-08-11 12:00:00,41.15,41.24,40.93,41.16,5207.268,0
2024-08-11 13:00:00,41.13,41.24,40.81,41.13,6356.853,0
2024-08-11 14:00:00,41.15,41.3,40.81,41.0,10032.793,0
2024-08-11 15:00:00,41.0,41.17,40.84,41.05,16612.552,0
2024-08-11 16:00:00,41.05,41.28,40.9,41.09,6038.922,0
2024-08-11 17:00:00,41.1,41.16,40.95,41.04,4802.036,0
2024-08-11 18:00:00,41.02,41.07,40.91,40.92,4030.145,0
2024-08-11 19:00:00,40.92,40.96,39.3,40.04,33912.313,0
2024-08-11 20:00:00,40.05,40.79,40.0,40.13,11371.961,0
2024-08-11 21:00:00,40.12,40.45,39.85,40.28,6410.943,0
2024-08-11 22:00:00,40.27,41.3,39.79,41.05,22628.4,0
2024-08-11 23:00:00,41.05,41.4,40.57,41.1,15026.951,0
2024-08-12 00:00:00,41.09,41.39,40.64,40.8,15563.751,0
2024-08-12 01:00:00,40.82,41.62,40.82,41.4,6023.265,0
2024-08-12 02:00:00,41.38,41.4,40.89,41.33,4098.757,0
2024-08-12 03:00:00,41.32,42.56,41.16,41.62,19619.168,0
2024-08-12 04:00:00,41.62,42.18,41.36,41.63,12080.944,0
2024-08-12 05:00:00,41.6,41.8,40.94,41.14,7908.526,0
2024-08-12 06:00:00,41.13,41.24,40.42,40.46,8650.724,0
2024-08-12 07:00:00,40.46,40.97,40.06,40.93,13785.737,0
2024-08-12 08:00:00,40.85,41.58,40.57,40.87,9194.807,0
2024-08-12 09:00:00,40.89,41.35,40.85,41.09,3791.833,0
2024-08-12 10:00:00,41.13,41.31,40.89,41.05,4990.356,0
2024-08-12 11:00:00,41.06,41.82,40.85,41.37,9765.579,0
2024-08-12 12:00:00,41.44,43.03,41.22,42.95,25674.736,0
2024-08-12 13:00:00,42.93,43.0,41.39,41.48,17956.084,0
2024-08-12 14:00:00,41.5,42.16,40.56,41.1,22662.726,0
2024-08-12 15:00:00,41.07,42.0,40.6,41.84,17717.665,0
2024-08-12 16:00:00,41.83,42.29,41.52,42.04,10335.681,0
2024-08-12 17:00:00,42.04,43.4,42.04,42.8,28861.884,0
2024-08-12 18:00:00,42.8,43.38,41.69,41.84,14795.257,0
2024-08-12 19:00:00,41.83,42.21,41.79,41.99,5026.853,0
2024-08-12 20:00:00,41.99,42.55,41.93,42.0,5776.339,0
2024-08-12 21:00:00,42.01,42.29,41.66,42.25,2155.633,0
2024-08-12 22:00:00,42.25,43.99,42.04,43.44,16231.336,0
2024-08-12 23:00:00,43.39,43.9,43.08,43.44,13738.594,0
2024-08-13 00:00:00,43.42,43.84,42.81,43.5,7022.632,0
2024-08-13 01:00:00,43.5,43.9,43.21,43.39,3575.36,0
2024-08-13 02:00:00,43.39,44.13,43.23,43.76,8550.198,0
2024-08-13 03:00:00,43.75,43.84,42.13,42.13,12063.787,0
2024-08-13 04:00:00,42.13,43.18,41.81,42.33,12701.122,0
2024-08-13 05:00:00,42.29,43.12,42.29,42.86,4773.612,0
2024-08-13 06:00:00,42.87,43.1,42.62,42.99,4693.641,0
2024-08-13 07:00:00,42.99,43.1,42.6,42.6,3737.949,0
2024-08-13 08:00:00,42.61,42.65,41.71,41.83,11838.562,0
2024-08-13 09:00:00,41.83,41.97,41.4,41.92,10059.379,0
2024-08-13 10:00:00,41.92,42.08,41.3,41.35,6034.619,0
2024-08-13 11:00:00,41.35,41.64,41.2,41.52,3820.259,0
2024-08-13 12:00:00,41.52,41.99,41.11,41.46,4891.036,0
2024-08-13 13:00:00,41.44,41.78,41.09,41.4,7182.786,0
2024-08-13 14:00:00,41.39,41.91,40.43,40.85,21090.566,0
2024-08-13 15:00:00,40.84,41.91,40.06,41.42,21984.387,0
2024-08-13 16:00:00,41.4,41.88,40.69,41.32,10519.739,0
2024-08-13 17:00:00,41.34,41.83,41.09,41.23,6390.286,0
2024-08-13 18:00:00,41.21,42.03,40.99,41.57,6011.624,0
2024-08-13 19:00:00,41.59,42.12,41.11,41.81,12376.641,0
2024-08-13 20:00:00,41.85,42.15,41.51,42.12,3026.865,0
2024-08-13 21:00:00,42.12,42.63,41.95,42.21,4598.139,0
2024-08-13 22:00:00,42.23,42.38,42.02,42.22,2083.008,0
2024-08-13 23:00:00,42.19,43.19,42.11,43.02,21652.042,0
2024-08-14 00:00:00,43.01,44.25,42.72,43.84,21129.289,0
2024-08-14 01:00:00,43.85,44.08,43.19,43.26,9568.51,0
2024-08-14 02:00:00,43.26,44.15,43.16,43.79,7530.552,0
2024-08-14 03:00:00,43.79,45.39,43.79,44.56,18240.335,0
2024-08-14 04:00:00,44.55,45.03,44.33,44.64,5296.042,0
2024-08-14 05:00:00,44.65,44.82,44.2,44.47,6006.766,0
2024-08-14 06:00:00,44.44,45.32,44.38,44.7,8807.05,0
2024-08-14 07:00:00,44.7,44.79,44.45,44.49,2248.244,0
2024-08-14 08:00:00,44.5,44.71,44.28,44.45,3874.608,0
2024-08-14 09:00:00,44.47,45.17,44.35,44.62,10800.947,0
2024-08-14 10:00:00,44.61,44.93,44.29,44.52,7883.682,0
2024-08-14 11:00:00,44.5,44.8,43.88,44.03,5002.819,0
2024-08-14 12:00:00,44.05,44.05,42.84,43.16,27105.829,0
2024-08-14 13:00:00,43.14,43.45,42.41,42.65,11247.161,0
2024-08-14 14:00:00,42.6,43.24,42.43,43.01,9337.355,0
2024-08-14 15:00:00,43.02,43.17,42.47,42.82,11887.112,0
2024-08-14 16:00:00,42.84,42.95,42.49,42.72,4796.29,0
2024-08-14 17:00:00,42.71,42.99,42.53,42.84,3202.852,0
2024-08-14 18:00:00,42.83,42.92,42.62,42.73,2203.118,0
2024-08-14 19:00:00,42.75,42.75,42.46,42.68,1982.339,0
2024-08-14 20:00:00,42.7,42.73,42.42,42.49,2612.696,0
2024-08-14 21:00:00,42.49,42.63,42.21,42.25,3487.126,0
2024-08-14 22:00:00,42.23,42.62,42.14,42.41,3558.015,0
2024-08-14 23:00:00,42.41,42.46,42.19,42.19,1185.04,0
2024-08-15 00:00:00,42.2,42.37,41.66,42.07,6564.473,0
2024-08-15 01:00:00,42.08,42.38,42.01,42.16,3018.292,0
2024-08-15 02:00:00,42.16,42.46,42.08,42.34,3426.898,0
2024-08-15 03:00:00,42.35,43.17,42.29,43.05,5497.363,0
2024-08-15 04:00:00,43.06,43.07,42.31,42.73,9279.22,0
2024-08-15 05:00:00,42.72,42.84,42.43,42.53,2828.078,0
2024-08-15 06:00:00,42.53,42.81,42.06,42.25,3522.558,0
2024-08-15 07:00:00,42.25,42.63,42.03,42.44,6116.228,0
2024-08-15 08:00:00,42.43,42.51,41.86,41.9,10128.798,0
2024-08-15 09:00:00,41.92,42.53,41.92,42.23,3044.356,0
2024-08-15 10:00:00,42.25,42.31,41.8,41.81,6622.233,0
2024-08-15 11:00:00,41.81,41.98,41.55,41.64,6252.035,0
2024-08-15 12:00:00,41.64,41.75,41.11,41.39,6424.701,0
2024-08-15 13:00:00,41.39,42.31,41.25,42.12,9377.042,0
2024-08-15 14:00:00,42.13,42.27,41.33,41.54,8672.837,0
2024-08-15 15:00:00,41.54,41.93,41.52,41.77,2891.511,0
2024-08-15 16:00:00,41.78,41.96,41.69,41.86,6371.337,0
2024-08-15 17:00:00,41.85,42.1,41.57,41.61,5718.294,0
2024-08-15 18:00:00,41.56,41.67,41.01,41.31,15244.422,0
2024-08-15 19:00:00,41.32,41.66,41.23,41.38,6110.484,0
2024-08-15 20:00:00,41.38,41.58,41.19,41.48,4966.5,0
2024-08-15 21:00:00,41.47,43.79,40.5,41.86,26683.056,0
2024-08-15 22:00:00,41.88,42.89,41.57,42.64,10102.557,0
2024-08-15 23:00:00,42.59,43.3,42.31,42.83,9242.268,0
2024-08-16 00:00:00,42.82,42.82,42.06,42.29,4414.951,0
2024-08-16 01:00:00,42.3,42.47,41.8,41.95,2235.563,0
2024-08-16 02:00:00,41.94,42.31,41.76,42.0,3150.531,0
2024-08-16 03:00:00,41.98,42.07,41.82,42.0,1006.956,0
2024-08-16 04:00:00,42.02,42.62,42.0,42.23,2550.57,0
2024-08-16 05:00:00,42.22,42.46,42.06,42.46,1942.44,0
2024-08-16 06:00:00,42.45,42.76,42.32,42.54,2176.837,0
2024-08-16 07:00:00,42.54,42.54,42.09,42.15,2047.171,0
2024-08-16 08:00:00,42.16,42.4,42.08,42.25,2885.992,0
2024-08-16 09:00:00,42.23,42.5,42.06,42.26,1579.483,0
2024-08-16 10:00:00,42.3,42.45,42.18,42.35,2611.288,0
2024-08-16 11:00:00,42.33,42.88,42.32,42.47,4380.729,0
2024-08-16 12:00:00,42.48,42.52,41.45,42.06,9114.177,0
2024-08-16 13:00:00,42.08,42.18,41.61,41.86,5806.818,0
2024-08-16 14:00:00,41.84,42.11,41.68,41.85,4968.166,0
2024-08-16 15:00:00,41.87,42.19,41.39,41.81,7716.086,0
2024-08-16 16:00:00,41.81,42.09,41.7,42.05,2581.461,0
2024-08-16 17:00:00,42.06,42.42,41.73,42.33,3835.917,0
2024-08-16 18:00:00,42.32,42.44,42.08,42.33,3278.33,0
2024-08-16 19:00:00,42.33,42.67,42.32,42.59,1820.013,0
2024-08-16 20:00:00,42.58,42.96,42.54,42.67,2959.074,0
2024-08-16 21:00:00,42.67,42.68,42.32,42.55,2331.312,0
2024-08-16 22:00:00,42.55,42.67,42.44,42.56,1087.218,0
2024-08-16 23:00:00,42.57,42.61,42.2,42.36,2277.552,0
2024-08-17 00:00:00,42.39,42.39,41.84,41.91,4080.726,0
2024-08-17 01:00:00,41.91,42.1,41.8,42.05,1882.34,0
2024-08-17 02:00:00,42.06,42.3,41.92,42.2,1398.283,0
2024-08-17 03:00:00,42.23,42.27,42.01,42.24,2219.123,0
2024-08-17 04:00:00,42.24,42.24,42.07,42.21,1524.051,0
2024-08-17 05:00:00,42.2,42.63,42.07,42.59,2505.278,0
2024-08-17 06:00:00,42.59,42.66,42.39,42.48,2513.509,0
2024-08-17 07:00:00,42.47,42.8,42.41,42.72,2443.965,0
2024-08-17 08:00:00,42.71,43.14,42.64,43.05,5071.087,0
2024-08-17 09:00:00,43.07,44.0,43.02,43.56,14617.705,0
2024-08-17 10:00:00,43.56,43.8,43.35,43.36,3175.678,0
2024-08-17 11:00:00,43.35,43.42,43.04,43.15,2354.626,0
2024-08-17 12:00:00,43.14,43.62,43.01,43.32,3477.747,0
2024-08-17 13:00:00,43.32,43.73,43.31,43.57,4001.598,0
2024-08-17 14:00:00,43.63,43.82,43.46,43.75,2836.122,0
2024-08-17 15:00:00,43.75,43.81,43.45,43.54,3033.821,0
2024-08-17 16:00:00,43.56,43.89,43.54,43.83,1902.574,0
2024-08-17 17:00:00,43.84,44.04,43.72,43.82,2830.054,0
2024-08-17 18:00:00,43.84,44.34,43.72,44.08,3469.994,0
2024-08-17 19:00:00,44.09,44.25,44.01,44.05,1517.35,0
2024-08-17 20:00:00,44.03,44.11,43.69,43.72,2651.307,0
2024-08-17 21:00:00,43.7,43.72,43.44,43.49,1803.209,0
2024-08-17 22:00:00,43.49,43.55,43.2,43.36,1593.487,0
2024-08-17 23:00:00,43.36,43.64,43.36,43.63,1377.84,0
2024-08-18 00:00:00,43.64,44.02,43.44,43.98,2318.393,0
2024-08-18 01:00:00,43.97,44.06,43.73,43.9,2513.375,0
2024-08-18 02:00:00,43.9,44.2,43.86,43.88,3154.362,0
2024-08-18 03:00:00,43.9,43.95,43.44,43.57,1906.327,0
2024-08-18 04:00:00,43.55,43.71,43.45,43.58,1180.808,0
2024-08-18 05:00:00,43.6,43.79,43.55,43.67,1117.02,0
2024-08-18 06:00:00,43.68,43.8,43.6,43.8,1797.123,0
2024-08-18 07:00:00,43.79,43.82,43.43,43.65,5681.324,0
2024-08-18 08:00:00,43.63,43.77,43.55,43.74,3621.062,0
2024-08-18 09:00:00,43.74,44.17,43.7,43.91,4118.266,0
2024-08-18 10:00:00,43.91,44.11,43.64,43.68,4189.458,0
2024-08-18 11:00:00,43.67,43.67,43.25,43.4,3133.484,0
2024-08-18 12:00:00,43.36,43.36,42.5,42.69,6158.674,0
2024-08-18 13:00:00,42.67,42.71,42.02,42.71,7018.103,0
2024-08-18 14:00:00,42.7,43.09,42.42,42.85,4549.87,0
2024-08-18 15:00:00,42.87,43.18,42.67,43.04,2174.876,0
2024-08-18 16:00:00,43.0,43.35,42.82,43.1,2749.687,0
2024-08-18 17:00:00,43.1,43.36,43.01,43.2,2066.102,0
2024-08-18 18:00:00,43.22,43.36,43.1,43.11,1486.431,0
2024-08-18 19:00:00,43.12,43.22,42.68,42.68,4345.191,0
2024-08-18 20:00:00,42.67,42.68,42.43,42.48,2890.523,0
2024-08-18 21:00:00,42.48,43.13,42.24,42.89,5355.165,0
2024-08-18 22:00:00,42.94,42.96,42.75,42.81,1595.838,0
2024-08-18 23:00:00,42.81,42.87,42.43,42.77,2902.482,0
2024-08-19 00:00:00,42.77,43.01,42.61,42.79,4182.916,0
2024-08-19 01:00:00,42.83,43.56,42.81,43.05,4178.07,0
2024-08-19 02:00:00,43.06,43.31,42.76,43.19,5327.049,0
2024-08-19 03:00:00,43.19,43.47,43.09,43.28,5881.334,0
2024-08-19 04:00:00,43.28,43.31,43.13,43.13,621.527,0
2024-08-19 05:00:00,43.12,43.17,42.85,43.07,1891.31,0
2024-08-19 06:00:00,43.07,43.16,42.85,42.87,1868.585,0
2024-08-19 07:00:00,42.86,42.86,41.88,41.91,6493.282,0
2024-08-19 08:00:00,41.91,42.18,41.86,42.14,2801.925,0
2024-08-19 09:00:00,42.14,42.27,41.75,42.1,3699.686,0
2024-08-19 10:00:00,42.09,42.4,41.81,41.85,3805.561,0
2024-08-19 11:00:00,41.85,41.88,40.85,41.84,8511.228,0
2024-08-19 12:00:00,41.8,41.88,41.5,41.8,3389.889,0
2024-08-19 13:00:00,41.81,41.86,41.54,41.62,3331.756,0
2024-08-19 14:00:00,41.63,42.31,41.53,41.83,10103.66,0
2024-08-19 15:00:00,41.82,42.08,41.69,41.71,1660.992,0
2024-08-19 16:00:00,41.7,41.85,41.52,41.69,2264.428,0
2024-08-19 17:00:00,41.69,41.9,41.42,41.52,2998.156,0
2024-08-19 18:00:00,41.55,41.63,41.26,41.55,6744.028,0
2024-08-19 19:00:00,41.56,42.01,41.48,41.92,5778.633,0
2024-08-19 20:00:00,41.89,42.43,41.81,41.88,3543.947,0
2024-08-19 21:00:00,41.88,41.88,41.61,41.61,2353.947,0
2024-08-19 22:00:00,41.6,41.72,41.42,41.44,1870.46,0
2024-08-19 23:00:00,41.42,42.01,41.41,41.92,1878.202,0
2024-08-20 00:00:00,41.93,41.99,41.71,41.92,2753.871,0
2024-08-20 01:00:00,41.92,42.26,41.91,42.17,3955.815,0
2024-08-20 02:00:00,42.17,42.24,41.99,41.99,1041.871,0
2024-08-20 03:00:00,41.98,42.11,41.75,41.78,2624.459,0
2024-08-20 04:00:00,41.81,42.36,41.81,42.1,4826.979,0
2024-08-20 05:00:00,42.1,42.29,42.04,42.2,2464.964,0
2024-08-20 06:00:00,42.17,42.5,42.08,42.38,1917.769,0
2024-08-20 07:00:00,42.38,42.51,42.25,42.38,1454.942,0
2024-08-20 08:00:00,42.37,42.5,42.16,42.21,1705.262,0
2024-08-20 09:00:00,42.23,42.5,41.81,41.86,3101.656,0
2024-08-20 10:00:00,41.82,41.82,41.27,41.42,6954.951,0
2024-08-20 11:00:00,41.43,41.75,41.16,41.73,2992.803,0
2024-08-20 12:00:00,41.68,41.91,41.49,41.59,4660.241,0
2024-08-20 13:00:00,41.58,41.94,41.54,41.8,3140.177,0
2024-08-20 14:00:00,41.83,42.01,41.52,41.91,4393.426,0
2024-08-20 15:00:00,41.92,42.24,41.8,41.89,4488.431,0
2024-08-20 16:00:00,41.92,42.13,41.86,42.05,1701.385,0
2024-08-20 17:00:00,42.04,42.05,41.65,41.74,3563.454,0
2024-08-20 18:00:00,41.74,42.02,41.72,41.85,1075.623,0
2024-08-20 19:00:00,41.85,41.9,41.6,41.62,2284.148,0
2024-08-20 20:00:00,41.62,41.94,41.57,41.67,1528.802,0
2024-08-20 21:00:00,41.69,41.69,41.26,41.54,2944.751,0
2024-08-20 22:00:00,41.56,41.75,41.47,41.58,1187.2,0
2024-08-20 23:00:00,41.58,41.67,41.41,41.56,1499.671,0
2024-08-21 00:00:00,41.53,41.64,41.28,41.37,1952.561,0
2024-08-21 01:00:00,41.37,41.91,41.18,41.71,7695.07,0
2024-08-21 02:00:00,41.7,42.37,41.7,42.07,4683.035,0
2024-08-21 03:00:00,42.08,42.24,42.05,42.23,1024.37,0
2024-08-21 04:00:00,42.25,42.47,42.19,42.27,2219.363,0
2024-08-21 05:00:00,42.27,42.38,42.21,42.25,915.159,0
2024-08-21 06:00:00,42.25,42.46,42.18,42.32,2036.475,0
2024-08-21 07:00:00,42.32,42.39,41.99,42.17,3075.517,0
2024-08-21 08:00:00,42.17,42.24,41.96,42.02,1352.119,0
2024-08-21 09:00:00,42.01,42.24,41.89,42.24,1445.299,0
2024-08-21 10:00:00,42.24,42.7,42.15,42.33,7067.908,0
2024-08-21 11:00:00,42.34,42.45,42.13,42.19,2384.905,0
2024-08-21 12:00:00,42.19,42.6,42.17,42.43,2743.647,0
2024-08-21 13:00:00,42.42,42.95,42.09,42.84,6826.628,0
2024-08-21 14:00:00,42.84,43.09,42.38,42.55,9636.034,0
2024-08-21 15:00:00,42.61,42.74,42.4,42.42,2470.332,0
2024-08-21 16:00:00,42.41,42.41,41.97,42.17,3928.86,0
2024-08-21 17:00:00,42.13,42.2,41.76,41.89,5537.842,0
2024-08-21 18:00:00,41.91,41.94,41.62,41.66,2830.68,0
2024-08-21 19:00:00,41.67,42.05,41.64,42.03,2080.884,0
2024-08-21 20:00:00,42.03,42.08,41.38,41.68,5637.2,0
2024-08-21 21:00:00,41.63,41.68,40.97,40.99,8472.381,0
2024-08-21 22:00:00,40.99,41.55,40.94,41.46,6117.389,0
2024-08-21 23:00:00,41.43,41.54,41.32,41.5,1047.552,0
2024-08-22 00:00:00,41.51,41.87,41.5,41.76,2727.172,0
2024-08-22 01:00:00,41.72,41.72,41.39,41.63,2086.925,0
2024-08-22 02:00:00,41.63,41.67,41.07,41.34,1686.669,0
2024-08-22 03:00:00,41.37,41.51,41.25,41.45,1140.415,0
2024-08-22 04:00:00,41.48,41.55,41.16,41.2,1948.936,0
2024-08-22 05:00:00,41.22,41.4,41.11,41.32,2022.384,0
2024-08-22 06:00:00,41.32,41.61,41.3,41.51,2693.34,0
2024-08-22 07:00:00,41.51,41.56,41.12,41.19,3550.2,0
2024-08-22 08:00:00,41.16,41.44,41.14,41.42,1518.533,0
2024-08-22 09:00:00,41.47,41.58,41.3,41.54,1731.827,0
2024-08-22 10:00:00,41.54,41.6,41.26,41.52,1717.408,0
2024-08-22 11:00:00,41.53,41.57,41.37,41.56,1822.863,0
2024-08-22 12:00:00,41.56,42.03,41.48,42.03,2346.498,0
2024-08-22 13:00:00,42.04,42.26,41.39,41.64,8797.787,0
2024-08-22 14:00:00,41.57,41.73,41.41,41.59,1996.082,0
2024-08-22 15:00:00,41.6,41.63,41.41,41.62,2209.138,0
2024-08-22 16:00:00,41.63,41.83,41.52,41.56,1193.8,0
2024-08-22 17:00:00,41.55,41.61,41.16,41.49,2799.302,0
2024-08-22 18:00:00,41.49,41.62,41.35,41.35,1259.157,0
2024-08-22 19:00:00,41.41,41.52,41.25,41.5,1451.142,0
2024-08-22 20:00:00,41.53,41.6,41.24,41.29,1611.604,0
2024-08-22 21:00:00,41.27,41.29,41.13,41.26,1369.599,0
2024-08-22 22:00:00,41.25,41.35,41.18,41.21,894.958,0
2024-08-22 23:00:00,41.21,41.49,41.2,41.43,1314.724,0
2024-08-23 00:00:00,41.45,41.56,41.17,41.28,4146.175,0
2024-08-23 01:00:00,41.28,41.38,40.85,41.2,4331.672,0
2024-08-23 02:00:00,41.21,41.28,40.91,40.94,502.685,0
2024-08-23 03:00:00,40.94,40.96,40.56,40.56,5580.176,0
2024-08-23 04:00:00,40.56,41.17,40.56,41.07,4233.442,0
2024-08-23 05:00:00,41.06,41.18,40.68,40.75,7871.916,0
2024-08-23 06:00:00,40.77,40.81,40.25,40.52,11828.633,0
2024-08-23 07:00:00,40.52,40.67,40.13,40.32,6319.355,0
2024-08-23 08:00:00,40.35,40.44,40.11,40.36,4241.589,0
2024-08-23 09:00:00,40.35,40.37,40.11,40.17,3456.712,0
2024-08-23 10:00:00,40.25,40.41,39.95,40.2,6829.442,0
2024-08-23 11:00:00,40.2,40.33,40.07,40.13,4000.474,0
2024-08-23 12:00:00,40.18,40.44,40.06,40.26,3526.986,0
2024-08-23 13:00:00,40.23,40.39,40.01,40.19,3698.369,0
2024-08-23 14:00:00,40.2,40.67,39.7,40.18,11012.138,0
2024-08-23 15:00:00,40.19,40.42,40.12,40.3,3935.552,0
2024-08-23 16:00:00,40.29,40.64,40.15,40.17,9069.187,0
2024-08-23 17:00:00,40.2,40.42,40.0,40.22,5680.039,0
2024-08-23 18:00:00,40.23,40.66,40.23,40.33,9533.604,0
2024-08-23 19:00:00,40.35,41.99,40.35,41.73,16078.318,0
2024-08-23 20:00:00,41.71,42.3,41.67,41.84,7948.763,0
2024-08-23 21:00:00,41.83,42.3,41.66,41.86,5474.292,0
2024-08-23 22:00:00,41.86,42.04,41.58,41.6,6577.584,0
2024-08-23 23:00:00,41.62,42.47,41.55,42.43,5702.792,0
2024-08-24 00:00:00,42.41,42.66,42.15,42.31,2971.495,0
2024-08-24 01:00:00,42.3,42.3,41.58,41.6,2440.832,0
2024-08-24 02:00:00,41.61,41.7,41.34,41.45,2414.351,0
2024-08-24 03:00:00,41.44,41.67,41.42,41.47,1199.792,0
2024-08-24 04:00:00,41.46,41.63,41.4,41.4,900.84,0
2024-08-24 05:00:00,41.4,41.56,41.16,41.45,2586.022,0
2024-08-24 06:00:00,41.43,41.61,41.34,41.6,2145.806,0
2024-08-24 07:00:00,41.6,41.6,41.24,41.25,4669.891,0
2024-08-24 08:00:00,41.26,41.83,41.0,41.76,4898.292,0
2024-08-24 09:00:00,41.75,43.4,41.57,43.34,15056.138,0
2024-08-24 10:00:00,43.35,44.45,43.3,43.98,17121.434,0
2024-08-24 11:00:00,43.98,44.23,42.58,43.09,11528.054,0
2024-08-24 12:00:00,43.1,44.3,43.0,44.27,9532.096,0
2024-08-24 13:00:00,44.27,44.43,43.63,43.73,6463.155,0
2024-08-24 14:00:00,43.73,44.09,43.35,43.55,5133.73,0
2024-08-24 15:00:00,43.55,43.55,43.08,43.17,3691.778,0
2024-08-24 16:00:00,43.14,43.75,42.82,43.5,10694.145,0
2024-08-24 17:00:00,43.48,44.32,43.46,44.09,9268.177,0
2024-08-24 18:00:00,44.12,44.23,43.65,43.71,2969.734,0
2024-08-24 19:00:00,43.69,44.09,43.69,43.82,1332.762,0
2024-08-24 20:00:00,43.82,43.89,43.45,43.45,2773.349,0
2024-08-24 21:00:00,43.44,43.45,43.03,43.1,6951.408,0
2024-08-24 22:00:00,43.09,43.18,42.6,42.78,19087.856,0
2024-08-24 23:00:00,42.71,43.06,42.63,43.03,1237.203,0
2024-08-25 00:00:00,43.01,43.02,42.45,42.52,3292.93,0
2024-08-25 01:00:00,42.51,42.7,41.9,42.07,4794.11,0
2024-08-25 02:00:00,42.09,42.74,42.06,42.51,1682.567,0
2024-08-25 03:00:00,42.54,42.65,42.0,42.42,11236.533,0
2024-08-25 04:00:00,42.4,42.6,41.92,42.47,2885.194,0
2024-08-25 05:00:00,42.48,42.69,42.31,42.54,2116.134,0
2024-08-25 06:00:00,42.48,42.51,42.05,42.16,759.845,0
2024-08-25 07:00:00,42.1,42.12,40.88,41.13,7790.842,0
2024-08-25 08:00:00,41.12,41.68,40.83,41.42,2772.225,0
2024-08-25 09:00:00,41.41,41.62,41.23,41.47,886.709,0
2024-08-25 10:00:00,41.44,41.49,41.09,41.29,6934.971,0
2024-08-25 11:00:00,41.2,41.47,41.01,41.06,2347.587,0
2024-08-25 12:00:00,41.02,41.07,40.58,40.62,6071.694,0
2024-08-25 13:00:00,40.62,40.78,40.3,40.46,4282.597,0
2024-08-25 14:00:00,40.43,40.81,40.38,40.54,4654.736,0
2024-08-25 15:00:00,40.54,40.75,40.35,40.42,3219.467,0
2024-08-25 16:00:00,40.42,40.63,40.2,40.33,1795.443,0
2024-08-25 17:00:00,40.34,40.43,39.83,40.05,3743.747,0
2024-08-25 18:00:00,39.99,40.03,39.79,39.91,3453.811,0
2024-08-25 19:00:00,39.92,39.96,39.83,39.87,2558.304,0
2024-08-25 20:00:00,39.87,39.96,39.8,39.8,4115.728,0
2024-08-25 21:00:00,39.86,40.24,39.85,40.0,15795.207,0
2024-08-25 22:00:00,40.04,40.31,39.88,39.94,2703.092,0
2024-08-25 23:00:00,39.96,40.27,39.63,39.78,4754.859,0
2024-08-26 00:00:00,39.79,40.17,39.78,40.02,3331.931,0
2024-08-26 01:00:00,40.0,40.15,39.64,39.74,3774.179,0
2024-08-26 02:00:00,39.76,39.95,39.68,39.88,970.428,0
2024-08-26 03:00:00,39.85,40.0,39.85,39.92,1917.434,0
2024-08-26 04:00:00,39.93,40.08,39.85,40.01,1556.845,0
2024-08-26 05:00:00,40.0,40.06,39.88,39.96,1466.087,0
2024-08-26 06:00:00,39.93,40.0,39.64,39.74,2224.96,0
2024-08-26 07:00:00,39.76,39.84,39.0,39.33,10489.914,0
2024-08-26 08:00:00,39.32,41.3,39.28,40.94,28496.161,0
2024-08-26 09:00:00,40.94,41.14,40.4,40.79,7534.842,0
2024-08-26 10:00:00,40.79,41.12,40.58,40.62,4563.545,0
2024-08-26 11:00:00,40.57,40.67,40.16,40.17,2252.287,0
2024-08-26 12:00:00,40.18,40.23,39.72,39.99,4765.034,0
2024-08-26 13:00:00,40.02,40.2,39.7,39.99,3655.02,0
2024-08-26 14:00:00,39.97,40.68,39.89,40.56,6037.083,0
2024-08-26 15:00:00,40.55,40.57,39.85,39.88,5673.759,0
2024-08-26 16:00:00,39.93,40.2,39.8,39.91,2305.239,0
2024-08-26 17:00:00,39.86,39.95,37.92,38.25,23801.681,0
2024-08-26 18:00:00,38.22,38.62,37.35,37.59,18144.779,0
2024-08-26 19:00:00,37.63,37.72,37.4,37.46,3047.968,0
2024-08-26 20:00:00,37.44,37.63,37.17,37.26,3591.163,0
2024-08-26 21:00:00,37.23,37.31,36.4,36.84,10736.093,0
2024-08-26 22:00:00,36.86,37.24,36.75,37.1,4038.635,0
2024-08-26 23:00:00,37.09,37.18,36.74,36.74,3193.27,0
2024-08-27 00:00:00,36.74,37.0,36.53,36.85,8953.488,0
2024-08-27 01:00:00,36.84,37.21,36.81,36.83,4140.793,0
2024-08-27 02:00:00,36.83,37.03,36.8,36.85,2928.562,0
2024-08-27 03:00:00,36.86,37.26,36.73,37.17,9415.382,0
2024-08-27 04:00:00,37.17,37.24,36.82,36.97,3540.061,0
2024-08-27 05:00:00,36.95,37.1,36.78,36.91,3559.969,0
2024-08-27 06:00:00,36.88,36.88,36.19,36.4,6625.433,0
2024-08-27 07:00:00,36.4,36.84,36.39,36.62,2953.753,0
2024-08-27 08:00:00,36.63,36.77,36.22,36.3,2019.952,0
2024-08-27 09:00:00,36.31,36.47,35.99,36.25,5479.482,0
2024-08-27 10:00:00,36.28,36.37,36.04,36.15,4994.434,0
2024-08-27 11:00:00,36.15,36.32,36.11,36.25,2502.52,0
2024-08-27 12:00:00,36.26,36.29,36.06,36.27,1000.901,0
2024-08-27 13:00:00,36.27,36.4,36.06,36.34,3886.344,0
2024-08-27 14:00:00,36.33,37.01,36.17,36.81,8019.299,0
2024-08-27 15:00:00,36.77,36.82,36.29,36.44,2622.941,0
2024-08-27 16:00:00,36.44,36.76,36.17,36.2,3105.13,0
2024-08-27 17:00:00,36.2,36.28,35.94,36.14,1939.106,0
2024-08-27 18:00:00,36.11,36.28,36.0,36.14,1412.886,0
2024-08-27 19:00:00,36.14,36.21,35.98,36.15,2390.771,0
2024-08-27 20:00:00,36.1,36.45,36.1,36.18,1314.472,0
2024-08-27 21:00:00,36.18,36.72,35.45,35.94,23748.722,0
2024-08-27 22:00:00,35.94,36.16,34.85,35.87,23131.387,0
2024-08-27 23:00:00,35.84,35.84,35.43,35.47,3416.787,0
2024-08-28 00:00:00,35.47,35.66,35.38,35.53,3875.58,0
2024-08-28 01:00:00,35.53,35.71,35.18,35.53,3881.41,0
2024-08-28 02:00:00,35.48,35.57,35.33,35.47,1583.836,0
2024-08-28 03:00:00,35.54,35.68,35.4,35.59,2186.254,0
2024-08-28 04:00:00,35.6,35.76,35.45,35.6,872.177,0
2024-08-28 05:00:00,35.56,35.75,35.33,35.43,2778.025,0
2024-08-28 06:00:00,35.37,35.5,35.19,35.29,1673.777,0
2024-08-28 07:00:00,35.26,35.3,34.22,34.34,15434.918,0
2024-08-28 08:00:00,34.34,34.56,34.2,34.45,7111.496,0
2024-08-28 09:00:00,34.44,34.64,34.22,34.51,6476.565,0
2024-08-28 10:00:00,34.52,34.52,34.03,34.1,10612.199,0
2024-08-28 11:00:00,34.09,34.21,33.51,33.72,9726.768,0
2024-08-28 12:00:00,33.74,33.85,33.41,33.69,5575.154,0
2024-08-28 13:00:00,33.69,33.74,33.13,33.15,5470.391,0
2024-08-28 14:00:00,33.16,33.93,33.15,33.92,6556.724,0
2024-08-28 15:00:00,33.91,33.94,32.95,33.14,6958.497,0
2024-08-28 16:00:00,33.12,33.16,32.56,33.07,13676.014,0
2024-08-28 17:00:00,33.06,33.1,32.6,32.64,4025.952,0
2024-08-28 18:00:00,32.64,33.38,32.59,33.38,2879.712,0
2024-08-28 19:00:00,33.37,33.63,33.14,33.2,3595.74,0
2024-08-28 20:00:00,33.2,33.79,33.19,33.72,3589.833,0
2024-08-28 21:00:00,33.72,33.87,33.64,33.74,4780.618,0
2024-08-28 22:00:00,33.73,33.78,33.25,33.58,2464.312,0
2024-08-28 23:00:00,33.56,33.74,33.38,33.51,2111.705,0
2024-08-29 00:00:00,33.54,33.8,33.45,33.6,2708.615,0
2024-08-29 01:00:00,33.59,33.73,33.51,33.61,1640.058,0
2024-08-29 02:00:00,33.6,33.72,33.5,33.61,778.519,0
2024-08-29 03:00:00,33.62,33.72,33.5,33.69,960.427,0
2024-08-29 04:00:00,33.74,33.85,33.63,33.69,958.739,0
2024-08-29 05:00:00,33.69,33.95,33.6,33.85,2004.841,0
2024-08-29 06:00:00,33.85,34.15,33.79,33.91,3227.358,0
2024-08-29 07:00:00,33.94,34.35,33.94,34.18,4223.251,0
2024-08-29 08:00:00,34.17,34.3,34.05,34.17,3203.089,0
2024-08-29 09:00:00,34.17,34.4,34.17,34.21,2671.54,0
2024-08-29 10:00:00,34.22,34.26,33.76,33.79,1980.065,0
2024-08-29 11:00:00,33.8,34.32,33.79,34.04,2334.575,0
2024-08-29 12:00:00,34.03,34.39,33.98,34.39,1872.448,0
2024-08-29 13:00:00,34.38,34.54,34.23,34.35,10044.506,0
2024-08-29 14:00:00,34.35,34.55,34.25,34.49,3620.724,0
2024-08-29 15:00:00,34.49,34.55,34.22,34.24,2332.315,0
2024-08-29 16:00:00,34.22,34.44,33.87,34.05,1326.05,0
2024-08-29 17:00:00,34.04,34.19,33.97,34.19,1357.768,0
2024-08-29 18:00:00,34.2,34.2,33.18,33.18,5799.671,0
2024-08-29 19:00:00,33.18,33.28,32.9,33.07,6957.918,0
2024-08-29 20:00:00,33.07,33.29,33.06,33.25,2547.66,0
2024-08-29 21:00:00,33.28,33.3,33.2,33.24,900.992,0
2024-08-29 22:00:00,33.22,33.3,33.0,33.28,2257.079,0
2024-08-29 23:00:00,33.26,33.34,33.18,33.24,1950.321,0
2024-08-30 00:00:00,33.23,33.35,33.16,33.25,1852.55,0
2024-08-30 01:00:00,33.23,33.31,33.02,33.16,3764.552,0
2024-08-30 02:00:00,33.17,33.3,33.04,33.22,608.318,0
2024-08-30 03:00:00,33.2,33.21,33.03,33.12,2153.454,0
2024-08-30 04:00:00,33.12,33.44,33.12,33.4,1355.096,0
2024-08-30 05:00:00,33.4,33.46,33.0,33.24,4100.49,0
2024-08-30 06:00:00,33.24,33.3,33.14,33.24,1815.118,0
2024-08-30 07:00:00,33.25,33.25,33.0,33.05,1382.671,0
2024-08-30 08:00:00,33.05,33.23,32.97,33.04,1268.614,0
2024-08-30 09:00:00,33.05,33.14,32.94,33.05,2577.591,0
2024-08-30 10:00:00,33.05,33.28,32.98,33.23,2246.935,0
2024-08-30 11:00:00,33.24,33.28,32.99,33.11,3731.024,0
2024-08-30 12:00:00,33.09,33.22,33.04,33.13,2596.168,0
2024-08-30 13:00:00,33.15,33.38,32.93,33.38,2195.307,0
2024-08-30 14:00:00,33.37,33.53,32.41,32.48,8485.001,0
2024-08-30 15:00:00,32.45,32.69,31.87,32.06,12525.057,0
2024-08-30 16:00:00,32.06,32.55,31.92,32.49,3780.95,0
2024-08-30 17:00:00,32.55,32.69,32.37,32.63,2082.617,0
2024-08-30 18:00:00,32.63,33.44,32.54,33.28,3003.647,0
2024-08-30 19:00:00,33.31,33.46,33.08,33.43,2037.971,0
2024-08-30 20:00:00,33.46,33.5,32.98,33.21,1602.789,0
2024-08-30 21:00:00,33.19,33.3,33.12,33.2,382.297,0
2024-08-30 22:00:00,33.19,33.27,33.1,33.19,1489.405,0
2024-08-30 23:00:00,33.17,33.23,33.02,33.02,487.401,0
2024-08-31 00:00:00,33.01,33.03,32.89,32.89,2059.138,0
2024-08-31 01:00:00,32.9,33.04,32.86,32.99,1100.058,0
2024-08-31 02:00:00,32.96,32.99,32.85,32.88,634.449,0
2024-08-31 03:00:00,32.92,33.08,32.81,32.9,1199.174,0
2024-08-31 04:00:00,32.9,33.12,32.9,33.07,1741.362,0
2024-08-31 05:00:00,33.05,33.13,32.88,32.89,1007.308,0
2024-08-31 06:00:00,32.9,33.07,32.87,32.93,444.984,0
2024-08-31 07:00:00,32.94,33.0,32.73,32.73,1342.59,0
2024-08-31 08:00:00,32.75,32.82,32.69,32.7,1154.869,0
2024-08-31 09:00:00,32.72,32.85,32.67,32.83,1408.486,0
2024-08-31 10:00:00,32.82,32.85,32.63,32.78,1724.78,0
2024-08-31 11:00:00,32.77,33.04,32.77,33.0,4437.951,0
2024-08-31 12:00:00,32.97,32.97,32.83,32.85,1812.982,0
2024-08-31 13:00:00,32.83,33.11,32.78,32.8,2507.672,0
2024-08-31 14:00:00,32.78,32.94,32.71,32.76,1605.948,0
2024-08-31 15:00:00,32.78,32.82,32.5,32.56,1926.678,0
2024-08-31 16:00:00,32.56,32.59,32.36,32.48,2126.457,0
2024-08-31 17:00:00,32.48,32.48,32.0,32.17,2373.555,0
2024-08-31 18:00:00,32.18,32.57,32.15,32.41,1604.759,0
2024-08-31 19:00:00,32.38,32.43,32.23,32.41,1072.447,0
2024-08-31 20:00:00,32.4,32.61,32.36,32.5,1827.316,0
2024-08-31 21:00:00,32.53,32.6,32.43,32.57,905.566,0
2024-08-31 22:00:00,32.56,32.72,32.52,32.67,930.258,0
2024-08-31 23:00:00,32.7,32.7,32.02,32.19,19770.063,0
2024-09-01 00:00:00,32.19,32.54,32.11,32.51,2039.343,0
2024-09-01 01:00:00,32.51,32.52,32.21,32.21,1100.762,0
2024-09-01 02:00:00,32.2,32.2,31.59,31.92,6256.51,0
2024-09-01 03:00:00,31.92,32.2,31.86,32.12,3116.704,0
2024-09-01 04:00:00,32.15,32.36,32.01,32.36,1620.543,0
2024-09-01 05:00:00,32.36,32.36,31.83,31.91,1939.481,0
2024-09-01 06:00:00,31.91,32.29,31.86,32.26,1459.673,0
2024-09-01 07:00:00,32.26,32.49,32.19,32.39,3619.918,0
2024-09-01 08:00:00,32.39,32.49,32.16,32.16,3681.804,0
2024-09-01 09:00:00,32.15,32.21,32.01,32.05,933.786,0
2024-09-01 10:00:00,32.03,32.03,31.82,31.84,946.974,0
2024-09-01 11:00:00,31.85,31.97,31.82,31.92,743.84,0
2024-09-01 12:00:00,31.94,32.04,31.78,31.83,1726.147,0
2024-09-01 13:00:00,31.8,31.88,31.07,31.4,3595.942,0
2024-09-01 14:00:00,31.4,31.54,31.01,31.34,4393.669,0
2024-09-01 15:00:00,31.33,31.8,31.22,31.73,2870.478,0
2024-09-01 16:00:00,31.71,31.82,31.01,31.23,4137.321,0
2024-09-01 17:00:00,31.23,31.33,30.63,30.84,4832.771,0
2024-09-01 18:00:00,30.84,31.23,30.76,31.05,2274.417,0
2024-09-01 19:00:00,31.08,31.22,30.71,30.97,6993.468,0
2024-09-01 20:00:00,30.94,30.96,30.43,30.56,7446.606,0
2024-09-01 21:00:00,30.54,30.74,30.47,30.72,2359.48,0
2024-09-01 22:00:00,30.72,30.72,29.21,29.37,28641.891,0
2024-09-01 23:00:00,29.36,29.61,29.08,29.4,5953.417,0
2024-09-02 00:00:00,29.38,29.59,29.08,29.29,5276.526,0
2024-09-02 01:00:00,29.29,29.37,28.97,29.21,16002.774,0
2024-09-02 02:00:00,29.2,29.51,29.05,29.14,4148.551,0
2024-09-02 03:00:00,29.14,29.34,29.07,29.19,2815.9,0
2024-09-02 04:00:00,29.24,29.26,28.53,28.68,5536.278,0
2024-09-02 05:00:00,28.67,29.52,28.67,29.32,8020.831,0
2024-09-02 06:00:00,29.33,29.54,29.29,29.51,4068.316,0
2024-09-02 07:00:00,29.49,29.56,29.02,29.15,4523.263,0
2024-09-02 08:00:00,29.18,29.4,29.0,29.2,4997.733,0
2024-09-02 09:00:00,29.21,29.25,28.9,29.22,3813.307,0
2024-09-02 10:00:00,29.21,29.28,28.89,29.12,16082.249,0
2024-09-02 11:00:00,29.07,29.31,28.94,28.97,2782.189,0
2024-09-02 12:00:00,28.97,29.09,28.86,28.89,3996.728,0
2024-09-02 13:00:00,28.85,29.06,28.76,28.82,5120.749,0
2024-09-02 14:00:00,28.83,29.09,28.22,29.02,16249.502,0
2024-09-02 15:00:00,29.0,29.14,28.77,28.78,6205.923,0
2024-09-02 16:00:00,28.79,28.85,28.36,28.36,5710.347,0
2024-09-02 17:00:00,28.37,29.1,28.35,29.07,5011.745,0
2024-09-02 18:00:00,29.06,29.17,28.94,29.0,3251.247,0
2024-09-02 19:00:00,28.98,29.03,28.86,28.95,1860.003,0
2024-09-02 20:00:00,28.96,29.64,28.9,29.6,2760.707,0
2024-09-02 21:00:00,29.59,29.79,29.44,29.57,7211.551,0
2024-09-02 22:00:00,29.57,29.66,29.31,29.41,2866.474,0
2024-09-02 23:00:00,29.42,29.66,29.35,29.49,2472.198,0
2024-09-03 00:00:00,29.53,30.01,29.51,29.92,4645.325,0
2024-09-03 01:00:00,29.96,30.16,29.77,29.95,4803.233,0
2024-09-03 02:00:00,29.94,30.38,29.9,30.1,4457.616,0
2024-09-03 03:00:00,30.13,30.19,29.9,29.95,1305.155,0
2024-09-03 04:00:00,29.94,30.07,29.84,29.98,2343.27,0
2024-09-03 05:00:00,29.94,30.2,29.83,30.19,1191.173,0
2024-09-03 06:00:00,30.2,30.28,30.03,30.03,2867.386,0
2024-09-03 07:00:00,30.03,30.22,29.89,30.1,7033.383,0
2024-09-03 08:00:00,30.15,30.15,29.75,29.8,2345.197,0
2024-09-03 09:00:00,29.78,30.06,29.75,30.0,4574.253,0
2024-09-03 10:00:00,30.02,30.08,29.79,29.86,2375.58,0
2024-09-03 11:00:00,29.85,29.93,29.67,29.71,1486.732,0
2024-09-03 12:00:00,29.72,29.92,29.67,29.67,1868.261,0
2024-09-03 13:00:00,29.68,29.81,29.19,29.27,3390.23,0
2024-09-03 14:00:00,29.28,29.28,28.93,29.03,8763.722,0
2024-09-03 15:00:00,29.03,29.17,28.88,28.94,4854.432,0
2024-09-03 16:00:00,28.91,29.12,28.85,29.01,1084.328,0
2024-09-03 17:00:00,28.99,29.16,28.99,29.05,2949.308,0
2024-09-03 18:00:00,29.05,29.08,28.69,28.78,2032.106,0
2024-09-03 19:00:00,28.8,29.28,28.8,29.25,1978.648,0
2024-09-03 20:00:00,29.27,29.62,29.1,29.25,4740.76,0
2024-09-03 21:00:00,29.25,29.28,29.06,29.15,1892.757,0
2024-09-03 22:00:00,29.16,29.2,28.97,28.97,1400.103,0
2024-09-03 23:00:00,28.97,29.62,28.69,28.76,6061.133,0
2024-09-04 00:00:00,28.77,29.15,28.54,28.6,2201.338,0
2024-09-04 01:00:00,28.59,28.75,27.3,28.51,30436.851,0
2024-09-04 02:00:00,28.52,28.82,28.52,28.73,6535.991,0
2024-09-04 03:00:00,28.73,28.93,28.71,28.83,1106.829,0
2024-09-04 04:00:00,28.85,29.18,28.8,29.15,4388.356,0
2024-09-04 05:00:00,29.16,29.2,28.8,28.83,2249.095,0
2024-09-04 06:00:00,28.8,28.96,28.75,28.82,1853.792,0
2024-09-04 07:00:00,28.83,29.35,28.83,29.24,1587.597,0
2024-09-04 08:00:00,29.24,29.43,29.16,29.24,1510.963,0
2024-09-04 09:00:00,29.21,29.35,29.11,29.12,1407.72,0
2024-09-04 10:00:00,29.1,29.21,28.82,28.84,2461.2,0
2024-09-04 11:00:00,28.85,28.98,28.78,28.82,2066.712,0
2024-09-04 12:00:00,28.85,29.02,28.76,28.91,1153.503,0
2024-09-04 13:00:00,28.89,29.37,28.75,29.28,5999.213,0
2024-09-04 14:00:00,29.29,29.69,29.07,29.65,5849.796,0
2024-09-04 15:00:00,29.69,29.76,29.44,29.66,1794.502,0
2024-09-04 16:00:00,29.67,30.0,29.62,29.96,5486.452,0
2024-09-04 17:00:00,29.94,29.94,29.46,29.49,2978.067,0
2024-09-04 18:00:00,29.48,29.48,29.25,29.28,1633.702,0
2024-09-04 19:00:00,29.28,29.6,29.27,29.47,2723.424,0
2024-09-04 20:00:00,29.51,29.66,29.43,29.55,2168.263,0
2024-09-04 21:00:00,29.54,29.84,29.52,29.77,1646.21,0
2024-09-04 22:00:00,29.79,29.85,29.57,29.71,1871.5,0
2024-09-04 23:00:00,29.68,29.73,29.54,29.59,1519.568,0
2024-09-05 00:00:00,29.57,29.69,29.46,29.6,627.96,0
2024-09-05 01:00:00,29.6,29.72,29.59,29.62,1034.335,0
2024-09-05 02:00:00,29.61,29.68,29.4,29.41,3177.814,0
2024-09-05 03:00:00,29.41,29.43,28.96,28.98,1913.448,0
2024-09-05 04:00:00,28.99,29.4,28.97,29.35,1407.682,0
2024-09-05 05:00:00,29.37,29.37,29.15,29.31,1672.374,0
2024-09-05 06:00:00,29.29,29.4,29.16,29.38,1893.984,0
2024-09-05 07:00:00,29.38,29.76,29.33,29.7,2498.425,0
2024-09-05 08:00:00,29.69,29.83,29.36,29.43,1238.537,0
2024-09-05 09:00:00,29.44,29.54,29.27,29.44,2123.4,0
2024-09-05 10:00:00,29.42,29.55,29.25,29.34,2834.39,0
2024-09-05 11:00:00,29.34,29.34,29.13,29.16,2496.505,0
2024-09-05 12:00:00,29.16,29.28,29.03,29.24,1914.376,0
2024-09-05 13:00:00,29.24,29.54,29.16,29.46,5133.074,0
2024-09-05 14:00:00,29.49,29.62,29.08,29.13,1626.393,0
2024-09-05 15:00:00,29.13,29.21,28.92,28.96,3618.08,0
2024-09-05 16:00:00,28.99,29.06,28.74,28.82,4074.679,0
2024-09-05 17:00:00,28.82,29.07,28.71,29.04,583.349,0
2024-09-05 18:00:00,29.06,29.14,29.0,29.06,454.276,0
2024-09-05 19:00:00,29.03,29.06,28.71,28.8,2351.757,0
2024-09-05 20:00:00,28.79,28.95,28.79,28.86,794.032,0
2024-09-05 21:00:00,28.86,28.96,28.76,28.96,1562.211,0
2024-09-05 22:00:00,28.94,29.06,28.78,29.02,739.881,0
2024-09-05 23:00:00,29.01,29.07,28.86,28.9,1319.076,0
2024-09-06 00:00:00,28.88,28.96,28.74,28.84,2016.301,0
2024-09-06 01:00:00,28.83,29.17,28.74,29.17,2835.178,0
2024-09-06 02:00:00,29.18,29.4,29.16,29.26,556.925,0
2024-09-06 03:00:00,29.27,29.33,28.19,28.33,32809.46,0
2024-09-06 04:00:00,28.32,28.47,28.14,28.19,3213.022,0
2024-09-06 05:00:00,28.2,28.24,27.0,27.85,53924.783,0
2024-09-06 06:00:00,27.85,27.94,27.67,27.73,4526.091,0
2024-09-06 07:00:00,27.71,27.76,26.87,27.67,23363.687,0
2024-09-06 08:00:00,27.67,27.89,27.36,27.42,15664.45,0
2024-09-06 09:00:00,27.42,27.56,27.37,27.47,2537.627,0
2024-09-06 10:00:00,27.47,27.54,26.88,27.1,9914.184,0
2024-09-06 11:00:00,27.11,27.18,26.92,26.98,4531.871,0
2024-09-06 12:00:00,26.97,27.63,26.95,27.46,11293.181,0
2024-09-06 13:00:00,27.47,27.53,26.78,26.97,12244.692,0
2024-09-06 14:00:00,26.93,26.97,26.53,26.88,15959.986,0
2024-09-06 15:00:00,26.88,26.95,26.37,26.78,9465.703,0
2024-09-06 16:00:00,26.8,27.2,26.69,27.1,23679.595,0
2024-09-06 17:00:00,27.1,27.14,26.84,27.08,5320.934,0
2024-09-06 18:00:00,27.06,27.12,26.64,26.67,7508.957,0
2024-09-06 19:00:00,26.67,26.9,26.64,26.78,4548.481,0
2024-09-06 20:00:00,26.79,26.85,26.26,26.34,5491.946,0
2024-09-06 21:00:00,26.33,26.8,26.16,26.8,3779.531,0
2024-09-06 22:00:00,26.8,26.83,26.69,26.81,1918.078,0
2024-09-06 23:00:00,26.8,27.04,26.79,26.97,2835.443,0
2024-09-07 00:00:00,26.99,27.11,26.97,27.04,2673.32,0
2024-09-07 01:00:00,27.03,27.04,26.92,27.0,1437.867,0
2024-09-07 02:00:00,27.0,27.14,26.93,27.06,1764.495,0
2024-09-07 03:00:00,27.07,27.14,27.05,27.11,711.275,0
2024-09-07 04:00:00,27.13,27.29,27.11,27.28,752.423,0
2024-09-07 05:00:00,27.28,27.5,27.23,27.47,1598.726,0
2024-09-07 06:00:00,27.47,27.62,27.41,27.5,2121.052,0
2024-09-07 07:00:00,27.54,27.59,27.39,27.41,1071.687,0
2024-09-07 08:00:00,27.41,27.52,27.27,27.5,1020.912,0
2024-09-07 09:00:00,27.5,27.54,27.42,27.48,1517.882,0
2024-09-07 10:00:00,27.48,27.77,27.48,27.62,3536.929,0
2024-09-07 11:00:00,27.65,27.88,27.59,27.87,872.435,0
2024-09-07 12:00:00,27.83,28.27,27.81,28.18,5445.556,0
2024-09-07 13:00:00,28.18,28.99,28.06,28.74,26036.812,0
2024-09-07 14:00:00,28.7,28.7,28.31,28.48,5103.64,0
2024-09-07 15:00:00,28.48,28.59,28.13,28.22,5314.035,0
2024-09-07 16:00:00,28.22,28.24,27.87,27.91,3065.127,0
2024-09-07 17:00:00,27.93,28.06,27.66,27.78,3777.033,0
2024-09-07 18:00:00,27.76,27.96,27.66,27.8,1937.963,0
2024-09-07 19:00:00,27.81,28.13,27.79,28.08,1923.061,0
2024-09-07 20:00:00,28.06,28.16,27.92,27.92,2846.536,0
2024-09-07 21:00:00,27.93,28.0,27.78,27.78,1919.0,0
2024-09-07 22:00:00,27.79,27.9,27.69,27.71,3417.172,0
2024-09-07 23:00:00,27.7,27.81,27.58,27.75,1979.049,0
2024-09-08 00:00:00,27.76,27.83,27.65,27.77,807.434,0
2024-09-08 01:00:00,27.73,27.87,27.21,27.66,21917.745,0
2024-09-08 02:00:00,27.65,27.86,27.61,27.86,1210.833,0
2024-09-08 03:00:00,27.83,27.97,27.69,27.95,4471.653,0
2024-09-08 04:00:00,27.95,28.09,27.86,27.91,5428.625,0
2024-09-08 05:00:00,27.91,28.1,27.85,28.0,3070.841,0
2024-09-08 06:00:00,27.99,28.13,27.83,27.84,2060.136,0
2024-09-08 07:00:00,27.84,27.98,27.83,27.95,842.101,0
2024-09-08 08:00:00,27.95,28.12,27.85,28.12,2335.901,0
2024-09-08 09:00:00,28.09,28.11,27.94,27.94,1407.95,0
2024-09-08 10:00:00,27.95,28.02,27.7,27.79,3038.803,0
2024-09-08 11:00:00,27.78,27.87,27.51,27.59,3401.72,0
2024-09-08 12:00:00,27.58,27.74,27.39,27.46,3741.284,0
2024-09-08 13:00:00,27.49,27.74,27.32,27.62,4308.353,0
2024-09-08 14:00:00,27.61,27.63,27.38,27.42,5507.109,0
2024-09-08 15:00:00,27.4,27.55,27.25,27.28,4983.726,0
2024-09-08 16:00:00,27.29,27.47,27.15,27.4,2504.932,0
2024-09-08 17:00:00,27.39,27.58,27.37,27.58,2073.243,0
2024-09-08 18:00:00,27.59,27.6,27.33,27.37,1864.09,0
2024-09-08 19:00:00,27.34,27.4,27.28,27.38,1670.539,0
2024-09-08 20:00:00,27.37,27.45,27.29,27.44,1409.875,0
2024-09-08 21:00:00,27.43,27.59,27.41,27.52,1326.394,0
2024-09-08 22:00:00,27.52,27.84,27.47,27.55,2374.932,0
2024-09-08 23:00:00,27.55,27.8,27.5,27.73,1579.139,0
2024-09-09 00:00:00,27.72,27.95,27.7,27.93,2069.897,0
2024-09-09 01:00:00,27.91,28.01,27.72,27.78,2594.657,0
2024-09-09 02:00:00,27.78,27.83,27.5,27.66,5584.454,0
2024-09-09 03:00:00,27.65,27.73,27.41,27.52,2453.804,0
2024-09-09 04:00:00,27.49,27.59,27.4,27.48,509.062,0
2024-09-09 05:00:00,27.5,27.67,27.44,27.6,2879.513,0
2024-09-09 06:00:00,27.59,27.96,27.57,27.87,8726.857,0
2024-09-09 07:00:00,27.87,28.55,27.84,28.46,8337.737,0
2024-09-09 08:00:00,28.46,28.51,28.38,28.4,3794.374,0
2024-09-09 09:00:00,28.4,28.45,28.32,28.32,1236.422,0
2024-09-09 10:00:00,28.34,28.49,28.31,28.41,1090.05,0
2024-09-09 11:00:00,28.44,28.45,28.19,28.24,3097.875,0
2024-09-09 12:00:00,28.24,28.45,28.18,28.44,2232.276,0
2024-09-09 13:00:00,28.43,28.74,28.37,28.61,4139.523,0
2024-09-09 14:00:00,28.6,28.6,28.24,28.35,3482.901,0
2024-09-09 15:00:00,28.32,28.47,28.31,28.44,1379.883,0
2024-09-09 16:00:00,28.43,28.92,28.41,28.85,9842.631,0
2024-09-09 17:00:00,28.85,29.25,28.76,29.09,9309.517,0
2024-09-09 18:00:00,29.1,29.16,28.88,29.06,10289.719,0
2024-09-09 19:00:00,29.08,29.13,28.88,29.12,5842.28,0
2024-09-09 20:00:00,29.1,29.38,28.98,29.24,7911.49,0
2024-09-09 21:00:00,29.25,29.47,29.21,29.41,3477.478,0
2024-09-09 22:00:00,29.41,29.47,29.31,29.35,2286.721,0
2024-09-09 23:00:00,29.38,29.47,29.32,29.36,1081.744,0
2024-09-10 00:00:00,29.36,29.4,29.14,29.26,6225.7,0
2024-09-10 01:00:00,29.3,29.39,29.19,29.25,669.101,0
2024-09-10 02:00:00,29.24,29.26,29.06,29.18,3237.429,0
2024-09-10 03:00:00,29.18,29.2,29.03,29.06,4645.483,0
2024-09-10 04:00:00,29.04,29.26,29.0,29.17,3522.811,0
2024-09-10 05:00:00,29.19,29.47,29.17,29.45,1666.874,0
2024-09-10 06:00:00,29.47,29.98,29.37,29.79,12205.877,0
2024-09-10 07:00:00,29.77,29.79,29.57,29.72,2280.987,0
2024-09-10 08:00:00,29.72,29.96,29.69,29.73,2578.39,0
2024-09-10 09:00:00,29.7,30.08,29.67,29.91,4023.38,0
2024-09-10 10:00:00,29.92,30.19,29.79,30.1,4207.23,0
2024-09-10 11:00:00,30.09,30.61,30.06,30.52,7524.909,0
2024-09-10 12:00:00,30.51,31.19,30.51,30.89,9535.433,0
2024-09-10 13:00:00,30.93,30.93,30.26,30.33,11187.933,0
2024-09-10 14:00:00,30.32,30.62,30.22,30.28,3794.768,0
2024-09-10 15:00:00,30.28,30.58,30.25,30.25,2148.975,0
2024-09-10 16:00:00,30.23,30.33,30.1,30.16,3346.357,0
2024-09-10 17:00:00,30.14,30.32,30.12,30.29,876.692,0
2024-09-10 18:00:00,30.3,30.65,30.29,30.5,2388.071,0
2024-09-10 19:00:00,30.5,30.78,30.3,30.69,1578.9,0
2024-09-10 20:00:00,30.7,30.98,30.65,30.78,3365.043,0
2024-09-10 21:00:00,30.8,30.82,30.54,30.58,2903.038,0
2024-09-10 22:00:00,30.55,31.1,30.55,30.89,5384.092,0
2024-09-10 23:00:00,30.89,31.0,30.79,30.82,1356.348,0
2024-09-11 00:00:00,30.82,30.83,29.97,30.4,15782.749,0
2024-09-11 01:00:00,30.38,30.43,29.68,29.76,7006.674,0
2024-09-11 02:00:00,29.76,29.97,29.75,29.85,1801.351,0
2024-09-11 03:00:00,29.85,29.91,29.7,29.74,12231.454,0
2024-09-11 04:00:00,29.75,29.79,29.59,29.63,5801.084,0
2024-09-11 05:00:00,29.63,29.7,29.39,29.55,11610.589,0
2024-09-11 06:00:00,29.56,29.92,29.54,29.72,6551.264,0
2024-09-11 07:00:00,29.73,29.83,29.69,29.77,2104.444,0
2024-09-11 08:00:00,29.77,29.77,29.29,29.29,11114.06,0
2024-09-11 09:00:00,29.29,29.51,29.2,29.28,2578.94,0
2024-09-11 10:00:00,29.28,29.32,29.13,29.26,4554.101,0
2024-09-11 11:00:00,29.34,29.51,29.34,29.42,1930.244,0
2024-09-11 12:00:00,29.41,29.71,29.38,29.64,5594.773,0
2024-09-11 13:00:00,29.63,29.98,29.31,29.32,10704.968,0
2024-09-11 14:00:00,29.31,29.51,29.16,29.36,16504.318,0
2024-09-11 15:00:00,29.35,29.93,29.33,29.68,5021.761,0
2024-09-11 16:00:00,29.69,29.83,29.62,29.72,2826.647,0
2024-09-11 17:00:00,29.74,29.95,29.7,29.79,3160.3,0
2024-09-11 18:00:00,29.79,29.99,29.71,29.71,1719.712,0
2024-09-11 19:00:00,29.72,29.81,29.62,29.66,3873.084,0
2024-09-11 20:00:00,29.66,29.77,29.62,29.66,1950.252,0
2024-09-11 21:00:00,29.69,29.7,29.54,29.67,1032.069,0
2024-09-11 22:00:00,29.63,29.71,29.53,29.55,788.158,0
2024-09-11 23:00:00,29.6,29.69,29.56,29.64,395.485,0
2024-09-12 00:00:00,29.66,29.85,29.61,29.77,1685.237,0
2024-09-12 01:00:00,29.78,30.23,29.78,30.18,3097.771,0
2024-09-12 02:00:00,30.19,30.41,30.0,30.05,2453.554,0
2024-09-12 03:00:00,30.04,30.36,30.0,30.21,2047.533,0
2024-09-12 04:00:00,30.19,30.27,30.02,30.03,2295.956,0
2024-09-12 05:00:00,30.03,30.03,29.84,29.89,2111.158,0
2024-09-12 06:00:00,29.88,30.08,29.86,30.0,1075.805,0
2024-09-12 07:00:00,29.99,30.02,29.86,29.87,859.543,0
2024-09-12 08:00:00,29.86,30.03,29.84,30.02,1996.0,0
2024-09-12 09:00:00,29.96,29.96,29.84,29.88,1947.751,0
2024-09-12 10:00:00,29.86,29.86,29.56,29.74,3815.853,0
2024-09-12 11:00:00,29.68,29.72,29.62,29.64,994.782,0
2024-09-12 12:00:00,29.62,29.68,29.34,29.56,6241.084,0
2024-09-12 13:00:00,29.55,29.61,29.21,29.31,8711.542,0
2024-09-12 14:00:00,29.31,29.7,29.2,29.23,8066.328,0
2024-09-12 15:00:00,29.23,29.61,29.19,29.24,7879.37,0
2024-09-12 16:00:00,29.25,29.53,29.25,29.49,2849.645,0
2024-09-12 17:00:00,29.51,29.56,29.43,29.52,1313.889,0
2024-09-12 18:00:00,29.5,29.65,29.44,29.51,3909.311,0
2024-09-12 19:00:00,29.5,29.53,29.4,29.5,2978.794,0
2024-09-12 20:00:00,29.51,29.51,29.3,29.32,2799.712,0
2024-09-12 21:00:00,29.31,29.36,29.23,29.3,3009.064,0
2024-09-12 22:00:00,29.28,29.46,29.28,29.44,2536.909,0
2024-09-12 23:00:00,29.44,29.46,29.31,29.37,443.103,0
2024-09-13 00:00:00,29.33,29.4,29.29,29.32,240.954,0
2024-09-13 01:00:00,29.32,29.46,29.29,29.42,1252.619,0
2024-09-13 02:00:00,29.42,29.6,29.29,29.48,6521.781,0
2024-09-13 03:00:00,29.49,29.53,29.35,29.36,823.08,0
2024-09-13 04:00:00,29.36,29.5,29.36,29.37,2255.871,0
2024-09-13 05:00:00,29.38,29.5,29.38,29.45,670.435,0
2024-09-13 06:00:00,29.44,29.6,29.39,29.45,4294.291,0
2024-09-13 07:00:00,29.46,29.58,29.44,29.56,1398.343,0
2024-09-13 08:00:00,29.55,29.84,29.55,29.78,2253.895,0
2024-09-13 09:00:00,29.76,29.96,29.76,29.83,971.707,0
2024-09-13 10:00:00,29.83,30.32,29.81,30.22,4471.439,0
2024-09-13 11:00:00,30.22,30.23,29.86,29.89,5672.795,0
2024-09-13 12:00:00,29.9,29.97,29.61,29.75,2312.676,0
2024-09-13 13:00:00,29.74,29.82,29.6,29.77,1745.442,0
2024-09-13 14:00:00,29.77,30.0,29.67,29.97,2506.873,0
2024-09-13 15:00:00,29.95,30.78,29.92,30.61,12130.066,0
2024-09-13 16:00:00,30.66,30.86,30.24,30.36,5242.558,0
2024-09-13 17:00:00,30.33,30.46,30.31,30.34,1101.078,0
2024-09-13 18:00:00,30.35,30.45,30.33,30.43,763.272,0
2024-09-13 19:00:00,30.44,30.49,30.31,30.33,680.951,0
2024-09-13 20:00:00,30.31,30.45,30.29,30.35,614.881,0
2024-09-13 21:00:00,30.34,30.71,30.32,30.58,1324.295,0
2024-09-13 22:00:00,30.6,30.72,30.56,30.58,901.181,0
2024-09-13 23:00:00,30.59,30.59,30.45,30.54,599.781,0
2024-09-14 00:00:00,30.55,30.65,30.45,30.53,833.42,0
2024-09-14 01:00:00,30.54,30.61,30.43,30.44,348.976,0
2024-09-14 02:00:00,30.43,30.58,30.42,30.55,378.235,0
2024-09-14 03:00:00,30.57,30.73,30.56,30.64,1136.517,0
2024-09-14 04:00:00,30.64,30.64,30.46,30.49,417.93,0
2024-09-14 05:00:00,30.49,30.5,30.14,30.14,1116.268,0
2024-09-14 06:00:00,30.16,30.31,30.13,30.23,926.827,0
2024-09-14 07:00:00,30.21,30.41,30.16,30.36,1271.299,0
2024-09-14 08:00:00,30.37,30.66,30.37,30.51,3207.704,0
2024-09-14 09:00:00,30.55,30.67,30.52,30.67,862.121,0
2024-09-14 10:00:00,30.67,30.67,30.42,30.45,528.16,0
2024-09-14 11:00:00,30.45,30.45,30.17,30.29,2112.503,0
2024-09-14 12:00:00,30.32,30.52,30.31,30.43,657.869,0
2024-09-14 13:00:00,30.43,30.51,30.22,30.4,2680.1,0
2024-09-14 14:00:00,30.4,30.67,30.33,30.67,1702.495,0
2024-09-14 15:00:00,30.66,31.0,30.63,30.73,3219.264,0
2024-09-14 16:00:00,30.72,31.01,30.72,30.94,687.452,0
2024-09-14 17:00:00,30.93,30.93,30.78,30.85,1120.865,0
2024-09-14 18:00:00,30.84,31.1,30.7,30.82,2769.617,0
2024-09-14 19:00:00,30.76,30.81,30.63,30.64,587.368,0
2024-09-14 20:00:00,30.65,30.9,30.65,30.89,706.907,0
2024-09-14 21:00:00,30.89,30.9,30.55,30.57,2541.629,0
2024-09-14 22:00:00,30.54,30.71,30.45,30.71,803.969,0
2024-09-14 23:00:00,30.73,30.76,30.59,30.59,781.787,0
2024-09-15 00:00:00,30.59,31.0,30.55,30.87,2596.445,0
2024-09-15 01:00:00,30.85,31.6,30.82,31.36,6061.935,0
2024-09-15 02:00:00,31.33,31.41,31.19,31.34,1776.669,0
2024-09-15 03:00:00,31.34,31.53,31.12,31.14,1360.032,0
2024-09-15 04:00:00,31.12,31.19,30.83,31.01,2284.047,0
2024-09-15 05:00:00,30.97,31.07,30.84,30.96,1851.96,0
2024-09-15 06:00:00,30.95,30.97,30.71,30.73,1082.736,0
2024-09-15 07:00:00,30.73,30.74,30.59,30.61,744.564,0
2024-09-15 08:00:00,30.61,31.14,30.46,30.86,6298.368,0
2024-09-15 09:00:00,30.85,30.92,30.7,30.74,1639.25,0
2024-09-15 10:00:00,30.76,30.81,30.61,30.77,2012.325,0
2024-09-15 11:00:00,30.77,30.77,30.48,30.7,1473.118,0
2024-09-15 12:00:00,30.65,30.79,30.59,30.7,694.576,0
2024-09-15 13:00:00,30.72,30.83,30.69,30.73,927.913,0
2024-09-15 14:00:00,30.73,30.73,30.23,30.4,2358.699,0
2024-09-15 15:00:00,30.39,30.59,30.34,30.54,1180.695,0
2024-09-15 16:00:00,30.56,30.56,30.09,30.11,1093.912,0
2024-09-15 17:00:00,30.1,30.19,29.96,30.03,1687.37,0
2024-09-15 18:00:00,30.02,30.06,29.61,29.96,4785.038,0
2024-09-15 19:00:00,29.96,30.04,29.8,29.92,727.681,0
2024-09-15 20:00:00,29.91,29.91,29.66,29.71,442.838,0
2024-09-15 21:00:00,29.72,29.72,29.31,29.53,1948.187,0
2024-09-15 22:00:00,29.53,29.54,29.37,29.43,537.732,0
2024-09-15 23:00:00,29.39,29.41,29.02,29.22,6911.015,0
2024-09-16 00:00:00,29.21,29.26,29.11,29.2,3201.951,0
2024-09-16 01:00:00,29.2,29.22,28.94,29.08,5885.891,0
2024-09-16 02:00:00,29.06,29.16,29.05,29.15,6400.209,0
2024-09-16 03:00:00,29.15,29.32,29.15,29.18,4919.387,0
2024-09-16 04:00:00,29.19,29.28,29.1,29.11,7421.716,0
2024-09-16 05:00:00,29.12,29.3,29.11,29.28,2063.834,0
2024-09-16 06:00:00,29.29,29.48,29.18,29.3,4283.298,0
2024-09-16 07:00:00,29.28,29.61,29.26,29.54,2204.132,0
2024-09-16 08:00:00,29.52,29.64,29.35,29.35,2392.362,0
2024-09-16 09:00:00,29.35,29.43,29.17,29.19,1814.764,0
2024-09-16 10:00:00,29.19,29.23,29.05,29.2,1674.623,0
2024-09-16 11:00:00,29.2,29.35,29.18,29.28,814.655,0
2024-09-16 12:00:00,29.28,29.34,29.06,29.1,1569.381,0
2024-09-16 13:00:00,29.07,29.26,28.89,29.26,5017.972,0
2024-09-16 14:00:00,29.26,29.3,28.75,28.91,4891.987,0
2024-09-16 15:00:00,28.91,29.07,28.82,28.88,733.96,0
2024-09-16 16:00:00,28.88,28.99,28.79,28.96,2066.827,0
2024-09-16 17:00:00,28.97,29.18,28.69,29.12,1695.069,0
2024-09-16 18:00:00,29.09,29.17,28.88,28.9,984.726,0
2024-09-16 19:00:00,28.9,29.17,28.88,29.13,1197.08,0
2024-09-16 20:00:00,29.1,29.18,28.96,28.97,575.789,0
2024-09-16 21:00:00,28.96,29.0,28.84,29.0,1553.139,0
2024-09-16 22:00:00,29.01,29.1,28.87,29.02,3013.312,0
2024-09-16 23:00:00,29.02,29.2,29.01,29.15,805.102,0
2024-09-17 00:00:00,29.1,29.21,28.95,28.99,1291.747,0
2024-09-17 01:00:00,28.95,29.12,28.9,29.11,803.73,0
2024-09-17 02:00:00,29.13,29.16,29.01,29.14,857.553,0
2024-09-17 03:00:00,29.13,29.27,29.08,29.24,421.116,0
2024-09-17 04:00:00,29.23,29.48,29.23,29.43,964.591,0
2024-09-17 05:00:00,29.48,29.61,29.47,29.61,552.699,0
2024-09-17 06:00:00,29.62,29.65,29.37,29.43,1440.875,0
2024-09-17 07:00:00,29.44,29.53,29.29,29.52,830.53,0
2024-09-17 08:00:00,29.52,29.59,29.42,29.57,975.675,0
2024-09-17 09:00:00,29.55,29.63,29.42,29.56,807.785,0
2024-09-17 10:00:00,29.56,29.59,29.46,29.54,1505.058,0
2024-09-17 11:00:00,29.53,29.57,29.28,29.46,3803.845,0
2024-09-17 12:00:00,29.47,29.52,29.4,29.48,1715.17,0
2024-09-17 13:00:00,29.46,29.46,29.13,29.13,1894.217,0
2024-09-17 14:00:00,29.13,29.6,29.06,29.53,3218.499,0
2024-09-17 15:00:00,29.53,30.3,29.5,30.08,6064.56,0
2024-09-17 16:00:00,30.09,30.69,29.72,29.81,7381.576,0
2024-09-17 17:00:00,29.78,30.0,29.78,29.95,2183.786,0
2024-09-17 18:00:00,29.96,30.0,29.63,29.68,1284.726,0
2024-09-17 19:00:00,29.69,29.88,29.5,29.68,887.57,0
2024-09-17 20:00:00,29.66,29.82,29.61,29.71,493.709,0
2024-09-17 21:00:00,29.7,29.91,29.7,29.91,484.848,0
2024-09-17 22:00:00,29.89,29.89,29.75,29.81,440.941,0
2024-09-17 23:00:00,29.81,29.81,29.68,29.81,576.559,0
2024-09-18 00:00:00,29.82,29.82,29.27,29.55,1595.156,0
2024-09-18 01:00:00,29.57,29.74,29.5,29.74,575.148,0
2024-09-18 02:00:00,29.72,30.08,29.67,30.07,1468.847,0
2024-09-18 03:00:00,30.04,30.23,30.03,30.06,949.492,0
2024-09-18 04:00:00,30.05,30.12,29.93,30.02,1372.839,0
2024-09-18 05:00:00,30.01,30.05,29.94,30.04,1508.667,0
2024-09-18 06:00:00,30.01,30.39,29.97,30.34,1212.61,0
2024-09-18 07:00:00,30.38,30.49,30.35,30.46,1032.052,0
2024-09-18 08:00:00,30.46,30.53,30.18,30.18,2176.223,0
2024-09-18 09:00:00,30.18,30.2,29.66,29.7,1775.821,0
2024-09-18 10:00:00,29.66,29.84,29.51,29.76,1700.531,0
2024-09-18 11:00:00,29.75,29.88,29.67,29.76,254.058,0
2024-09-18 12:00:00,29.73,29.9,29.66,29.85,1333.686,0
2024-09-18 13:00:00,29.85,29.87,29.36,29.4,810.671,0
2024-09-18 14:00:00,29.42,29.44,29.15,29.31,2190.683,0
2024-09-18 15:00:00,29.3,29.44,29.06,29.2,2779.848,0
2024-09-18 16:00:00,29.16,29.39,28.96,29.37,3847.435,0
2024-09-18 17:00:00,29.37,29.49,29.15,29.46,1529.489,0
2024-09-18 18:00:00,29.43,30.4,29.43,30.23,6120.202,0
2024-09-18 19:00:00,30.23,30.23,29.59,29.74,4001.21,0
2024-09-18 20:00:00,29.74,30.15,29.55,30.11,1317.198,0
2024-09-18 21:00:00,30.15,30.27,29.95,29.95,1189.826,0
2024-09-18 22:00:00,29.95,30.16,29.95,30.04,773.016,0
2024-09-18 23:00:00,30.1,30.66,30.1,30.61,1564.75,0
2024-09-19 00:00:00,30.64,31.2,30.5,31.08,9543.027,0
2024-09-19 01:00:00,31.09,31.11,30.62,30.71,3267.69,0
2024-09-19 02:00:00,30.71,31.3,30.66,31.19,5545.845,0
2024-09-19 03:00:00,31.17,31.49,31.16,31.34,2584.197,0
2024-09-19 04:00:00,31.33,31.4,31.11,31.29,1296.603,0
2024-09-19 05:00:00,31.29,31.33,31.16,31.2,1247.935,0
2024-09-19 06:00:00,31.21,31.35,31.14,31.33,1859.282,0
2024-09-19 07:00:00,31.34,31.71,31.34,31.71,5028.316,0
2024-09-19 08:00:00,31.72,31.88,31.52,31.52,2333.629,0
2024-09-19 09:00:00,31.55,31.74,31.5,31.58,3242.992,0
2024-09-19 10:00:00,31.58,31.93,31.55,31.66,4117.086,0
2024-09-19 11:00:00,31.64,31.83,31.57,31.82,4044.861,0
2024-09-19 12:00:00,31.79,32.05,31.79,31.99,5865.741,0
2024-09-19 13:00:00,31.99,32.03,31.72,31.75,3969.8,0
2024-09-19 14:00:00,31.78,31.83,31.38,31.46,8395.939,0
2024-09-19 15:00:00,31.48,31.7,31.47,31.64,1942.89,0
2024-09-19 16:00:00,31.64,32.34,31.64,32.17,6992.621,0
2024-09-19 17:00:00,32.16,32.26,32.05,32.16,2316.201,0
2024-09-19 18:00:00,32.16,32.19,31.93,32.06,1444.324,0
2024-09-19 19:00:00,32.05,32.06,31.68,31.7,3879.051,0
2024-09-19 20:00:00,31.71,31.87,31.7,31.73,856.336,0
2024-09-19 21:00:00,31.72,31.77,31.62,31.62,816.998,0
2024-09-19 22:00:00,31.61,31.78,31.45,31.78,989.569,0
2024-09-19 23:00:00,31.75,31.79,31.61,31.62,1280.514,0
2024-09-20 00:00:00,31.61,31.67,31.22,31.33,1798.43,0
2024-09-20 01:00:00,31.29,31.38,31.11,31.33,1175.951,0
2024-09-20 02:00:00,31.35,31.43,31.25,31.41,420.673,0
2024-09-20 03:00:00,31.4,32.0,31.4,32.0,2905.886,0
2024-09-20 04:00:00,32.0,32.26,31.93,32.24,2915.212,0
2024-09-20 05:00:00,32.24,32.32,32.08,32.25,1759.592,0
2024-09-20 06:00:00,32.26,32.54,32.01,32.49,3903.013,0
2024-09-20 07:00:00,32.49,32.49,31.96,32.08,1142.22,0
2024-09-20 08:00:00,32.06,32.07,31.57,31.81,2057.339,0
2024-09-20 09:00:00,31.83,32.0,31.78,31.89,1010.997,0
2024-09-20 10:00:00,31.91,31.93,31.73,31.9,924.268,0
2024-09-20 11:00:00,31.9,31.9,31.39,31.44,1745.182,0
2024-09-20 12:00:00,31.42,31.57,31.38,31.48,3336.116,0
2024-09-20 13:00:00,31.48,31.5,30.8,30.96,6289.468,0
2024-09-20 14:00:00,30.94,31.03,30.58,30.67,7471.914,0
2024-09-20 15:00:00,30.68,30.83,30.44,30.77,2973.033,0
2024-09-20 16:00:00,30.77,30.96,30.58,30.62,3040.556,0
2024-09-20 17:00:00,30.62,30.68,30.26,30.43,2898.239,0
2024-09-20 18:00:00,30.45,30.64,30.35,30.64,2207.654,0
2024-09-20 19:00:00,30.63,30.87,30.63,30.72,1393.013,0
2024-09-20 20:00:00,30.71,30.87,30.64,30.75,987.315,0
2024-09-20 21:00:00,30.75,31.0,30.75,30.95,661.937,0
2024-09-20 22:00:00,30.94,31.47,30.94,31.21,3555.677,0
2024-09-20 23:00:00,31.2,31.32,31.18,31.28,481.7,0
2024-09-21 00:00:00,31.28,31.42,31.07,31.3,1796.079,0
2024-09-21 01:00:00,31.29,31.33,30.87,30.87,1276.473,0
2024-09-21 02:00:00,30.87,30.95,30.73,30.8,1883.571,0
2024-09-21 03:00:00,30.78,30.83,30.65,30.66,598.057,0
2024-09-21 04:00:00,30.66,30.82,30.5,30.57,1814.489,0
2024-09-21 05:00:00,30.57,30.78,30.48,30.69,449.611,0
2024-09-21 06:00:00,30.7,31.14,30.67,31.0,942.45,0
2024-09-21 07:00:00,31.04,31.15,31.03,31.09,425.992,0
2024-09-21 08:00:00,31.09,31.12,30.95,30.98,852.336,0
2024-09-21 09:00:00,30.98,31.09,30.92,31.0,488.985,0
2024-09-21 10:00:00,30.99,31.01,30.78,30.8,1559.648,0
2024-09-21 11:00:00,30.79,30.96,30.76,30.91,418.528,0
2024-09-21 12:00:00,30.92,31.14,30.92,31.14,954.805,0
2024-09-21 13:00:00,31.14,31.29,31.03,31.28,1285.199,0
2024-09-21 14:00:00,31.3,31.56,31.27,31.52,3686.978,0
2024-09-21 15:00:00,31.52,31.52,31.16,31.17,3111.581,0
2024-09-21 16:00:00,31.17,31.44,31.16,31.41,1743.417,0
2024-09-21 17:00:00,31.4,31.49,31.28,31.28,725.999,0
2024-09-21 18:00:00,31.28,31.34,31.2,31.24,2707.229,0
2024-09-21 19:00:00,31.24,31.36,31.19,31.21,426.27,0
2024-09-21 20:00:00,31.25,31.27,31.11,31.12,221.501,0
2024-09-21 21:00:00,31.12,31.14,30.95,30.98,642.526,0
2024-09-21 22:00:00,31.0,31.02,30.92,31.0,1468.181,0
2024-09-21 23:00:00,30.99,31.34,30.97,31.34,866.734,0
2024-09-22 00:00:00,31.34,31.45,30.92,31.11,3310.842,0
2024-09-22 01:00:00,31.12,31.17,30.81,30.82,1335.347,0
2024-09-22 02:00:00,30.83,30.84,30.19,30.39,5466.128,0
2024-09-22 03:00:00,30.33,31.01,30.26,30.71,11114.961,0
2024-09-22 04:00:00,30.73,30.94,30.73,30.75,892.644,0
2024-09-22 05:00:00,30.76,30.76,30.5,30.55,1599.317,0
2024-09-22 06:00:00,30.52,30.65,30.33,30.34,1234.86,0
2024-09-22 07:00:00,30.36,30.42,30.2,30.36,1402.483,0
2024-09-22 08:00:00,30.36,30.5,30.29,30.45,1595.864,0
2024-09-22 09:00:00,30.46,30.46,30.08,30.14,2816.356,0
2024-09-22 10:00:00,30.09,30.17,29.86,29.96,1856.287,0
2024-09-22 11:00:00,29.96,30.12,29.85,30.05,1275.417,0
2024-09-22 12:00:00,30.04,30.15,29.95,30.02,1491.583,0
2024-09-22 13:00:00,30.04,30.33,29.74,29.74,4321.495,0
2024-09-22 14:00:00,29.75,29.91,29.6,29.7,1054.983,0
2024-09-22 15:00:00,29.7,29.89,29.7,29.75,1673.516,0
2024-09-22 16:00:00,29.73,29.87,29.39,29.8,3387.475,0
2024-09-22 17:00:00,29.8,30.03,29.76,29.98,1773.342,0
2024-09-22 18:00:00,29.99,30.0,29.81,29.81,1170.155,0
2024-09-22 19:00:00,29.8,29.93,29.65,29.93,2821.468,0
2024-09-22 20:00:00,29.89,30.08,29.87,29.94,1092.641,0
2024-09-22 21:00:00,29.94,30.07,29.85,29.86,2946.164,0
2024-09-22 22:00:00,29.86,30.35,29.55,30.33,4466.017,0
2024-09-22 23:00:00,30.33,30.35,30.09,30.19,955.968,0
2024-09-23 00:00:00,30.23,30.54,29.87,30.43,3410.392,0
2024-09-23 01:00:00,30.43,30.76,30.4,30.64,2066.092,0
2024-09-23 02:00:00,30.65,30.71,30.45,30.68,1198.638,0
2024-09-23 03:00:00,30.68,31.06,30.64,30.87,1808.556,0
2024-09-23 04:00:00,30.88,30.98,30.6,30.71,1572.154,0
2024-09-23 05:00:00,30.71,30.92,30.57,30.76,960.544,0
2024-09-23 06:00:00,30.75,30.89,30.64,30.78,922.497,0
2024-09-23 07:00:00,30.76,30.76,30.32,30.42,2199.061,0
2024-09-23 08:00:00,30.4,30.4,29.24,29.44,16430.586,0
2024-09-23 09:00:00,29.44,29.66,29.4,29.52,2622.075,0
2024-09-23 10:00:00,29.48,29.53,29.12,29.24,3126.559,0
2024-09-23 11:00:00,29.24,29.4,28.61,28.93,13179.961,0
2024-09-23 12:00:00,28.94,29.15,28.86,29.11,3700.95,0
2024-09-23 13:00:00,29.07,29.17,28.97,29.1,1610.534,0
2024-09-23 14:00:00,29.1,29.39,29.09,29.25,3632.867,0
2024-09-23 15:00:00,29.24,29.55,29.15,29.45,4295.483,0
2024-09-23 16:00:00,29.46,29.55,29.15,29.17,6172.338,0
2024-09-23 17:00:00,29.16,29.43,29.14,29.3,3707.886,0
2024-09-23 18:00:00,29.31,29.54,29.31,29.44,741.727,0
2024-09-23 19:00:00,29.44,29.49,29.37,29.39,1195.921,0
2024-09-23 20:00:00,29.39,29.53,29.37,29.43,2335.25,0
2024-09-23 21:00:00,29.46,29.51,29.29,29.5,1600.897,0
2024-09-23 22:00:00,29.49,29.65,29.47,29.58,1527.473,0
2024-09-23 23:00:00,29.58,29.7,29.52,29.63,1031.505,0
2024-09-24 00:00:00,29.62,29.84,29.45,29.45,2649.299,0
2024-09-24 01:00:00,29.44,29.56,29.23,29.43,4085.968,0
2024-09-24 02:00:00,29.4,29.67,29.32,29.63,1251.185,0
2024-09-24 03:00:00,29.65,29.86,29.64,29.81,532.032,0
2024-09-24 04:00:00,29.81,29.93,29.73,29.87,3325.795,0
2024-09-24 05:00:00,29.86,29.99,29.85,29.99,2048.374,0
2024-09-24 06:00:00,30.0,30.06,29.91,30.02,1375.956,0
2024-09-24 07:00:00,30.02,30.08,29.92,30.05,1657.085,0
2024-09-24 08:00:00,30.04,30.09,29.93,30.0,1590.012,0
2024-09-24 09:00:00,30.01,30.02,29.66,29.68,3722.538,0
2024-09-24 10:00:00,29.67,29.9,29.66,29.75,2627.297,0
2024-09-24 11:00:00,29.76,29.8,29.57,29.79,2066.697,0
2024-09-24 12:00:00,29.8,29.86,29.52,29.56,2597.296,0
2024-09-24 13:00:00,29.55,29.6,29.18,29.25,6340.571,0
2024-09-24 14:00:00,29.24,29.29,28.8,29.15,8165.961,0
2024-09-24 15:00:00,29.13,29.21,28.89,29.02,1960.778,0
2024-09-24 16:00:00,29.03,29.06,28.88,28.96,771.204,0
2024-09-24 17:00:00,28.94,29.21,28.93,29.11,2567.985,0
2024-09-24 18:00:00,29.11,29.21,29.0,29.07,3297.537,0
2024-09-24 19:00:00,29.06,29.33,28.89,29.33,2035.922,0
2024-09-24 20:00:00,29.33,29.43,29.2,29.24,4024.953,0
2024-09-24 21:00:00,29.27,29.35,29.09,29.25,3202.449,0
2024-09-24 22:00:00,29.26,29.54,29.26,29.51,1784.033,0
2024-09-24 23:00:00,29.52,29.59,29.32,29.36,894.604,0
2024-09-25 00:00:00,29.37,29.64,29.34,29.51,1604.175,0
2024-09-25 01:00:00,29.48,29.92,29.47,29.86,3251.658,0
2024-09-25 02:00:00,29.88,29.91,29.75,29.75,2805.244,0
2024-09-25 03:00:00,29.75,29.89,29.61,29.86,1952.305,0
2024-09-25 04:00:00,29.87,29.87,29.39,29.43,3733.761,0
2024-09-25 05:00:00,29.44,29.55,29.35,29.41,3632.022,0
2024-09-25 06:00:00,29.42,29.46,29.21,29.23,2126.286,0
2024-09-25 07:00:00,29.22,29.37,29.11,29.26,2552.272,0
2024-09-25 08:00:00,29.26,29.74,29.25,29.61,2719.813,0
2024-09-25 09:00:00,29.6,29.75,29.47,29.47,1414.668,0
2024-09-25 10:00:00,29.49,29.7,29.44,29.61,1534.605,0
2024-09-25 11:00:00,29.66,29.67,29.49,29.64,1798.973,0
2024-09-25 12:00:00,29.64,29.64,29.29,29.32,2039.955,0
2024-09-25 13:00:00,29.28,29.41,29.18,29.38,1066.994,0
2024-09-25 14:00:00,29.4,29.58,29.39,29.58,1052.191,0
2024-09-25 15:00:00,29.59,29.6,29.17,29.2,1345.11,0
2024-09-25 16:00:00,29.17,29.33,29.15,29.19,2599.124,0
2024-09-25 17:00:00,29.18,29.22,28.57,28.69,7535.485,0
2024-09-25 18:00:00,28.69,28.83,28.6,28.7,2544.908,0
2024-09-25 19:00:00,28.71,28.9,28.69,28.69,1730.637,0
2024-09-25 20:00:00,28.71,28.96,28.7,28.88,1381.224,0
2024-09-25 21:00:00,28.91,28.95,28.8,28.92,1356.863,0
2024-09-25 22:00:00,28.86,28.88,28.4,28.63,5088.36,0
2024-09-25 23:00:00,28.62,28.65,28.12,28.37,5845.315,0
2024-09-26 00:00:00,28.4,28.49,28.07,28.15,1632.649,0
2024-09-26 01:00:00,28.14,28.49,28.1,28.49,1294.109,0
2024-09-26 02:00:00,28.5,28.68,28.49,28.67,1330.536,0
2024-09-26 03:00:00,28.68,28.94,28.64,28.81,5189.4,0
2024-09-26 04:00:00,28.81,28.94,28.81,28.89,1205.209,0
2024-09-26 05:00:00,28.87,29.15,28.84,29.05,1414.807,0
2024-09-26 06:00:00,29.05,29.16,28.94,28.94,1977.307,0
2024-09-26 07:00:00,28.97,29.08,28.86,29.06,1292.723,0
2024-09-26 08:00:00,29.03,29.11,28.78,28.81,2042.911,0
2024-09-26 09:00:00,28.83,28.96,28.75,28.89,1193.964,0
2024-09-26 10:00:00,28.89,29.19,28.83,29.1,2750.483,0
2024-09-26 11:00:00,29.12,29.17,28.98,29.12,1162.387,0
2024-09-26 12:00:00,29.12,29.26,29.04,29.17,4189.402,0
2024-09-26 13:00:00,29.15,29.63,29.09,29.45,5015.42,0
2024-09-26 14:00:00,29.45,31.5,29.45,30.07,57112.895,0
2024-09-26 15:00:00,30.03,30.57,29.86,30.44,8854.058,0
2024-09-26 16:00:00,30.45,30.79,30.45,30.61,2862.01,0
2024-09-26 17:00:00,30.61,30.98,30.26,30.41,9536.39,0
2024-09-26 18:00:00,30.41,30.51,30.32,30.51,3062.723,0
2024-09-26 19:00:00,30.52,30.85,30.42,30.68,4205.146,0
2024-09-26 20:00:00,30.68,30.7,30.15,30.24,3007.785,0
2024-09-26 21:00:00,30.19,30.48,30.13,30.48,1347.108,0
2024-09-26 22:00:00,30.47,30.56,30.23,30.26,3062.907,0
2024-09-26 23:00:00,30.28,30.28,29.8,30.24,3824.001,0
2024-09-27 00:00:00,30.22,30.39,30.16,30.35,1655.812,0
2024-09-27 01:00:00,30.36,30.57,30.18,30.33,6065.174,0
2024-09-27 02:00:00,30.36,30.43,30.2,30.22,1049.244,0
2024-09-27 03:00:00,30.22,30.59,30.15,30.57,1254.239,0
2024-09-27 04:00:00,30.55,30.69,30.51,30.69,1715.218,0
2024-09-27 05:00:00,30.69,30.73,30.45,30.62,1053.085,0
2024-09-27 06:00:00,30.62,30.83,30.57,30.63,1182.48,0
2024-09-27 07:00:00,30.63,30.79,30.57,30.76,2335.632,0
2024-09-27 08:00:00,30.76,30.92,30.61,30.77,2121.149,0
2024-09-27 09:00:00,30.81,31.41,30.76,30.81,12041.534,0
2024-09-27 10:00:00,30.82,30.82,30.37,30.45,3642.124,0
2024-09-27 11:00:00,30.45,30.71,30.44,30.6,2180.456,0
2024-09-27 12:00:00,30.58,30.88,30.57,30.79,2432.291,0
2024-09-27 13:00:00,30.77,30.8,30.31,30.59,2649.023,0
2024-09-27 14:00:00,30.59,30.92,30.54,30.69,5994.585,0
2024-09-27 15:00:00,30.68,30.82,30.53,30.53,3246.55,0
2024-09-27 16:00:00,30.53,30.65,30.34,30.59,3331.702,0
2024-09-27 17:00:00,30.58,30.66,30.09,30.35,1769.533,0
2024-09-27 18:00:00,30.39,30.39,30.23,30.39,888.094,0
2024-09-27 19:00:00,30.39,30.54,30.28,30.28,1086.502,0
2024-09-27 20:00:00,30.26,30.41,30.15,30.39,1152.343,0
2024-09-27 21:00:00,30.42,30.47,30.28,30.36,1052.654,0
2024-09-27 22:00:00,30.36,30.58,30.29,30.52,632.9,0
2024-09-27 23:00:00,30.52,30.6,30.34,30.43,3174.764,0
2024-09-28 00:00:00,30.43,30.74,30.43,30.74,2013.483,0
2024-09-28 01:00:00,30.72,30.83,30.63,30.66,830.987,0
2024-09-28 02:00:00,30.69,30.99,30.64,30.88,797.985,0
2024-09-28 03:00:00,30.88,30.97,30.73,30.93,820.23,0
2024-09-28 04:00:00,30.94,30.95,30.75,30.76,789.733,0
2024-09-28 05:00:00,30.74,30.8,30.61,30.65,5299.699,0
2024-09-28 06:00:00,30.63,30.76,30.5,30.66,6684.361,0
2024-09-28 07:00:00,30.65,31.39,30.65,31.11,5474.364,0
2024-09-28 08:00:00,31.11,31.11,30.68,30.75,5246.475,0
2024-09-28 09:00:00,30.76,30.83,29.99,30.33,17875.326,0
2024-09-28 10:00:00,30.34,30.57,30.22,30.54,1202.537,0
2024-09-28 11:00:00,30.53,30.7,30.43,30.69,3033.614,0
2024-09-28 12:00:00,30.68,30.68,30.3,30.32,1758.705,0
2024-09-28 13:00:00,30.29,30.32,29.88,30.05,2911.836,0
2024-09-28 14:00:00,30.01,30.49,30.01,30.49,2758.292,0
2024-09-28 15:00:00,30.49,30.52,29.99,30.04,2531.461,0
2024-09-28 16:00:00,30.02,30.08,29.55,29.6,4175.043,0
2024-09-28 17:00:00,29.59,29.71,29.45,29.48,1951.306,0
2024-09-28 18:00:00,29.48,29.5,29.2,29.24,2230.096,0
2024-09-28 19:00:00,29.24,29.41,29.16,29.35,1951.439,0
2024-09-28 20:00:00,29.33,29.35,29.13,29.14,1134.496,0
2024-09-28 21:00:00,29.14,29.26,28.82,29.26,4068.93,0
2024-09-28 22:00:00,29.26,29.44,29.12,29.42,1722.384,0
2024-09-28 23:00:00,29.38,29.51,29.25,29.5,969.595,0
2024-09-29 00:00:00,29.5,29.53,29.11,29.18,2024.374,0
2024-09-29 01:00:00,29.18,29.44,29.12,29.44,1233.95,0
2024-09-29 02:00:00,29.37,29.54,29.33,29.34,963.007,0
2024-09-29 03:00:00,29.36,29.48,29.25,29.43,1341.041,0
2024-09-29 04:00:00,29.43,29.45,29.26,29.35,950.519,0
2024-09-29 05:00:00,29.33,29.43,29.13,29.19,1197.833,0
2024-09-29 06:00:00,29.18,29.28,29.11,29.13,1711.036,0
2024-09-29 07:00:00,29.13,29.27,29.0,29.02,5594.844,0
2024-09-29 08:00:00,29.01,29.2,29.0,29.14,1849.747,0
2024-09-29 09:00:00,29.14,29.42,29.14,29.31,1551.698,0
2024-09-29 10:00:00,29.33,29.33,29.16,29.24,600.548,0
2024-09-29 11:00:00,29.28,29.38,29.22,29.26,2814.342,0
2024-09-29 12:00:00,29.26,29.26,29.0,29.02,1407.221,0
2024-09-29 13:00:00,29.02,29.35,29.0,29.31,3196.62,0
2024-09-29 14:00:00,29.3,29.41,29.15,29.2,2520.735,0
2024-09-29 15:00:00,29.15,29.37,29.11,29.36,2640.875,0
2024-09-29 16:00:00,29.38,29.46,29.06,29.26,3626.976,0
2024-09-29 17:00:00,29.27,29.41,29.27,29.38,2429.882,0
2024-09-29 18:00:00,29.37,29.37,29.23,29.27,1915.677,0
2024-09-29 19:00:00,29.26,29.42,29.23,29.35,1293.861,0
2024-09-29 20:00:00,29.33,29.46,29.08,29.18,5435.088,0
2024-09-29 21:00:00,29.18,29.25,29.02,29.12,3513.767,0
2024-09-29 22:00:00,29.07,29.14,29.0,29.09,3710.211,0
2024-09-29 23:00:00,29.06,29.14,29.0,29.08,991.225,0
2024-09-30 00:00:00,29.07,29.09,28.46,28.92,7785.337,0
2024-09-30 01:00:00,28.92,28.97,28.42,28.47,2904.574,0
2024-09-30 02:00:00,28.46,28.73,28.3,28.5,14608.812,0
2024-09-30 03:00:00,28.49,28.84,28.37,28.77,6873.725,0
2024-09-30 04:00:00,28.78,28.78,28.56,28.6,731.684,0
2024-09-30 05:00:00,28.62,28.9,28.55,28.9,1994.082,0
2024-09-30 06:00:00,28.88,29.01,28.68,28.69,1692.67,0
2024-09-30 07:00:00,28.67,29.01,28.67,28.88,2716.137,0
2024-09-30 08:00:00,28.88,28.88,28.55,28.77,1313.295,0
2024-09-30 09:00:00,28.77,28.78,28.24,28.24,2086.243,0
2024-09-30 10:00:00,28.23,28.47,28.14,28.44,1705.949,0
2024-09-30 11:00:00,28.42,28.66,28.37,28.54,1337.264,0
2024-09-30 12:00:00,28.51,28.62,28.44,28.56,2634.401,0
2024-09-30 13:00:00,28.55,28.67,28.45,28.45,2800.122,0
2024-09-30 14:00:00,28.45,28.51,28.23,28.39,2549.505,0
2024-09-30 15:00:00,28.38,28.46,27.85,27.89,2913.264,0
2024-09-30 16:00:00,27.92,28.33,27.89,28.2,2388.651,0
2024-09-30 17:00:00,28.2,28.29,28.14,28.2,1360.742,0
2024-09-30 18:00:00,28.24,28.24,27.87,28.06,2460.671,0
2024-09-30 19:00:00,28.05,28.08,27.96,28.08,347.735,0
2024-09-30 20:00:00,28.05,28.19,28.0,28.18,1512.268,0
2024-09-30 21:00:00,28.16,28.18,28.06,28.1,775.497,0
2024-09-30 22:00:00,28.1,28.13,27.9,27.9,968.062,0
2024-09-30 23:00:00,27.89,27.95,27.47,27.76,2884.612,0
2024-10-01 00:00:00,27.79,28.15,27.61,28.11,2308.643,0
2024-10-01 01:00:00,28.08,28.18,27.94,27.94,1349.511,0
2024-10-01 02:00:00,27.94,28.08,27.77,28.07,1312.245,0
2024-10-01 03:00:00,28.05,28.37,28.05,28.35,1259.171,0
2024-10-01 04:00:00,28.36,28.45,28.35,28.39,1686.498,0
2024-10-01 05:00:00,28.37,28.37,28.15,28.23,389.724,0
2024-10-01 06:00:00,28.23,28.56,28.23,28.53,3135.919,0
2024-10-01 07:00:00,28.56,28.61,28.42,28.58,1646.238,0
2024-10-01 08:00:00,28.53,28.57,28.3,28.43,2279.059,0
2024-10-01 09:00:00,28.43,28.55,28.4,28.4,657.457,0
2024-10-01 10:00:00,28.41,28.49,28.33,28.47,700.123,0
2024-10-01 11:00:00,28.47,28.58,28.35,28.42,1109.547,0
2024-10-01 12:00:00,28.41,28.55,28.36,28.47,855.057,0
2024-10-01 13:00:00,28.43,28.43,27.93,28.35,9951.049,0
2024-10-01 14:00:00,28.36,28.45,27.84,27.99,5889.697,0
2024-10-01 15:00:00,27.99,28.06,26.7,27.83,19652.161,0
2024-10-01 16:00:00,27.82,27.84,27.17,27.5,11157.502,0
2024-10-01 17:00:00,27.46,27.46,25.05,26.92,20071.059,0
2024-10-01 18:00:00,26.9,27.04,26.6,26.77,11214.97,0
2024-10-01 19:00:00,26.78,26.97,26.66,26.76,3419.943,0
2024-10-01 20:00:00,26.73,26.85,26.33,26.8,4448.367,0
2024-10-01 21:00:00,26.8,26.81,26.49,26.81,1506.749,0
2024-10-01 22:00:00,26.81,26.81,26.38,26.44,1191.046,0
2024-10-01 23:00:00,26.44,26.72,26.41,26.64,1035.176,0
2024-10-02 00:00:00,26.63,26.95,26.53,26.8,1246.048,0
2024-10-02 01:00:00,26.82,27.01,26.77,26.95,690.472,0
2024-10-02 02:00:00,26.95,27.25,26.93,27.18,1370.761,0
2024-10-02 03:00:00,27.16,27.32,27.12,27.31,953.125,0
2024-10-02 04:00:00,27.3,27.3,27.14,27.18,915.652,0
2024-10-02 05:00:00,27.18,27.24,27.11,27.2,663.929,0
2024-10-02 06:00:00,27.2,27.44,27.06,27.43,389.612,0
2024-10-02 07:00:00,27.42,27.58,27.35,27.48,1007.66,0
2024-10-02 08:00:00,27.47,27.47,27.3,27.38,496.31,0
2024-10-02 09:00:00,27.36,27.36,26.74,26.81,3972.413,0
2024-10-02 10:00:00,26.78,27.16,26.71,26.71,1987.659,0
2024-10-02 11:00:00,26.71,26.8,26.5,26.65,5190.907,0
2024-10-02 12:00:00,26.62,27.01,26.38,26.65,5962.642,0
2024-10-02 13:00:00,26.66,27.15,26.57,27.06,2720.446,0
2024-10-02 14:00:00,27.09,27.15,26.79,26.79,2115.6,0
2024-10-02 15:00:00,26.78,27.17,26.72,27.09,2314.687,0
2024-10-02 16:00:00,27.12,27.32,26.86,26.86,928.081,0
2024-10-02 17:00:00,26.85,26.88,26.57,26.62,2302.935,0
2024-10-02 18:00:00,26.6,26.6,25.96,26.03,6970.648,0
2024-10-02 19:00:00,26.02,26.13,25.62,25.95,7277.148,0
2024-10-02 20:00:00,25.98,26.21,25.69,26.12,2181.016,0
2024-10-02 21:00:00,26.15,26.16,25.82,25.91,1182.484,0
2024-10-02 22:00:00,25.88,25.94,25.3,25.94,4269.171,0
2024-10-02 23:00:00,25.96,25.98,25.83,25.92,625.958,0
2024-10-03 00:00:00,25.93,26.18,25.81,26.05,663.46,0
2024-10-03 01:00:00,26.04,26.33,26.04,26.3,457.468,0
2024-10-03 02:00:00,26.25,26.38,26.23,26.26,482.761,0
2024-10-03 03:00:00,26.26,26.38,26.21,26.37,712.437,0
2024-10-03 04:00:00,26.38,26.4,26.23,26.24,1047.923,0
2024-10-03 05:00:00,26.24,26.25,26.06,26.14,699.754,0
2024-10-03 06:00:00,26.11,26.27,26.1,26.21,1506.862,0
2024-10-03 07:00:00,26.21,26.21,25.31,25.53,6776.453,0
2024-10-03 08:00:00,25.54,25.59,24.91,24.99,7337.534,0
2024-10-03 09:00:00,24.95,25.23,24.4,25.2,8597.325,0
2024-10-03 10:00:00,25.24,25.42,25.08,25.39,4321.623,0
2024-10-03 11:00:00,25.43,25.53,25.05,25.18,4025.249,0
2024-10-03 12:00:00,25.16,25.38,24.92,25.33,3988.667,0
2024-10-03 13:00:00,25.28,25.39,24.93,25.23,3456.095,0
2024-10-03 14:00:00,25.25,25.52,25.01,25.05,2045.493,0
2024-10-03 15:00:00,25.06,25.24,24.68,25.19,4115.34,0
2024-10-03 16:00:00,25.23,25.29,24.97,25.13,3414.298,0
2024-10-03 17:00:00,25.15,25.43,24.99,25.32,2703.449,0
2024-10-03 18:00:00,25.34,25.46,25.26,25.43,1941.627,0
2024-10-03 19:00:00,25.43,25.72,25.41,25.65,1123.593,0
2024-10-03 20:00:00,25.66,25.71,25.51,25.55,1157.155,0
2024-10-03 21:00:00,25.56,25.7,25.49,25.67,1186.395,0
2024-10-03 22:00:00,25.64,25.73,25.57,25.71,848.036,0
2024-10-03 23:00:00,25.71,25.77,25.59,25.64,259.236,0
2024-10-04 00:00:00,25.65,25.7,25.36,25.38,1120.712,0
2024-10-04 01:00:00,25.4,25.91,25.39,25.9,1036.643,0
2024-10-04 02:00:00,25.9,25.99,25.83,25.93,1217.247,0
2024-10-04 03:00:00,25.91,25.94,25.84,25.93,666.229,0
2024-10-04 04:00:00,25.93,26.26,25.93,26.15,1957.508,0
2024-10-04 05:00:00,26.14,26.45,26.11,26.32,1699.792,0
2024-10-04 06:00:00,26.33,26.35,26.16,26.16,491.706,0
2024-10-04 07:00:00,26.16,26.39,26.14,26.32,811.032,0
2024-10-04 08:00:00,26.32,26.58,26.26,26.38,1573.65,0
2024-10-04 09:00:00,26.38,26.62,26.37,26.47,1782.173,0
2024-10-04 10:00:00,26.47,26.52,26.35,26.39,1133.26,0
2024-10-04 11:00:00,26.37,26.5,26.3,26.47,870.387,0
2024-10-04 12:00:00,26.43,26.83,26.38,26.82,3365.047,0
2024-10-04 13:00:00,26.83,27.08,26.68,26.72,3880.855,0
2024-10-04 14:00:00,26.74,26.81,26.5,26.65,5223.854,0
2024-10-04 15:00:00,26.7,27.09,26.67,27.08,2497.391,0
2024-10-04 16:00:00,27.06,27.1,26.75,26.78,4242.811,0
2024-10-04 17:00:00,26.78,26.84,26.62,26.68,1103.255,0
2024-10-04 18:00:00,26.68,26.79,26.62,26.77,780.231,0
2024-10-04 19:00:00,26.78,26.81,26.53,26.8,1703.622,0
2024-10-04 20:00:00,26.8,26.91,26.75,26.91,1736.207,0
2024-10-04 21:00:00,26.91,26.99,26.72,26.76,1730.466,0
2024-10-04 22:00:00,26.78,26.82,26.69,26.78,582.288,0
2024-10-04 23:00:00,26.79,26.85,26.7,26.81,294.379,0
2024-10-05 00:00:00,26.83,27.01,26.77,26.98,217.265,0
2024-10-05 01:00:00,26.96,26.97,26.83,26.91,519.818,0
2024-10-05 02:00:00,26.91,26.91,26.66,26.68,624.899,0
2024-10-05 03:00:00,26.66,26.74,26.59,26.62,398.157,0
2024-10-05 04:00:00,26.64,26.9,26.6,26.87,651.81,0
2024-10-05 05:00:00,26.89,27.01,26.85,26.97,668.385,0
2024-10-05 06:00:00,26.95,27.09,26.87,27.05,543.007,0
2024-10-05 07:00:00,27.05,27.11,26.98,26.98,696.023,0
2024-10-05 08:00:00,26.97,27.13,26.96,27.09,453.308,0
2024-10-05 09:00:00,27.08,27.27,27.02,27.26,1102.684,0
2024-10-05 10:00:00,27.27,27.34,27.14,27.25,1395.205,0
2024-10-05 11:00:00,27.25,27.61,27.25,27.48,3521.3,0
2024-10-05 12:00:00,27.48,28.12,27.48,27.84,13662.65,0
2024-10-05 13:00:00,27.86,28.42,27.52,27.54,11886.682,0
2024-10-05 14:00:00,27.53,28.43,27.52,28.02,17977.352,0
2024-10-05 15:00:00,28.01,28.14,27.9,28.07,4217.418,0
2024-10-05 16:00:00,28.07,28.21,27.74,27.88,7091.487,0
2024-10-05 17:00:00,27.88,27.89,27.57,27.59,4236.312,0
2024-10-05 18:00:00,27.56,27.63,27.33,27.4,2386.972,0
2024-10-05 19:00:00,27.39,27.4,27.15,27.21,5031.021,0
2024-10-05 20:00:00,27.25,27.28,27.01,27.03,2161.802,0
2024-10-05 21:00:00,27.02,27.32,26.96,27.26,2176.323,0
2024-10-05 22:00:00,27.26,27.5,27.24,27.47,864.342,0
2024-10-05 23:00:00,27.44,27.46,27.3,27.39,320.479,0
2024-10-06 00:00:00,27.41,27.82,27.33,27.73,1293.833,0
2024-10-06 01:00:00,27.74,28.0,27.74,27.95,2438.416,0
2024-10-06 02:00:00,27.97,28.14,27.76,27.9,3112.001,0
2024-10-06 03:00:00,27.91,28.64,27.83,28.2,8586.53,0
2024-10-06 04:00:00,28.22,28.33,27.83,27.92,4083.14,0
2024-10-06 05:00:00,27.93,28.16,27.92,27.99,1612.074,0
2024-10-06 06:00:00,27.99,28.25,27.99,28.07,1338.324,0
2024-10-06 07:00:00,28.1,28.57,28.09,28.45,5551.293,0
2024-10-06 08:00:00,28.43,28.84,28.39,28.5,7382.025,0
2024-10-06 09:00:00,28.49,29.1,28.47,28.74,7136.19,0
2024-10-06 10:00:00,28.74,28.74,28.51,28.63,2464.292,0
2024-10-06 11:00:00,28.63,28.86,28.56,28.86,4307.173,0
2024-10-06 12:00:00,28.88,29.49,28.74,29.15,20142.112,0
2024-10-06 13:00:00,29.16,29.3,28.78,28.81,29052.377,0
2024-10-06 14:00:00,28.81,29.18,28.77,28.87,21351.529,0
2024-10-06 15:00:00,28.87,28.89,28.58,28.82,7228.723,0
2024-10-06 16:00:00,28.82,28.89,28.46,28.55,5626.505,0
2024-10-06 17:00:00,28.54,28.58,28.46,28.5,968.361,0
2024-10-06 18:00:00,28.49,28.74,28.49,28.67,1344.635,0
2024-10-06 19:00:00,28.67,28.75,28.55,28.55,1487.977,0
2024-10-06 20:00:00,28.56,28.74,28.53,28.71,1565.666,0
2024-10-06 21:00:00,28.72,28.74,28.39,28.5,10867.362,0
2024-10-06 22:00:00,28.52,28.81,28.51,28.71,7394.169,0
2024-10-06 23:00:00,28.8,29.38,28.69,29.27,7874.199,0
2024-10-07 00:00:00,29.29,29.31,28.94,29.27,3636.839,0
2024-10-07 01:00:00,29.27,29.27,29.09,29.21,2520.343,0
2024-10-07 02:00:00,29.2,29.31,29.04,29.13,1691.082,0
2024-10-07 03:00:00,29.13,29.8,29.1,29.78,11827.672,0
2024-10-07 04:00:00,29.79,30.05,29.72,29.89,2459.307,0
2024-10-07 05:00:00,29.92,30.1,29.8,30.0,1685.674,0
2024-10-07 06:00:00,30.0,30.21,29.94,30.19,1475.707,0
2024-10-07 07:00:00,30.18,30.19,29.89,29.89,1560.597,0
2024-10-07 08:00:00,29.95,30.05,29.72,29.74,2317.412,0
2024-10-07 09:00:00,29.74,29.76,29.23,29.57,4605.685,0
2024-10-07 10:00:00,29.56,29.56,28.66,29.19,14879.916,0
2024-10-07 11:00:00,29.21,29.47,29.03,29.43,2168.277,0
2024-10-07 12:00:00,29.43,29.43,29.2,29.23,1655.776,0
2024-10-07 13:00:00,29.22,29.32,29.12,29.18,2478.816,0
2024-10-07 14:00:00,29.17,29.56,29.17,29.33,3246.257,0
2024-10-07 15:00:00,29.3,29.34,29.1,29.19,2027.793,0
2024-10-07 16:00:00,29.19,29.34,29.15,29.19,1692.874,0
2024-10-07 17:00:00,29.18,29.44,29.07,29.25,5718.414,0
2024-10-07 18:00:00,29.25,29.3,28.96,28.97,4890.289,0
2024-10-07 19:00:00,28.98,29.31,28.96,29.26,845.744,0
2024-10-07 20:00:00,29.29,29.34,29.12,29.29,1061.741,0
2024-10-07 21:00:00,29.29,29.37,29.25,29.27,624.872,0
2024-10-07 22:00:00,29.26,29.29,29.03,29.03,3574.491,0
2024-10-07 23:00:00,29.02,29.21,28.85,28.99,3513.141,0
2024-10-08 00:00:00,29.01,29.35,28.9,29.35,1434.286,0
2024-10-08 01:00:00,29.33,29.52,29.29,29.37,2838.94,0
2024-10-08 02:00:00,29.35,29.49,29.26,29.49,1502.278,0
2024-10-08 03:00:00,29.48,29.56,29.25,29.39,2669.865,0
2024-10-08 04:00:00,29.41,29.42,29.15,29.21,1308.98,0
2024-10-08 05:00:00,29.21,29.22,28.78,28.99,6518.413,0
2024-10-08 06:00:00,28.96,29.12,28.83,29.1,2743.909,0
2024-10-08 07:00:00,29.1,29.1,27.66,28.75,15562.536,0
2024-10-08 08:00:00,28.73,28.79,28.56,28.73,1846.234,0
2024-10-08 09:00:00,28.73,28.79,28.59,28.78,935.764,0
2024-10-08 10:00:00,28.78,28.78,28.61,28.65,1246.634,0
2024-10-08 11:00:00,28.65,28.7,28.61,28.7,471.475,0
2024-10-08 12:00:00,28.7,28.7,28.41,28.52,2273.5,0
2024-10-08 13:00:00,28.5,28.83,28.28,28.83,3801.35,0
2024-10-08 14:00:00,28.84,29.05,28.56,29.0,4217.837,0
2024-10-08 15:00:00,29.0,29.1,28.73,28.98,4717.755,0
2024-10-08 16:00:00,28.97,29.12,28.77,29.07,1801.744,0
2024-10-08 17:00:00,29.06,29.06,28.84,29.0,1514.217,0
2024-10-08 18:00:00,28.98,29.21,28.9,29.03,1912.216,0
2024-10-08 19:00:00,29.01,29.28,28.91,29.12,1598.783,0
2024-10-08 20:00:00,29.12,29.38,28.84,29.33,11108.161,0
2024-10-08 21:00:00,29.34,29.4,29.21,29.21,1883.923,0
2024-10-08 22:00:00,29.2,29.22,29.01,29.03,1734.668,0
2024-10-08 23:00:00,29.02,29.04,28.86,29.01,1581.778,0
2024-10-09 00:00:00,29.01,29.12,28.88,28.95,1473.534,0
2024-10-09 01:00:00,28.95,29.25,28.91,29.1,422.553,0
2024-10-09 02:00:00,29.08,29.16,28.97,28.97,1148.978,0
2024-10-09 03:00:00,28.97,29.09,28.9,29.08,2291.603,0
2024-10-09 04:00:00,29.02,29.23,29.0,29.02,831.726,0
2024-10-09 05:00:00,29.02,29.1,28.95,29.01,2177.381,0
2024-10-09 06:00:00,29.01,29.03,28.91,28.93,923.863,0
2024-10-09 07:00:00,28.94,28.94,28.77,28.9,1788.168,0
2024-10-09 08:00:00,28.9,28.92,28.63,28.78,2906.835,0
2024-10-09 09:00:00,28.78,28.9,28.77,28.9,1168.754,0
2024-10-09 10:00:00,28.9,28.9,28.78,28.83,608.475,0
2024-10-09 11:00:00,28.82,28.86,28.75,28.75,984.481,0
2024-10-09 12:00:00,28.75,28.8,28.59,28.74,3875.918,0
2024-10-09 13:00:00,28.73,28.93,28.65,28.71,4176.994,0
2024-10-09 14:00:00,28.7,28.86,28.63,28.77,1952.807,0
2024-10-09 15:00:00,28.82,29.33,28.82,29.1,6083.481,0
2024-10-09 16:00:00,29.09,29.24,28.99,29.21,2100.665,0
2024-10-09 17:00:00,29.2,29.36,29.04,29.23,3993.42,0
2024-10-09 18:00:00,29.22,29.35,28.99,29.05,4451.702,0
2024-10-09 19:00:00,29.02,29.19,28.94,29.11,2642.038,0
2024-10-09 20:00:00,29.12,29.23,28.7,28.76,4897.155,0
2024-10-09 21:00:00,28.73,29.09,28.71,29.07,3984.593,0
2024-10-09 22:00:00,29.07,29.29,29.04,29.29,2274.345,0
2024-10-09 23:00:00,29.29,29.42,29.08,29.08,3579.739,0
2024-10-10 00:00:00,29.08,29.22,29.06,29.13,1645.937,0
2024-10-10 01:00:00,29.13,29.6,29.13,29.6,2690.596,0
2024-10-10 02:00:00,29.61,29.7,29.41,29.41,2684.391,0
2024-10-10 03:00:00,29.42,29.77,29.33,29.58,3618.102,0
2024-10-10 04:00:00,29.56,29.76,29.53,29.69,1270.966,0
2024-10-10 05:00:00,29.69,29.87,29.64,29.85,1257.966,0
2024-10-10 06:00:00,29.85,30.4,29.81,30.39,7324.43,0
2024-10-10 07:00:00,30.37,30.82,30.34,30.47,13219.942,0
2024-10-10 08:00:00,30.48,30.88,30.27,30.41,8939.336,0
2024-10-10 09:00:00,30.42,30.53,30.14,30.53,5079.208,0
2024-10-10 10:00:00,30.53,31.18,30.53,30.89,23720.518,0
2024-10-10 11:00:00,30.93,31.48,30.93,31.15,13451.519,0
2024-10-10 12:00:00,31.18,31.23,30.85,31.03,9606.794,0
2024-10-10 13:00:00,31.03,31.06,30.44,30.76,17006.163,0
2024-10-10 14:00:00,30.75,30.79,30.54,30.73,4593.577,0
2024-10-10 15:00:00,30.73,31.32,30.69,31.23,9854.022,0
2024-10-10 16:00:00,31.23,31.53,31.19,31.25,11756.969,0
2024-10-10 17:00:00,31.23,31.89,31.12,31.52,13216.156,0
2024-10-10 18:00:00,31.52,32.05,31.48,31.91,10595.832,0
2024-10-10 19:00:00,31.91,32.2,31.66,31.94,6617.125,0
2024-10-10 20:00:00,31.97,32.68,31.96,32.57,15843.368,0
2024-10-10 21:00:00,32.58,32.95,32.48,32.75,13815.71,0
2024-10-10 22:00:00,32.75,33.29,32.65,33.18,11050.494,0
2024-10-10 23:00:00,33.22,34.17,33.16,33.85,27880.637,0
2024-10-11 00:00:00,33.83,35.0,33.13,34.69,56731.941,0
2024-10-11 01:00:00,34.7,35.66,34.5,35.58,55096.699,0
2024-10-11 02:00:00,35.57,35.66,35.0,35.1,18415.97,0
2024-10-11 03:00:00,35.11,35.79,35.07,35.22,14434.065,0
2024-10-11 04:00:00,35.22,36.54,35.18,36.22,59460.184,0
2024-10-11 05:00:00,36.2,36.36,35.4,35.71,35276.973,0
2024-10-11 06:00:00,35.71,36.31,35.48,35.74,33809.491,0
2024-10-11 07:00:00,35.75,36.07,35.7,35.97,6785.759,0
2024-10-11 08:00:00,36.0,36.45,35.54,36.05,23009.672,0
2024-10-11 09:00:00,36.05,37.52,35.61,35.84,64484.137,0
2024-10-11 10:00:00,35.84,35.91,35.11,35.54,24126.386,0
2024-10-11 11:00:00,35.52,35.78,35.18,35.2,13042.789,0
2024-10-11 12:00:00,35.19,36.11,35.17,35.7,12651.067,0
2024-10-11 13:00:00,35.73,36.7,35.62,36.43,19905.038,0
2024-10-11 14:00:00,36.4,36.68,35.91,36.0,27245.653,0
2024-10-11 15:00:00,35.99,36.29,35.86,36.01,8966.004,0
2024-10-11 16:00:00,36.03,36.12,35.56,35.71,6306.385,0
2024-10-11 17:00:00,35.71,36.18,35.71,36.05,5815.049,0
2024-10-11 18:00:00,36.05,36.06,35.58,35.77,4429.837,0
2024-10-11 19:00:00,35.77,36.1,35.6,35.92,4998.774,0
2024-10-11 20:00:00,35.92,35.93,35.73,35.79,2828.489,0
2024-10-11 21:00:00,35.8,36.02,35.74,35.98,2991.389,0
2024-10-11 22:00:00,35.98,36.17,35.85,36.0,4672.603,0
2024-10-11 23:00:00,36.01,36.4,35.99,36.32,8531.03,0
2024-10-12 00:00:00,36.33,36.56,35.86,36.06,20040.153,0
2024-10-12 01:00:00,36.06,36.28,35.83,35.96,16554.516,0
2024-10-12 02:00:00,35.98,36.06,35.82,36.01,3474.309,0
2024-10-12 03:00:00,36.0,36.21,35.89,35.97,7527.371,0
2024-10-12 04:00:00,35.96,35.98,35.66,35.68,1929.205,0
2024-10-12 05:00:00,35.68,35.92,35.61,35.64,3243.464,0
2024-10-12 06:00:00,35.63,35.73,35.27,35.7,9144.479,0
2024-10-12 07:00:00,35.71,36.01,35.64,35.87,3656.263,0
2024-10-12 08:00:00,35.85,35.87,35.57,35.78,2800.139,0
2024-10-12 09:00:00,35.79,36.03,35.71,35.91,2804.647,0
2024-10-12 10:00:00,35.9,36.0,35.56,35.69,16228.1,0
2024-10-12 11:00:00,35.7,36.05,35.65,35.88,12728.049,0
2024-10-12 12:00:00,35.88,35.88,35.57,35.67,3703.18,0
2024-10-12 13:00:00,35.65,35.78,35.38,35.43,3663.254,0
2024-10-12 14:00:00,35.43,35.58,35.31,35.34,3065.511,0
2024-10-12 15:00:00,35.35,35.35,34.65,34.91,32956.344,0
2024-10-12 16:00:00,34.89,34.91,34.65,34.7,5165.656,0
2024-10-12 17:00:00,34.69,34.71,34.38,34.58,9837.39,0
2024-10-12 18:00:00,34.58,34.71,34.48,34.55,2931.499,0
2024-10-12 19:00:00,34.54,34.67,34.46,34.5,2600.311,0
2024-10-12 20:00:00,34.49,34.6,34.39,34.44,1244.895,0
2024-10-12 21:00:00,34.46,34.55,34.19,34.3,2614.731,0
2024-10-12 22:00:00,34.3,34.76,34.27,34.75,6288.229,0
2024-10-12 23:00:00,34.74,34.76,34.43,34.55,1903.39,0
2024-10-13 00:00:00,34.55,34.77,34.33,34.67,3840.96,0
2024-10-13 01:00:00,34.66,35.06,34.44,34.99,8779.93,0
2024-10-13 02:00:00,34.99,35.42,34.92,35.37,6310.2,0
2024-10-13 03:00:00,35.38,35.94,35.37,35.93,8204.638,0
2024-10-13 04:00:00,35.94,36.64,35.72,36.54,16656.761,0
2024-10-13 05:00:00,36.55,37.52,36.43,36.76,13572.259,0
2024-10-13 06:00:00,36.76,37.02,35.59,35.96,9143.723,0
2024-10-13 07:00:00,35.94,36.35,35.47,35.55,11909.583,0
2024-10-13 08:00:00,35.57,35.86,35.2,35.34,4105.119,0
2024-10-13 09:00:00,35.34,35.63,35.27,35.62,2272.038,0
2024-10-13 10:00:00,35.63,35.65,35.23,35.31,2357.056,0
2024-10-13 11:00:00,35.32,35.46,35.06,35.11,2846.583,0
2024-10-13 12:00:00,35.12,35.46,35.06,35.11,2728.039,0
2024-10-13 13:00:00,35.12,35.24,35.02,35.14,1704.384,0
2024-10-13 14:00:00,35.12,35.12,34.47,34.51,4536.11,0
2024-10-13 15:00:00,34.52,34.82,34.06,34.13,7705.68,0
2024-10-13 16:00:00,34.09,34.66,33.95,34.54,6301.255,0
2024-10-13 17:00:00,34.6,34.76,34.26,34.39,1769.969,0
2024-10-13 18:00:00,34.42,34.71,34.22,34.53,4373.98,0
2024-10-13 19:00:00,34.55,35.56,34.54,35.46,10487.061,0
2024-10-13 20:00:00,35.46,35.8,35.16,35.38,9477.608,0
2024-10-13 21:00:00,35.38,35.38,35.08,35.1,5813.249,0
2024-10-13 22:00:00,35.11,35.42,35.07,35.3,6353.286,0
2024-10-13 23:00:00,35.31,35.71,35.23,35.43,5493.242,0
2024-10-14 00:00:00,35.4,35.48,35.14,35.15,2639.366,0
2024-10-14 01:00:00,35.16,35.67,35.16,35.47,2224.254,0
2024-10-14 02:00:00,35.5,35.76,35.27,35.35,5026.454,0
2024-10-14 03:00:00,35.35,35.56,34.98,35.35,3465.328,0
2024-10-14 04:00:00,35.36,35.75,35.3,35.61,1955.772,0
2024-10-14 05:00:00,35.62,36.48,35.57,36.42,6383.952,0
2024-10-14 06:00:00,36.36,36.99,36.24,36.7,6061.176,0
2024-10-14 07:00:00,36.74,37.22,36.44,36.45,5975.875,0
2024-10-14 08:00:00,36.43,36.52,36.08,36.17,4067.568,0
2024-10-14 09:00:00,36.16,36.23,35.71,35.72,2681.548,0
2024-10-14 10:00:00,35.72,36.06,35.64,35.93,3703.101,0
2024-10-14 11:00:00,35.92,36.2,35.66,35.85,3110.304,0
2024-10-14 12:00:00,35.85,36.4,35.74,35.78,3998.756,0
2024-10-14 13:00:00,35.77,36.12,35.73,36.01,2539.911,0
2024-10-14 14:00:00,36.02,36.24,35.87,36.12,6193.645,0
2024-10-14 15:00:00,36.14,36.57,35.99,36.33,6442.143,0
2024-10-14 16:00:00,36.29,37.79,36.29,37.61,13948.306,0
2024-10-14 17:00:00,37.61,38.16,37.47,38.06,9061.637,0
2024-10-14 18:00:00,38.07,38.39,37.47,37.5,11927.494,0
2024-10-14 19:00:00,37.5,37.62,37.08,37.36,6459.4,0
2024-10-14 20:00:00,37.33,37.33,36.5,36.5,3414.383,0
2024-10-14 21:00:00,36.51,36.71,36.31,36.34,2458.48,0
2024-10-14 22:00:00,36.35,36.42,36.14,36.39,3233.442,0
2024-10-14 23:00:00,36.36,36.36,36.07,36.17,1754.623,0
2024-10-15 00:00:00,36.21,36.38,36.02,36.26,4176.281,0
2024-10-15 01:00:00,36.25,36.88,36.2,36.64,3444.55,0
2024-10-15 02:00:00,36.65,36.96,36.5,36.68,4896.027,0
2024-10-15 03:00:00,36.68,38.41,36.68,37.29,15381.993,0
2024-10-15 04:00:00,37.3,37.35,36.18,36.75,7408.551,0
2024-10-15 05:00:00,36.71,37.05,36.32,36.95,4776.764,0
2024-10-15 06:00:00,36.97,37.2,36.94,37.18,1786.249,0
2024-10-15 07:00:00,37.16,37.3,36.75,36.82,1304.391,0
2024-10-15 08:00:00,36.79,37.1,36.68,37.0,2803.454,0
2024-10-15 09:00:00,37.01,37.46,36.77,37.39,3446.269,0
2024-10-15 10:00:00,37.4,37.93,37.21,37.7,7051.781,0
2024-10-15 11:00:00,37.73,37.83,36.6,36.8,6383.578,0
2024-10-15 12:00:00,36.81,38.09,36.81,37.54,10144.802,0
2024-10-15 13:00:00,37.49,38.0,37.28,37.7,6720.696,0
2024-10-15 14:00:00,37.72,37.78,36.73,37.1,9469.922,0
2024-10-15 15:00:00,37.1,37.59,36.43,37.28,7974.284,0
2024-10-15 16:00:00,37.27,37.99,37.1,37.69,4508.719,0
2024-10-15 17:00:00,37.68,37.71,37.15,37.37,2828.742,0
2024-10-15 18:00:00,37.36,38.34,37.34,38.14,9425.355,0
2024-10-15 19:00:00,38.13,38.35,37.75,37.86,3918.545,0
2024-10-15 20:00:00,37.87,37.95,37.18,37.18,2922.175,0
2024-10-15 21:00:00,37.18,37.83,37.12,37.83,2774.051,0
2024-10-15 22:00:00,37.82,37.93,37.28,37.56,4331.098,0
2024-10-15 23:00:00,37.57,37.63,37.28,37.43,1852.897,0
2024-10-16 00:00:00,37.43,37.43,36.71,36.92,4646.467,0
2024-10-16 01:00:00,36.91,37.25,36.69,37.23,3068.347,0
2024-10-16 02:00:00,37.25,37.56,37.15,37.29,2382.525,0
2024-10-16 03:00:00,37.37,38.62,37.27,38.45,9746.169,0
2024-10-16 04:00:00,38.42,40.81,38.38,40.0,40856.418,0
2024-10-16 05:00:00,40.02,40.06,38.65,38.69,13151.948,0
2024-10-16 06:00:00,38.69,38.89,38.37,38.66,4888.85,0
2024-10-16 07:00:00,38.64,38.67,37.29,37.92,21092.008,0
2024-10-16 08:00:00,37.89,38.5,37.88,38.28,4530.364,0
2024-10-16 09:00:00,38.26,38.47,38.15,38.15,4648.615,0
2024-10-16 10:00:00,38.15,38.39,38.02,38.08,1666.112,0
2024-10-16 11:00:00,38.06,38.37,37.72,38.07,3451.369,0
2024-10-16 12:00:00,38.06,39.31,37.92,39.23,10140.319,0
2024-10-16 13:00:00,39.23,39.34,37.69,38.03,12437.355,0
2024-10-16 14:00:00,38.06,38.63,37.6,37.71,7226.09,0
2024-10-16 15:00:00,37.66,38.01,37.26,37.33,4489.51,0
2024-10-16 16:00:00,37.31,37.63,36.87,37.44,5983.783,0
2024-10-16 17:00:00,37.43,37.54,37.32,37.4,1943.462,0
2024-10-16 18:00:00,37.41,37.87,37.41,37.86,1148.476,0
2024-10-16 19:00:00,37.86,37.87,37.5,37.8,1059.954,0
2024-10-16 20:00:00,37.82,38.0,37.0,37.25,11501.754,0
2024-10-16 21:00:00,37.25,37.37,36.82,36.89,4531.138,0
2024-10-16 22:00:00,36.88,37.17,36.83,36.98,1125.113,0
2024-10-16 23:00:00,36.96,37.07,36.81,36.95,1652.144,0
2024-10-17 00:00:00,36.95,37.08,36.89,36.95,1674.394,0
2024-10-17 01:00:00,36.96,37.13,36.83,37.08,3227.129,0
2024-10-17 02:00:00,37.08,37.19,36.82,36.94,2193.932,0
2024-10-17 03:00:00,36.94,37.65,36.94,37.29,5522.975,0
2024-10-17 04:00:00,37.31,37.34,35.0,35.38,17162.854,0
2024-10-17 05:00:00,35.35,35.9,35.31,35.45,5933.154,0
2024-10-17 06:00:00,35.48,35.62,35.27,35.3,2407.794,0
2024-10-17 07:00:00,35.3,35.42,35.2,35.3,1609.517,0
2024-10-17 08:00:00,35.28,35.75,35.25,35.55,5706.165,0
2024-10-17 09:00:00,35.56,35.57,35.06,35.38,4997.678,0
2024-10-17 10:00:00,35.38,35.49,34.88,35.41,4970.379,0
2024-10-17 11:00:00,35.41,35.59,35.09,35.2,2230.853,0
2024-10-17 12:00:00,35.22,35.45,35.01,35.11,2809.259,0
2024-10-17 13:00:00,35.1,36.39,35.08,35.58,12782.065,0
2024-10-17 14:00:00,35.59,36.26,35.34,35.86,7324.968,0
2024-10-17 15:00:00,35.88,36.07,35.67,35.78,2816.87,0
2024-10-17 16:00:00,35.79,36.45,35.74,36.32,3113.537,0
2024-10-17 17:00:00,36.33,36.51,36.04,36.15,1963.298,0
2024-10-17 18:00:00,36.15,36.2,35.84,35.92,1547.709,0
2024-10-17 19:00:00,35.92,36.27,35.85,36.16,3152.115,0
2024-10-17 20:00:00,36.15,36.26,35.99,35.99,766.742,0
2024-10-17 21:00:00,35.98,36.4,35.95,36.17,1088.616,0
2024-10-17 22:00:00,36.15,36.17,36.04,36.05,755.291,0
2024-10-17 23:00:00,36.04,36.2,35.92,36.14,1170.894,0
2024-10-18 00:00:00,36.1,36.12,35.76,35.79,1991.362,0
2024-10-18 01:00:00,35.77,36.24,35.6,36.12,6848.371,0
2024-10-18 02:00:00,36.12,36.38,36.0,36.15,3566.911,0
2024-10-18 03:00:00,36.15,36.15,35.79,35.83,1024.973,0
2024-10-18 04:00:00,35.82,35.93,35.5,35.53,2202.998,0
2024-10-18 05:00:00,35.53,35.72,35.45,35.72,1248.748,0
2024-10-18 06:00:00,35.7,35.92,35.67,35.84,382.637,0
2024-10-18 07:00:00,35.81,36.15,35.79,36.1,1796.361,0
2024-10-18 08:00:00,36.09,36.2,35.94,35.99,1002.831,0
2024-10-18 09:00:00,36.01,36.1,35.77,36.07,905.851,0
2024-10-18 10:00:00,36.06,36.16,35.95,36.16,629.337,0
2024-10-18 11:00:00,36.12,36.33,36.05,36.2,2112.083,0
2024-10-18 12:00:00,36.24,36.8,36.21,36.71,5816.809,0
2024-10-18 13:00:00,36.74,37.26,36.68,37.14,2874.617,0
2024-10-18 14:00:00,37.15,37.55,35.52,35.81,15470.925,0
2024-10-18 15:00:00,35.85,36.52,35.8,36.19,5947.688,0
2024-10-18 16:00:00,36.21,36.31,35.85,36.08,2811.539,0
2024-10-18 17:00:00,36.06,36.31,35.93,36.07,2415.365,0
2024-10-18 18:00:00,36.08,36.27,36.06,36.14,1621.404,0
2024-10-18 19:00:00,36.17,36.17,35.8,35.84,2777.391,0
2024-10-18 20:00:00,35.85,35.94,35.7,35.85,2350.369,0
2024-10-18 21:00:00,35.85,35.99,35.7,35.75,1160.394,0
2024-10-18 22:00:00,35.74,35.95,35.68,35.95,1973.899,0
2024-10-18 23:00:00,35.96,36.1,35.79,35.82,1415.104,0
2024-10-19 00:00:00,35.8,35.84,35.63,35.72,1057.844,0
2024-10-19 01:00:00,35.73,35.8,35.38,35.44,3813.489,0
2024-10-19 02:00:00,35.43,35.81,35.14,35.78,2469.501,0
2024-10-19 03:00:00,35.81,36.04,35.7,35.75,1906.323,0
2024-10-19 04:00:00,35.77,35.89,35.73,35.73,731.467,0
2024-10-19 05:00:00,35.74,35.75,35.46,35.54,837.388,0
2024-10-19 06:00:00,35.53,35.76,35.5,35.69,1292.382,0
2024-10-19 07:00:00,35.72,35.9,35.68,35.8,1024.644,0
2024-10-19 08:00:00,35.86,35.87,35.64,35.73,770.108,0
2024-10-19 09:00:00,35.71,35.72,35.38,35.41,2677.859,0
2024-10-19 10:00:00,35.39,35.64,35.35,35.57,1691.461,0
2024-10-19 11:00:00,35.56,35.7,35.29,35.46,2420.456,0
2024-10-19 12:00:00,35.42,35.57,35.34,35.34,1188.535,0
2024-10-19 13:00:00,35.34,35.46,35.3,35.43,743.183,0
2024-10-19 14:00:00,35.45,36.04,35.44,36.03,5868.192,0
2024-10-19 15:00:00,36.03,36.22,35.85,36.21,2510.9,0
2024-10-19 16:00:00,36.23,36.49,36.08,36.2,6378.38,0
2024-10-19 17:00:00,36.2,36.63,36.12,36.38,2173.371,0
2024-10-19 18:00:00,36.39,36.5,36.28,36.47,566.488,0
2024-10-19 19:00:00,36.47,36.51,36.37,36.37,767.242,0
2024-10-19 20:00:00,36.37,37.0,36.37,36.98,2607.273,0
2024-10-19 21:00:00,36.98,37.1,36.84,36.99,3458.505,0
2024-10-19 22:00:00,36.99,37.02,36.81,36.92,2796.903,0
2024-10-19 23:00:00,36.92,37.14,36.86,37.09,2743.953,0
2024-10-20 00:00:00,37.12,37.55,36.95,36.97,2222.053,0
2024-10-20 01:00:00,37.0,37.05,36.9,37.0,671.275,0
2024-10-20 02:00:00,36.97,37.01,36.65,36.65,2066.784,0
2024-10-20 03:00:00,36.71,36.75,36.35,36.37,1126.156,0
2024-10-20 04:00:00,36.37,36.37,35.93,36.18,3438.301,0
2024-10-20 05:00:00,36.14,36.22,35.95,36.15,1747.398,0
2024-10-20 06:00:00,36.15,36.23,35.89,36.21,2210.52,0
2024-10-20 07:00:00,36.21,36.31,36.01,36.1,2151.579,0
2024-10-20 08:00:00,36.08,36.17,35.99,36.04,1718.902,0
2024-10-20 09:00:00,36.01,36.39,35.97,36.34,2974.074,0
2024-10-20 10:00:00,36.33,36.34,36.16,36.24,1038.721,0
2024-10-20 11:00:00,36.18,36.43,36.11,36.32,713.945,0
2024-10-20 12:00:00,36.34,36.4,35.9,35.94,2584.625,0
2024-10-20 13:00:00,35.97,36.6,35.97,36.6,2082.95,0
2024-10-20 14:00:00,36.62,36.76,36.51,36.75,5063.495,0
2024-10-20 15:00:00,36.74,36.76,36.32,36.64,4612.704,0
2024-10-20 16:00:00,36.6,36.67,36.37,36.56,1492.996,0
2024-10-20 17:00:00,36.6,36.85,36.57,36.61,1914.373,0
2024-10-20 18:00:00,36.6,36.89,36.59,36.75,757.141,0
2024-10-20 19:00:00,36.73,36.99,36.62,36.65,1019.201,0
2024-10-20 20:00:00,36.65,36.99,36.65,36.91,1381.229,0
2024-10-20 21:00:00,36.9,37.07,36.85,36.99,780.903,0
2024-10-20 22:00:00,36.99,37.09,36.61,37.03,4948.822,0
2024-10-20 23:00:00,37.01,37.09,36.79,36.91,1584.365,0
2024-10-21 00:00:00,36.91,36.93,36.52,36.58,3275.16,0
2024-10-21 01:00:00,36.6,36.76,36.55,36.61,1152.755,0
2024-10-21 02:00:00,36.63,36.63,36.14,36.15,1190.52,0
2024-10-21 03:00:00,36.14,36.28,36.1,36.13,462.996,0
2024-10-21 04:00:00,36.12,37.05,36.07,37.01,14991.445,0
2024-10-21 05:00:00,37.01,37.1,36.8,36.86,2034.773,0
2024-10-21 06:00:00,36.84,39.68,36.73,38.74,23619.414,0
2024-10-21 07:00:00,38.75,39.13,38.37,38.67,12301.05,0
2024-10-21 08:00:00,38.68,39.1,38.21,38.27,4535.828,0
2024-10-21 09:00:00,38.26,38.56,38.14,38.36,3378.953,0
2024-10-21 10:00:00,38.33,38.4,38.07,38.26,2875.204,0
2024-10-21 11:00:00,38.27,38.34,37.7,37.9,10158.246,0
2024-10-21 12:00:00,37.93,38.49,37.67,37.72,6639.544,0
2024-10-21 13:00:00,37.72,37.87,37.17,37.59,7858.773,0
2024-10-21 14:00:00,37.6,37.81,37.43,37.77,2396.607,0
2024-10-21 15:00:00,37.77,37.82,37.2,37.46,2529.298,0
2024-10-21 16:00:00,37.46,37.46,36.86,37.15,2324.806,0
2024-10-21 17:00:00,37.14,37.34,37.01,37.2,1696.077,0
2024-10-21 18:00:00,37.22,37.42,37.08,37.26,2706.863,0
2024-10-21 19:00:00,37.23,38.56,37.23,38.12,7076.545,0
2024-10-21 20:00:00,38.14,38.29,37.9,37.99,2467.618,0
2024-10-21 21:00:00,38.02,38.11,37.9,38.1,1693.554,0
2024-10-21 22:00:00,38.07,38.12,37.72,37.74,1429.189,0
2024-10-21 23:00:00,37.74,37.74,37.27,37.43,3761.189,0
2024-10-22 00:00:00,37.53,37.7,36.62,37.0,7663.59,0
2024-10-22 01:00:00,37.04,37.15,36.86,36.99,973.822,0
2024-10-22 02:00:00,36.96,37.78,36.96,37.25,6156.593,0
2024-10-22 03:00:00,37.33,38.0,37.3,37.78,12229.798,0
2024-10-22 04:00:00,37.78,37.95,37.57,37.72,1612.416,0
2024-10-22 05:00:00,37.67,38.0,37.53,37.82,4019.961,0
2024-10-22 06:00:00,37.82,38.58,37.79,38.41,10375.195,0
2024-10-22 07:00:00,38.41,38.87,38.27,38.35,3090.396,0
2024-10-22 08:00:00,38.38,38.55,37.86,37.95,4940.363,0
2024-10-22 09:00:00,37.95,38.15,37.47,37.74,5436.945,0
2024-10-22 10:00:00,37.75,37.89,37.53,37.58,2014.639,0
2024-10-22 11:00:00,37.55,37.72,37.31,37.38,2817.528,0
2024-10-22 12:00:00,37.38,37.43,36.62,36.72,5190.708,0
2024-10-22 13:00:00,36.69,37.01,36.52,36.78,3923.779,0
2024-10-22 14:00:00,36.71,37.25,36.61,37.25,1988.469,0
2024-10-22 15:00:00,37.26,37.31,36.77,36.97,1774.969,0
2024-10-22 16:00:00,36.96,37.2,36.68,36.69,1580.429,0
2024-10-22 17:00:00,36.69,37.19,36.69,37.0,1637.553,0
2024-10-22 18:00:00,37.05,37.42,37.02,37.24,2301.404,0
2024-10-22 19:00:00,37.27,37.55,37.08,37.09,2654.383,0
2024-10-22 20:00:00,37.07,37.28,36.93,37.15,1644.293,0
2024-10-22 21:00:00,37.16,37.6,37.16,37.51,5910.47,0
2024-10-22 22:00:00,37.51,38.1,37.51,37.98,4246.77,0
2024-10-22 23:00:00,37.96,38.2,37.83,37.95,2041.343,0
2024-10-23 00:00:00,37.96,38.28,37.91,38.24,2011.773,0
2024-10-23 01:00:00,38.25,38.69,38.11,38.15,3206.672,0
2024-10-23 02:00:00,38.15,38.25,37.72,37.72,1513.144,0
2024-10-23 03:00:00,37.72,37.9,37.6,37.69,1455.024,0
2024-10-23 04:00:00,37.69,38.31,37.66,38.09,3006.177,0
2024-10-23 05:00:00,38.1,38.37,38.04,38.35,1585.834,0
2024-10-23 06:00:00,38.37,38.45,38.22,38.32,1424.872,0
2024-10-23 07:00:00,38.34,38.4,37.99,38.16,1674.967,0
2024-10-23 08:00:00,38.14,38.44,37.84,37.84,3496.926,0
2024-10-23 09:00:00,37.85,38.17,37.81,37.94,3758.177,0
2024-10-23 10:00:00,37.94,37.98,37.65,37.85,2481.49,0
2024-10-23 11:00:00,37.82,37.9,37.42,37.49,2640.863,0
2024-10-23 12:00:00,37.52,37.95,37.47,37.86,2984.223,0
2024-10-23 13:00:00,37.86,37.99,37.52,37.89,2656.697,0
2024-10-23 14:00:00,37.87,37.97,37.51,37.72,2375.234,0
2024-10-23 15:00:00,37.71,37.84,37.27,37.68,4072.925,0
2024-10-23 16:00:00,37.7,37.91,37.2,37.29,4401.494,0
2024-10-23 17:00:00,37.32,37.59,37.3,37.36,1830.875,0
2024-10-23 18:00:00,37.36,37.97,37.1,37.88,5077.227,0
2024-10-23 19:00:00,37.89,37.98,37.55,37.81,4826.797,0
2024-10-23 20:00:00,37.79,37.96,37.48,37.67,2335.473,0
2024-10-23 21:00:00,37.69,37.96,37.53,37.56,1406.091,0
2024-10-23 22:00:00,37.57,37.86,37.53,37.81,1402.202,0
2024-10-23 23:00:00,37.81,37.93,37.57,37.89,1714.24,0
2024-10-24 00:00:00,37.89,38.46,37.77,38.39,7609.167,0
2024-10-24 01:00:00,38.39,38.74,38.18,38.2,2383.703,0
2024-10-24 02:00:00,38.19,38.33,37.03,37.18,7469.609,0
2024-10-24 03:00:00,37.18,38.02,37.15,37.62,4940.326,0
2024-10-24 04:00:00,37.63,38.02,37.56,37.79,1718.803,0
2024-10-24 05:00:00,37.8,37.96,37.44,37.52,2461.242,0
2024-10-24 06:00:00,37.51,37.64,37.16,37.17,1968.506,0
2024-10-24 07:00:00,37.19,37.49,36.91,37.24,3400.858,0
2024-10-24 08:00:00,37.16,37.39,36.67,36.9,1842.884,0
2024-10-24 09:00:00,36.85,37.08,36.64,36.96,4113.746,0
2024-10-24 10:00:00,36.95,37.27,36.89,36.91,1851.78,0
2024-10-24 11:00:00,36.91,36.92,36.5,36.6,2801.198,0
2024-10-24 12:00:00,36.63,37.06,36.62,36.76,2272.695,0
2024-10-24 13:00:00,36.78,37.08,36.69,36.84,1523.961,0
2024-10-24 14:00:00,36.85,36.88,35.89,36.15,5245.916,0
2024-10-24 15:00:00,36.13,36.83,35.88,36.33,9668.906,0
2024-10-24 16:00:00,36.34,36.62,36.28,36.31,2078.968,0
2024-10-24 17:00:00,36.32,36.97,36.32,36.82,2449.638,0
2024-10-24 18:00:00,36.82,37.31,36.76,37.12,3225.734,0
2024-10-24 19:00:00,37.12,37.3,37.0,37.16,3243.844,0
2024-10-24 20:00:00,37.16,37.35,36.62,36.7,5227.956,0
2024-10-24 21:00:00,36.7,37.08,36.69,37.04,1898.509,0
2024-10-24 22:00:00,37.0,37.0,36.58,36.68,1737.102,0
2024-10-24 23:00:00,36.66,37.23,36.66,37.2,1515.563,0
2024-10-25 00:00:00,37.24,37.95,37.24,37.86,6148.296,0
2024-10-25 01:00:00,37.86,37.9,37.54,37.75,1510.053,0
2024-10-25 02:00:00,37.76,37.87,37.47,37.6,617.774,0
2024-10-25 03:00:00,37.61,37.72,37.16,37.21,1464.025,0
2024-10-25 04:00:00,37.22,37.29,36.59,36.68,1813.987,0
2024-10-25 05:00:00,36.68,37.05,36.53,36.88,2042.298,0
2024-10-25 06:00:00,36.9,36.94,36.74,36.79,463.902,0
2024-10-25 07:00:00,36.8,36.87,36.47,36.68,1596.543,0
2024-10-25 08:00:00,36.68,36.73,35.84,36.48,7013.333,0
2024-10-25 09:00:00,36.48,36.82,36.44,36.74,2112.914,0
2024-10-25 10:00:00,36.77,36.81,36.55,36.71,492.326,0
2024-10-25 11:00:00,36.71,36.73,36.21,36.3,1659.527,0
2024-10-25 12:00:00,36.28,36.41,36.11,36.28,2534.039,0
2024-10-25 13:00:00,36.25,36.42,35.95,36.19,3102.11,0
2024-10-25 14:00:00,36.18,36.71,35.96,36.38,2633.898,0
2024-10-25 15:00:00,36.38,37.16,36.36,36.77,6483.063,0
2024-10-25 16:00:00,36.76,36.76,36.33,36.53,2948.213,0
2024-10-25 17:00:00,36.52,36.92,35.85,35.95,3245.535,0
2024-10-25 18:00:00,35.92,37.18,35.71,36.22,17492.502,0
2024-10-25 19:00:00,36.23,36.37,36.0,36.19,1421.515,0
2024-10-25 20:00:00,36.19,36.42,36.01,36.12,1769.025,0
2024-10-25 21:00:00,36.18,36.28,36.01,36.24,643.672,0
2024-10-25 22:00:00,36.24,36.3,35.82,35.82,2599.159,0
2024-10-25 23:00:00,35.82,36.05,34.13,35.99,14064.294,0
2024-10-26 00:00:00,35.97,36.68,35.94,36.33,10260.476,0
2024-10-26 01:00:00,36.3,36.35,35.43,35.86,5727.375,0
2024-10-26 02:00:00,35.92,36.26,35.72,36.07,2237.53,0
2024-10-26 03:00:00,36.05,36.15,35.9,36.0,621.116,0
2024-10-26 04:00:00,35.97,36.17,35.91,36.07,833.43,0
2024-10-26 05:00:00,36.15,36.33,36.05,36.07,961.639,0
2024-10-26 06:00:00,36.08,36.13,35.88,35.88,815.904,0
2024-10-26 07:00:00,35.9,36.32,35.8,36.18,1576.502,0
2024-10-26 08:00:00,36.13,36.23,35.9,35.96,1176.8,0
2024-10-26 09:00:00,35.9,36.17,35.9,36.01,1356.224,0
2024-10-26 10:00:00,36.01,36.1,35.91,36.03,949.18,0
2024-10-26 11:00:00,36.02,36.07,35.93,36.06,891.471,0
2024-10-26 12:00:00,36.09,36.1,35.84,35.89,886.893,0
2024-10-26 13:00:00,35.88,36.05,35.81,35.89,1454.905,0
2024-10-26 14:00:00,35.89,36.02,34.85,34.95,7609.152,0
2024-10-26 15:00:00,34.92,35.31,34.76,35.0,3575.742,0
2024-10-26 16:00:00,34.99,35.27,34.95,34.96,1317.383,0
2024-10-26 17:00:00,34.96,35.28,34.96,35.18,2556.767,0
2024-10-26 18:00:00,35.18,35.22,34.93,34.99,971.792,0
2024-10-26 19:00:00,34.96,35.17,34.92,34.92,1383.419,0
2024-10-26 20:00:00,34.92,35.22,34.86,35.07,2212.414,0
2024-10-26 21:00:00,35.07,35.07,34.83,35.0,707.115,0
2024-10-26 22:00:00,35.0,35.0,34.8,34.85,721.123,0
2024-10-26 23:00:00,34.79,34.8,34.49,34.56,1446.977,0
2024-10-27 00:00:00,34.59,34.73,34.58,34.73,2812.484,0
2024-10-27 01:00:00,34.73,34.73,34.59,34.69,1146.988,0
2024-10-27 02:00:00,34.69,34.71,34.33,34.46,1584.967,0
2024-10-27 03:00:00,34.46,34.57,34.28,34.3,2569.38,0
2024-10-27 04:00:00,34.31,34.36,34.18,34.2,3880.042,0
2024-10-27 05:00:00,34.2,34.22,33.87,34.03,3258.464,0
2024-10-27 06:00:00,34.05,34.07,33.86,33.9,1715.422,0
2024-10-27 07:00:00,33.9,33.93,33.34,33.41,4561.096,0
2024-10-27 08:00:00,33.42,33.6,33.33,33.56,4610.791,0
2024-10-27 09:00:00,33.55,33.7,33.5,33.7,4217.39,0
2024-10-27 10:00:00,33.69,33.8,33.58,33.6,4570.879,0
2024-10-27 11:00:00,33.59,33.6,33.07,33.26,5865.021,0
2024-10-27 12:00:00,33.27,33.6,33.14,33.4,2876.964,0
2024-10-27 13:00:00,33.41,33.77,33.4,33.51,1213.483,0
2024-10-27 14:00:00,33.52,33.73,33.52,33.6,1532.319,0
2024-10-27 15:00:00,33.61,33.69,33.14,33.26,3241.467,0
2024-10-27 16:00:00,33.25,33.47,33.19,33.44,2299.107,0
2024-10-27 17:00:00,33.41,33.75,33.26,33.69,6762.937,0
2024-10-27 18:00:00,33.69,35.31,33.55,35.07,21240.237,0
2024-10-27 19:00:00,35.06,35.79,34.76,35.69,7792.351,0
2024-10-27 20:00:00,35.68,36.89,35.47,36.77,14271.013,0
2024-10-27 21:00:00,36.8,37.05,36.28,36.5,8316.635,0
2024-10-27 22:00:00,36.52,37.5,35.98,37.25,10911.007,0
2024-10-27 23:00:00,37.27,38.73,37.11,38.38,20227.523,0
2024-10-28 00:00:00,38.36,39.2,38.05,38.71,20170.868,0
2024-10-28 01:00:00,38.78,38.87,38.01,38.13,16919.614,0
2024-10-28 02:00:00,38.15,38.61,38.05,38.29,6929.901,0
2024-10-28 03:00:00,38.29,38.34,37.71,37.71,7199.821,0
2024-10-28 04:00:00,37.71,37.92,37.2,37.4,9292.934,0
2024-10-28 05:00:00,37.42,37.65,37.21,37.57,1931.713,0
2024-10-28 06:00:00,37.6,37.69,36.95,37.09,4755.612,0
2024-10-28 07:00:00,37.09,38.0,37.07,37.79,4846.382,0
2024-10-28 08:00:00,37.82,38.9,37.82,38.54,21316.524,0
2024-10-28 09:00:00,38.48,38.52,37.98,38.07,6408.883,0
2024-10-28 10:00:00,38.09,38.58,37.9,38.43,11748.502,0
2024-10-28 11:00:00,38.43,38.48,37.85,37.97,7202.549,0
2024-10-28 12:00:00,38.0,38.14,37.68,38.07,7056.744,0
2024-10-28 13:00:00,38.07,38.82,37.73,38.17,14146.717,0
2024-10-28 14:00:00,38.14,38.15,37.38,37.86,10442.952,0
2024-10-28 15:00:00,37.84,37.88,37.49,37.56,4594.942,0
2024-10-28 16:00:00,37.55,38.04,37.31,37.67,7646.607,0
2024-10-28 17:00:00,37.67,39.4,37.34,37.85,16891.626,0
2024-10-28 18:00:00,37.87,38.57,37.86,38.33,9256.472,0
2024-10-28 19:00:00,38.27,38.42,37.98,38.14,6952.229,0
2024-10-28 20:00:00,38.1,38.5,38.0,38.23,4205.795,0
2024-10-28 21:00:00,38.22,38.67,38.09,38.58,5429.5,0
2024-10-28 22:00:00,38.6,39.09,38.15,38.35,5468.918,0
2024-10-28 23:00:00,38.41,38.59,38.28,38.32,2716.934,0
2024-10-29 00:00:00,38.37,39.71,38.29,39.42,9835.403,0
2024-10-29 01:00:00,39.43,39.77,39.38,39.59,5236.218,0
2024-10-29 02:00:00,39.55,41.11,39.32,40.89,22330.756,0
2024-10-29 03:00:00,40.96,41.12,39.87,39.92,8798.554,0
2024-10-29 04:00:00,39.92,39.94,37.88,37.98,15738.455,0
2024-10-29 05:00:00,37.96,38.06,35.81,37.58,33713.609,0
2024-10-29 06:00:00,37.6,37.93,37.19,37.36,7968.13,0
2024-10-29 07:00:00,37.35,37.37,36.75,36.76,6292.636,0
2024-10-29 08:00:00,36.77,37.59,36.59,37.22,8362.487,0
2024-10-29 09:00:00,37.22,37.78,37.13,37.68,4412.552,0
2024-10-29 10:00:00,37.71,38.34,37.35,38.17,6879.937,0
2024-10-29 11:00:00,38.16,38.48,37.81,37.9,7552.671,0
2024-10-29 12:00:00,37.89,38.18,37.73,38.16,4390.387,0
2024-10-29 13:00:00,38.15,38.35,37.93,38.21,4942.838,0
2024-10-29 14:00:00,38.21,38.88,38.17,38.82,7019.114,0
2024-10-29 15:00:00,38.83,39.05,38.51,38.55,6759.969,0
2024-10-29 16:00:00,38.54,39.15,38.43,38.94,9822.874,0
2024-10-29 17:00:00,38.94,39.08,38.36,38.49,7057.512,0
2024-10-29 18:00:00,38.54,38.77,38.24,38.51,6607.135,0
2024-10-29 19:00:00,38.51,38.62,37.96,38.12,6007.182,0
2024-10-29 20:00:00,38.12,38.4,37.97,38.26,1537.38,0
2024-10-29 21:00:00,38.25,38.82,38.23,38.59,2157.068,0
2024-10-29 22:00:00,38.58,38.68,38.4,38.54,2261.619,0
2024-10-29 23:00:00,38.57,38.61,38.45,38.47,1039.781,0
2024-10-30 00:00:00,38.48,39.61,38.31,39.13,10559.407,0
2024-10-30 01:00:00,39.12,39.79,38.91,39.75,6091.803,0
2024-10-30 02:00:00,39.69,39.87,39.16,39.33,3505.576,0
2024-10-30 03:00:00,39.34,39.81,39.33,39.42,2266.505,0
2024-10-30 04:00:00,39.43,39.52,39.28,39.38,705.098,0
2024-10-30 05:00:00,39.39,39.76,39.38,39.47,2581.916,0
2024-10-30 06:00:00,39.44,39.73,39.4,39.63,1206.475,0
2024-10-30 07:00:00,39.62,39.7,39.46,39.64,2137.11,0
2024-10-30 08:00:00,39.58,39.81,38.09,38.51,16781.411,0
2024-10-30 09:00:00,38.5,38.68,38.28,38.4,3606.777,0
2024-10-30 10:00:00,38.36,38.64,38.23,38.29,3471.322,0
2024-10-30 11:00:00,38.27,38.36,37.93,38.05,3661.633,0
2024-10-30 12:00:00,38.06,38.34,37.91,38.2,2504.482,0
2024-10-30 13:00:00,38.2,38.34,38.08,38.2,3097.767,0
2024-10-30 14:00:00,38.2,38.35,38.06,38.19,2916.271,0
2024-10-30 15:00:00,38.18,38.68,37.92,38.44,3170.678,0
2024-10-30 16:00:00,38.4,38.5,38.2,38.23,1391.162,0
2024-10-30 17:00:00,38.23,38.57,38.09,38.48,1053.898,0
2024-10-30 18:00:00,38.45,38.47,38.26,38.36,1451.898,0
2024-10-30 19:00:00,38.31,38.45,38.25,38.28,784.552,0
2024-10-30 20:00:00,38.26,38.52,38.14,38.46,1362.228,0
2024-10-30 21:00:00,38.48,38.56,38.34,38.49,1709.856,0
2024-10-30 22:00:00,38.54,38.8,38.38,38.43,3150.914,0
2024-10-30 23:00:00,38.47,38.6,38.28,38.44,1086.96,0
2024-10-31 00:00:00,38.4,38.5,38.28,38.32,1657.313,0
2024-10-31 01:00:00,38.32,38.44,38.18,38.35,1387.006,0
2024-10-31 02:00:00,38.4,38.43,38.15,38.15,520.567,0
2024-10-31 03:00:00,38.17,38.25,38.02,38.11,843.032,0
2024-10-31 04:00:00,38.11,38.34,38.1,38.2,1491.351,0
2024-10-31 05:00:00,38.18,38.27,38.15,38.21,839.184,0
2024-10-31 06:00:00,38.2,38.24,38.1,38.17,1554.464,0
2024-10-31 07:00:00,38.16,38.41,38.09,38.33,1173.69,0
2024-10-31 08:00:00,38.33,38.33,38.1,38.21,1103.916,0
2024-10-31 09:00:00,38.21,38.3,38.02,38.05,1626.761,0
2024-10-31 10:00:00,38.04,38.13,37.77,37.86,3658.504,0
2024-10-31 11:00:00,37.89,37.89,37.51,37.52,1803.157,0
2024-10-31 12:00:00,37.52,37.62,37.36,37.5,2244.056,0
2024-10-31 13:00:00,37.52,37.58,37.23,37.41,1799.858,0
2024-10-31 14:00:00,37.42,37.43,36.88,37.07,4793.278,0
2024-10-31 15:00:00,37.09,37.34,36.87,37.07,1747.185,0
2024-10-31 16:00:00,37.02,37.18,36.92,37.04,1788.625,0
2024-10-31 17:00:00,37.03,37.26,36.69,37.15,3455.673,0
2024-10-31 18:00:00,37.18,37.21,36.63,37.08,2160.508,0
2024-10-31 19:00:00,37.09,37.22,36.76,36.77,998.268,0
2024-10-31 20:00:00,36.78,37.0,36.73,36.95,1384.645,0
2024-10-31 21:00:00,36.92,37.0,36.84,36.96,747.032,0
2024-10-31 22:00:00,36.9,37.2,36.69,36.81,2218.119,0
2024-10-31 23:00:00,36.83,36.97,36.76,36.82,991.3,0
2024-11-01 00:00:00,36.81,37.07,36.76,37.02,956.798,0
2024-11-01 01:00:00,36.96,37.1,36.78,36.95,2232.65,0
2024-11-01 02:00:00,36.92,37.17,36.74,36.78,4346.349,0
2024-11-01 03:00:00,36.78,37.07,36.78,36.86,404.303,0
2024-11-01 04:00:00,36.88,37.01,36.85,36.94,430.089,0
2024-11-01 05:00:00,37.0,37.16,36.9,37.07,610.008,0
2024-11-01 06:00:00,37.07,37.07,36.66,36.76,1613.09,0
2024-11-01 07:00:00,36.76,36.83,36.43,36.57,3131.613,0
2024-11-01 08:00:00,36.55,36.85,36.5,36.75,1130.26,0
2024-11-01 09:00:00,36.75,37.1,36.67,36.98,3621.007,0
2024-11-01 10:00:00,36.96,37.1,36.88,37.02,1231.842,0
2024-11-01 11:00:00,37.0,37.3,36.97,37.24,1510.623,0
2024-11-01 12:00:00,37.25,37.99,37.2,37.82,2480.99,0
2024-11-01 13:00:00,37.82,37.91,37.62,37.88,5825.717,0
2024-11-01 14:00:00,37.87,38.12,37.8,37.94,2703.61,0
2024-11-01 15:00:00,37.97,38.14,37.63,37.82,7809.609,0
2024-11-01 16:00:00,37.83,37.98,37.64,37.69,3147.117,0
2024-11-01 17:00:00,37.66,37.94,37.45,37.85,3879.39,0
2024-11-01 18:00:00,37.85,37.9,37.65,37.82,642.778,0
2024-11-01 19:00:00,37.8,38.0,37.66,37.82,2418.764,0
2024-11-01 20:00:00,37.83,37.94,37.8,37.93,1294.431,0
2024-11-01 21:00:00,37.91,37.93,37.53,37.86,3519.051,0
2024-11-01 22:00:00,37.86,38.1,37.76,37.83,3861.545,0
2024-11-01 23:00:00,37.83,38.14,37.77,37.88,2269.965,0
2024-11-02 00:00:00,37.86,38.34,37.86,38.01,2310.119,0
2024-11-02 01:00:00,38.01,38.08,37.82,38.0,3405.963,0
2024-11-02 02:00:00,38.0,38.79,38.0,38.47,2835.44,0
2024-11-02 03:00:00,38.46,38.62,38.22,38.22,999.449,0
2024-11-02 04:00:00,38.22,38.29,37.92,37.96,992.634,0
2024-11-02 05:00:00,37.92,38.18,37.78,38.09,1915.696,0
2024-11-02 06:00:00,38.11,38.12,37.77,37.9,957.806,0
2024-11-02 07:00:00,37.86,37.86,37.53,37.56,1775.524,0
2024-11-02 08:00:00,37.55,37.57,37.27,37.52,2852.327,0
2024-11-02 09:00:00,37.51,37.86,37.45,37.77,1498.867,0
2024-11-02 10:00:00,37.76,37.76,37.53,37.57,1251.599,0
2024-11-02 11:00:00,37.58,37.65,37.36,37.4,659.791,0
2024-11-02 12:00:00,37.39,37.39,36.94,36.97,3475.109,0
2024-11-02 13:00:00,36.99,37.26,36.7,36.83,1885.729,0
2024-11-02 14:00:00,36.83,37.0,36.65,36.73,5410.195,0
2024-11-02 15:00:00,36.73,36.84,36.53,36.84,1451.99,0
2024-11-02 16:00:00,36.81,37.33,36.81,37.13,2157.265,0
2024-11-02 17:00:00,37.13,37.16,36.68,36.71,1592.722,0
2024-11-02 18:00:00,36.71,36.74,36.16,36.29,2578.685,0
2024-11-02 19:00:00,36.29,36.57,36.18,36.43,1249.045,0
2024-11-02 20:00:00,36.44,36.96,36.31,36.92,1301.28,0
2024-11-02 21:00:00,36.9,37.0,36.87,36.97,272.751,0
2024-11-02 22:00:00,36.97,37.0,36.76,36.76,374.42,0
2024-11-02 23:00:00,36.78,36.87,36.53,36.87,1072.373,0
2024-11-03 00:00:00,36.9,36.96,36.65,36.66,437.915,0
2024-11-03 01:00:00,36.69,36.76,36.51,36.51,567.239,0
2024-11-03 02:00:00,36.5,36.67,36.13,36.3,5198.846,0
2024-11-03 03:00:00,36.24,36.6,36.15,36.33,2034.643,0
2024-11-03 04:00:00,36.35,36.76,36.34,36.75,576.443,0
2024-11-03 05:00:00,36.76,37.0,36.66,36.66,704.118,0
2024-11-03 06:00:00,36.7,37.14,36.69,37.06,343.972,0
2024-11-03 07:00:00,37.08,37.17,36.95,36.96,576.514,0
2024-11-03 08:00:00,36.96,37.02,36.82,36.92,471.094,0
2024-11-03 09:00:00,36.94,36.96,36.34,36.37,1224.121,0
2024-11-03 10:00:00,36.41,37.02,36.41,36.9,3623.521,0
2024-11-03 11:00:00,36.92,37.0,36.48,36.5,1373.778,0
2024-11-03 12:00:00,36.48,36.74,36.46,36.46,1377.212,0
2024-11-03 13:00:00,36.46,36.51,36.17,36.28,3552.999,0
2024-11-03 14:00:00,36.29,36.47,35.79,36.01,8864.168,0
2024-11-03 15:00:00,35.99,36.08,35.6,36.05,7145.063,0
2024-11-03 16:00:00,36.04,36.42,35.9,35.98,2874.327,0
2024-11-03 17:00:00,36.0,36.42,36.0,36.32,3210.53,0
2024-11-03 18:00:00,36.32,36.5,35.92,36.11,2254.606,0
2024-11-03 19:00:00,36.09,36.81,36.0,36.81,2661.624,0
2024-11-03 20:00:00,36.8,37.08,36.71,37.04,1853.077,0
2024-11-03 21:00:00,37.04,37.87,36.9,37.73,6196.099,0
2024-11-03 22:00:00,37.76,37.84,37.39,37.64,3472.931,0
2024-11-03 23:00:00,37.59,37.59,37.19,37.22,1809.672,0
2024-11-04 00:00:00,37.19,37.19,36.21,36.57,4673.944,0
2024-11-04 01:00:00,36.68,37.16,36.62,37.08,1800.709,0
2024-11-04 02:00:00,37.05,37.27,37.0,37.18,1148.978,0
2024-11-04 03:00:00,37.21,37.67,37.18,37.53,5774.745,0
2024-11-04 04:00:00,37.53,37.6,37.23,37.34,1544.271,0
2024-11-04 05:00:00,37.35,37.56,36.86,36.89,4810.595,0
2024-11-04 06:00:00,36.85,37.0,36.73,36.95,712.332,0
2024-11-04 07:00:00,36.96,37.1,36.62,36.66,539.836,0
2024-11-04 08:00:00,36.66,36.75,36.45,36.7,1417.763,0
2024-11-04 09:00:00,36.71,36.89,36.33,36.67,1247.21,0
2024-11-04 10:00:00,36.66,37.11,36.61,36.78,1557.432,0
2024-11-04 11:00:00,36.76,37.04,36.63,36.89,2097.46,0
2024-11-04 12:00:00,36.92,37.43,36.78,37.35,2779.187,0
2024-11-04 13:00:00,37.36,37.42,37.14,37.18,3233.604,0
2024-11-04 14:00:00,37.18,38.36,37.07,38.2,12150.933,0
2024-11-04 15:00:00,38.19,38.25,37.76,37.95,2959.755,0
2024-11-04 16:00:00,37.96,38.3,37.67,37.88,7390.404,0
2024-11-04 17:00:00,37.9,37.99,37.64,37.66,2506.139,0
2024-11-04 18:00:00,37.66,37.98,37.53,37.7,6449.308,0
2024-11-04 19:00:00,37.7,37.78,37.43,37.64,2196.292,0
2024-11-04 20:00:00,37.62,37.87,37.5,37.63,3656.075,0
2024-11-04 21:00:00,37.62,37.7,36.56,36.68,3532.573,0
2024-11-04 22:00:00,36.68,37.43,36.61,37.05,3702.915,0
2024-11-04 23:00:00,37.05,37.07,36.69,36.93,1352.499,0
2024-11-05 00:00:00,36.89,37.39,36.61,37.07,5484.71,0
2024-11-05 01:00:00,37.12,37.28,36.61,36.99,1503.513,0
2024-11-05 02:00:00,36.94,37.11,36.9,37.01,1184.853,0
2024-11-05 03:00:00,37.02,37.24,36.94,37.19,1405.305,0
2024-11-05 04:00:00,37.19,37.74,37.19,37.43,2172.574,0
2024-11-05 05:00:00,37.43,37.68,37.43,37.62,1856.434,0
2024-11-05 06:00:00,37.63,38.03,37.6,37.9,1502.204,0
2024-11-05 07:00:00,37.9,37.97,37.67,37.86,2589.914,0
2024-11-05 08:00:00,37.82,37.86,37.46,37.59,1250.575,0
2024-11-05 09:00:00,37.6,37.69,37.28,37.28,3053.57,0
2024-11-05 10:00:00,37.28,37.4,37.06,37.36,1493.535,0
2024-11-05 11:00:00,37.34,37.34,37.11,37.2,956.199,0
2024-11-05 12:00:00,37.2,37.51,37.12,37.41,837.596,0
2024-11-05 13:00:00,37.42,37.94,37.34,37.76,4616.107,0
2024-11-05 14:00:00,37.76,38.29,37.6,38.28,7065.621,0
2024-11-05 15:00:00,38.29,38.4,37.96,38.14,4451.444,0
2024-11-05 16:00:00,38.14,38.84,38.08,38.84,2823.776,0
2024-11-05 17:00:00,38.85,38.91,38.37,38.56,4699.163,0
2024-11-05 18:00:00,38.56,38.63,38.3,38.35,1972.764,0
2024-11-05 19:00:00,38.37,38.5,37.81,38.04,2317.433,0
2024-11-05 20:00:00,37.98,38.33,37.88,38.28,3787.161,0
2024-11-05 21:00:00,38.28,38.28,37.97,38.02,1178.053,0
2024-11-05 22:00:00,38.05,38.19,37.63,38.19,1907.329,0
2024-11-05 23:00:00,38.19,38.42,38.12,38.21,1404.187,0
2024-11-06 00:00:00,38.21,39.5,38.1,39.17,7203.22,0
2024-11-06 01:00:00,39.25,39.46,38.67,38.69,6018.23,0
2024-11-06 02:00:00,38.7,38.74,37.62,38.29,16567.988,0
2024-11-06 03:00:00,38.28,38.88,38.2,38.84,10078.978,0
2024-11-06 04:00:00,38.82,39.6,38.81,39.02,16146.242,0
2024-11-06 05:00:00,39.0,39.54,38.31,39.41,14111.5,0
2024-11-06 06:00:00,39.42,39.55,38.79,38.85,9790.681,0
2024-11-06 07:00:00,38.86,39.32,38.61,38.76,4633.961,0
2024-11-06 08:00:00,38.76,38.81,37.88,38.64,4751.009,0
2024-11-06 09:00:00,38.6,38.98,38.6,38.88,1543.631,0
2024-11-06 10:00:00,38.89,38.95,38.62,38.67,2099.031,0
2024-11-06 11:00:00,38.68,39.02,38.39,39.01,3097.432,0
2024-11-06 12:00:00,39.01,39.19,38.75,38.84,2817.722,0
2024-11-06 13:00:00,38.88,41.0,38.6,40.36,39737.905,0
2024-11-06 14:00:00,40.4,40.58,40.0,40.06,9749.412,0
2024-11-06 15:00:00,40.09,40.4,39.74,39.97,9278.978,0
2024-11-06 16:00:00,39.96,41.36,39.95,41.25,24964.478,0
2024-11-06 17:00:00,41.22,41.4,41.0,41.0,16334.399,0
2024-11-06 18:00:00,41.0,41.9,41.0,41.13,19701.692,0
2024-11-06 19:00:00,41.11,41.8,41.1,41.69,4210.231,0
2024-11-06 20:00:00,41.75,42.21,41.71,42.03,3506.192,0
2024-11-06 21:00:00,42.02,42.38,41.93,42.12,2226.93,0
2024-11-06 22:00:00,42.15,42.2,41.65,42.11,3001.723,0
2024-11-06 23:00:00,42.14,43.33,42.01,43.24,21897.446,0
2024-11-07 00:00:00,43.25,43.69,42.75,43.41,6660.451,0
2024-11-07 01:00:00,43.4,44.7,43.03,44.63,30089.327,0
2024-11-07 02:00:00,44.63,45.2,44.51,45.17,7148.09,0
2024-11-07 03:00:00,45.14,45.81,44.69,44.88,14364.822,0
2024-11-07 04:00:00,44.88,45.76,44.88,45.49,9598.096,0
2024-11-07 05:00:00,45.52,45.62,44.7,44.86,7395.267,0
2024-11-07 06:00:00,44.89,45.04,43.93,44.79,18986.654,0
2024-11-07 07:00:00,44.81,45.32,44.67,44.71,5553.29,0
2024-11-07 08:00:00,44.7,45.31,44.7,45.16,5685.094,0
2024-11-07 09:00:00,45.17,45.44,44.97,45.22,3300.446,0
2024-11-07 10:00:00,45.17,45.18,44.52,44.91,4376.794,0
2024-11-07 11:00:00,44.9,45.0,44.32,44.38,2582.909,0
2024-11-07 12:00:00,44.42,45.05,44.4,44.5,4672.091,0
2024-11-07 13:00:00,44.52,44.62,43.66,43.78,8359.387,0
2024-11-07 14:00:00,43.8,43.89,43.22,43.65,7256.251,0
2024-11-07 15:00:00,43.62,44.47,43.45,44.25,6757.903,0
2024-11-07 16:00:00,44.25,44.71,44.06,44.45,6948.495,0
2024-11-07 17:00:00,44.44,44.53,44.12,44.31,3267.065,0
2024-11-07 18:00:00,44.28,44.55,43.93,44.16,2627.911,0
2024-11-07 19:00:00,44.17,44.28,43.67,44.09,2829.198,0
2024-11-07 20:00:00,44.09,44.46,43.95,44.32,2178.122,0
2024-11-07 21:00:00,44.32,44.47,44.09,44.14,2240.5,0
2024-11-07 22:00:00,44.12,44.26,43.76,43.91,1593.677,0
2024-11-07 23:00:00,43.96,44.2,43.73,44.07,1670.415,0
2024-11-08 00:00:00,44.08,44.59,42.71,42.88,28647.082,0
2024-11-08 01:00:00,42.88,43.38,42.53,43.1,11741.705,0
2024-11-08 02:00:00,43.09,43.09,42.24,42.35,6852.286,0
2024-11-08 03:00:00,42.32,42.39,42.16,42.29,2869.97,0
2024-11-08 04:00:00,42.29,42.61,42.12,42.28,2560.773,0
2024-11-08 05:00:00,42.26,43.21,42.24,43.12,4651.752,0
2024-11-08 06:00:00,43.11,43.36,42.67,42.77,6561.626,0
2024-11-08 07:00:00,42.77,44.17,42.4,43.84,27431.198,0
2024-11-08 08:00:00,43.84,43.93,43.26,43.36,4637.976,0
2024-11-08 09:00:00,43.31,43.54,43.1,43.48,2387.118,0
2024-11-08 10:00:00,43.55,43.66,43.36,43.59,1292.176,0
2024-11-08 11:00:00,43.62,43.76,43.54,43.58,2226.755,0
2024-11-08 12:00:00,43.54,44.1,43.35,43.66,3990.16,0
2024-11-08 13:00:00,43.64,45.07,43.32,44.88,16082.949,0
2024-11-08 14:00:00,44.91,45.05,44.52,44.68,8582.882,0
2024-11-08 15:00:00,44.67,45.35,44.18,44.97,9204.938,0
2024-11-08 16:00:00,44.99,45.44,44.52,45.03,7443.341,0
2024-11-08 17:00:00,44.98,46.66,44.47,45.51,14196.096,0
2024-11-08 18:00:00,45.48,46.05,45.45,45.94,6985.609,0
2024-11-08 19:00:00,45.91,46.42,45.71,46.06,3237.489,0
2024-11-08 20:00:00,46.05,46.66,45.73,46.0,6385.609,0
2024-11-08 21:00:00,45.98,46.23,45.55,46.11,2223.811,0
2024-11-08 22:00:00,46.11,46.52,46.03,46.09,4360.372,0
2024-11-08 23:00:00,46.09,46.26,45.78,46.19,3024.488,0
2024-11-09 00:00:00,46.15,47.16,46.15,46.86,7790.318,0
2024-11-09 01:00:00,46.83,47.98,46.36,46.77,16961.803,0
2024-11-09 02:00:00,46.78,47.21,45.91,46.07,5618.219,0
2024-11-09 03:00:00,46.05,46.34,45.79,45.88,7724.018,0
2024-11-09 04:00:00,45.89,46.71,45.87,46.24,5128.3,0
2024-11-09 05:00:00,46.27,47.36,46.23,47.08,5027.207,0
2024-11-09 06:00:00,47.03,47.28,45.74,45.82,22068.991,0
2024-11-09 07:00:00,45.84,45.92,45.54,45.67,4326.624,0
2024-11-09 08:00:00,45.63,45.76,44.9,44.98,9365.021,0
2024-11-09 09:00:00,44.94,45.31,44.94,45.23,1998.299,0
2024-11-09 10:00:00,45.21,45.35,44.92,45.09,1565.841,0
2024-11-09 11:00:00,45.06,45.25,44.82,44.93,3785.495,0
2024-11-09 12:00:00,44.93,44.96,44.45,44.73,4534.554,0
2024-11-09 13:00:00,44.71,44.78,44.44,44.54,2869.875,0
2024-11-09 14:00:00,44.53,44.67,44.13,44.61,5173.797,0
2024-11-09 15:00:00,44.64,45.29,44.51,45.05,6214.354,0
2024-11-09 16:00:00,45.04,45.19,44.81,44.85,1262.584,0
2024-11-09 17:00:00,44.83,44.99,44.35,44.92,2224.75,0
2024-11-09 18:00:00,44.92,45.09,44.84,44.85,1252.02,0
2024-11-09 19:00:00,44.89,45.1,44.58,44.72,1294.07,0
2024-11-09 20:00:00,44.71,44.98,44.67,44.9,939.787,0
2024-11-09 21:00:00,44.86,45.23,44.82,45.05,2428.23,0
2024-11-09 22:00:00,45.02,45.98,44.98,45.8,10462.047,0
2024-11-09 23:00:00,45.79,46.18,45.58,46.08,7200.89,0
2024-11-10 00:00:00,46.08,46.1,45.32,45.55,3451.425,0
2024-11-10 01:00:00,45.61,45.96,45.45,45.85,1856.653,0
2024-11-10 02:00:00,45.93,46.28,45.29,45.86,13276.33,0
2024-11-10 03:00:00,45.83,45.99,44.59,44.99,24573.948,0
2024-11-10 04:00:00,45.03,45.57,44.41,45.41,10030.255,0
2024-11-10 05:00:00,45.45,46.14,45.28,45.96,6964.324,0
2024-11-10 06:00:00,45.91,46.96,45.49,46.96,10306.651,0
2024-11-10 07:00:00,46.95,46.97,46.35,46.6,2116.414,0
2024-11-10 08:00:00,46.59,46.99,46.4,46.91,1727.599,0
2024-11-10 09:00:00,46.87,47.12,46.56,47.05,3712.338,0
2024-11-10 10:00:00,47.06,47.55,46.78,47.12,4548.093,0
2024-11-10 11:00:00,47.08,48.2,47.06,48.09,6971.376,0
2024-11-10 12:00:00,48.09,48.09,46.31,46.88,19050.433,0
2024-11-10 13:00:00,46.92,47.99,46.55,47.31,10404.428,0
2024-11-10 14:00:00,47.31,47.73,45.91,46.27,7674.35,0
2024-11-10 15:00:00,46.28,47.14,45.95,47.07,4997.045,0
2024-11-10 16:00:00,47.05,47.12,46.32,46.77,2763.482,0
2024-11-10 17:00:00,46.72,47.36,46.51,46.98,2838.496,0
2024-11-10 18:00:00,46.93,47.6,46.61,47.4,9564.195,0
2024-11-10 19:00:00,47.4,47.79,45.93,46.46,6261.53,0
2024-11-10 20:00:00,46.35,46.7,45.31,45.37,8676.997,0
2024-11-10 21:00:00,45.37,45.81,44.03,45.63,7271.613,0
2024-11-10 22:00:00,45.57,46.23,45.31,45.77,5363.732,0
2024-11-10 23:00:00,45.79,45.84,45.01,45.49,2496.049,0
2024-11-11 00:00:00,45.53,46.68,45.4,46.17,6121.174,0
2024-11-11 01:00:00,46.22,47.68,46.16,47.52,31925.194,0
2024-11-11 02:00:00,47.53,48.0,47.24,47.26,8476.915,0
2024-11-11 03:00:00,47.28,47.31,46.7,46.79,4073.266,0
2024-11-11 04:00:00,46.82,47.13,46.36,46.53,2695.123,0
2024-11-11 05:00:00,46.55,46.76,44.45,44.98,16691.457,0
2024-11-11 06:00:00,44.98,45.85,44.73,45.5,11007.773,0
2024-11-11 07:00:00,45.49,45.68,45.02,45.26,5146.222,0
2024-11-11 08:00:00,45.25,45.56,45.2,45.46,2198.939,0
2024-11-11 09:00:00,45.47,45.82,45.12,45.57,4679.865,0
2024-11-11 10:00:00,45.55,46.16,44.63,45.21,21586.436,0
2024-11-11 11:00:00,45.24,45.63,45.15,45.6,4294.534,0
2024-11-11 12:00:00,45.59,45.7,44.6,44.67,8303.798,0
2024-11-11 13:00:00,44.69,44.9,44.39,44.4,3882.438,0
2024-11-11 14:00:00,44.44,44.69,43.85,44.56,6241.765,0
2024-11-11 15:00:00,44.52,45.2,44.1,44.74,14111.429,0
2024-11-11 16:00:00,44.7,44.95,43.41,44.15,30049.067,0
2024-11-11 17:00:00,44.09,44.69,44.05,44.5,3431.315,0
2024-11-11 18:00:00,44.4,45.01,44.09,44.85,6320.828,0
2024-11-11 19:00:00,44.83,44.89,43.76,44.04,8957.56,0
2024-11-11 20:00:00,44.07,44.5,43.87,44.41,4274.604,0
2024-11-11 21:00:00,44.36,44.78,44.22,44.29,3749.252,0
2024-11-11 22:00:00,44.28,44.4,43.29,44.36,6305.977,0
2024-11-11 23:00:00,44.38,45.47,44.3,45.29,5946.16,0
2024-11-12 00:00:00,45.31,45.34,43.5,44.39,11140.049,0
2024-11-12 01:00:00,44.41,44.93,43.66,44.05,17283.84,0
2024-11-12 02:00:00,44.05,44.12,42.55,42.9,26562.441,0
2024-11-12 03:00:00,42.91,43.41,41.78,42.48,35570.912,0
2024-11-12 04:00:00,42.47,42.79,42.0,42.07,9695.859,0
2024-11-12 05:00:00,42.01,42.68,41.89,42.51,12015.696,0
2024-11-12 06:00:00,42.51,43.46,42.43,42.98,21925.622,0
2024-11-12 07:00:00,42.97,43.88,42.76,43.49,16140.842,0
2024-11-12 08:00:00,43.5,44.35,43.3,44.33,8654.971,0
2024-11-12 09:00:00,44.33,44.58,42.17,42.28,12119.652,0
2024-11-12 10:00:00,42.3,42.79,39.75,41.6,34421.19,0
2024-11-12 11:00:00,41.57,42.42,40.37,40.49,24001.908,0
2024-11-12 12:00:00,40.49,41.33,40.01,40.47,18716.154,0
2024-11-12 13:00:00,40.48,41.26,40.14,41.23,7845.046,0
2024-11-12 14:00:00,41.2,41.71,40.75,41.61,5919.632,0
2024-11-12 15:00:00,41.65,41.83,41.24,41.62,6043.155,0
2024-11-12 16:00:00,41.63,41.68,40.41,40.66,9353.486,0
2024-11-12 17:00:00,40.67,41.28,40.43,40.54,4742.711,0
2024-11-12 18:00:00,40.53,41.56,40.51,41.32,5673.257,0
2024-11-12 19:00:00,41.32,41.53,40.96,41.02,3350.925,0
2024-11-12 20:00:00,41.04,41.63,40.82,41.33,2213.129,0
2024-11-12 21:00:00,41.32,41.8,40.88,41.8,3030.001,0
2024-11-12 22:00:00,41.78,43.14,41.6,42.72,7157.682,0
2024-11-12 23:00:00,42.71,42.71,41.83,41.98,4161.073,0
2024-11-13 00:00:00,41.94,42.49,41.75,41.75,3546.006,0
2024-11-13 01:00:00,41.8,42.35,41.05,41.75,3468.115,0
2024-11-13 02:00:00,41.72,41.76,39.55,40.03,38390.83,0
2024-11-13 03:00:00,40.04,40.38,39.28,39.29,16148.119,0
2024-11-13 04:00:00,39.27,40.14,38.23,39.34,17592.453,0
2024-11-13 05:00:00,39.26,39.29,38.67,38.76,10992.114,0
2024-11-13 06:00:00,38.76,39.29,38.24,38.66,9044.878,0
2024-11-13 07:00:00,38.68,39.49,38.61,39.39,4353.008,0
2024-11-13 08:00:00,39.39,39.83,39.24,39.38,2419.246,0
2024-11-13 09:00:00,39.39,39.7,39.16,39.6,3538.693,0
2024-11-13 10:00:00,39.62,39.86,39.28,39.82,1918.035,0
2024-11-13 11:00:00,39.77,40.12,39.68,39.78,2034.645,0
2024-11-13 12:00:00,39.74,40.09,39.36,39.92,2526.869,0
2024-11-13 13:00:00,39.9,40.67,39.77,40.4,8472.581,0
2024-11-13 14:00:00,40.43,41.06,39.6,40.99,31922.745,0
2024-11-13 15:00:00,41.02,41.36,40.0,40.6,34472.779,0
2024-11-13 16:00:00,40.61,40.77,38.2,38.93,80790.624,0
2024-11-13 17:00:00,38.91,40.01,38.91,39.76,13748.657,0
2024-11-13 18:00:00,39.8,40.53,39.52,40.05,13957.412,0
2024-11-13 19:00:00,40.06,40.3,38.2,38.34,24564.495,0
2024-11-13 20:00:00,38.34,38.76,37.66,38.08,11917.99,0
2024-11-13 21:00:00,38.1,38.39,37.16,38.12,7553.156,0
2024-11-13 22:00:00,38.14,38.78,37.98,38.54,4740.954,0
2024-11-13 23:00:00,38.53,38.87,38.33,38.67,1706.024,0
2024-11-14 00:00:00,38.65,38.89,38.14,38.15,4358.68,0
2024-11-14 01:00:00,38.14,38.62,37.79,38.41,4639.133,0
2024-11-14 02:00:00,38.47,38.64,38.13,38.39,3656.692,0
2024-11-14 03:00:00,38.38,38.44,37.21,37.93,24438.293,0
2024-11-14 04:00:00,37.95,38.69,37.8,38.69,5292.305,0
2024-11-14 05:00:00,38.69,38.71,38.39,38.68,6488.06,0
2024-11-14 06:00:00,38.61,39.2,38.47,38.51,5015.088,0
2024-11-14 07:00:00,38.46,38.96,38.21,38.84,4433.412,0
2024-11-14 08:00:00,38.84,39.33,38.8,39.2,3914.036,0
2024-11-14 09:00:00,39.21,39.49,38.84,39.11,4915.761,0
2024-11-14 10:00:00,39.07,39.36,38.11,38.19,4119.072,0
2024-11-14 11:00:00,38.19,38.23,37.4,38.11,7700.596,0
2024-11-14 12:00:00,38.1,38.5,37.82,38.34,7595.672,0
2024-11-14 13:00:00,38.32,38.62,37.73,38.0,5860.359,0
2024-11-14 14:00:00,37.98,38.55,36.89,36.91,10838.942,0
2024-11-14 15:00:00,36.91,37.33,36.49,36.74,11451.979,0
2024-11-14 16:00:00,36.75,37.49,36.46,37.45,4918.095,0
2024-11-14 17:00:00,37.45,37.6,37.2,37.38,3784.076,0
2024-11-14 18:00:00,37.41,37.73,37.24,37.31,3306.082,0
2024-11-14 19:00:00,37.36,37.84,37.33,37.72,1788.271,0
2024-11-14 20:00:00,37.67,37.75,37.25,37.39,3555.882,0
2024-11-14 21:00:00,37.36,37.82,37.24,37.77,1537.636,0
2024-11-14 22:00:00,37.77,37.92,37.14,37.43,5183.356,0
2024-11-14 23:00:00,37.42,37.51,36.4,36.77,7771.683,0
2024-11-15 00:00:00,36.78,37.47,36.58,36.85,6190.891,0
2024-11-15 01:00:00,36.85,37.59,36.7,37.5,4802.257,0
2024-11-15 02:00:00,37.55,37.65,37.06,37.64,3052.084,0
2024-11-15 03:00:00,37.64,38.18,37.13,37.28,7097.613,0
2024-11-15 04:00:00,37.27,37.37,36.42,36.83,4970.962,0
2024-11-15 05:00:00,36.78,37.21,36.42,37.19,3120.733,0
2024-11-15 06:00:00,37.21,37.7,37.0,37.43,10216.291,0
2024-11-15 07:00:00,37.43,37.69,37.17,37.23,1601.042,0
2024-11-15 08:00:00,37.21,37.78,36.88,37.75,7791.967,0
2024-11-15 09:00:00,37.75,38.27,37.68,38.01,3416.029,0
2024-11-15 10:00:00,38.02,38.09,37.82,38.01,2040.051,0
2024-11-15 11:00:00,38.04,38.15,37.86,38.13,3192.729,0
2024-11-15 12:00:00,38.14,38.45,38.03,38.36,7618.119,0
2024-11-15 13:00:00,38.37,38.48,37.92,38.17,4093.109,0
2024-11-15 14:00:00,38.16,38.38,37.43,37.76,3819.398,0
2024-11-15 15:00:00,37.7,37.73,37.1,37.46,5101.469,0
2024-11-15 16:00:00,37.45,38.02,37.26,37.67,3037.923,0
2024-11-15 17:00:00,37.74,38.26,37.66,37.91,4391.423,0
2024-11-15 18:00:00,37.91,38.2,37.76,37.99,3037.1,0
2024-11-15 19:00:00,37.96,38.35,37.9,38.27,1307.856,0
2024-11-15 20:00:00,38.28,39.06,38.25,38.99,8618.328,0
2024-11-15 21:00:00,38.95,38.95,38.61,38.7,3473.944,0
2024-11-15 22:00:00,38.71,38.77,38.51,38.62,2028.668,0
2024-11-15 23:00:00,38.59,38.72,38.3,38.49,3216.899,0
2024-11-16 00:00:00,38.45,38.48,37.98,38.31,4280.956,0
2024-11-16 01:00:00,38.31,38.76,38.3,38.64,1770.21,0
2024-11-16 02:00:00,38.61,39.02,38.55,38.86,3578.505,0
2024-11-16 03:00:00,38.88,39.04,38.82,39.0,1790.389,0
2024-11-16 04:00:00,38.99,39.06,38.77,38.91,3516.172,0
2024-11-16 05:00:00,38.93,39.02,38.7,39.0,5283.137,0
2024-11-16 06:00:00,38.98,39.02,38.51,38.56,2598.513,0
2024-11-16 07:00:00,38.58,38.96,38.58,38.89,1699.219,0
2024-11-16 08:00:00,38.91,39.07,38.8,39.05,2878.057,0
2024-11-16 09:00:00,39.05,39.39,38.87,39.32,3795.808,0
2024-11-16 10:00:00,39.32,39.61,39.1,39.5,3517.467,0
2024-11-16 11:00:00,39.48,39.99,39.39,39.99,4941.035,0
2024-11-16 12:00:00,39.98,40.21,39.32,40.16,9982.861,0
2024-11-16 13:00:00,40.19,41.08,40.1,41.01,6955.226,0
2024-11-16 14:00:00,40.99,42.51,40.92,42.41,27687.499,0
2024-11-16 15:00:00,42.43,42.97,40.49,41.32,22790.231,0
2024-11-16 16:00:00,41.3,41.46,40.7,41.35,5910.864,0
2024-11-16 17:00:00,41.31,42.37,41.01,42.02,7809.738,0
2024-11-16 18:00:00,42.03,43.96,41.8,43.9,30856.75,0
2024-11-16 19:00:00,43.9,46.5,43.54,45.99,46217.168,0
2024-11-16 20:00:00,45.98,46.87,44.88,45.97,31603.736,0
2024-11-16 21:00:00,46.0,46.97,44.95,45.06,14150.431,0
2024-11-16 22:00:00,45.07,45.2,44.24,44.36,8924.144,0
2024-11-16 23:00:00,44.42,45.55,44.24,44.98,20172.556,0
2024-11-17 00:00:00,44.96,45.58,44.8,45.51,4767.104,0
2024-11-17 01:00:00,45.48,45.89,43.03,43.29,15832.132,0
2024-11-17 02:00:00,43.29,43.32,42.15,43.2,11059.368,0
2024-11-17 03:00:00,43.15,43.6,42.58,43.29,8962.938,0
2024-11-17 04:00:00,43.28,43.45,42.85,43.27,4256.612,0
2024-11-17 05:00:00,43.19,43.41,42.87,42.96,4242.54,0
2024-11-17 06:00:00,42.96,44.0,42.78,43.98,22771.62,0
2024-11-17 07:00:00,44.0,45.5,43.9,44.14,32305.148,0
2024-11-17 08:00:00,44.18,45.05,43.8,43.87,25025.897,0
2024-11-17 09:00:00,43.87,44.38,43.14,43.43,6959.047,0
2024-11-17 10:00:00,43.43,43.59,43.15,43.55,4134.688,0
2024-11-17 11:00:00,43.54,43.54,42.53,42.66,10071.092,0
2024-11-17 12:00:00,42.67,43.29,42.47,43.1,7459.368,0
2024-11-17 13:00:00,43.09,43.27,42.78,42.98,4200.232,0
2024-11-17 14:00:00,43.02,43.27,42.6,42.97,3370.282,0
2024-11-17 15:00:00,42.97,43.52,42.72,43.48,5260.154,0
2024-11-17 16:00:00,43.46,43.49,42.96,43.31,3965.053,0
2024-11-17 17:00:00,43.3,44.04,42.85,43.86,8593.237,0
2024-11-17 18:00:00,43.86,43.86,42.56,42.61,4018.843,0
2024-11-17 19:00:00,42.64,42.87,42.27,42.61,4477.323,0
2024-11-17 20:00:00,42.57,43.23,42.25,43.11,3682.171,0
2024-11-17 21:00:00,43.1,43.6,43.02,43.21,4994.108,0
2024-11-17 22:00:00,43.21,44.46,42.85,43.77,11120.957,0
2024-11-17 23:00:00,43.76,44.62,43.3,44.5,5161.367,0
2024-11-18 00:00:00,44.5,45.25,44.27,45.09,5009.596,0
2024-11-18 01:00:00,45.09,45.98,44.94,45.87,4129.841,0
2024-11-18 02:00:00,45.86,46.74,45.56,46.3,11416.442,0
2024-11-18 03:00:00,46.3,47.46,45.95,47.37,8088.98,0
2024-11-18 04:00:00,47.35,47.68,45.89,46.05,8458.327,0
2024-11-18 05:00:00,46.07,46.84,46.05,46.14,3207.753,0
2024-11-18 06:00:00,46.18,46.82,45.9,46.69,7423.52,0
2024-11-18 07:00:00,46.7,47.97,45.17,47.33,25240.495,0
2024-11-18 08:00:00,47.35,47.97,47.28,47.47,14093.244,0
2024-11-18 09:00:00,47.45,47.5,46.6,46.65,6258.07,0
2024-11-18 10:00:00,46.63,46.82,46.08,46.13,5719.053,0
2024-11-18 11:00:00,46.13,47.05,46.13,46.35,7704.67,0
2024-11-18 12:00:00,46.42,46.68,45.41,46.36,12724.338,0
2024-11-18 13:00:00,46.39,46.43,44.98,45.26,9843.784,0
2024-11-18 14:00:00,45.23,46.01,45.09,45.64,4816.098,0
2024-11-18 15:00:00,45.66,46.43,45.56,46.12,5875.988,0
2024-11-18 16:00:00,46.17,46.88,45.86,46.19,5068.022,0
2024-11-18 17:00:00,46.19,46.26,45.47,45.62,4574.226,0
2024-11-18 18:00:00,45.63,45.83,45.15,45.21,3402.828,0
2024-11-18 19:00:00,45.21,45.25,44.16,44.48,5874.657,0
2024-11-18 20:00:00,44.45,45.62,44.39,44.68,7641.287,0
2024-11-18 21:00:00,44.68,45.08,44.31,44.33,3801.519,0
2024-11-18 22:00:00,44.33,45.1,44.33,44.8,4099.849,0
2024-11-18 23:00:00,44.82,45.05,44.48,44.85,4852.753,0
2024-11-19 00:00:00,44.85,45.21,44.5,44.91,3617.556,0
2024-11-19 01:00:00,44.89,45.19,44.77,45.1,2479.043,0
2024-11-19 02:00:00,45.11,45.18,44.46,44.77,4457.908,0
2024-11-19 03:00:00,44.78,45.13,44.56,45.02,2932.655,0
2024-11-19 04:00:00,45.01,45.09,44.13,44.46,2775.831,0
2024-11-19 05:00:00,44.47,44.91,44.26,44.86,1328.197,0
2024-11-19 06:00:00,44.87,45.11,44.56,44.83,1572.548,0
2024-11-19 07:00:00,44.83,44.87,44.18,44.43,3772.943,0
2024-11-19 08:00:00,44.43,44.43,43.73,43.92,4031.17,0
2024-11-19 09:00:00,43.93,44.07,43.52,43.97,4223.564,0
2024-11-19 10:00:00,43.97,44.5,43.89,44.47,5513.019,0
2024-11-19 11:00:00,44.47,44.68,44.35,44.42,3748.775,0
2024-11-19 12:00:00,44.43,45.98,44.27,44.67,17672.476,0
2024-11-19 13:00:00,44.68,44.77,43.41,43.44,6082.886,0
2024-11-19 14:00:00,43.43,43.91,43.23,43.64,4797.943,0
2024-11-19 15:00:00,43.67,43.99,43.5,43.89,8273.229,0
2024-11-19 16:00:00,43.89,43.95,43.56,43.68,3049.902,0
2024-11-19 17:00:00,43.65,44.08,43.4,43.71,3691.744,0
2024-11-19 18:00:00,43.69,44.42,43.69,44.34,3870.574,0
2024-11-19 19:00:00,44.37,44.49,44.04,44.04,1473.435,0
2024-11-19 20:00:00,43.99,44.27,42.88,43.25,5374.348,0
2024-11-19 21:00:00,43.21,43.38,42.51,42.98,7851.449,0
2024-11-19 22:00:00,42.98,43.14,42.31,42.51,4417.345,0
2024-11-19 23:00:00,42.5,42.83,42.44,42.78,2596.437,0
2024-11-20 00:00:00,42.74,42.74,41.81,42.3,2941.567,0
2024-11-20 01:00:00,42.25,42.49,41.85,42.11,1382.634,0
2024-11-20 02:00:00,42.12,42.26,41.82,42.03,2137.144,0
2024-11-20 03:00:00,42.03,42.06,41.19,41.93,7819.761,0
2024-11-20 04:00:00,41.95,42.34,41.73,42.18,7858.98,0
2024-11-20 05:00:00,42.14,42.42,41.2,41.78,21074.647,0
2024-11-20 06:00:00,41.78,42.05,41.5,41.6,2980.163,0
2024-11-20 07:00:00,41.65,41.67,41.35,41.37,2227.247,0
2024-11-20 08:00:00,41.34,41.8,41.26,41.67,4041.222,0
2024-11-20 09:00:00,41.68,41.76,41.41,41.6,4565.512,0
2024-11-20 10:00:00,41.59,41.72,41.4,41.41,2016.1,0
2024-11-20 11:00:00,41.43,41.43,40.92,41.26,4631.003,0
2024-11-20 12:00:00,41.28,41.71,40.99,41.41,4776.065,0
2024-11-20 13:00:00,41.38,41.83,41.25,41.77,4889.456,0
2024-11-20 14:00:00,41.77,43.64,41.75,43.0,32810.151,0
2024-11-20 15:00:00,43.02,43.27,42.63,42.89,13183.996,0
2024-11-20 16:00:00,42.89,42.98,41.66,41.84,4376.172,0
2024-11-20 17:00:00,41.85,42.14,41.08,41.08,4709.381,0
2024-11-20 18:00:00,41.12,41.57,40.64,41.28,4621.516,0
2024-11-20 19:00:00,41.25,41.25,40.49,40.93,2453.855,0
2024-11-20 20:00:00,40.9,42.58,40.69,42.39,11608.509,0
2024-11-20 21:00:00,42.39,42.39,41.77,41.85,2635.79,0
2024-11-20 22:00:00,41.85,42.26,41.74,41.89,1130.286,0
2024-11-20 23:00:00,41.88,42.13,41.44,41.45,1488.63,0
2024-11-21 00:00:00,41.44,42.22,41.4,41.91,3525.436,0
2024-11-21 01:00:00,41.93,42.19,41.51,41.59,1929.66,0
2024-11-21 02:00:00,41.6,41.6,40.55,41.29,2485.527,0
2024-11-21 03:00:00,41.29,41.85,41.11,41.53,6467.561,0
2024-11-21 04:00:00,41.56,42.79,41.33,42.73,3367.14,0
2024-11-21 05:00:00,42.73,43.82,42.4,42.69,9534.697,0
2024-11-21 06:00:00,42.71,43.61,42.56,43.61,6480.845,0
2024-11-21 07:00:00,43.61,43.82,43.3,43.44,5228.704,0
2024-11-21 08:00:00,43.44,43.61,43.08,43.23,2305.791,0
2024-11-21 09:00:00,43.21,43.26,42.64,42.72,3242.723,0
2024-11-21 10:00:00,42.75,42.98,42.48,42.82,2683.586,0
2024-11-21 11:00:00,42.81,43.05,42.45,43.01,2373.836,0
2024-11-21 12:00:00,43.06,44.38,42.99,43.86,8987.988,0
2024-11-21 13:00:00,43.85,45.95,43.82,45.95,11002.47,0
2024-11-21 14:00:00,45.95,46.78,44.92,45.48,16852.536,0
2024-11-21 15:00:00,45.39,45.92,44.33,44.46,21304.532,0
2024-11-21 16:00:00,44.46,45.89,44.32,45.67,26672.79,0
2024-11-21 17:00:00,45.67,45.89,45.21,45.61,3057.016,0
2024-11-21 18:00:00,45.69,46.02,45.29,45.77,5001.492,0
2024-11-21 19:00:00,45.77,46.2,45.35,45.86,4173.827,0
2024-11-21 20:00:00,45.82,46.0,45.01,45.18,3655.197,0
2024-11-21 21:00:00,45.21,45.21,44.52,44.58,4755.915,0
2024-11-21 22:00:00,44.6,45.24,44.6,45.2,1685.313,0
2024-11-21 23:00:00,45.23,45.57,44.94,45.37,2560.616,0
2024-11-22 00:00:00,45.36,45.65,44.79,45.11,3244.211,0
2024-11-22 01:00:00,45.14,46.1,44.9,45.99,3321.749,0
2024-11-22 02:00:00,46.01,46.19,45.23,45.71,6764.257,0
2024-11-22 03:00:00,45.73,46.26,45.55,45.96,3926.521,0
2024-11-22 04:00:00,45.97,46.48,45.91,46.16,3552.578,0
2024-11-22 05:00:00,46.17,47.08,45.81,46.26,8342.832,0
2024-11-22 06:00:00,46.26,46.44,45.57,45.86,4111.703,0
2024-11-22 07:00:00,45.87,45.87,44.79,44.83,9276.509,0
2024-11-22 08:00:00,44.85,45.6,44.85,45.34,3765.278,0
2024-11-22 09:00:00,45.33,45.49,45.09,45.36,1968.709,0
2024-11-22 10:00:00,45.33,45.52,44.63,44.74,7205.867,0
2024-11-22 11:00:00,44.7,45.18,44.2,45.13,11152.694,0
2024-11-22 12:00:00,45.13,45.4,44.73,45.34,5313.729,0
2024-11-22 13:00:00,45.32,45.32,43.28,44.15,11162.916,0
2024-11-22 14:00:00,44.22,44.56,43.87,44.13,5995.039,0
2024-11-22 15:00:00,44.14,45.07,43.87,45.07,6714.464,0
2024-11-22 16:00:00,45.05,45.31,44.69,45.14,5549.509,0
2024-11-22 17:00:00,45.14,45.99,45.01,45.98,6942.755,0
2024-11-22 18:00:00,45.97,46.22,44.68,44.76,13971.161,0
2024-11-22 19:00:00,44.74,45.08,43.49,43.82,12678.413,0
2024-11-22 20:00:00,43.83,44.65,43.56,44.52,18182.985,0
2024-11-22 21:00:00,44.46,45.7,44.25,45.62,7315.368,0
2024-11-22 22:00:00,45.63,45.74,44.52,44.79,14255.314,0
2024-11-22 23:00:00,44.77,45.86,44.64,45.85,10388.863,0
2024-11-23 00:00:00,45.85,47.36,45.67,47.31,11158.017,0
2024-11-23 01:00:00,47.32,49.2,47.32,48.56,28239.371,0
2024-11-23 02:00:00,48.6,49.23,47.03,47.48,9737.655,0
2024-11-23 03:00:00,47.49,47.75,47.0,47.51,7046.224,0
2024-11-23 04:00:00,47.51,47.79,47.05,47.68,9367.734,0
2024-11-23 05:00:00,47.68,49.07,47.21,48.73,9815.522,0
2024-11-23 06:00:00,48.69,49.84,47.8,48.63,22849.482,0
2024-11-23 07:00:00,48.59,48.61,47.86,48.24,6601.541,0
2024-11-23 08:00:00,48.21,48.36,47.78,48.14,5870.959,0
2024-11-23 09:00:00,48.14,48.49,47.82,47.98,3987.601,0
2024-11-23 10:00:00,47.97,48.82,47.58,48.67,6457.951,0
2024-11-23 11:00:00,48.66,48.91,48.34,48.59,4139.254,0
2024-11-23 12:00:00,48.55,49.57,48.0,49.21,14606.735,0
2024-11-23 13:00:00,49.19,50.17,49.0,49.05,7759.076,0
2024-11-23 14:00:00,49.02,50.11,48.81,49.51,5250.772,0
2024-11-23 15:00:00,49.52,50.13,49.37,49.66,7118.898,0
2024-11-23 16:00:00,49.63,50.05,47.1,48.48,16019.617,0
2024-11-23 17:00:00,48.35,48.91,47.28,48.74,5865.635,0
2024-11-23 18:00:00,48.66,48.75,48.08,48.63,1519.972,0
2024-11-23 19:00:00,48.62,49.16,48.09,48.59,7802.586,0
2024-11-23 20:00:00,48.61,48.68,47.22,48.29,8700.686,0
2024-11-23 21:00:00,48.3,49.5,48.17,49.3,2947.43,0
2024-11-23 22:00:00,49.32,49.95,48.94,49.43,4363.536,0
2024-11-23 23:00:00,49.39,49.54,48.36,48.82,4079.252,0
2024-11-24 00:00:00,48.83,50.85,48.35,50.56,15000.301,0
2024-11-24 01:00:00,50.58,52.74,50.31,52.41,18199.291,0
2024-11-24 02:00:00,52.4,53.25,52.01,53.02,13057.053,0
2024-11-24 03:00:00,52.95,55.0,52.89,54.85,29482.863,0
2024-11-24 04:00:00,54.84,57.5,53.27,54.66,35507.017,0
2024-11-24 05:00:00,54.7,54.77,53.15,54.13,5227.127,0
2024-11-24 06:00:00,54.15,54.78,53.89,54.18,3887.527,0
2024-11-24 07:00:00,54.19,54.81,54.05,54.44,2599.715,0
2024-11-24 08:00:00,54.47,56.5,52.4,52.53,13719.767,0
2024-11-24 09:00:00,52.56,53.69,52.48,53.28,10588.268,0
2024-11-24 10:00:00,53.28,53.33,51.93,52.35,7483.685,0
2024-11-24 11:00:00,52.32,52.62,50.58,50.74,9105.52,0
2024-11-24 12:00:00,50.77,51.47,49.03,50.1,11292.498,0
2024-11-24 13:00:00,50.13,51.19,49.59,50.71,6800.616,0
2024-11-24 14:00:00,50.68,50.68,49.2,50.47,10670.214,0
2024-11-24 15:00:00,50.51,50.57,48.36,48.56,9789.521,0
2024-11-24 16:00:00,48.54,51.65,48.21,50.0,13060.222,0
2024-11-24 17:00:00,50.01,50.15,49.15,49.93,3355.523,0
2024-11-24 18:00:00,49.84,50.63,49.78,50.36,3691.246,0
2024-11-24 19:00:00,50.33,50.65,49.96,50.22,2727.484,0
2024-11-24 20:00:00,50.16,50.98,50.04,50.9,2354.755,0
2024-11-24 21:00:00,50.89,51.13,50.63,51.12,2591.036,0
2024-11-24 22:00:00,51.11,51.8,51.07,51.67,2510.805,0
2024-11-24 23:00:00,51.69,52.64,51.68,52.6,6395.345,0
2024-11-25 00:00:00,52.57,52.67,51.59,51.9,6299.44,0
2024-11-25 01:00:00,51.88,51.96,50.28,51.16,5917.81,0
2024-11-25 02:00:00,51.13,52.25,51.12,51.91,2629.148,0
2024-11-25 03:00:00,51.92,52.43,51.6,51.95,4255.672,0
2024-11-25 04:00:00,51.91,52.56,51.26,51.26,2125.465,0
2024-11-25 05:00:00,51.29,52.46,51.29,52.19,6715.638,0
2024-11-25 06:00:00,52.2,52.32,51.3,51.46,3160.759,0
2024-11-25 07:00:00,51.47,52.59,51.26,52.0,4131.782,0
2024-11-25 08:00:00,51.98,53.14,51.93,53.04,3205.363,0
2024-11-25 09:00:00,53.14,53.93,52.95,53.13,4941.742,0
2024-11-25 10:00:00,53.06,53.11,51.84,52.39,9879.062,0
2024-11-25 11:00:00,52.34,52.6,51.5,51.77,6318.235,0
2024-11-25 12:00:00,51.76,51.9,51.18,51.67,3582.267,0
2024-11-25 13:00:00,51.66,51.81,50.29,50.66,5526.158,0
2024-11-25 14:00:00,50.63,51.13,49.49,49.49,6839.34,0
2024-11-25 15:00:00,49.53,50.98,48.67,50.57,12055.039,0
2024-11-25 16:00:00,50.55,50.8,49.42,50.01,3048.967,0
2024-11-25 17:00:00,49.96,49.96,48.2,48.78,5885.51,0
2024-11-25 18:00:00,48.8,49.16,48.1,48.49,4657.721,0
2024-11-25 19:00:00,48.46,48.91,47.8,48.5,8655.112,0
2024-11-25 20:00:00,48.5,49.28,48.2,49.08,3897.197,0
2024-11-25 21:00:00,49.12,49.12,47.57,47.98,5060.557,0
2024-11-25 22:00:00,47.98,48.7,46.57,48.53,9538.5,0
2024-11-25 23:00:00,48.5,48.66,47.74,47.81,3548.678,0
2024-11-26 00:00:00,47.8,49.11,47.38,48.33,7925.683,0
2024-11-26 01:00:00,48.33,49.14,48.25,48.94,2276.897,0
2024-11-26 02:00:00,48.86,49.12,48.74,48.75,1251.617,0
2024-11-26 03:00:00,48.77,48.87,48.19,48.77,1951.44,0
2024-11-26 04:00:00,48.77,48.97,48.33,48.86,2986.06,0
2024-11-26 05:00:00,48.86,49.71,48.68,49.49,7796.387,0
2024-11-26 06:00:00,49.46,49.59,48.85,48.92,3289.195,0
2024-11-26 07:00:00,48.9,48.9,47.25,47.73,5996.288,0
2024-11-26 08:00:00,47.69,47.73,45.77,46.25,11961.992,0
2024-11-26 09:00:00,46.23,46.62,45.34,45.95,12765.639,0
2024-11-26 10:00:00,45.96,46.16,44.7,44.76,9470.821,0
2024-11-26 11:00:00,44.73,45.31,43.83,45.1,10124.793,0
2024-11-26 12:00:00,45.12,45.33,44.13,44.55,4887.39,0
2024-11-26 13:00:00,44.57,45.28,44.29,44.74,6115.827,0
2024-11-26 14:00:00,44.76,45.84,44.17,45.46,6871.273,0
2024-11-26 15:00:00,45.45,45.61,44.51,44.51,4168.677,0
2024-11-26 16:00:00,44.52,46.53,44.27,46.42,7186.845,0
2024-11-26 17:00:00,46.4,46.7,46.15,46.19,2773.948,0
2024-11-26 18:00:00,46.22,46.36,44.88,45.5,6834.928,0
2024-11-26 19:00:00,45.5,45.76,45.06,45.63,2550.117,0
2024-11-26 20:00:00,45.63,46.5,45.31,46.31,2574.729,0
2024-11-26 21:00:00,46.26,46.81,45.85,46.67,4978.385,0
2024-11-26 22:00:00,46.65,47.31,46.54,46.75,2619.009,0
2024-11-26 23:00:00,46.79,52.53,46.75,51.24,48778.842,0
2024-11-27 00:00:00,51.22,56.29,50.23,50.87,76899.147,0
2024-11-27 01:00:00,50.88,54.46,50.48,53.65,43065.516,0
2024-11-27 02:00:00,53.65,56.28,51.32,56.28,38083.357,0
2024-11-27 03:00:00,56.27,57.6,55.19,56.45,42229.224,0
2024-11-27 04:00:00,56.44,58.59,55.64,56.13,42938.127,0
2024-11-27 05:00:00,56.1,56.48,53.24,53.56,23473.732,0
2024-11-27 06:00:00,53.54,55.57,53.5,54.62,23743.436,0
2024-11-27 07:00:00,54.64,56.2,54.42,55.97,14957.923,0
2024-11-27 08:00:00,55.95,56.75,55.78,56.26,18808.01,0
2024-11-27 09:00:00,56.25,56.38,55.5,55.92,14808.239,0
2024-11-27 10:00:00,55.92,57.48,55.62,56.42,16767.363,0
2024-11-27 11:00:00,56.44,56.99,55.7,56.39,14742.364,0
2024-11-27 12:00:00,56.36,57.1,55.71,56.91,14998.04,0
2024-11-27 13:00:00,56.89,58.05,56.78,57.94,22872.545,0
2024-11-27 14:00:00,57.92,58.12,57.14,57.21,26791.629,0
2024-11-27 15:00:00,57.21,57.86,56.58,57.04,20265.675,0
2024-11-27 16:00:00,57.03,58.18,55.7,55.98,23473.801,0
2024-11-27 17:00:00,56.05,56.56,55.41,56.04,11257.82,0
2024-11-27 18:00:00,56.03,56.36,55.17,55.35,11014.681,0
2024-11-27 19:00:00,55.38,55.56,55.06,55.17,6317.436,0
2024-11-27 20:00:00,55.16,56.43,55.1,55.6,9380.662,0
2024-11-27 21:00:00,55.6,55.84,55.37,55.55,8511.19,0
2024-11-27 22:00:00,55.56,55.82,55.1,55.47,7010.292,0
2024-11-27 23:00:00,55.47,56.65,55.22,56.49,5015.297,0
2024-11-28 00:00:00,56.49,56.55,55.48,56.2,9586.889,0
2024-11-28 01:00:00,56.19,57.07,55.91,56.34,9602.463,0
2024-11-28 02:00:00,56.34,56.38,55.28,55.36,7908.331,0
2024-11-28 03:00:00,55.39,56.65,55.32,56.58,5687.431,0
2024-11-28 04:00:00,56.6,57.34,56.1,57.09,9024.994,0
2024-11-28 05:00:00,57.09,57.94,56.95,57.62,5609.968,0
2024-11-28 06:00:00,57.62,59.07,57.38,57.9,13658.852,0
2024-11-28 07:00:00,57.84,58.08,56.96,57.15,9901.459,0
2024-11-28 08:00:00,57.15,58.85,57.15,58.1,8369.093,0
2024-11-28 09:00:00,58.12,58.48,57.08,57.21,5830.89,0
2024-11-28 10:00:00,57.18,57.83,57.0,57.08,4138.873,0
2024-11-28 11:00:00,57.08,57.08,56.31,56.73,4028.104,0
2024-11-28 12:00:00,56.7,56.97,56.11,56.52,3938.868,0
2024-11-28 13:00:00,56.5,57.16,55.99,56.3,7489.021,0
2024-11-28 14:00:00,56.31,56.6,55.78,56.12,8083.302,0
2024-11-28 15:00:00,56.14,56.3,55.47,55.56,8476.441,0
2024-11-28 16:00:00,55.56,56.0,55.44,55.52,6541.513,0
2024-11-28 17:00:00,55.55,56.31,55.49,56.16,4141.236,0
2024-11-28 18:00:00,56.15,56.88,56.03,56.59,4685.041,0
2024-11-28 19:00:00,56.58,56.58,55.36,55.77,4672.774,0
2024-11-28 20:00:00,55.73,55.94,55.31,55.51,1897.284,0
2024-11-28 21:00:00,55.52,55.94,54.95,55.19,5470.256,0
2024-11-28 22:00:00,55.19,55.93,55.15,55.68,3686.572,0
2024-11-28 23:00:00,55.67,55.99,55.4,55.72,3622.866,0
2024-11-29 00:00:00,55.71,55.73,55.03,55.05,3745.244,0
2024-11-29 01:00:00,55.07,55.66,55.04,55.61,2352.351,0
2024-11-29 02:00:00,55.61,56.62,55.57,56.23,2666.75,0
2024-11-29 03:00:00,56.2,56.58,55.49,55.72,5391.46,0
2024-11-29 04:00:00,55.71,56.12,55.15,55.19,5259.598,0
2024-11-29 05:00:00,55.21,55.57,54.11,54.28,12613.686,0
2024-11-29 06:00:00,54.28,55.03,54.28,54.83,4225.05,0
2024-11-29 07:00:00,54.82,55.29,54.53,54.56,2922.3,0
2024-11-29 08:00:00,54.63,55.05,54.46,54.98,3213.269,0
2024-11-29 09:00:00,54.95,55.12,54.62,55.04,2224.573,0
2024-11-29 10:00:00,55.05,55.58,54.7,55.48,3096.294,0
2024-11-29 11:00:00,55.48,55.84,55.45,55.51,3786.246,0
2024-11-29 12:00:00,55.5,55.5,54.9,55.04,2635.371,0
2024-11-29 13:00:00,55.03,55.23,54.75,55.04,3240.208,0
2024-11-29 14:00:00,55.03,55.21,54.81,55.12,4051.78,0
2024-11-29 15:00:00,55.13,56.17,55.11,55.69,10591.143,0
2024-11-29 16:00:00,55.63,56.2,54.99,55.35,3764.76,0
2024-11-29 17:00:00,55.37,55.52,54.41,54.91,8357.94,0
2024-11-29 18:00:00,54.92,55.16,54.65,54.72,5120.886,0
2024-11-29 19:00:00,54.71,54.71,54.15,54.51,2628.0,0
2024-11-29 20:00:00,54.54,54.93,54.39,54.55,15963.903,0
2024-11-29 21:00:00,54.57,54.9,54.31,54.83,4892.59,0
2024-11-29 22:00:00,54.84,55.04,54.32,54.37,2548.2,0
2024-11-29 23:00:00,54.42,54.7,54.36,54.48,2802.516,0
2024-11-30 00:00:00,54.48,54.6,53.39,53.84,6942.035,0
2024-11-30 01:00:00,53.86,54.58,53.54,54.37,3263.783,0
2024-11-30 02:00:00,54.34,54.97,54.28,54.55,3679.451,0
2024-11-30 03:00:00,54.59,54.96,54.27,54.93,2937.84,0
2024-11-30 04:00:00,54.94,55.21,54.69,54.77,3226.579,0
2024-11-30 05:00:00,54.78,55.25,54.74,55.18,2053.294,0
2024-11-30 06:00:00,55.2,55.2,54.46,54.59,2990.229,0
2024-11-30 07:00:00,54.6,55.64,54.43,55.3,4863.203,0
2024-11-30 08:00:00,55.28,55.7,55.17,55.56,4280.327,0
2024-11-30 09:00:00,55.56,55.98,55.3,55.9,2484.975,0
2024-11-30 10:00:00,55.9,56.83,55.46,55.5,16928.098,0
2024-11-30 11:00:00,55.49,55.99,55.04,55.09,10172.484,0
2024-11-30 12:00:00,55.08,56.47,55.07,55.97,4195.581,0
2024-11-30 13:00:00,56.0,57.37,55.94,56.67,8021.65,0
2024-11-30 14:00:00,56.67,58.79,56.54,57.38,17205.186,0
2024-11-30 15:00:00,57.38,58.46,57.12,57.99,6378.333,0
2024-11-30 16:00:00,57.99,59.64,57.96,58.98,18396.439,0
2024-11-30 17:00:00,58.99,60.51,58.99,60.48,10707.736,0
2024-11-30 18:00:00,60.44,61.39,60.34,61.39,10625.717,0
2024-11-30 19:00:00,61.39,62.23,61.17,61.65,12662.176,0
2024-11-30 20:00:00,61.65,62.16,61.3,61.81,5392.213,0
2024-11-30 21:00:00,61.8,61.83,60.52,60.96,4980.009,0
2024-11-30 22:00:00,60.96,61.2,60.12,60.21,5035.761,0
2024-11-30 23:00:00,60.23,60.28,59.26,59.26,5854.609,0
2024-12-01 00:00:00,59.3,59.59,58.34,58.4,4340.122,0
2024-12-01 01:00:00,58.4,58.51,57.27,57.36,8670.173,0
2024-12-01 02:00:00,57.36,57.68,56.19,56.71,16074.581,0
2024-12-01 03:00:00,56.71,57.69,56.65,57.54,5449.096,0
2024-12-01 04:00:00,57.54,57.7,57.05,57.17,3680.717,0
2024-12-01 05:00:00,57.15,57.26,56.65,56.75,3512.312,0
2024-12-01 06:00:00,56.68,57.23,56.63,57.06,2106.963,0
2024-12-01 07:00:00,57.06,57.13,56.71,56.87,3243.928,0
2024-12-01 08:00:00,56.85,58.11,56.77,57.75,7743.678,0
2024-12-01 09:00:00,57.82,57.89,57.35,57.57,4740.238,0
2024-12-01 10:00:00,57.59,57.61,56.93,57.14,4636.585,0
2024-12-01 11:00:00,57.1,57.97,57.01,57.82,4518.213,0
2024-12-01 12:00:00,57.83,58.14,57.6,57.98,6573.217,0
2024-12-01 13:00:00,57.98,58.63,52.37,56.78,32752.58,0
2024-12-01 14:00:00,56.86,57.6,56.45,57.35,18506.683,0
2024-12-01 15:00:00,57.35,57.65,57.06,57.2,5915.252,0
2024-12-01 16:00:00,57.17,57.4,56.91,57.02,3043.448,0
2024-12-01 17:00:00,57.02,57.1,56.3,56.8,6671.914,0
2024-12-01 18:00:00,56.8,56.98,56.52,56.89,3439.302,0
2024-12-01 19:00:00,56.92,57.76,56.66,57.76,5908.808,0
2024-12-01 20:00:00,57.68,58.38,56.97,57.91,13370.941,0
2024-12-01 21:00:00,57.94,58.61,57.88,58.47,6580.81,0
2024-12-01 22:00:00,58.51,59.57,58.45,59.22,5156.318,0
2024-12-01 23:00:00,59.23,60.31,59.12,60.04,8965.664,0
2024-12-02 00:00:00,60.1,61.44,59.7,61.07,29827.254,0
2024-12-02 01:00:00,61.11,61.86,58.84,60.32,19586.305,0
2024-12-02 02:00:00,60.32,60.9,59.2,60.32,9267.601,0
2024-12-02 03:00:00,60.34,61.29,58.58,59.11,11772.205,0
2024-12-02 04:00:00,59.11,59.8,57.64,59.73,11963.582,0
2024-12-02 05:00:00,59.7,61.48,59.69,61.46,9285.716,0
2024-12-02 06:00:00,61.46,62.14,60.0,60.77,20591.553,0
2024-12-02 07:00:00,60.77,61.94,60.46,61.72,17433.171,0
2024-12-02 08:00:00,61.71,62.4,58.45,59.9,28388.095,0
2024-12-02 09:00:00,59.89,60.97,58.86,59.9,11688.441,0
2024-12-02 10:00:00,59.87,60.07,57.41,58.08,16747.568,0
2024-12-02 11:00:00,58.06,59.32,57.26,58.29,9798.939,0
2024-12-02 12:00:00,58.3,59.4,57.5,57.77,11489.058,0
2024-12-02 13:00:00,57.76,58.9,57.5,58.38,22083.22,0
2024-12-02 14:00:00,58.46,60.13,57.87,58.67,11876.102,0
2024-12-02 15:00:00,58.74,62.66,57.62,62.16,37673.177,0
2024-12-02 16:00:00,62.1,64.31,61.74,63.18,51031.626,0
2024-12-02 17:00:00,63.22,64.12,59.63,59.84,33215.183,0
2024-12-02 18:00:00,59.88,63.03,59.83,62.12,22267.8,0
2024-12-02 19:00:00,62.15,70.01,61.86,67.12,49495.838,0
2024-12-02 20:00:00,67.1,77.4,66.13,76.12,195794.947,0
2024-12-02 21:00:00,76.12,76.76,71.12,73.73,73344.956,0
2024-12-02 22:00:00,73.77,75.28,71.79,74.7,23792.775,0
2024-12-02 23:00:00,74.74,76.63,74.19,74.59,27696.145,0
2024-12-03 00:00:00,74.57,79.33,74.53,77.71,53063.143,0
2024-12-03 01:00:00,77.75,77.94,73.64,73.74,30729.417,0
2024-12-03 02:00:00,73.7,75.12,72.87,73.92,15715.185,0
2024-12-03 03:00:00,73.96,74.81,73.69,74.73,13462.978,0
2024-12-03 04:00:00,74.72,75.28,74.04,74.32,13184.093,0
2024-12-03 05:00:00,74.3,75.24,74.0,74.65,7307.351,0
2024-12-03 06:00:00,74.65,75.22,73.35,73.47,9451.803,0
2024-12-03 07:00:00,73.46,73.8,70.56,70.82,17807.056,0
2024-12-03 08:00:00,70.9,74.32,70.85,74.28,13492.776,0
2024-12-03 09:00:00,74.29,75.16,73.73,74.42,14362.297,0
2024-12-03 10:00:00,74.4,74.72,72.14,72.5,15530.519,0
2024-12-03 11:00:00,72.51,74.34,72.04,74.31,14288.083,0
2024-12-03 12:00:00,74.32,75.18,73.34,74.35,14301.413,0
2024-12-03 13:00:00,74.31,74.99,67.0,70.0,27230.402,0
2024-12-03 14:00:00,70.04,73.13,68.0,70.34,49523.539,0
2024-12-03 15:00:00,70.39,71.27,69.98,70.52,11789.54,0
2024-12-03 16:00:00,70.51,72.99,70.15,70.99,12677.409,0
2024-12-03 17:00:00,70.96,73.32,70.75,72.97,9374.241,0
2024-12-03 18:00:00,73.0,73.35,72.09,73.25,8478.705,0
2024-12-03 19:00:00,73.25,73.42,71.18,71.86,12101.794,0
2024-12-03 20:00:00,71.87,72.42,71.18,72.13,5294.914,0
2024-12-03 21:00:00,72.16,74.06,72.09,73.35,6482.546,0
2024-12-03 22:00:00,73.37,74.49,72.7,73.5,5020.57,0
2024-12-03 23:00:00,73.52,74.08,72.72,73.2,5293.033,0
2024-12-04 00:00:00,73.2,75.36,70.0,73.63,12626.456,0
2024-12-04 01:00:00,73.62,74.93,73.32,74.41,8036.846,0
2024-12-04 02:00:00,74.46,74.49,71.57,71.9,18907.953,0
2024-12-04 03:00:00,71.84,72.88,71.84,71.94,7407.536,0
2024-12-04 04:00:00,71.91,74.45,71.88,73.94,6459.26,0
2024-12-04 05:00:00,73.95,74.04,72.52,73.12,4168.369,0
2024-12-04 06:00:00,73.11,75.94,73.0,75.33,6692.798,0
2024-12-04 07:00:00,75.37,76.81,74.41,76.09,14506.502,0
2024-12-04 08:00:00,76.1,76.3,73.79,75.0,8773.303,0
2024-12-04 09:00:00,75.0,75.46,73.88,74.1,5434.782,0
2024-12-04 10:00:00,74.11,74.76,73.66,74.0,6936.565,0
2024-12-04 11:00:00,73.98,74.49,72.8,72.94,7300.385,0
2024-12-04 12:00:00,72.89,73.79,72.45,73.26,8695.541,0
2024-12-04 13:00:00,73.22,73.54,72.03,72.73,7778.52,0
2024-12-04 14:00:00,72.74,73.42,71.63,71.91,4880.78,0
2024-12-04 15:00:00,71.91,72.51,71.04,71.62,16322.2,0
2024-12-04 16:00:00,71.64,71.97,69.16,69.58,14507.078,0
2024-12-04 17:00:00,69.56,71.02,69.55,70.92,5273.62,0
2024-12-04 18:00:00,70.89,71.42,69.66,70.68,10408.765,0
2024-12-04 19:00:00,70.63,71.18,70.38,70.61,5141.294,0
2024-12-04 20:00:00,70.63,71.32,68.97,70.22,10532.82,0
2024-12-04 21:00:00,70.2,71.37,69.69,71.32,10755.409,0
2024-12-04 22:00:00,71.28,71.7,69.76,70.66,4088.813,0
2024-12-04 23:00:00,70.63,70.69,68.48,69.6,17219.834,0
2024-12-05 00:00:00,69.61,70.51,67.5,69.21,10834.601,0
2024-12-05 01:00:00,69.16,69.7,67.13,68.95,12622.68,0
2024-12-05 02:00:00,68.98,71.11,68.66,70.25,10040.008,0
2024-12-05 03:00:00,70.26,71.04,68.68,69.15,8209.771,0
2024-12-05 04:00:00,69.15,71.09,68.86,69.79,7256.062,0
2024-12-05 05:00:00,69.82,69.84,68.3,69.28,7097.539,0
2024-12-05 06:00:00,69.16,71.0,69.09,70.41,12534.225,0
2024-12-05 07:00:00,70.4,72.05,70.05,71.16,22149.476,0
2024-12-05 08:00:00,71.16,72.05,70.13,70.29,18160.733,0
2024-12-05 09:00:00,70.29,70.39,69.74,69.87,3980.79,0
2024-12-05 10:00:00,69.83,70.38,69.51,70.18,3782.593,0
2024-12-05 11:00:00,70.23,72.07,70.06,71.59,4390.023,0
2024-12-05 12:00:00,71.62,72.03,71.0,71.4,5454.91,0
2024-12-05 13:00:00,71.47,71.8,69.9,70.19,5772.783,0
2024-12-05 14:00:00,70.19,71.69,70.02,70.91,7723.068,0
2024-12-05 15:00:00,70.88,72.04,70.22,70.76,12550.809,0
2024-12-05 16:00:00,70.7,71.41,70.23,70.35,27031.483,0
2024-12-05 17:00:00,70.39,72.93,69.9,72.72,14373.739,0
2024-12-05 18:00:00,72.72,74.36,72.12,72.64,21811.149,0
2024-12-05 19:00:00,72.65,73.54,71.07,71.37,10549.628,0
2024-12-05 20:00:00,71.37,73.04,70.43,72.65,11956.829,0
2024-12-05 21:00:00,72.66,75.46,72.46,73.82,39896.163,0
2024-12-05 22:00:00,73.82,74.2,68.39,71.54,23482.356,0
2024-12-05 23:00:00,71.52,73.18,70.46,70.64,16267.473,0
2024-12-06 00:00:00,70.67,72.99,70.18,72.52,11672.134,0
2024-12-06 01:00:00,72.54,74.47,71.87,73.58,7814.913,0
2024-12-06 02:00:00,73.57,73.57,72.51,72.83,11079.584,0
2024-12-06 03:00:00,72.86,72.92,71.27,71.87,5155.466,0
2024-12-06 04:00:00,71.81,73.76,71.64,73.49,4123.056,0
2024-12-06 05:00:00,73.45,74.05,72.26,73.19,10239.862,0
2024-12-06 06:00:00,73.18,74.0,71.62,72.36,12088.884,0
2024-12-06 07:00:00,72.37,72.5,71.53,71.65,2758.239,0
2024-12-06 08:00:00,71.63,71.98,70.66,70.71,6433.0,0
2024-12-06 09:00:00,70.8,70.84,69.06,69.86,9912.205,0
2024-12-06 10:00:00,69.72,70.1,68.63,70.04,10021.625,0
2024-12-06 11:00:00,69.99,70.3,69.54,69.75,2434.607,0
2024-12-06 12:00:00,69.75,70.3,68.23,68.42,6404.852,0
2024-12-06 13:00:00,68.44,70.0,68.19,69.59,8699.499,0
2024-12-06 14:00:00,69.58,70.7,69.24,70.67,6277.604,0
2024-12-06 15:00:00,70.64,71.39,70.27,70.76,13211.672,0
2024-12-06 16:00:00,70.72,71.07,70.26,70.55,6193.851,0
2024-12-06 17:00:00,70.55,70.6,69.91,69.95,5335.014,0
2024-12-06 18:00:00,69.94,70.32,69.15,69.4,4748.359,0
2024-12-06 19:00:00,69.43,70.55,69.26,70.4,3093.141,0
2024-12-06 20:00:00,70.35,70.81,70.04,70.28,2959.077,0
2024-12-06 21:00:00,70.25,70.64,69.6,69.62,6641.573,0
2024-12-06 22:00:00,69.62,70.24,69.58,70.07,7912.11,0
2024-12-06 23:00:00,70.07,70.68,69.68,70.36,6368.526,0
2024-12-07 00:00:00,70.32,71.03,70.07,70.55,3408.787,0
2024-12-07 01:00:00,70.54,71.55,70.51,70.81,2571.986,0
2024-12-07 02:00:00,70.8,71.78,70.74,71.74,2557.503,0
2024-12-07 03:00:00,71.77,72.01,71.0,71.29,3538.084,0
2024-12-07 04:00:00,71.29,71.98,70.96,71.79,4338.573,0
2024-12-07 05:00:00,71.77,72.28,71.59,72.07,3504.522,0
2024-12-07 06:00:00,72.08,72.41,71.63,72.11,2394.53,0
2024-12-07 07:00:00,72.1,72.3,71.23,71.9,3884.897,0
2024-12-07 08:00:00,71.91,72.34,71.44,71.66,7354.004,0
2024-12-07 09:00:00,71.67,72.1,71.39,71.63,3905.152,0
2024-12-07 10:00:00,71.6,71.99,70.34,70.74,5592.887,0
2024-12-07 11:00:00,70.72,71.13,70.47,70.5,3328.531,0
2024-12-07 12:00:00,70.5,71.32,70.21,71.12,4425.927,0
2024-12-07 13:00:00,71.1,71.18,70.56,70.57,1790.894,0
2024-12-07 14:00:00,70.58,72.78,70.12,72.39,6783.152,0
2024-12-07 15:00:00,72.38,72.61,71.33,72.21,5558.403,0
2024-12-07 16:00:00,72.19,72.39,71.14,71.24,4432.079,0
2024-12-07 17:00:00,71.25,71.29,70.16,70.62,3865.08,0
2024-12-07 18:00:00,70.59,71.32,70.59,71.32,2437.415,0
2024-12-07 19:00:00,71.31,71.51,70.36,70.41,2039.887,0
2024-12-07 20:00:00,70.4,70.67,70.14,70.14,1651.667,0
2024-12-07 21:00:00,70.14,70.33,69.75,70.14,2215.197,0
2024-12-07 22:00:00,70.15,70.26,69.75,70.0,1268.831,0
2024-12-07 23:00:00,70.0,70.65,69.92,70.28,1171.022,0
2024-12-08 00:00:00,70.27,71.6,70.13,71.24,2408.333,0
2024-12-08 01:00:00,71.27,71.33,70.19,70.43,1596.728,0
2024-12-08 02:00:00,70.46,70.58,69.47,70.36,4563.573,0
2024-12-08 03:00:00,70.34,70.42,70.04,70.26,1058.399,0
2024-12-08 04:00:00,70.29,70.68,69.81,69.81,1722.476,0
2024-12-08 05:00:00,69.81,70.23,69.37,69.73,2017.066,0
2024-12-08 06:00:00,69.73,69.86,69.12,69.7,2493.719,0
2024-12-08 07:00:00,69.68,70.6,69.65,70.37,1513.563,0
2024-12-08 08:00:00,70.37,70.43,68.71,68.74,2835.067,0
2024-12-08 09:00:00,68.74,69.5,68.6,69.0,11747.824,0
2024-12-08 10:00:00,69.03,71.06,69.03,70.26,6880.099,0
2024-12-08 11:00:00,70.13,70.45,69.87,70.23,2388.732,0
2024-12-08 12:00:00,70.19,74.0,69.67,73.34,26404.602,0
2024-12-08 13:00:00,73.35,74.0,72.86,73.64,16613.984,0
2024-12-08 14:00:00,73.66,74.43,72.43,72.65,31401.362,0
2024-12-08 15:00:00,72.72,74.89,72.2,74.17,22809.923,0
2024-12-08 16:00:00,74.17,74.68,73.41,73.45,9798.69,0
2024-12-08 17:00:00,73.45,74.99,73.41,74.52,9276.635,0
2024-12-08 18:00:00,74.57,74.64,73.32,73.36,12545.086,0
2024-12-08 19:00:00,73.35,73.64,72.61,73.22,7990.043,0
2024-12-08 20:00:00,73.16,73.63,72.94,73.05,2753.044,0
2024-12-08 21:00:00,73.06,73.65,72.75,73.61,1790.836,0
2024-12-08 22:00:00,73.6,74.63,73.6,74.34,4806.077,0
2024-12-08 23:00:00,74.35,74.77,73.79,74.25,4276.86,0
2024-12-09 00:00:00,74.26,74.79,73.16,73.96,10128.279,0
2024-12-09 01:00:00,73.96,74.17,70.07,71.57,21612.703,0
2024-12-09 02:00:00,71.56,72.04,68.67,69.36,68710.316,0
2024-12-09 03:00:00,69.36,69.8,66.95,67.87,30326.751,0
2024-12-09 04:00:00,67.89,68.19,66.81,67.73,13498.524,0
2024-12-09 05:00:00,67.71,68.5,67.51,67.89,18617.704,0
2024-12-09 06:00:00,67.89,67.89,66.6,66.62,14100.479,0
2024-12-09 07:00:00,66.61,66.97,65.54,66.79,12737.114,0
2024-12-09 08:00:00,66.79,66.8,64.0,64.15,14254.657,0
2024-12-09 09:00:00,64.18,65.1,63.01,63.86,16983.13,0
2024-12-09 10:00:00,63.87,65.52,63.8,65.5,10052.089,0
2024-12-09 11:00:00,65.44,65.5,63.62,63.92,4782.903,0
2024-12-09 12:00:00,63.94,64.79,63.18,64.79,9619.749,0
2024-12-09 13:00:00,64.78,66.85,64.28,66.63,12518.631,0
2024-12-09 14:00:00,66.62,67.2,65.94,67.06,9360.164,0
2024-12-09 15:00:00,67.05,67.24,64.31,64.72,11279.893,0
2024-12-09 16:00:00,64.74,65.59,64.5,64.66,4367.776,0
2024-12-09 17:00:00,64.64,65.0,63.09,63.4,9484.277,0
2024-12-09 18:00:00,63.46,64.48,63.28,64.16,7310.419,0
2024-12-09 19:00:00,64.14,64.36,63.42,63.7,4878.303,0
2024-12-09 20:00:00,63.7,63.92,60.18,60.93,27483.791,0
2024-12-09 21:00:00,60.89,60.92,50.0,57.76,71443.669,0
2024-12-09 22:00:00,57.78,58.05,52.55,57.05,40677.952,0
2024-12-09 23:00:00,57.04,59.0,56.67,58.52,22396.526,0
2024-12-10 00:00:00,58.53,59.93,57.52,59.3,16086.402,0
2024-12-10 01:00:00,59.28,59.51,57.46,58.56,8358.72,0
2024-12-10 02:00:00,58.57,58.58,56.22,56.29,9197.543,0
2024-12-10 03:00:00,56.34,57.06,54.08,56.71,23341.156,0
2024-12-10 04:00:00,56.76,57.86,56.16,57.81,8183.077,0
2024-12-10 05:00:00,57.83,58.05,57.23,57.77,6369.326,0
2024-12-10 06:00:00,57.78,58.69,57.24,58.16,6431.088,0
2024-12-10 07:00:00,58.17,58.24,57.42,57.53,10313.742,0
2024-12-10 08:00:00,57.52,58.29,56.93,58.13,6459.66,0
2024-12-10 09:00:00,58.09,58.7,57.66,57.89,9310.853,0
2024-12-10 10:00:00,57.87,60.84,57.86,59.3,34957.455,0
2024-12-10 11:00:00,59.31,60.19,58.4,59.24,12442.615,0
2024-12-10 12:00:00,59.24,59.69,57.5,58.61,60164.737,0
2024-12-10 13:00:00,58.62,60.8,58.25,58.67,17895.763,0
2024-12-10 14:00:00,58.72,59.91,58.45,58.83,6303.949,0
2024-12-10 15:00:00,58.84,59.11,55.45,55.56,12737.633,0
2024-12-10 16:00:00,55.59,57.45,54.74,57.29,13146.983,0
2024-12-10 17:00:00,57.29,57.29,53.53,53.55,10476.6,0
2024-12-10 18:00:00,53.6,55.81,53.54,55.44,5844.751,0
2024-12-10 19:00:00,55.44,57.27,55.38,57.18,5086.703,0
2024-12-10 20:00:00,57.15,58.42,56.89,58.23,4403.281,0
2024-12-10 21:00:00,58.27,59.24,58.11,58.7,3333.287,0
2024-12-10 22:00:00,58.75,59.38,58.12,58.93,4698.25,0
2024-12-10 23:00:00,58.92,59.54,58.5,58.73,2682.586,0
2024-12-11 00:00:00,58.77,59.17,57.33,58.14,4921.404,0
2024-12-11 01:00:00,58.17,58.17,56.52,56.65,5185.73,0
2024-12-11 02:00:00,56.64,58.48,56.43,58.44,3322.411,0
2024-12-11 03:00:00,58.43,59.4,58.35,58.85,5784.533,0
2024-12-11 04:00:00,58.9,59.61,58.58,59.44,3758.674,0
2024-12-11 05:00:00,59.43,59.5,58.5,58.52,1467.401,0
2024-12-11 06:00:00,58.5,58.9,58.32,58.57,1663.762,0
2024-12-11 07:00:00,58.6,59.49,57.98,58.11,5434.702,0
2024-12-11 08:00:00,58.1,59.83,58.05,59.63,3044.889,0
2024-12-11 09:00:00,59.66,59.85,59.14,59.84,2117.606,0
2024-12-11 10:00:00,59.79,59.84,59.13,59.55,1362.141,0
2024-12-11 11:00:00,59.53,59.74,59.02,59.33,4389.891,0
2024-12-11 12:00:00,59.33,60.6,59.28,60.52,3617.148,0
2024-12-11 13:00:00,60.52,61.69,60.02,61.35,11131.644,0
2024-12-11 14:00:00,61.31,62.99,60.53,62.53,10644.121,0
2024-12-11 15:00:00,62.55,64.54,62.38,64.34,8614.694,0
2024-12-11 16:00:00,64.43,64.76,63.12,63.23,6796.448,0
2024-12-11 17:00:00,63.24,63.71,62.12,62.21,3103.25,0
2024-12-11 18:00:00,62.25,63.0,62.05,62.72,1421.785,0
2024-12-11 19:00:00,62.74,62.81,62.4,62.64,1609.856,0
2024-12-11 20:00:00,62.67,62.97,62.05,62.35,2258.222,0
2024-12-11 21:00:00,62.35,62.6,61.82,62.45,3699.355,0
2024-12-11 22:00:00,62.41,66.0,62.38,63.57,7493.786,0
2024-12-11 23:00:00,63.58,63.98,63.39,63.75,1783.934,0
2024-12-12 00:00:00,63.7,63.7,62.45,62.92,1892.124,0
2024-12-12 01:00:00,62.96,63.51,62.42,63.09,9107.12,0
2024-12-12 02:00:00,63.01,65.07,62.91,65.03,13451.851,0
2024-12-12 03:00:00,65.01,66.48,64.46,66.24,6475.31,0
2024-12-12 04:00:00,66.25,67.48,66.19,66.58,17364.952,0
2024-12-12 05:00:00,66.56,67.53,66.46,66.51,2119.668,0
2024-12-12 06:00:00,66.49,66.93,65.7,66.09,3870.405,0
2024-12-12 07:00:00,66.13,66.13,64.81,64.89,3044.821,0
2024-12-12 08:00:00,64.98,66.08,64.86,65.77,9449.159,0
2024-12-12 09:00:00,65.77,66.76,65.67,65.97,7412.73,0
2024-12-12 10:00:00,65.95,65.96,63.46,64.31,9790.424,0
2024-12-12 11:00:00,64.31,64.32,63.2,63.37,7571.751,0
2024-12-12 12:00:00,63.47,64.24,59.32,60.86,121860.128,0
2024-12-12 13:00:00,60.84,61.78,60.1,60.8,21426.897,0
2024-12-12 14:00:00,60.78,61.69,60.31,61.57,10006.713,0
2024-12-12 15:00:00,61.61,61.69,60.46,61.43,7166.712,0
2024-12-12 16:00:00,61.47,62.15,60.96,61.09,5662.642,0
2024-12-12 17:00:00,61.1,61.42,60.66,61.06,3650.794,0
2024-12-12 18:00:00,61.06,61.38,60.28,60.69,7910.894,0
2024-12-12 19:00:00,60.7,61.03,58.85,59.01,11095.281,0
2024-12-12 20:00:00,58.95,60.04,58.77,59.74,5051.157,0
2024-12-12 21:00:00,59.76,59.97,59.23,59.38,1548.205,0
2024-12-12 22:00:00,59.35,59.49,58.62,59.04,3451.011,0
2024-12-12 23:00:00,59.07,59.6,58.82,59.43,2277.224,0
2024-12-13 00:00:00,59.47,60.15,59.44,59.5,4784.092,0
2024-12-13 01:00:00,59.47,59.54,58.06,58.9,4850.631,0
2024-12-13 02:00:00,58.92,60.03,58.77,59.42,2971.929,0
2024-12-13 03:00:00,59.44,59.99,59.35,59.65,2806.952,0
2024-12-13 04:00:00,59.63,59.68,58.49,58.87,4966.104,0
2024-12-13 05:00:00,58.89,59.24,58.6,58.74,2836.991,0
2024-12-13 06:00:00,58.73,59.01,57.76,57.78,3812.357,0
2024-12-13 07:00:00,57.74,58.39,57.37,58.24,5372.222,0
2024-12-13 08:00:00,58.21,58.92,57.82,58.91,5803.508,0
2024-12-13 09:00:00,58.91,59.17,58.24,58.61,2877.301,0
2024-12-13 10:00:00,58.58,58.8,57.6,58.36,7083.35,0
2024-12-13 11:00:00,58.32,59.1,58.19,58.34,3241.269,0
2024-12-13 12:00:00,58.38,59.33,58.38,58.91,5204.236,0
2024-12-13 13:00:00,58.95,59.1,58.0,58.56,4243.883,0
2024-12-13 14:00:00,58.61,59.01,57.93,59.0,3658.581,0
2024-12-13 15:00:00,59.01,59.37,57.74,57.95,5131.974,0
2024-12-13 16:00:00,57.87,59.55,57.71,58.53,8709.339,0
2024-12-13 17:00:00,58.51,58.9,58.13,58.78,1895.776,0
2024-12-13 18:00:00,58.81,59.28,58.43,58.67,2595.845,0
2024-12-13 19:00:00,58.68,58.96,58.43,58.93,1828.139,0
2024-12-13 20:00:00,58.96,59.65,58.88,59.63,2275.118,0
2024-12-13 21:00:00,59.6,59.88,59.39,59.5,1567.167,0
2024-12-13 22:00:00,59.44,59.51,58.74,58.8,2102.083,0
2024-12-13 23:00:00,58.82,60.06,58.72,60.04,1608.031,0
2024-12-14 00:00:00,60.07,60.19,59.43,59.73,3088.678,0
2024-12-14 01:00:00,59.76,60.6,59.73,60.08,3680.012,0
2024-12-14 02:00:00,60.05,60.07,59.57,59.74,3106.777,0
2024-12-14 03:00:00,59.73,59.73,59.27,59.35,1051.931,0
2024-12-14 04:00:00,59.35,59.54,59.08,59.48,1695.847,0
2024-12-14 05:00:00,59.42,60.18,59.39,60.11,2021.462,0
2024-12-14 06:00:00,60.07,60.25,59.82,59.82,2372.039,0
2024-12-14 07:00:00,59.78,59.88,59.24,59.77,1771.033,0
2024-12-14 08:00:00,59.79,60.24,59.6,60.08,3168.701,0
2024-12-14 09:00:00,60.07,60.1,59.5,59.74,1599.31,0
2024-12-14 10:00:00,59.73,59.73,58.82,59.23,2872.727,0
2024-12-14 11:00:00,59.22,59.95,59.08,59.72,5382.04,0
2024-12-14 12:00:00,59.73,59.88,58.86,58.88,9377.103,0
2024-12-14 13:00:00,58.89,59.43,57.73,57.9,7046.868,0
2024-12-14 14:00:00,57.92,59.18,57.87,59.07,4721.897,0
2024-12-14 15:00:00,58.98,59.5,58.79,58.87,5288.317,0
2024-12-14 16:00:00,58.87,59.06,58.11,58.79,2509.9,0
2024-12-14 17:00:00,58.88,58.98,57.67,57.84,2518.526,0
2024-12-14 18:00:00,57.85,58.04,57.01,57.11,3186.465,0
2024-12-14 19:00:00,57.11,57.93,57.07,57.88,1910.789,0
2024-12-14 20:00:00,57.89,58.4,57.0,57.04,2503.386,0
2024-12-14 21:00:00,57.12,57.71,57.12,57.54,1161.951,0
2024-12-14 22:00:00,57.54,58.39,57.52,58.2,1738.201,0
2024-12-14 23:00:00,58.23,58.7,58.07,58.38,1630.349,0
2024-12-15 00:00:00,58.34,58.75,57.77,57.96,2165.04,0
2024-12-15 01:00:00,57.95,58.96,57.92,58.84,2168.565,0
2024-12-15 02:00:00,58.8,58.88,58.32,58.37,1009.72,0
2024-12-15 03:00:00,58.37,58.46,57.44,57.45,4125.792,0
2024-12-15 04:00:00,57.46,58.44,57.41,57.93,1780.772,0
2024-12-15 05:00:00,57.93,58.18,57.62,57.72,868.798,0
2024-12-15 06:00:00,57.74,57.74,56.91,56.91,1667.676,0
2024-12-15 07:00:00,56.9,57.06,56.26,56.61,2077.439,0
2024-12-15 08:00:00,56.59,57.79,56.59,57.73,2225.186,0
2024-12-15 09:00:00,57.67,57.89,57.32,57.77,2936.858,0
2024-12-15 10:00:00,57.73,57.85,57.33,57.41,1464.896,0
2024-12-15 11:00:00,57.38,57.94,57.38,57.61,2415.239,0
2024-12-15 12:00:00,57.6,58.37,57.44,58.11,3800.291,0
2024-12-15 13:00:00,58.13,58.84,57.68,58.55,11215.944,0
2024-12-15 14:00:00,58.58,59.5,58.55,59.39,5106.021,0
2024-12-15 15:00:00,59.44,59.76,59.0,59.22,5109.228,0
2024-12-15 16:00:00,59.22,59.72,59.21,59.44,1911.964,0
2024-12-15 17:00:00,59.43,59.43,58.66,58.85,1978.361,0
2024-12-15 18:00:00,58.84,58.93,58.49,58.69,2196.055,0
2024-12-15 19:00:00,58.71,58.93,58.36,58.39,2989.929,0
2024-12-15 20:00:00,58.39,58.69,58.09,58.17,4815.845,0
2024-12-15 21:00:00,58.16,58.29,57.0,57.0,6282.7,0
2024-12-15 22:00:00,57.01,57.62,56.61,57.53,3151.349,0
2024-12-15 23:00:00,57.54,59.41,57.5,59.06,5993.46,0
2024-12-16 00:00:00,59.08,61.05,58.89,60.7,8644.216,0
2024-12-16 01:00:00,60.7,60.91,59.81,60.08,4407.016,0
2024-12-16 02:00:00,60.12,60.13,58.63,59.33,3176.543,0
2024-12-16 03:00:00,59.32,59.63,58.73,59.0,2426.563,0
2024-12-16 04:00:00,59.0,59.73,58.72,59.59,5562.597,0
2024-12-16 05:00:00,59.53,59.63,59.09,59.46,2136.36,0
2024-12-16 06:00:00,59.42,59.87,59.01,59.46,7132.467,0
2024-12-16 07:00:00,59.46,59.87,58.95,59.12,2868.994,0
2024-12-16 08:00:00,59.14,59.24,58.39,58.48,2338.138,0
2024-12-16 09:00:00,58.5,58.74,58.15,58.26,1377.975,0
2024-12-16 10:00:00,58.28,58.39,57.67,58.02,2251.762,0
2024-12-16 11:00:00,58.01,58.05,56.71,56.95,4421.593,0
2024-12-16 12:00:00,56.91,57.28,56.54,56.74,5101.007,0
2024-12-16 13:00:00,56.77,57.17,56.15,56.64,12554.736,0
2024-12-16 14:00:00,56.61,57.47,56.34,56.67,7903.772,0
2024-12-16 15:00:00,56.71,57.69,56.56,57.28,6174.742,0
2024-12-16 16:00:00,57.23,58.59,57.19,57.85,7647.747,0
2024-12-16 17:00:00,57.87,58.63,57.78,57.98,3410.339,0
2024-12-16 18:00:00,58.02,58.64,57.81,58.61,3201.389,0
2024-12-16 19:00:00,58.61,58.75,57.29,57.78,7381.031,0
2024-12-16 20:00:00,57.75,58.21,57.3,57.45,1542.139,0
2024-12-16 21:00:00,57.53,57.75,57.27,57.66,1412.701,0
2024-12-16 22:00:00,57.67,57.82,57.03,57.17,1351.87,0
2024-12-16 23:00:00,57.17,57.34,56.33,56.45,2282.369,0
2024-12-17 00:00:00,56.41,56.61,55.57,55.57,4422.558,0
2024-12-17 01:00:00,55.58,56.41,55.52,56.33,5210.452,0
2024-12-17 02:00:00,56.3,56.78,56.26,56.66,2967.908,0
2024-12-17 03:00:00,56.63,56.87,56.51,56.71,787.273,0
2024-12-17 04:00:00,56.67,56.67,55.8,56.24,1137.021,0
2024-12-17 05:00:00,56.2,56.49,55.91,56.33,610.396,0
2024-12-17 06:00:00,56.33,56.48,55.98,56.19,1395.052,0
2024-12-17 07:00:00,56.2,56.6,55.82,56.03,1965.944,0
2024-12-17 08:00:00,56.08,56.8,56.02,56.37,4072.412,0
2024-12-17 09:00:00,56.42,57.57,56.04,57.52,3538.357,0
2024-12-17 10:00:00,57.52,57.82,56.97,57.21,7504.618,0
2024-12-17 11:00:00,57.21,57.52,57.05,57.28,5077.209,0
2024-12-17 12:00:00,57.29,57.9,56.86,57.7,6387.783,0
2024-12-17 13:00:00,57.72,57.85,57.11,57.41,4603.168,0
2024-12-17 14:00:00,57.44,57.53,56.37,57.13,6052.595,0
2024-12-17 15:00:00,57.05,57.08,55.55,56.01,11973.336,0
2024-12-17 16:00:00,55.93,56.54,55.52,56.5,4957.82,0
2024-12-17 17:00:00,56.53,57.6,55.99,57.49,5382.041,0
2024-12-17 18:00:00,57.45,57.89,56.6,56.81,5150.162,0
2024-12-17 19:00:00,56.8,57.0,56.37,56.47,2899.644,0
2024-12-17 20:00:00,56.49,57.14,56.38,56.85,1987.111,0
2024-12-17 21:00:00,56.9,57.04,56.36,56.43,1892.822,0
2024-12-17 22:00:00,56.4,56.45,55.03,55.39,3073.508,0
2024-12-17 23:00:00,55.31,55.44,54.49,55.28,4253.401,0
2024-12-18 00:00:00,55.3,56.05,54.96,55.51,4739.005,0
2024-12-18 01:00:00,55.53,56.09,54.9,55.16,3480.44,0
2024-12-18 02:00:00,55.11,55.94,54.97,55.22,7932.079,0
2024-12-18 03:00:00,55.22,55.3,54.1,54.21,12579.045,0
2024-12-18 04:00:00,54.2,54.6,53.55,54.16,8796.298,0
2024-12-18 05:00:00,54.12,54.58,53.97,54.06,2779.987,0
2024-12-18 06:00:00,54.08,54.32,53.38,53.7,1294.427,0
2024-12-18 07:00:00,53.69,54.57,53.65,53.97,7861.546,0
2024-12-18 08:00:00,53.98,54.35,53.74,53.87,2068.265,0
2024-12-18 09:00:00,53.88,54.64,53.85,54.53,2663.23,0
2024-12-18 10:00:00,54.47,55.17,54.28,55.14,2666.486,0
2024-12-18 11:00:00,55.14,55.57,55.0,55.36,2704.394,0
2024-12-18 12:00:00,55.32,55.36,53.99,54.27,2967.38,0
2024-12-18 13:00:00,54.25,54.74,53.64,53.9,3494.119,0
2024-12-18 14:00:00,53.93,54.51,53.55,53.57,4922.272,0
2024-12-18 15:00:00,53.59,54.17,53.24,53.79,3990.776,0
2024-12-18 16:00:00,53.75,54.25,53.5,53.99,2513.114,0
2024-12-18 17:00:00,53.97,54.79,53.43,54.59,2117.023,0
2024-12-18 18:00:00,54.64,55.35,54.53,55.35,2713.366,0
2024-12-18 19:00:00,55.37,56.37,54.16,54.16,9842.073,0
2024-12-18 20:00:00,54.19,54.48,50.5,51.85,25677.477,0
2024-12-18 21:00:00,51.87,52.62,51.49,51.82,4769.61,0
2024-12-18 22:00:00,51.79,51.85,50.59,50.89,5836.825,0
2024-12-18 23:00:00,50.92,51.48,50.55,50.69,4399.415,0
2024-12-19 00:00:00,50.61,51.37,50.14,50.87,7803.656,0
2024-12-19 01:00:00,50.89,51.02,49.51,49.92,4560.574,0
2024-12-19 02:00:00,49.92,50.08,47.72,49.9,37762.936,0
2024-12-19 03:00:00,49.94,54.72,49.91,52.7,72635.196,0
2024-12-19 04:00:00,52.66,53.46,51.88,52.21,15946.862,0
2024-12-19 05:00:00,52.21,53.45,52.11,53.11,7035.526,0
2024-12-19 06:00:00,53.12,53.32,52.07,52.07,15877.925,0
2024-12-19 07:00:00,52.08,52.49,51.95,52.0,2124.323,0
2024-12-19 08:00:00,52.0,52.0,51.41,51.6,1935.728,0
2024-12-19 09:00:00,51.61,52.12,51.43,51.89,2384.751,0
2024-12-19 10:00:00,51.91,53.06,51.43,52.73,5719.901,0
2024-12-19 11:00:00,52.74,53.29,52.47,53.22,7598.106,0
2024-12-19 12:00:00,53.21,53.45,51.92,51.97,5230.588,0
2024-12-19 13:00:00,51.98,53.1,51.83,52.52,10642.742,0
2024-12-19 14:00:00,52.52,53.65,52.17,52.48,6230.581,0
2024-12-19 15:00:00,52.51,52.51,50.85,51.79,7920.645,0
2024-12-19 16:00:00,51.75,52.08,51.07,52.04,3683.143,0
2024-12-19 17:00:00,52.1,52.1,48.19,49.29,10640.124,0
2024-12-19 18:00:00,49.26,49.29,46.41,47.85,26697.432,0
2024-12-19 19:00:00,47.84,48.59,46.37,47.38,11794.952,0
2024-12-19 20:00:00,47.44,48.57,46.15,47.99,14827.505,0
2024-12-19 21:00:00,47.93,49.16,47.75,48.62,4949.038,0
2024-12-19 22:00:00,48.61,50.09,48.53,49.51,15969.786,0
2024-12-19 23:00:00,49.54,49.76,48.29,48.29,4080.902,0
2024-12-20 00:00:00,48.29,49.28,47.59,48.88,6502.804,0
2024-12-20 01:00:00,48.86,49.27,48.56,48.91,3991.139,0
2024-12-20 02:00:00,48.95,51.07,48.84,50.77,12665.826,0
2024-12-20 03:00:00,50.76,50.82,49.62,49.73,3461.953,0
2024-12-20 04:00:00,49.72,50.13,49.54,49.54,3073.18,0
2024-12-20 05:00:00,49.58,49.79,49.01,49.01,4696.177,0
2024-12-20 06:00:00,49.01,49.75,48.11,49.01,23252.428,0
2024-12-20 07:00:00,49.02,50.08,48.82,48.83,12079.226,0
2024-12-20 08:00:00,48.89,51.33,45.53,45.9,52987.277,0
2024-12-20 09:00:00,45.99,46.46,44.7,44.74,16018.814,0
2024-12-20 10:00:00,44.72,44.83,42.65,43.17,34297.056,0
2024-12-20 11:00:00,43.17,44.57,41.1,41.41,47757.201,0
2024-12-20 12:00:00,41.38,44.5,41.23,43.91,25235.894,0
2024-12-20 13:00:00,43.94,45.25,43.8,45.24,11230.532,0
2024-12-20 14:00:00,45.26,46.21,44.88,46.01,7779.12,0
2024-12-20 15:00:00,45.99,54.16,45.99,53.73,78754.75,0
2024-12-20 16:00:00,53.63,55.04,49.98,50.56,88752.308,0
2024-12-20 17:00:00,50.58,50.81,49.81,50.47,10108.596,0
2024-12-20 18:00:00,50.46,50.98,49.68,50.63,3943.842,0
2024-12-20 19:00:00,50.62,52.63,50.54,52.38,16697.901,0
2024-12-20 20:00:00,52.41,54.19,52.0,53.8,30564.085,0
2024-12-20 21:00:00,53.79,53.97,51.52,52.35,14061.508,0
2024-12-20 22:00:00,52.32,54.51,51.94,54.51,31896.746,0
2024-12-20 23:00:00,54.47,56.05,53.98,54.41,42006.175,0
2024-12-21 00:00:00,54.42,54.42,52.14,52.59,25663.604,0
2024-12-21 01:00:00,52.61,55.49,52.56,54.37,13774.273,0
2024-12-21 02:00:00,54.4,55.83,53.73,54.87,10061.129,0
2024-12-21 03:00:00,54.88,55.78,53.89,54.28,11366.502,0
2024-12-21 04:00:00,54.3,54.49,53.41,54.1,4826.79,0
2024-12-21 05:00:00,54.14,55.08,53.75,55.08,4195.209,0
2024-12-21 06:00:00,55.09,56.92,55.09,56.11,18836.61,0
2024-12-21 07:00:00,56.15,56.99,55.77,55.99,7434.229,0
2024-12-21 08:00:00,56.05,56.43,55.15,55.56,10809.284,0
2024-12-21 09:00:00,55.58,55.6,54.12,54.66,13239.294,0
2024-12-21 10:00:00,54.66,55.38,54.43,54.81,5320.363,0
2024-12-21 11:00:00,54.8,55.07,53.88,54.79,6147.032,0
2024-12-21 12:00:00,54.85,55.3,53.7,53.76,16481.172,0
2024-12-21 13:00:00,53.75,54.33,51.93,53.41,24859.723,0
2024-12-21 14:00:00,53.34,53.76,52.41,52.5,12669.055,0
2024-12-21 15:00:00,52.52,53.96,52.37,53.32,7758.715,0
2024-12-21 16:00:00,53.29,53.56,51.98,53.01,7621.833,0
2024-12-21 17:00:00,53.02,54.47,52.61,54.06,7391.1,0
2024-12-21 18:00:00,54.03,55.13,53.93,54.79,11947.599,0
2024-12-21 19:00:00,54.85,54.86,52.98,53.36,9531.121,0
2024-12-21 20:00:00,53.38,54.47,53.04,54.0,6011.289,0
2024-12-21 21:00:00,54.04,54.11,53.13,53.76,4336.475,0
2024-12-21 22:00:00,53.72,54.1,53.06,53.24,4507.294,0
2024-12-21 23:00:00,53.22,53.83,52.34,53.64,4491.318,0
2024-12-22 00:00:00,53.69,54.1,52.99,53.45,24680.564,0
2024-12-22 01:00:00,53.43,53.83,52.54,52.98,3421.253,0
2024-12-22 02:00:00,52.99,53.56,52.16,52.45,4989.161,0
2024-12-22 03:00:00,52.44,53.19,51.65,52.91,4363.756,0
2024-12-22 04:00:00,52.89,52.98,51.23,51.26,3126.31,0
2024-12-22 05:00:00,51.26,51.43,50.47,50.71,11285.27,0
2024-12-22 06:00:00,50.72,51.96,50.53,51.63,6079.788,0
2024-12-22 07:00:00,51.62,52.11,51.36,51.44,3074.066,0
2024-12-22 08:00:00,51.44,52.58,51.44,52.22,5115.054,0
2024-12-22 09:00:00,52.24,53.74,51.98,53.02,4709.175,0
2024-12-22 10:00:00,53.01,54.29,52.89,53.86,7398.737,0
2024-12-22 11:00:00,53.85,55.32,53.71,54.97,6777.967,0
2024-12-22 12:00:00,54.98,57.67,54.27,55.61,24773.236,0
2024-12-22 13:00:00,55.63,59.16,55.06,59.08,43609.705,0
2024-12-22 14:00:00,59.03,59.58,56.0,56.24,37461.681,0
2024-12-22 15:00:00,56.24,57.11,55.73,56.94,11157.814,0
2024-12-22 16:00:00,56.99,58.18,55.92,57.25,21088.254,0
2024-12-22 17:00:00,57.26,57.78,56.65,57.27,5484.849,0
2024-12-22 18:00:00,57.26,58.15,56.18,57.86,6532.26,0
2024-12-22 19:00:00,57.85,57.85,55.64,55.89,5977.349,0
2024-12-22 20:00:00,55.88,56.29,53.66,56.1,16818.766,0
2024-12-22 21:00:00,56.11,57.03,55.58,56.19,7242.706,0
2024-12-22 22:00:00,56.15,58.42,54.9,57.54,33161.993,0
2024-12-22 23:00:00,57.56,59.9,57.15,58.58,46542.486,0
2024-12-23 00:00:00,58.55,59.12,56.05,56.05,56116.578,0
2024-12-23 01:00:00,56.06,56.6,55.21,55.85,8539.571,0
2024-12-23 02:00:00,55.88,57.11,54.92,56.81,8245.592,0
2024-12-23 03:00:00,56.81,60.35,56.5,60.16,18590.374,0
2024-12-23 04:00:00,60.16,61.35,59.38,60.78,29654.933,0
2024-12-23 05:00:00,60.77,60.79,58.93,59.07,13306.703,0
2024-12-23 06:00:00,59.05,59.33,57.67,58.21,12024.807,0
2024-12-23 07:00:00,58.25,59.1,57.8,58.73,6889.123,0
2024-12-23 08:00:00,58.72,59.76,58.68,59.64,7788.934,0
2024-12-23 09:00:00,59.6,60.74,59.53,60.74,10972.695,0
2024-12-23 10:00:00,60.67,61.07,59.78,60.35,10581.398,0
2024-12-23 11:00:00,60.36,60.48,59.5,59.57,9958.605,0
2024-12-23 12:00:00,59.56,61.47,59.33,60.46,21117.769,0
2024-12-23 13:00:00,60.5,61.11,59.52,59.75,18282.913,0
2024-12-23 14:00:00,59.74,61.98,59.72,60.95,20553.07,0
2024-12-23 15:00:00,60.87,60.89,59.3,59.63,10737.092,0
2024-12-23 16:00:00,59.66,62.21,59.19,61.81,10868.673,0
2024-12-23 17:00:00,61.78,63.7,61.76,62.47,23725.075,0
2024-12-23 18:00:00,62.54,62.59,60.5,61.43,15426.758,0
2024-12-23 19:00:00,61.48,64.0,61.41,63.72,13834.713,0
2024-12-23 20:00:00,63.72,64.33,62.97,63.93,12098.519,0
2024-12-23 21:00:00,63.9,65.04,63.88,64.77,15364.523,0
2024-12-23 22:00:00,64.68,68.43,64.27,68.39,37670.332,0
2024-12-23 23:00:00,68.33,68.33,65.35,65.84,18349.768,0
2024-12-24 00:00:00,65.81,67.0,64.74,65.82,15239.823,0
2024-12-24 01:00:00,65.81,67.56,65.74,66.5,16708.876,0
2024-12-24 02:00:00,66.59,66.97,64.19,64.71,8175.604,0
2024-12-24 03:00:00,64.7,66.0,64.34,65.82,5405.759,0
2024-12-24 04:00:00,65.78,68.31,65.07,68.21,18650.071,0
2024-12-24 05:00:00,68.19,69.07,66.88,67.44,50651.041,0
2024-12-24 06:00:00,67.41,68.84,67.21,67.91,13537.286,0
2024-12-24 07:00:00,67.91,68.32,67.24,68.02,10066.455,0
2024-12-24 08:00:00,68.13,71.85,67.91,71.21,51610.326,0
2024-12-24 09:00:00,71.26,71.5,69.05,69.53,30504.341,0
2024-12-24 10:00:00,69.42,69.9,68.23,68.47,16647.871,0
2024-12-24 11:00:00,68.64,69.87,68.02,69.65,7389.708,0
2024-12-24 12:00:00,69.7,70.45,68.74,69.87,15327.31,0
2024-12-24 13:00:00,69.83,70.77,68.62,70.48,16874.458,0
2024-12-24 14:00:00,70.5,70.7,69.49,69.9,21553.692,0
2024-12-24 15:00:00,69.89,70.0,68.76,69.3,25960.583,0
2024-12-24 16:00:00,69.29,70.0,68.34,69.05,24061.436,0
2024-12-24 17:00:00,69.05,69.18,68.62,68.9,10208.618,0
2024-12-24 18:00:00,68.89,71.17,68.84,70.84,17231.799,0
2024-12-24 19:00:00,70.86,71.61,68.52,68.81,19527.943,0
2024-12-24 20:00:00,68.73,69.1,67.58,67.75,10758.346,0
2024-12-24 21:00:00,67.72,68.74,67.71,68.37,3978.828,0
2024-12-24 22:00:00,68.38,69.83,68.37,69.2,5509.269,0
2024-12-24 23:00:00,69.2,69.51,68.84,69.31,6291.648,0
2024-12-25 00:00:00,69.27,70.17,68.97,69.99,9447.585,0
2024-12-25 01:00:00,69.95,69.99,68.69,69.67,7803.319,0
2024-12-25 02:00:00,69.61,69.98,68.73,69.25,6746.721,0
2024-12-25 03:00:00,69.25,71.4,69.15,69.64,21321.16,0
2024-12-25 04:00:00,69.65,71.38,69.65,71.14,12518.449,0
2024-12-25 05:00:00,71.12,71.5,70.45,70.97,10509.857,0
2024-12-25 06:00:00,70.93,73.8,70.56,72.1,21935.843,0
2024-12-25 07:00:00,72.07,74.96,72.07,74.34,37570.777,0
2024-12-25 08:00:00,74.34,78.31,74.12,76.01,56105.982,0
2024-12-25 09:00:00,75.98,78.16,75.14,76.04,25113.027,0
2024-12-25 10:00:00,76.07,77.05,73.75,75.86,30567.674,0
2024-12-25 11:00:00,75.89,77.87,75.89,76.19,21078.489,0
2024-12-25 12:00:00,76.19,77.02,75.32,75.4,14491.324,0
2024-12-25 13:00:00,75.4,76.05,74.44,74.45,10480.052,0
2024-12-25 14:00:00,74.47,76.28,73.95,75.77,9564.971,0
2024-12-25 15:00:00,75.82,76.99,74.48,74.9,13706.687,0
2024-12-25 16:00:00,74.9,75.06,72.54,73.38,16139.631,0
2024-12-25 17:00:00,73.4,74.34,72.89,73.63,10386.183,0
2024-12-25 18:00:00,73.56,73.76,72.72,72.86,6175.317,0
2024-12-25 19:00:00,72.83,73.08,72.06,72.93,6744.227,0
2024-12-25 20:00:00,72.94,73.47,72.29,72.56,4029.508,0
2024-12-25 21:00:00,72.54,72.93,71.9,72.66,5907.449,0
2024-12-25 22:00:00,72.66,73.47,72.44,72.9,5440.526,0
2024-12-25 23:00:00,72.9,74.0,72.79,73.53,6487.31,0
2024-12-26 00:00:00,73.53,74.14,72.09,72.44,8647.129,0
2024-12-26 01:00:00,72.46,72.89,71.7,72.49,7230.534,0
2024-12-26 02:00:00,72.52,73.14,71.27,71.28,7760.756,0
2024-12-26 03:00:00,71.28,71.56,70.16,70.33,11011.328,0
2024-12-26 04:00:00,70.27,70.33,68.56,68.91,28131.755,0
2024-12-26 05:00:00,68.95,69.58,68.51,68.67,7349.146,0
2024-12-26 06:00:00,68.63,70.24,68.53,70.21,16703.899,0
2024-12-26 07:00:00,70.17,70.18,69.15,69.57,7751.621,0
2024-12-26 08:00:00,69.56,69.72,66.23,68.04,33282.146,0
2024-12-26 09:00:00,68.03,69.75,67.93,69.33,9119.394,0
2024-12-26 10:00:00,69.33,70.41,69.09,69.94,8801.958,0
2024-12-26 11:00:00,69.94,72.53,69.63,70.89,23692.515,0
2024-12-26 12:00:00,70.9,70.9,68.74,68.97,12316.218,0
2024-12-26 13:00:00,68.98,69.93,68.2,69.91,9401.209,0
2024-12-26 14:00:00,69.87,70.67,68.16,68.6,11574.32,0
2024-12-26 15:00:00,68.59,69.55,68.21,69.35,4929.702,0
2024-12-26 16:00:00,69.33,70.14,68.88,69.42,5917.1,0
2024-12-26 17:00:00,69.42,69.68,68.24,68.72,3754.871,0
2024-12-26 18:00:00,68.75,69.74,68.42,69.5,3988.633,0
2024-12-26 19:00:00,69.57,69.98,69.24,69.84,1873.403,0
2024-12-26 20:00:00,69.84,69.84,68.72,68.94,2901.143,0
2024-12-26 21:00:00,68.9,69.1,68.11,68.19,8197.012,0
2024-12-26 22:00:00,68.23,69.16,67.52,68.98,7773.343,0
2024-12-26 23:00:00,69.0,69.44,68.25,68.94,4593.975,0
2024-12-27 00:00:00,68.95,69.84,68.49,69.35,6690.489,0
2024-12-27 01:00:00,69.31,70.47,69.13,69.19,5859.251,0
2024-12-27 02:00:00,69.18,70.38,68.27,68.66,5541.661,0
2024-12-27 03:00:00,68.68,69.13,68.29,68.35,2307.579,0
2024-12-27 04:00:00,68.34,68.72,67.17,67.33,8967.026,0
2024-12-27 05:00:00,67.33,67.61,66.8,67.18,4145.677,0
2024-12-27 06:00:00,67.2,69.12,67.17,69.0,4883.74,0
2024-12-27 07:00:00,68.97,68.97,66.36,66.73,10974.266,0
2024-12-27 08:00:00,66.75,68.27,66.75,67.73,5938.936,0
2024-12-27 09:00:00,67.73,69.05,67.05,67.55,12023.861,0
2024-12-27 10:00:00,67.55,68.5,66.94,68.23,4196.961,0
2024-12-27 11:00:00,68.22,68.8,67.91,68.06,4457.358,0
2024-12-27 12:00:00,68.05,68.33,67.14,67.28,4668.777,0
2024-12-27 13:00:00,67.24,67.42,65.6,65.95,13074.266,0
2024-12-27 14:00:00,65.99,66.11,63.54,63.83,20117.693,0
2024-12-27 15:00:00,63.91,64.4,63.37,64.1,14287.313,0
2024-12-27 16:00:00,64.09,64.33,62.23,62.38,11373.546,0
2024-12-27 17:00:00,62.38,63.26,62.38,63.23,10482.597,0
2024-12-27 18:00:00,63.18,63.89,62.78,63.75,6501.849,0
2024-12-27 19:00:00,63.77,64.09,63.04,63.31,7705.031,0
2024-12-27 20:00:00,63.31,63.34,62.14,62.53,3331.187,0
2024-12-27 21:00:00,62.56,62.67,61.73,62.03,4616.02,0
2024-12-27 22:00:00,62.03,62.6,61.37,62.22,7660.539,0
2024-12-27 23:00:00,62.22,62.57,61.59,62.16,7042.06,0
2024-12-28 00:00:00,62.13,62.47,61.63,62.07,3904.181,0
2024-12-28 01:00:00,62.14,62.39,61.55,62.22,5381.731,0
2024-12-28 02:00:00,62.24,62.3,61.64,61.64,1899.824,0
2024-12-28 03:00:00,61.62,61.98,61.21,61.67,2471.918,0
2024-12-28 04:00:00,61.68,61.9,61.36,61.52,1744.029,0
2024-12-28 05:00:00,61.55,61.83,61.35,61.45,2671.695,0
2024-12-28 06:00:00,61.45,61.76,61.03,61.19,10690.048,0
2024-12-28 07:00:00,61.19,61.5,60.66,60.81,2418.554,0
2024-12-28 08:00:00,60.81,61.07,60.0,60.62,10489.916,0
2024-12-28 09:00:00,60.62,61.17,60.47,61.02,4906.851,0
2024-12-28 10:00:00,60.96,61.04,60.35,60.43,4592.795,0
2024-12-28 11:00:00,60.41,60.76,60.21,60.31,3564.341,0
2024-12-28 12:00:00,60.3,60.5,59.72,60.22,6772.031,0
2024-12-28 13:00:00,60.23,61.59,60.22,61.56,7415.541,0
2024-12-28 14:00:00,61.58,61.88,59.67,60.16,7963.747,0
2024-12-28 15:00:00,60.19,61.27,60.19,60.72,4465.223,0
2024-12-28 16:00:00,60.62,62.13,60.56,61.9,5236.385,0
2024-12-28 17:00:00,61.91,62.42,61.16,61.72,5748.788,0
2024-12-28 18:00:00,61.73,62.21,61.49,62.13,2586.692,0
2024-12-28 19:00:00,62.16,62.44,61.97,62.13,1953.145,0
2024-12-28 20:00:00,62.12,62.68,62.0,62.68,2264.102,0
2024-12-28 21:00:00,62.68,63.25,62.22,63.15,3722.072,0
2024-12-28 22:00:00,63.15,64.21,62.68,62.77,9762.998,0
2024-12-28 23:00:00,62.77,63.12,62.27,62.77,3288.52,0
2024-12-29 00:00:00,62.78,64.48,62.65,62.94,8175.161,0
2024-12-29 01:00:00,62.9,64.57,62.9,64.53,6339.982,0
2024-12-29 02:00:00,64.49,65.45,63.47,64.48,20676.268,0
2024-12-29 03:00:00,64.49,66.11,63.55,65.74,8293.543,0
2024-12-29 04:00:00,65.72,66.31,64.92,65.07,11031.496,0
2024-12-29 05:00:00,65.1,65.28,63.59,64.09,6139.632,0
2024-12-29 06:00:00,64.13,64.13,63.05,63.26,2894.036,0
2024-12-29 07:00:00,63.23,63.62,62.52,62.79,3705.119,0
2024-12-29 08:00:00,62.8,63.21,61.95,62.27,8506.319,0
2024-12-29 09:00:00,62.29,62.91,62.21,62.84,1589.358,0
2024-12-29 10:00:00,62.81,62.81,62.31,62.31,2070.996,0
2024-12-29 11:00:00,62.39,62.52,61.64,61.82,10406.986,0
2024-12-29 12:00:00,61.83,62.16,60.76,61.33,12203.694,0
2024-12-29 13:00:00,61.33,61.83,61.22,61.48,3133.195,0
2024-12-29 14:00:00,61.53,61.85,60.55,60.87,7176.86,0
2024-12-29 15:00:00,60.86,61.16,60.22,61.1,4923.185,0
2024-12-29 16:00:00,61.13,61.25,60.0,60.01,6419.025,0
2024-12-29 17:00:00,60.03,60.67,59.99,60.4,4833.229,0
2024-12-29 18:00:00,60.41,60.47,59.82,60.19,4100.303,0
2024-12-29 19:00:00,60.21,60.54,60.17,60.33,4214.317,0
2024-12-29 20:00:00,60.3,61.22,60.02,60.99,4610.943,0
2024-12-29 21:00:00,60.99,61.18,60.3,60.43,2902.579,0
2024-12-29 22:00:00,60.42,60.81,59.96,60.34,3543.125,0
2024-12-29 23:00:00,60.38,60.7,60.06,60.65,3256.947,0
2024-12-30 00:00:00,60.66,61.62,60.24,61.27,3559.213,0
2024-12-30 01:00:00,61.33,62.54,61.22,61.8,6288.681,0
2024-12-30 02:00:00,61.77,61.92,60.96,61.34,1902.81,0
2024-12-30 03:00:00,61.36,61.64,60.52,60.57,2385.805,0
2024-12-30 04:00:00,60.57,60.92,59.95,60.01,4000.214,0
2024-12-30 05:00:00,60.01,60.47,59.69,60.07,6372.227,0
2024-12-30 06:00:00,60.06,60.91,60.05,60.21,2783.095,0
2024-12-30 07:00:00,60.21,60.32,59.31,59.94,4817.07,0
2024-12-30 08:00:00,59.94,60.53,59.42,59.83,3676.196,0
2024-12-30 09:00:00,59.82,60.09,59.51,59.94,1740.158,0
2024-12-30 10:00:00,59.94,60.15,59.44,59.56,2261.332,0
2024-12-30 11:00:00,59.62,59.78,58.89,59.65,7108.122,0
2024-12-30 12:00:00,59.63,60.54,59.59,59.94,4463.403,0
2024-12-30 13:00:00,59.94,60.24,57.71,57.79,11854.834,0
2024-12-30 14:00:00,57.76,58.32,57.23,57.64,14089.094,0
2024-12-30 15:00:00,57.6,59.53,57.48,58.89,14384.421,0
2024-12-30 16:00:00,58.89,59.04,58.2,58.5,5830.298,0
2024-12-30 17:00:00,58.45,59.84,58.23,59.79,8152.699,0
2024-12-30 18:00:00,59.78,60.22,59.29,59.53,8520.834,0
2024-12-30 19:00:00,59.53,59.61,58.7,58.86,9593.521,0
2024-12-30 20:00:00,58.87,59.29,58.79,58.82,6027.035,0
2024-12-30 21:00:00,58.84,58.93,57.07,57.56,11538.492,0
2024-12-30 22:00:00,57.46,58.18,57.32,57.9,3494.817,0
2024-12-30 23:00:00,57.89,59.0,57.54,58.29,7662.822,0
2024-12-31 00:00:00,58.28,58.43,57.81,57.88,2873.17,0
2024-12-31 01:00:00,57.89,58.37,57.56,58.35,1767.484,0
2024-12-31 02:00:00,58.32,59.15,58.05,58.93,4320.792,0
2024-12-31 03:00:00,58.92,58.92,58.47,58.47,818.799,0
2024-12-31 04:00:00,58.46,59.1,58.16,58.38,5342.056,0
2024-12-31 05:00:00,58.38,58.97,58.01,58.01,2161.141,0
2024-12-31 06:00:00,58.01,58.4,57.7,58.13,1551.308,0
2024-12-31 07:00:00,58.19,58.22,57.79,58.04,2306.108,0
2024-12-31 08:00:00,58.04,59.5,57.99,58.29,7279.384,0
2024-12-31 09:00:00,58.31,58.94,57.7,58.92,6985.843,0
2024-12-31 10:00:00,58.89,58.89,58.17,58.64,2785.581,0
2024-12-31 11:00:00,58.66,59.37,58.5,59.08,1787.381,0
2024-12-31 12:00:00,59.1,59.6,58.58,58.61,4615.577,0
2024-12-31 13:00:00,58.6,59.79,58.6,59.27,5787.733,0
2024-12-31 14:00:00,59.3,59.41,57.92,58.22,4202.855,0
2024-12-31 15:00:00,58.24,58.39,56.93,58.3,12291.032,0
2024-12-31 16:00:00,58.29,58.57,57.52,57.88,8552.456,0
2024-12-31 17:00:00,57.89,57.89,56.25,57.17,10750.516,0
2024-12-31 18:00:00,57.16,57.32,56.52,56.67,3816.081,0
2024-12-31 19:00:00,56.69,56.73,56.04,56.14,4160.436,0
2024-12-31 20:00:00,56.14,56.56,56.08,56.3,1593.5,0
2024-12-31 21:00:00,56.28,56.71,56.28,56.62,1661.408,0
2024-12-31 22:00:00,56.51,56.51,55.59,55.69,5314.288,0
2024-12-31 23:00:00,55.7,56.31,55.7,56.27,1803.922,0
2025-01-01 00:00:00,56.29,56.91,56.21,56.8,3361.779,0
2025-01-01 01:00:00,56.76,56.76,56.01,56.17,3420.007,0
2025-01-01 02:00:00,56.16,56.34,55.96,56.11,2079.131,0
2025-01-01 03:00:00,56.08,56.12,55.77,55.94,2580.092,0
2025-01-01 04:00:00,55.94,56.33,55.8,56.2,2723.503,0
2025-01-01 05:00:00,56.2,56.2,55.9,56.02,2278.846,0
2025-01-01 06:00:00,56.04,56.1,55.59,56.06,2916.214,0
2025-01-01 07:00:00,56.05,56.06,55.55,55.62,2501.051,0
2025-01-01 08:00:00,55.65,55.75,55.29,55.6,2466.325,0
2025-01-01 09:00:00,55.61,55.8,55.08,55.49,6711.333,0
2025-01-01 10:00:00,55.5,55.73,55.24,55.64,1225.157,0
2025-01-01 11:00:00,55.66,56.12,55.55,55.62,6181.342,0
2025-01-01 12:00:00,55.6,56.12,55.4,56.05,3534.331,0
2025-01-01 13:00:00,56.04,56.35,55.5,56.02,4023.018,0
2025-01-01 14:00:00,56.02,56.31,55.5,56.28,3131.668,0
2025-01-01 15:00:00,56.32,57.1,56.07,56.9,9702.489,0
2025-01-01 16:00:00,56.9,57.11,56.45,56.83,10714.392,0
2025-01-01 17:00:00,56.76,57.61,56.29,57.39,11034.682,0
2025-01-01 18:00:00,57.42,57.89,57.1,57.59,5113.674,0
2025-01-01 19:00:00,57.62,58.66,57.57,58.23,6704.982,0
2025-01-01 20:00:00,58.28,58.92,58.26,58.84,4533.21,0
2025-01-01 21:00:00,58.93,59.4,58.4,58.66,4147.471,0
2025-01-01 22:00:00,58.73,58.83,58.23,58.65,1966.143,0
2025-01-01 23:00:00,58.65,58.72,58.01,58.22,2239.607,0
2025-01-02 00:00:00,58.26,59.29,57.9,59.05,4331.487,0
2025-01-02 01:00:00,59.09,59.28,58.46,58.53,2457.508,0
2025-01-02 02:00:00,58.62,60.35,58.37,60.15,9710.938,0
2025-01-02 03:00:00,60.15,61.0,59.61,60.0,25869.201,0
2025-01-02 04:00:00,60.11,60.95,59.97,60.88,6159.801,0
2025-01-02 05:00:00,60.91,61.41,60.28,60.35,6897.847,0
2025-01-02 06:00:00,60.4,60.51,59.82,59.99,2288.188,0
2025-01-02 07:00:00,59.97,60.19,59.69,59.8,3763.308,0
2025-01-02 08:00:00,59.8,60.16,59.46,60.13,4028.456,0
2025-01-02 09:00:00,60.1,60.1,58.38,59.07,13078.23,0
2025-01-02 10:00:00,59.07,59.19,58.57,58.88,4610.546,0
2025-01-02 11:00:00,58.88,59.58,58.82,59.44,4795.153,0
2025-01-02 12:00:00,59.44,60.16,59.37,59.84,3902.836,0
2025-01-02 13:00:00,59.83,60.89,59.78,60.37,7823.106,0
2025-01-02 14:00:00,60.4,61.05,59.55,60.32,7150.897,0
2025-01-02 15:00:00,60.31,60.54,59.33,60.0,7120.377,0
2025-01-02 16:00:00,60.0,60.63,59.66,60.27,7280.729,0
2025-01-02 17:00:00,60.27,60.71,59.12,59.62,4239.919,0
2025-01-02 18:00:00,59.67,59.92,59.45,59.91,2995.883,0
2025-01-02 19:00:00,59.92,59.98,59.28,59.35,3362.636,0
2025-01-02 20:00:00,59.35,59.68,58.84,59.08,6358.02,0
2025-01-02 21:00:00,59.07,59.31,58.82,59.13,1756.857,0
2025-01-02 22:00:00,59.12,59.12,58.41,58.92,2062.304,0
2025-01-02 23:00:00,58.89,59.59,58.86,59.48,1956.662,0
2025-01-03 00:00:00,59.5,59.7,59.0,59.06,1914.768,0
2025-01-03 01:00:00,59.06,59.22,58.52,58.95,3613.575,0
2025-01-03 02:00:00,58.95,59.29,57.91,57.97,14695.412,0
2025-01-03 03:00:00,57.97,58.32,57.75,58.31,5997.522,0
2025-01-03 04:00:00,58.3,58.39,57.51,57.53,3448.357,0
2025-01-03 05:00:00,57.57,57.66,56.96,57.43,4801.31,0
2025-01-03 06:00:00,57.42,57.78,57.17,57.22,2290.669,0
2025-01-03 07:00:00,57.21,57.27,56.68,56.9,3939.825,0
2025-01-03 08:00:00,56.89,57.52,56.8,57.49,4860.819,0
2025-01-03 09:00:00,57.48,58.4,57.46,57.72,7727.943,0
2025-01-03 10:00:00,57.73,57.99,57.39,57.58,3443.16,0
2025-01-03 11:00:00,57.6,58.88,57.6,58.52,6796.216,0
2025-01-03 12:00:00,58.55,58.7,58.14,58.19,3692.349,0
2025-01-03 13:00:00,58.27,58.74,57.81,57.83,7151.808,0
2025-01-03 14:00:00,57.93,59.43,57.93,59.39,6670.739,0
2025-01-03 15:00:00,59.39,60.92,59.07,60.66,9822.015,0
2025-01-03 16:00:00,60.66,61.32,60.27,61.08,7118.92,0
2025-01-03 17:00:00,61.04,61.53,60.91,60.97,4539.064,0
2025-01-03 18:00:00,60.98,61.26,60.65,61.07,6296.909,0
2025-01-03 19:00:00,61.12,62.03,61.1,61.88,3918.964,0
2025-01-03 20:00:00,61.83,61.88,61.04,61.68,4137.255,0
2025-01-03 21:00:00,61.62,62.05,61.19,61.56,3312.926,0
2025-01-03 22:00:00,61.57,61.67,61.29,61.42,1744.333,0
2025-01-03 23:00:00,61.4,61.48,60.74,60.91,4250.959,0
2025-01-04 00:00:00,60.93,61.12,59.68,59.68,4285.576,0
2025-01-04 01:00:00,59.69,60.39,59.6,60.24,2352.539,0
2025-01-04 02:00:00,60.24,60.49,59.85,60.27,2274.717,0
2025-01-04 03:00:00,60.3,60.43,60.05,60.27,2099.235,0
2025-01-04 04:00:00,60.27,60.34,59.86,60.25,3006.018,0
2025-01-04 05:00:00,60.3,60.46,59.87,59.97,1860.868,0
2025-01-04 06:00:00,59.95,60.32,59.93,60.13,1599.085,0
2025-01-04 07:00:00,60.13,60.64,60.13,60.25,2550.623,0
2025-01-04 08:00:00,60.27,60.27,59.04,59.21,4029.565,0
2025-01-04 09:00:00,59.13,59.63,59.1,59.33,2366.825,0
2025-01-04 10:00:00,59.33,59.34,58.71,59.12,2501.698,0
2025-01-04 11:00:00,59.16,59.57,58.94,59.34,5507.124,0
2025-01-04 12:00:00,59.31,59.98,59.25,59.98,2399.677,0
2025-01-04 13:00:00,60.0,60.26,59.6,60.08,1404.039,0
2025-01-04 14:00:00,60.06,60.24,59.68,60.21,1392.576,0
2025-01-04 15:00:00,60.22,60.87,58.89,59.08,8459.659,0
2025-01-04 16:00:00,59.06,59.71,59.01,59.24,2062.68,0
2025-01-04 17:00:00,59.26,59.6,59.05,59.6,1086.658,0
2025-01-04 18:00:00,59.61,59.86,59.21,59.26,842.876,0
2025-01-04 19:00:00,59.28,59.75,59.17,59.33,2510.952,0
2025-01-04 20:00:00,59.32,59.7,59.32,59.67,1490.719,0
2025-01-04 21:00:00,59.7,59.91,58.95,59.01,3604.973,0
2025-01-04 22:00:00,59.08,59.19,58.72,59.16,1360.888,0
2025-01-04 23:00:00,59.15,59.26,58.95,59.21,971.217,0
2025-01-05 00:00:00,59.2,59.21,58.76,58.81,1641.19,0
2025-01-05 01:00:00,58.82,58.89,58.09,58.36,3198.543,0
2025-01-05 02:00:00,58.35,58.8,58.18,58.8,1702.473,0
2025-01-05 03:00:00,58.81,58.88,58.27,58.61,2527.678,0
2025-01-05 04:00:00,58.65,59.73,58.65,59.41,4103.913,0
2025-01-05 05:00:00,59.4,59.5,58.55,58.74,3268.926,0
2025-01-05 06:00:00,58.73,58.99,58.46,58.89,1374.593,0
2025-01-05 07:00:00,58.87,59.31,58.73,59.08,1808.179,0
2025-01-05 08:00:00,59.05,59.14,58.27,58.81,3305.127,0
2025-01-05 09:00:00,58.85,59.04,57.53,57.79,3842.9,0
2025-01-05 10:00:00,57.83,58.16,57.5,58.12,4485.834,0
2025-01-05 11:00:00,58.1,58.54,57.75,58.01,4057.526,0
2025-01-05 12:00:00,58.01,58.29,57.62,57.97,1810.755,0
2025-01-05 13:00:00,57.96,58.17,57.65,57.69,3080.133,0
2025-01-05 14:00:00,57.75,58.01,57.12,57.91,4602.789,0
2025-01-05 15:00:00,57.9,58.35,57.7,57.93,4842.828,0
2025-01-05 16:00:00,57.95,58.27,57.5,57.75,1538.331,0
2025-01-05 17:00:00,57.82,58.04,57.24,57.38,2359.802,0
2025-01-05 18:00:00,57.42,57.96,57.15,57.91,2325.322,0
2025-01-05 19:00:00,57.9,58.22,57.7,58.03,1513.012,0
2025-01-05 20:00:00,58.05,58.68,57.97,58.3,5320.99,0
2025-01-05 21:00:00,58.31,58.59,58.21,58.41,2112.733,0
2025-01-05 22:00:00,58.42,58.63,58.29,58.6,3748.378,0
2025-01-05 23:00:00,58.59,58.97,58.44,58.45,1493.896,0
2025-01-06 00:00:00,58.51,58.56,57.67,57.72,2045.18,0
2025-01-06 01:00:00,57.75,58.58,57.25,58.46,4254.582,0
2025-01-06 02:00:00,58.39,59.27,58.39,58.97,4727.916,0
2025-01-06 03:00:00,58.99,59.37,58.73,59.17,2891.769,0
2025-01-06 04:00:00,59.19,59.78,59.19,59.51,4467.723,0
2025-01-06 05:00:00,59.53,59.9,59.29,59.31,2928.264,0
2025-01-06 06:00:00,59.32,59.8,59.14,59.3,2690.926,0
2025-01-06 07:00:00,59.36,59.56,58.84,59.16,1895.181,0
2025-01-06 08:00:00,59.17,59.58,58.18,58.3,4296.385,0
2025-01-06 09:00:00,58.3,58.8,58.21,58.48,3215.375,0
2025-01-06 10:00:00,58.5,58.67,58.0,58.63,4254.203,0
2025-01-06 11:00:00,58.65,59.18,58.4,59.15,1786.618,0
2025-01-06 12:00:00,59.13,59.27,58.62,58.69,3137.688,0
2025-01-06 13:00:00,58.69,59.12,58.17,59.09,2566.551,0
2025-01-06 14:00:00,59.09,60.0,58.36,59.68,7703.01,0
2025-01-06 15:00:00,59.73,60.63,59.51,60.63,8485.2,0
2025-01-06 16:00:00,60.62,61.5,60.51,60.94,8656.264,0
2025-01-06 17:00:00,60.94,60.95,60.08,60.29,4295.375,0
2025-01-06 18:00:00,60.32,60.32,59.59,59.63,4673.565,0
2025-01-06 19:00:00,59.65,60.19,59.55,59.85,4343.851,0
2025-01-06 20:00:00,59.87,60.16,59.29,59.45,3355.066,0
2025-01-06 21:00:00,59.46,59.57,58.72,59.09,5827.357,0
2025-01-06 22:00:00,59.18,59.56,58.88,59.49,1759.907,0
2025-01-06 23:00:00,59.46,60.45,59.1,60.41,2804.897,0
2025-01-07 00:00:00,60.4,60.4,57.83,58.42,15194.954,0
2025-01-07 01:00:00,58.41,59.03,58.12,58.71,3400.713,0
2025-01-07 02:00:00,58.8,58.82,57.52,57.61,1492.727,0
2025-01-07 03:00:00,57.64,57.95,57.41,57.6,4100.934,0
2025-01-07 04:00:00,57.58,57.89,57.31,57.54,3891.248,0
2025-01-07 05:00:00,57.42,57.45,56.79,57.44,2948.337,0
2025-01-07 06:00:00,57.44,58.0,57.44,57.69,3833.534,0
2025-01-07 07:00:00,57.7,57.86,57.43,57.62,1685.317,0
2025-01-07 08:00:00,57.61,58.05,57.4,57.96,1772.638,0
2025-01-07 09:00:00,57.95,58.04,57.41,57.68,2129.464,0
2025-01-07 10:00:00,57.61,57.61,56.95,57.02,2978.812,0
2025-01-07 11:00:00,57.02,57.31,56.33,56.84,2711.201,0
2025-01-07 12:00:00,56.86,57.44,56.73,57.14,1634.448,0
2025-01-07 13:00:00,57.11,57.38,56.77,57.13,4152.761,0
2025-01-07 14:00:00,57.14,57.24,55.23,55.83,5709.032,0
2025-01-07 15:00:00,55.84,56.04,53.16,53.91,35042.24,0
2025-01-07 16:00:00,53.91,54.16,53.39,53.52,9557.346,0
2025-01-07 17:00:00,53.51,54.07,53.25,53.64,7263.578,0
2025-01-07 18:00:00,53.6,53.89,52.32,52.7,9321.142,0
2025-01-07 19:00:00,52.68,53.04,52.25,52.56,3889.025,0
2025-01-07 20:00:00,52.56,52.75,51.8,52.5,5149.973,0
2025-01-07 21:00:00,52.48,52.69,51.63,51.63,4540.901,0
2025-01-07 22:00:00,51.63,52.41,51.4,52.32,8999.106,0
2025-01-07 23:00:00,52.28,53.83,51.93,52.27,15477.745,0
2025-01-08 00:00:00,52.25,53.4,52.08,53.33,7158.716,0
2025-01-08 01:00:00,53.28,53.35,52.39,52.75,3129.0,0
2025-01-08 02:00:00,52.74,53.22,52.12,52.14,3146.073,0
2025-01-08 03:00:00,52.1,52.33,51.56,51.98,2967.358,0
2025-01-08 04:00:00,51.98,52.15,51.39,51.45,2243.093,0
2025-01-08 05:00:00,51.45,52.07,51.31,51.68,2416.956,0
2025-01-08 06:00:00,51.69,52.09,50.56,50.61,6200.864,0
2025-01-08 07:00:00,50.59,51.72,50.56,51.37,4699.314,0
2025-01-08 08:00:00,51.32,51.96,51.32,51.57,3436.385,0
2025-01-08 09:00:00,51.53,51.86,51.21,51.21,1284.012,0
2025-01-08 10:00:00,51.21,51.69,51.15,51.42,1613.763,0
2025-01-08 11:00:00,51.42,51.51,50.57,51.01,2232.273,0
2025-01-08 12:00:00,51.02,51.46,50.62,50.65,3538.711,0
2025-01-08 13:00:00,50.71,51.27,50.64,50.78,4812.196,0
2025-01-08 14:00:00,50.79,51.29,50.57,50.7,4165.219,0
2025-01-08 15:00:00,50.65,51.31,50.2,50.79,6209.117,0
2025-01-08 16:00:00,50.8,50.9,49.47,49.48,6167.753,0
2025-01-08 17:00:00,49.45,49.77,47.4,49.38,23288.105,0
2025-01-08 18:00:00,49.38,50.22,48.94,49.44,6147.589,0
2025-01-08 19:00:00,49.47,50.06,49.23,49.54,3987.362,0
2025-01-08 20:00:00,49.51,49.94,49.18,49.93,4141.319,0
2025-01-08 21:00:00,49.91,50.09,49.25,50.07,2969.866,0
2025-01-08 22:00:00,50.03,50.47,49.92,50.47,2056.368,0
2025-01-08 23:00:00,50.47,50.56,50.16,50.24,2714.222,0
2025-01-09 00:00:00,50.24,50.68,50.16,50.57,1628.101,0
2025-01-09 01:00:00,50.55,50.96,50.45,50.65,3679.259,0
2025-01-09 02:00:00,50.67,50.83,50.03,50.52,1923.632,0
2025-01-09 03:00:00,50.55,50.55,49.94,49.97,1353.09,0
2025-01-09 04:00:00,50.01,50.17,49.3,49.82,12912.813,0
2025-01-09 05:00:00,49.82,49.82,49.33,49.67,2160.349,0
2025-01-09 06:00:00,49.69,49.81,49.19,49.24,1254.19,0
2025-01-09 07:00:00,49.23,49.48,48.5,48.76,6932.936,0
2025-01-09 08:00:00,48.77,49.7,48.61,49.6,3079.328,0
2025-01-09 09:00:00,49.6,50.25,49.53,49.91,3883.271,0
2025-01-09 10:00:00,49.92,50.06,49.38,49.78,7733.84,0
2025-01-09 11:00:00,49.76,50.08,49.54,49.6,4109.168,0
2025-01-09 12:00:00,49.61,50.0,49.35,49.61,3235.123,0
2025-01-09 13:00:00,49.64,49.79,48.02,48.03,6658.989,0
2025-01-09 14:00:00,48.02,48.7,47.65,48.49,6783.285,0
2025-01-09 15:00:00,48.48,50.05,48.3,49.83,6250.479,0
2025-01-09 16:00:00,49.81,50.0,49.24,49.69,8928.408,0
2025-01-09 17:00:00,49.69,49.79,48.07,48.5,8429.568,0
2025-01-09 18:00:00,48.54,49.12,48.41,48.74,4593.658,0
2025-01-09 19:00:00,48.74,48.89,47.8,48.02,4443.156,0
2025-01-09 20:00:00,48.02,48.32,46.3,47.25,29159.195,0
2025-01-09 21:00:00,47.2,47.72,46.64,46.73,6212.193,0
2025-01-09 22:00:00,46.69,47.39,46.19,47.04,23348.812,0
2025-01-09 23:00:00,47.03,47.07,46.84,46.99,1713.542,0
2025-01-10 00:00:00,46.99,47.33,46.74,47.0,5977.427,0
2025-01-10 01:00:00,47.0,47.26,46.68,47.24,5043.951,0
2025-01-10 02:00:00,47.26,47.73,47.08,47.32,3411.614,0
2025-01-10 03:00:00,47.33,47.63,47.24,47.53,3734.283,0
2025-01-10 04:00:00,47.43,47.65,47.06,47.12,4383.228,0
2025-01-10 05:00:00,47.15,47.87,47.06,47.63,3171.249,0
2025-01-10 06:00:00,47.63,48.3,47.43,48.3,5321.698,0
2025-01-10 07:00:00,48.31,48.82,48.1,48.36,4784.382,0
2025-01-10 08:00:00,48.32,48.48,48.03,48.38,2972.943,0
2025-01-10 09:00:00,48.38,48.73,48.17,48.53,3473.225,0
2025-01-10 10:00:00,48.54,48.78,48.25,48.76,3696.55,0
2025-01-10 11:00:00,48.7,48.75,47.65,48.28,8434.261,0
2025-01-10 12:00:00,48.27,48.37,47.94,48.29,2796.842,0
2025-01-10 13:00:00,48.26,48.59,46.56,47.26,12899.33,0
2025-01-10 14:00:00,47.23,48.28,47.21,47.68,4262.529,0
2025-01-10 15:00:00,47.65,48.03,46.76,47.62,5052.52,0
2025-01-10 16:00:00,47.62,47.62,47.03,47.05,3025.738,0
2025-01-10 17:00:00,47.02,48.61,46.8,48.59,4310.146,0
2025-01-10 18:00:00,48.59,48.67,47.98,48.24,5910.419,0
2025-01-10 19:00:00,48.25,48.5,47.82,48.45,2284.686,0
2025-01-10 20:00:00,48.46,48.72,48.08,48.3,9033.038,0
2025-01-10 21:00:00,48.3,48.5,48.04,48.04,2808.32,0
2025-01-10 22:00:00,48.08,48.52,47.91,48.34,1968.77,0
2025-01-10 23:00:00,48.4,48.54,48.24,48.27,2498.956,0
2025-01-11 00:00:00,48.25,48.32,48.0,48.3,2041.482,0
2025-01-11 01:00:00,48.3,48.52,48.05,48.12,4353.542,0
2025-01-11 02:00:00,48.2,48.23,47.82,48.17,1878.351,0
2025-01-11 03:00:00,48.05,48.1,47.64,47.69,2046.519,0
2025-01-11 04:00:00,47.69,47.88,47.38,47.68,1735.639,0
2025-01-11 05:00:00,47.66,47.92,47.52,47.88,1742.961,0
2025-01-11 06:00:00,47.92,48.16,47.63,47.66,1598.822,0
2025-01-11 07:00:00,47.68,47.88,47.5,47.67,1376.058,0
2025-01-11 08:00:00,47.78,47.83,47.22,47.34,1179.813,0
2025-01-11 09:00:00,47.39,47.64,47.32,47.64,1133.625,0
2025-01-11 10:00:00,47.66,47.97,47.63,47.9,2441.794,0
2025-01-11 11:00:00,47.93,48.15,47.85,47.95,1670.89,0
2025-01-11 12:00:00,47.92,47.96,47.61,47.69,1704.397,0
2025-01-11 13:00:00,47.7,47.81,47.45,47.51,2249.769,0
2025-01-11 14:00:00,47.51,47.98,47.37,47.92,2506.709,0
2025-01-11 15:00:00,47.91,48.0,47.65,47.68,1724.845,0
2025-01-11 16:00:00,47.71,47.86,47.46,47.81,2408.07,0
2025-01-11 17:00:00,47.79,47.81,47.49,47.54,2290.956,0
2025-01-11 18:00:00,47.61,47.71,47.36,47.55,1686.611,0
2025-01-11 19:00:00,47.56,47.64,47.26,47.42,1122.007,0
2025-01-11 20:00:00,47.45,48.97,47.39,48.88,4087.089,0
2025-01-11 21:00:00,48.87,49.55,48.77,49.38,6455.93,0
2025-01-11 22:00:00,49.4,49.43,48.53,48.64,2001.948,0
2025-01-11 23:00:00,48.65,48.83,48.4,48.54,2480.956,0
2025-01-12 00:00:00,48.54,48.62,48.22,48.4,4057.81,0
2025-01-12 01:00:00,48.37,48.65,48.23,48.49,3435.363,0
2025-01-12 02:00:00,48.48,48.59,48.25,48.39,2798.042,0
2025-01-12 03:00:00,48.44,48.54,48.04,48.28,2372.779,0
2025-01-12 04:00:00,48.33,48.56,48.13,48.25,3932.165,0
2025-01-12 05:00:00,48.26,48.4,47.93,48.08,3660.512,0
2025-01-12 06:00:00,48.06,48.15,47.7,47.7,1511.106,0
2025-01-12 07:00:00,47.72,48.01,47.6,47.94,3728.83,0
2025-01-12 08:00:00,47.96,48.08,47.61,47.73,1713.678,0
2025-01-12 09:00:00,47.82,47.92,47.44,47.59,1659.104,0
2025-01-12 10:00:00,47.6,47.72,47.32,47.53,2156.537,0
2025-01-12 11:00:00,47.57,47.96,47.41,47.9,1457.17,0
2025-01-12 12:00:00,47.88,48.14,47.63,47.83,1928.789,0
2025-01-12 13:00:00,47.8,48.55,47.77,48.4,3565.406,0
2025-01-12 14:00:00,48.41,48.64,48.07,48.23,3313.012,0
2025-01-12 15:00:00,48.27,48.81,48.2,48.51,2104.136,0
2025-01-12 16:00:00,48.56,48.77,48.32,48.77,2605.138,0
2025-01-12 17:00:00,48.78,48.86,48.45,48.69,1055.313,0
2025-01-12 18:00:00,48.73,48.96,48.48,48.51,945.146,0
2025-01-12 19:00:00,48.59,48.64,48.34,48.43,655.258,0
2025-01-12 20:00:00,48.45,48.64,48.07,48.18,1533.685,0
2025-01-12 21:00:00,48.21,48.26,47.9,48.01,1100.096,0
2025-01-12 22:00:00,47.98,47.99,47.44,47.58,1723.318,0
2025-01-12 23:00:00,47.66,48.05,47.63,48.02,1632.876,0
2025-01-13 00:00:00,48.01,49.24,47.97,48.93,2564.498,0
2025-01-13 01:00:00,49.01,49.02,48.11,48.2,2829.458,0
2025-01-13 02:00:00,48.21,48.27,47.05,47.44,2422.272,0
2025-01-13 03:00:00,47.47,47.8,46.7,47.01,4514.747,0
2025-01-13 04:00:00,47.03,47.78,46.91,47.51,2553.044,0
2025-01-13 05:00:00,47.57,47.57,46.73,46.92,1656.201,0
2025-01-13 06:00:00,46.95,47.18,45.82,45.98,4837.141,0
2025-01-13 07:00:00,46.06,46.67,45.94,46.43,3488.946,0
2025-01-13 08:00:00,46.45,46.5,45.66,45.7,8504.405,0
2025-01-13 09:00:00,45.84,45.96,45.23,45.52,11643.153,0
2025-01-13 10:00:00,45.53,45.54,44.58,44.8,14049.784,0
2025-01-13 11:00:00,44.82,44.97,43.93,44.01,10518.178,0
2025-01-13 12:00:00,44.01,44.82,43.92,44.71,5862.597,0
2025-01-13 13:00:00,44.68,46.97,44.47,45.9,16334.551,0
2025-01-13 14:00:00,45.83,47.57,44.78,47.07,12538.626,0
2025-01-13 15:00:00,47.0,48.25,46.6,47.67,13271.184,0
2025-01-13 16:00:00,47.7,47.98,46.67,46.68,4776.496,0
2025-01-13 17:00:00,46.67,47.06,46.3,46.39,1697.713,0
2025-01-13 18:00:00,46.41,46.78,46.0,46.62,4713.866,0
2025-01-13 19:00:00,46.66,47.23,46.42,46.97,1684.34,0
2025-01-13 20:00:00,46.95,48.81,46.53,48.43,8249.59,0
2025-01-13 21:00:00,48.48,48.74,47.87,48.74,2905.052,0
2025-01-13 22:00:00,48.71,49.09,48.47,48.6,4800.725,0
2025-01-13 23:00:00,48.59,48.64,48.14,48.44,1914.654,0
2025-01-14 00:00:00,48.44,48.77,48.2,48.65,3722.127,0
2025-01-14 01:00:00,48.68,49.32,48.4,48.58,4847.028,0
2025-01-14 02:00:00,48.6,49.07,48.34,48.82,1716.751,0
2025-01-14 03:00:00,48.8,49.19,48.61,48.75,1341.219,0
2025-01-14 04:00:00,48.77,49.51,48.69,49.4,2139.502,0
2025-01-14 05:00:00,49.4,49.52,49.05,49.07,1540.127,0
2025-01-14 06:00:00,49.12,49.66,49.05,49.32,2511.783,0
2025-01-14 07:00:00,49.33,49.6,49.17,49.19,1156.66,0
2025-01-14 08:00:00,49.21,49.87,49.01,49.51,5143.551,0
2025-01-14 09:00:00,49.5,50.74,49.42,50.58,5801.156,0
2025-01-14 10:00:00,50.5,50.67,49.73,49.91,9433.871,0
2025-01-14 11:00:00,49.92,50.05,49.45,49.76,1276.84,0
2025-01-14 12:00:00,49.74,49.87,49.21,49.44,2842.043,0
2025-01-14 13:00:00,49.48,50.31,49.29,49.98,4838.433,0
2025-01-14 14:00:00,49.9,50.76,49.74,50.24,5695.079,0
2025-01-14 15:00:00,50.34,50.7,50.29,50.38,3643.056,0
2025-01-14 16:00:00,50.36,50.96,49.91,50.91,5456.742,0
2025-01-14 17:00:00,50.9,51.44,50.77,51.31,4330.246,0
2025-01-14 18:00:00,51.3,51.31,50.85,51.16,1393.318,0
2025-01-14 19:00:00,51.15,51.21,50.9,51.0,1356.142,0
2025-01-14 20:00:00,51.01,51.05,50.5,50.81,2120.075,0
2025-01-14 21:00:00,50.83,51.02,50.75,50.97,2240.212,0
2025-01-14 22:00:00,50.96,51.57,50.83,51.5,1631.772,0
2025-01-14 23:00:00,51.45,51.59,51.05,51.13,1802.443,0
2025-01-15 00:00:00,51.12,51.77,50.94,51.63,3499.371,0
2025-01-15 01:00:00,51.53,52.32,51.33,52.31,5615.102,0
2025-01-15 02:00:00,52.31,53.0,51.92,51.94,5202.736,0
2025-01-15 03:00:00,51.93,52.69,51.68,52.62,3448.094,0
2025-01-15 04:00:00,52.63,53.0,52.11,52.29,4309.252,0
2025-01-15 05:00:00,52.3,52.54,51.87,52.33,2703.631,0
2025-01-15 06:00:00,52.35,52.39,51.18,51.8,3203.789,0
2025-01-15 07:00:00,51.8,52.56,51.75,51.85,9971.258,0
2025-01-15 08:00:00,51.91,52.15,51.66,51.8,1577.173,0
2025-01-15 09:00:00,51.71,51.72,50.76,50.82,2532.061,0
2025-01-15 10:00:00,50.8,51.32,50.8,50.98,1642.808,0
2025-01-15 11:00:00,50.98,51.02,50.21,50.74,4443.739,0
2025-01-15 12:00:00,50.74,50.82,50.06,50.34,4274.857,0
2025-01-15 13:00:00,50.39,52.64,50.39,52.6,9678.256,0
2025-01-15 14:00:00,52.61,52.85,51.71,52.81,5608.043,0
2025-01-15 15:00:00,52.86,53.89,52.49,53.31,10659.031,0
2025-01-15 16:00:00,53.34,53.88,52.97,53.35,7951.599,0
2025-01-15 17:00:00,53.29,54.38,53.21,53.95,9570.245,0
2025-01-15 18:00:00,54.02,55.19,54.01,54.8,9686.454,0
2025-01-15 19:00:00,54.85,54.95,54.48,54.59,3590.609,0
2025-01-15 20:00:00,54.67,55.06,54.18,54.39,3965.612,0
2025-01-15 21:00:00,54.4,54.71,53.64,53.8,4997.395,0
2025-01-15 22:00:00,53.81,54.58,53.59,54.53,4332.524,0
2025-01-15 23:00:00,54.57,55.45,54.57,55.37,5589.098,0
2025-01-16 00:00:00,55.34,55.5,53.87,54.07,9993.374,0
2025-01-16 01:00:00,54.14,54.46,53.93,54.27,2677.39,0
2025-01-16 02:00:00,54.25,54.25,53.74,54.01,1799.665,0
2025-01-16 03:00:00,54.04,54.32,53.36,53.66,2867.575,0
2025-01-16 04:00:00,53.67,54.43,53.53,54.35,1957.765,0
2025-01-16 05:00:00,54.35,54.78,53.93,54.46,1775.602,0
2025-01-16 06:00:00,54.46,54.88,54.29,54.67,2482.512,0
2025-01-16 07:00:00,54.67,54.79,54.35,54.35,1054.383,0
2025-01-16 08:00:00,54.36,54.36,53.07,53.34,4594.146,0
2025-01-16 09:00:00,53.39,53.66,53.11,53.58,1990.624,0
2025-01-16 10:00:00,53.59,53.81,53.4,53.67,2028.898,0
2025-01-16 11:00:00,53.66,54.34,53.43,54.29,5375.475,0
2025-01-16 12:00:00,54.27,54.91,53.92,54.69,4914.058,0
2025-01-16 13:00:00,54.67,55.12,53.76,53.96,5961.802,0
2025-01-16 14:00:00,53.95,54.29,52.6,52.85,6390.381,0
2025-01-16 15:00:00,52.86,53.97,52.71,53.97,3582.335,0
2025-01-16 16:00:00,53.97,54.98,53.93,54.7,3923.326,0
2025-01-16 17:00:00,54.67,55.3,54.12,54.88,3989.737,0
2025-01-16 18:00:00,54.84,54.98,54.07,54.2,3113.97,0
2025-01-16 19:00:00,54.18,54.85,54.07,54.65,4056.598,0
2025-01-16 20:00:00,54.67,54.69,54.1,54.18,3489.606,0
2025-01-16 21:00:00,54.19,54.33,53.73,54.23,3507.916,0
2025-01-16 22:00:00,54.22,54.4,53.47,53.64,3179.045,0
2025-01-16 23:00:00,53.64,54.21,53.45,54.07,2445.727,0
2025-01-17 00:00:00,54.1,54.36,53.92,54.3,4010.98,0
2025-01-17 01:00:00,54.32,55.19,54.22,55.05,3192.944,0
2025-01-17 02:00:00,55.05,55.41,54.38,54.6,2535.965,0
2025-01-17 03:00:00,54.65,54.74,54.43,54.6,856.005,0
2025-01-17 04:00:00,54.56,55.88,54.56,55.79,4447.123,0
2025-01-17 05:00:00,55.8,56.86,55.49,56.22,10883.724,0
2025-01-17 06:00:00,56.2,56.76,55.96,56.33,2870.863,0
2025-01-17 07:00:00,56.33,56.64,55.83,55.97,2619.939,0
2025-01-17 08:00:00,56.1,56.22,55.42,55.84,3391.624,0
2025-01-17 09:00:00,55.84,56.07,55.58,55.65,1837.402,0
2025-01-17 10:00:00,55.59,56.33,55.51,56.26,2098.456,0
2025-01-17 11:00:00,56.31,56.32,55.74,55.74,2169.022,0
2025-01-17 12:00:00,55.74,56.14,55.24,55.28,3275.939,0
2025-01-17 13:00:00,55.33,55.79,54.91,55.22,2837.524,0
2025-01-17 14:00:00,55.18,55.66,55.07,55.29,5165.791,0
2025-01-17 15:00:00,55.32,55.67,54.67,54.74,6354.601,0
2025-01-17 16:00:00,54.75,55.33,54.46,54.78,5029.683,0
2025-01-17 17:00:00,54.8,55.05,54.1,54.14,6289.056,0
2025-01-17 18:00:00,54.18,54.7,54.04,54.22,2026.078,0
2025-01-17 19:00:00,54.24,54.81,54.24,54.72,2346.751,0
2025-01-17 20:00:00,54.72,55.5,54.65,55.3,4386.836,0
2025-01-17 21:00:00,55.27,55.55,54.86,55.24,2238.251,0
2025-01-17 22:00:00,55.18,55.54,55.08,55.2,1585.38,0
2025-01-17 23:00:00,55.21,55.21,54.86,54.86,701.796,0
2025-01-18 00:00:00,54.88,55.07,54.53,55.07,3056.489,0
2025-01-18 01:00:00,55.07,55.07,54.34,54.44,2601.308,0
2025-01-18 02:00:00,54.44,54.59,54.05,54.25,2568.365,0
2025-01-18 03:00:00,54.25,54.34,52.52,52.64,5966.384,0
2025-01-18 04:00:00,52.63,53.02,51.85,52.31,8582.636,0
2025-01-18 05:00:00,52.33,52.56,50.76,50.76,14173.069,0
2025-01-18 06:00:00,50.75,51.82,50.75,51.67,5047.213,0
2025-01-18 07:00:00,51.66,51.82,51.11,51.32,3695.333,0
2025-01-18 08:00:00,51.23,52.36,50.8,52.22,5334.884,0
2025-01-18 09:00:00,52.25,52.64,52.1,52.61,9712.85,0
2025-01-18 10:00:00,52.59,52.72,52.04,52.56,4556.119,0
2025-01-18 11:00:00,52.56,53.1,52.27,52.9,3684.14,0
2025-01-18 12:00:00,52.92,53.04,52.08,52.5,3709.428,0
2025-01-18 13:00:00,52.52,53.2,52.33,53.18,2379.862,0
2025-01-18 14:00:00,53.2,53.2,51.78,51.8,2046.401,0
2025-01-18 15:00:00,51.82,52.45,51.46,51.5,5598.048,0
2025-01-18 16:00:00,51.49,51.64,50.55,50.64,10967.684,0
2025-01-18 17:00:00,50.65,51.29,50.48,50.62,3564.119,0
2025-01-18 18:00:00,50.62,51.31,50.55,50.79,3801.827,0
2025-01-18 19:00:00,50.83,51.56,50.83,51.56,1481.432,0
2025-01-18 20:00:00,51.56,51.67,51.27,51.45,1901.688,0
2025-01-18 21:00:00,51.45,51.78,51.29,51.32,1278.727,0
2025-01-18 22:00:00,51.3,51.97,51.18,51.77,3118.144,0
2025-01-18 23:00:00,51.75,52.22,51.59,51.98,3152.023,0
2025-01-19 00:00:00,51.98,52.06,51.63,51.64,3274.462,0
2025-01-19 01:00:00,51.64,52.53,51.57,52.27,3921.39,0
2025-01-19 02:00:00,52.28,52.51,52.05,52.11,1186.488,0
2025-01-19 03:00:00,52.13,52.19,51.16,51.24,2347.988,0
2025-01-19 04:00:00,51.25,51.33,49.73,50.02,24101.405,0
2025-01-19 05:00:00,50.04,50.53,49.65,50.37,6458.83,0
2025-01-19 06:00:00,50.44,50.44,49.86,49.93,8667.809,0
2025-01-19 07:00:00,49.94,50.06,49.06,49.42,7010.184,0
2025-01-19 08:00:00,49.4,49.53,48.43,48.51,6618.106,0
2025-01-19 09:00:00,48.45,49.04,47.54,49.0,10819.388,0
2025-01-19 10:00:00,48.98,49.11,48.14,48.67,4687.994,0
2025-01-19 11:00:00,48.65,48.81,47.41,47.83,7163.468,0
2025-01-19 12:00:00,47.8,49.4,47.71,49.28,7486.036,0
2025-01-19 13:00:00,49.25,49.67,48.74,49.59,5408.342,0
2025-01-19 14:00:00,49.65,50.98,49.48,50.86,7180.988,0
2025-01-19 15:00:00,50.92,51.32,50.31,50.77,6919.59,0
2025-01-19 16:00:00,50.75,51.11,50.43,50.54,2352.987,0
2025-01-19 17:00:00,50.57,51.03,50.07,50.96,3854.141,0
2025-01-19 18:00:00,50.97,51.43,50.84,51.36,3575.14,0
2025-01-19 19:00:00,51.35,51.7,50.91,51.66,3696.522,0
2025-01-19 20:00:00,51.68,51.85,50.75,50.84,5636.245,0
2025-01-19 21:00:00,50.92,50.94,47.6,47.75,25689.472,0
2025-01-19 22:00:00,47.77,48.48,45.77,47.37,18460.515,0
2025-01-19 23:00:00,47.36,47.37,45.79,46.93,16555.407,0
2025-01-20 00:00:00,46.87,46.9,45.57,45.85,13603.324,0
2025-01-20 01:00:00,45.82,47.02,45.82,46.38,6275.328,0
2025-01-20 02:00:00,46.32,48.17,46.23,47.32,5463.671,0
2025-01-20 03:00:00,47.33,48.07,46.95,47.81,2225.939,0
2025-01-20 04:00:00,47.78,48.2,47.12,47.74,4478.841,0
2025-01-20 05:00:00,47.76,48.53,47.61,47.77,3273.238,0
2025-01-20 06:00:00,47.82,50.69,47.74,50.65,8451.885,0
2025-01-20 07:00:00,50.69,51.86,49.86,50.12,13446.001,0
2025-01-20 08:00:00,50.12,50.7,50.0,50.51,3604.059,0
2025-01-20 09:00:00,50.51,50.66,49.36,49.44,3213.803,0
2025-01-20 10:00:00,49.46,49.9,49.01,49.18,2276.66,0
2025-01-20 11:00:00,49.23,49.57,48.8,49.55,2623.879,0
2025-01-20 12:00:00,49.54,49.65,47.94,48.59,5110.985,0
2025-01-20 13:00:00,48.67,49.09,48.41,48.8,2110.958,0
2025-01-20 14:00:00,48.88,49.26,48.74,49.18,3756.134,0
2025-01-20 15:00:00,49.15,49.55,48.5,49.12,7411.98,0
2025-01-20 16:00:00,49.13,49.26,48.07,49.09,4436.691,0
2025-01-20 17:00:00,49.1,49.1,46.1,47.5,19392.271,0
2025-01-20 18:00:00,47.53,48.58,47.51,48.45,2655.63,0
2025-01-20 19:00:00,48.52,48.53,47.95,48.29,1169.49,0
2025-01-20 20:00:00,48.29,48.76,47.93,48.36,3568.563,0
2025-01-20 21:00:00,48.35,48.57,47.28,47.29,3236.611,0
2025-01-20 22:00:00,47.31,48.06,46.87,47.93,1720.645,0
2025-01-20 23:00:00,48.0,48.11,47.36,47.55,1386.259,0
2025-01-21 00:00:00,47.54,47.58,46.59,46.59,2712.006,0
2025-01-21 01:00:00,46.59,47.12,46.06,46.43,2808.808,0
2025-01-21 02:00:00,46.41,46.69,45.76,46.41,3845.442,0
2025-01-21 03:00:00,46.44,46.69,46.23,46.46,3436.402,0
2025-01-21 04:00:00,46.47,46.47,45.6,46.46,3126.363,0
2025-01-21 05:00:00,46.42,46.6,45.88,45.96,1865.19,0
2025-01-21 06:00:00,45.96,46.61,45.7,46.36,1014.817,0
2025-01-21 07:00:00,46.23,46.78,46.09,46.42,1543.154,0
2025-01-21 08:00:00,46.36,46.77,46.09,46.59,924.206,0
2025-01-21 09:00:00,46.6,47.09,46.39,46.94,2445.947,0
2025-01-21 10:00:00,46.9,47.83,46.85,47.76,2552.028,0
2025-01-21 11:00:00,47.74,48.18,47.54,48.13,4621.372,0
2025-01-21 12:00:00,48.13,48.57,47.59,48.01,3512.355,0
2025-01-21 13:00:00,48.08,48.53,47.71,48.51,2038.132,0
2025-01-21 14:00:00,48.55,49.11,48.26,48.57,4038.243,0
2025-01-21 15:00:00,48.54,48.66,48.02,48.52,2613.714,0
2025-01-21 16:00:00,48.46,49.68,48.42,48.99,2339.992,0
2025-01-21 17:00:00,49.03,50.14,49.03,50.1,1543.393,0
2025-01-21 18:00:00,50.13,50.83,50.0,50.67,2955.567,0
2025-01-21 19:00:00,50.69,50.69,49.64,50.01,2973.537,0
2025-01-21 20:00:00,50.02,50.22,49.51,49.69,3335.175,0
2025-01-21 21:00:00,49.68,50.03,49.57,49.98,1913.564,0
2025-01-21 22:00:00,49.98,49.98,49.18,49.19,3609.002,0
2025-01-21 23:00:00,49.19,49.38,48.79,49.1,2122.325,0
2025-01-22 00:00:00,49.08,49.31,48.77,49.13,1604.313,0
2025-01-22 01:00:00,49.05,49.05,48.32,48.32,3675.551,0
2025-01-22 02:00:00,48.34,48.93,48.34,48.81,733.366,0
2025-01-22 03:00:00,48.83,48.95,48.51,48.65,392.56,0
2025-01-22 04:00:00,48.67,48.8,48.3,48.57,1135.81,0
2025-01-22 05:00:00,48.57,48.87,48.44,48.61,785.636,0
2025-01-22 06:00:00,48.61,48.82,48.5,48.62,519.587,0
2025-01-22 07:00:00,48.65,48.69,48.43,48.6,2614.135,0
2025-01-22 08:00:00,48.6,48.97,48.37,48.97,1300.151,0
2025-01-22 09:00:00,48.97,49.44,48.73,49.16,2466.768,0
2025-01-22 10:00:00,49.15,49.19,48.76,49.16,1626.309,0
2025-01-22 11:00:00,49.18,49.77,49.14,49.66,3650.867,0
2025-01-22 12:00:00,49.72,50.08,49.34,49.49,6098.612,0
2025-01-22 13:00:00,49.46,49.48,48.73,48.9,3637.413,0
2025-01-22 14:00:00,48.88,49.39,48.63,49.29,1983.077,0
2025-01-22 15:00:00,49.21,49.47,48.81,49.18,1245.248,0
2025-01-22 16:00:00,49.16,49.57,48.9,49.38,928.094,0
2025-01-22 17:00:00,49.37,49.77,49.31,49.7,1299.09,0
2025-01-22 18:00:00,49.67,49.75,48.79,48.99,1100.512,0
2025-01-22 19:00:00,48.87,49.82,48.87,49.64,2341.562,0
2025-01-22 20:00:00,49.69,50.0,49.31,49.31,1281.959,0
2025-01-22 21:00:00,49.31,49.52,49.03,49.32,1148.435,0
2025-01-22 22:00:00,49.32,49.32,48.82,48.91,2199.987,0
2025-01-22 23:00:00,48.91,48.93,48.18,48.48,3162.835,0
2025-01-23 00:00:00,48.48,48.58,47.86,47.94,2487.951,0
2025-01-23 01:00:00,47.94,48.14,47.34,47.37,2844.874,0
2025-01-23 02:00:00,47.46,47.52,47.17,47.22,2084.737,0
2025-01-23 03:00:00,47.18,48.22,47.16,47.92,2684.475,0
2025-01-23 04:00:00,47.94,48.05,47.32,47.32,2110.836,0
2025-01-23 05:00:00,47.49,48.02,47.42,47.58,1322.927,0
2025-01-23 06:00:00,47.64,47.82,47.5,47.62,666.949,0
2025-01-23 07:00:00,47.64,48.48,47.56,48.44,5679.925,0
2025-01-23 08:00:00,48.43,48.46,48.0,48.0,1716.48,0
2025-01-23 09:00:00,47.95,48.2,47.65,47.74,1864.612,0
2025-01-23 10:00:00,47.82,47.99,47.26,47.41,2988.582,0
2025-01-23 11:00:00,47.41,47.79,47.27,47.66,1516.889,0
2025-01-23 12:00:00,47.66,47.67,47.14,47.21,1391.951,0
2025-01-23 13:00:00,47.2,47.98,46.82,47.82,4390.568,0
2025-01-23 14:00:00,47.81,49.07,47.35,48.75,3536.847,0
2025-01-23 15:00:00,48.82,49.1,47.77,48.83,4473.417,0
2025-01-23 16:00:00,48.86,49.49,48.65,48.69,4073.141,0
2025-01-23 17:00:00,48.66,49.16,48.2,49.12,777.65,0
2025-01-23 18:00:00,49.1,49.23,48.51,48.51,1485.242,0
2025-01-23 19:00:00,48.5,48.55,47.46,47.66,1496.159,0
2025-01-23 20:00:00,47.68,49.15,47.57,48.36,4479.638,0
2025-01-23 21:00:00,48.38,48.38,47.43,47.68,1489.323,0
2025-01-23 22:00:00,47.59,48.61,47.56,48.54,1502.267,0
2025-01-23 23:00:00,48.6,48.97,48.38,48.61,911.373,0
2025-01-24 00:00:00,48.68,48.85,47.93,47.97,1388.381,0
2025-01-24 01:00:00,47.96,48.21,47.23,47.47,1786.547,0
2025-01-24 02:00:00,47.5,47.67,46.98,47.06,8718.498,0
2025-01-24 03:00:00,47.08,47.85,46.89,47.66,3343.915,0
2025-01-24 04:00:00,47.58,48.26,47.29,48.25,1509.558,0
2025-01-24 05:00:00,48.13,49.33,48.01,49.33,2362.774,0
2025-01-24 06:00:00,49.35,49.44,48.54,48.65,1900.434,0
2025-01-24 07:00:00,48.67,48.83,48.46,48.63,534.684,0
2025-01-24 08:00:00,48.64,49.21,48.49,49.08,932.945,0
2025-01-24 09:00:00,49.0,49.16,48.65,48.83,713.186,0
2025-01-24 10:00:00,48.81,48.86,48.35,48.76,1397.389,0
2025-01-24 11:00:00,48.7,48.74,48.39,48.46,740.576,0
2025-01-24 12:00:00,48.53,48.62,48.08,48.62,675.774,0
2025-01-24 13:00:00,48.63,49.03,48.27,48.44,1377.648,0
2025-01-24 14:00:00,48.45,48.63,47.59,48.22,6438.489,0
2025-01-24 15:00:00,48.15,48.36,47.5,47.88,2754.772,0
2025-01-24 16:00:00,47.89,48.04,47.65,47.74,1066.773,0
2025-01-24 17:00:00,47.77,48.27,47.52,48.07,883.61,0
2025-01-24 18:00:00,48.07,48.27,47.73,47.85,810.081,0
2025-01-24 19:00:00,47.85,47.99,47.4,47.41,1031.02,0
2025-01-24 20:00:00,47.51,47.52,46.54,46.54,2504.94,0
2025-01-24 21:00:00,46.58,46.85,46.39,46.57,1405.632,0
2025-01-24 22:00:00,46.56,46.56,46.19,46.2,1384.129,0
2025-01-24 23:00:00,46.16,46.3,46.01,46.24,1241.486,0
2025-01-25 00:00:00,46.24,46.24,45.73,45.73,1331.727,0
2025-01-25 01:00:00,45.72,46.51,45.68,46.17,3293.22,0
2025-01-25 02:00:00,46.14,46.4,45.98,46.28,943.565,0
2025-01-25 03:00:00,46.3,46.66,46.22,46.45,631.069,0
2025-01-25 04:00:00,46.42,46.46,45.88,45.95,3433.555,0
2025-01-25 05:00:00,45.94,46.18,45.82,46.0,562.052,0
2025-01-25 06:00:00,45.97,46.14,45.84,46.06,1219.502,0
2025-01-25 07:00:00,46.03,46.03,45.75,45.9,1284.545,0
2025-01-25 08:00:00,45.91,46.34,45.91,46.06,1465.944,0
2025-01-25 09:00:00,46.12,46.14,45.72,45.79,1207.184,0
2025-01-25 10:00:00,45.79,46.21,45.73,46.21,2040.332,0
2025-01-25 11:00:00,46.19,46.42,46.02,46.36,1628.871,0
2025-01-25 12:00:00,46.37,46.51,46.18,46.45,1826.856,0
2025-01-25 13:00:00,46.46,46.72,46.25,46.35,2617.431,0
2025-01-25 14:00:00,46.34,46.51,46.18,46.46,1490.871,0
2025-01-25 15:00:00,46.46,46.78,46.38,46.7,1894.515,0
2025-01-25 16:00:00,46.66,46.73,46.3,46.45,2164.307,0
2025-01-25 17:00:00,46.48,46.68,46.17,46.52,929.698,0
2025-01-25 18:00:00,46.58,46.67,46.35,46.46,457.502,0
2025-01-25 19:00:00,46.52,46.74,46.45,46.59,750.852,0
2025-01-25 20:00:00,46.63,46.97,46.61,46.74,1290.131,0
2025-01-25 21:00:00,46.75,46.77,46.44,46.64,807.676,0
2025-01-25 22:00:00,46.68,46.9,46.68,46.87,1409.157,0
2025-01-25 23:00:00,46.89,46.91,46.4,46.42,621.104,0
2025-01-26 00:00:00,46.43,47.15,46.38,47.06,1001.425,0
2025-01-26 01:00:00,47.1,47.15,46.93,46.98,818.305,0
2025-01-26 02:00:00,46.94,46.95,46.6,46.67,629.272,0
2025-01-26 03:00:00,46.84,47.2,46.65,46.95,989.716,0
2025-01-26 04:00:00,46.95,47.26,46.82,47.08,850.181,0
2025-01-26 05:00:00,47.08,47.08,46.77,46.84,656.847,0
2025-01-26 06:00:00,46.87,46.98,46.73,46.81,384.15,0
2025-01-26 07:00:00,46.88,46.9,46.46,46.65,515.838,0
2025-01-26 08:00:00,46.71,46.8,46.31,46.39,1334.099,0
2025-01-26 09:00:00,46.39,46.55,46.13,46.2,1350.805,0
2025-01-26 10:00:00,46.24,47.02,46.23,47.02,1605.603,0
2025-01-26 11:00:00,47.04,47.12,46.81,47.12,1181.4,0
2025-01-26 12:00:00,47.08,47.09,46.74,46.87,985.42,0
2025-01-26 13:00:00,46.87,46.95,46.65,46.73,832.146,0
2025-01-26 14:00:00,46.72,46.72,46.43,46.51,867.969,0
2025-01-26 15:00:00,46.53,46.55,46.17,46.21,804.579,0
2025-01-26 16:00:00,46.22,46.35,46.0,46.21,1134.841,0
2025-01-26 17:00:00,46.18,46.55,46.17,46.49,431.303,0
2025-01-26 18:00:00,46.45,46.65,46.37,46.54,475.059,0
2025-01-26 19:00:00,46.55,46.63,46.49,46.61,461.474,0
2025-01-26 20:00:00,46.59,46.65,46.3,46.31,737.152,0
2025-01-26 21:00:00,46.32,46.34,45.95,45.95,566.162,0
2025-01-26 22:00:00,45.94,46.13,45.71,45.78,867.564,0
2025-01-26 23:00:00,45.8,45.8,44.71,44.81,4703.324,0
2025-01-27 00:00:00,44.77,45.31,44.36,44.79,3015.826,0
2025-01-27 01:00:00,44.78,44.83,44.04,44.1,4046.797,0
2025-01-27 02:00:00,44.06,44.06,43.48,43.65,7045.654,0
2025-01-27 03:00:00,43.66,44.39,43.55,44.14,4535.174,0
2025-01-27 04:00:00,44.17,44.17,43.24,43.27,6458.236,0
2025-01-27 05:00:00,43.27,43.45,42.73,43.07,4275.13,0
2025-01-27 06:00:00,43.06,43.27,41.89,42.0,14738.995,0
2025-01-27 07:00:00,42.01,42.29,41.03,41.93,14776.625,0
2025-01-27 08:00:00,41.92,42.2,41.34,41.87,4048.271,0
2025-01-27 09:00:00,41.84,42.33,41.64,41.92,2441.936,0
2025-01-27 10:00:00,41.9,41.9,40.85,41.14,9837.547,0
2025-01-27 11:00:00,41.17,41.75,41.17,41.31,2959.625,0
2025-01-27 12:00:00,41.31,42.46,41.17,42.23,5349.545,0
2025-01-27 13:00:00,42.24,42.72,41.8,41.95,6948.925,0
2025-01-27 14:00:00,41.93,42.86,41.66,42.81,4435.772,0
2025-01-27 15:00:00,42.74,42.87,42.26,42.43,2891.301,0
2025-01-27 16:00:00,42.42,42.58,41.77,41.86,3572.203,0
2025-01-27 17:00:00,41.89,42.09,41.37,41.55,2774.56,0
2025-01-27 18:00:00,41.57,41.96,41.34,41.45,2577.945,0
2025-01-27 19:00:00,41.49,42.01,41.48,41.79,2044.769,0
2025-01-27 20:00:00,41.89,43.0,41.8,42.95,1990.034,0
2025-01-27 21:00:00,42.94,43.55,42.6,42.72,2545.845,0
2025-01-27 22:00:00,42.71,43.06,42.5,42.96,1085.964,0
2025-01-27 23:00:00,42.9,43.22,42.73,43.18,1603.772,0
2025-01-28 00:00:00,43.17,43.82,43.08,43.23,2132.428,0
2025-01-28 01:00:00,43.21,43.21,42.78,42.91,1217.5,0
2025-01-28 02:00:00,42.9,43.32,42.83,43.09,1448.234,0
2025-01-28 03:00:00,43.1,43.52,42.83,43.34,1719.828,0
2025-01-28 04:00:00,43.34,43.53,43.09,43.32,1520.676,0
2025-01-28 05:00:00,43.33,43.64,43.28,43.38,999.277,0
2025-01-28 06:00:00,43.37,43.57,43.22,43.42,5288.824,0
2025-01-28 07:00:00,43.41,43.67,43.18,43.23,1306.994,0
2025-01-28 08:00:00,43.35,43.36,42.95,43.29,1432.614,0
2025-01-28 09:00:00,43.32,43.38,43.0,43.25,803.042,0
2025-01-28 10:00:00,43.24,43.37,43.09,43.19,953.365,0
2025-01-28 11:00:00,43.15,43.58,43.06,43.45,1440.696,0
2025-01-28 12:00:00,43.46,43.64,43.34,43.5,1355.458,0
2025-01-28 13:00:00,43.5,43.88,43.47,43.8,3687.169,0
2025-01-28 14:00:00,43.82,44.12,43.48,43.89,4072.491,0
2025-01-28 15:00:00,43.87,44.87,43.86,44.24,6567.616,0
2025-01-28 16:00:00,44.3,44.55,43.76,43.99,7196.106,0
2025-01-28 17:00:00,43.98,44.35,43.31,43.49,1482.574,0
2025-01-28 18:00:00,43.48,43.8,42.97,43.11,835.187,0
2025-01-28 19:00:00,43.07,43.4,42.88,43.13,2575.424,0
2025-01-28 20:00:00,43.16,43.19,42.25,42.32,2084.47,0
2025-01-28 21:00:00,42.33,42.47,41.47,41.51,3506.861,0
2025-01-28 22:00:00,41.49,42.13,41.32,42.13,2488.481,0
2025-01-28 23:00:00,42.08,42.11,41.45,41.73,1016.665,0
2025-01-29 00:00:00,41.68,41.92,41.44,41.8,938.652,0
2025-01-29 01:00:00,41.78,42.14,41.78,41.91,1547.582,0
2025-01-29 02:00:00,41.92,42.32,41.81,41.97,753.773,0
2025-01-29 03:00:00,41.92,42.6,41.92,42.55,2212.701,0
2025-01-29 04:00:00,42.55,42.85,42.46,42.65,624.646,0
2025-01-29 05:00:00,42.63,42.79,42.36,42.49,1642.655,0
2025-01-29 06:00:00,42.52,42.7,42.37,42.7,1453.224,0
2025-01-29 07:00:00,42.72,43.13,42.57,43.08,1731.216,0
2025-01-29 08:00:00,43.06,43.13,42.73,42.73,3180.777,0
2025-01-29 09:00:00,42.75,42.77,42.2,42.21,1185.941,0
2025-01-29 10:00:00,42.2,42.57,42.08,42.45,526.154,0
2025-01-29 11:00:00,42.46,42.56,42.27,42.34,1325.699,0
2025-01-29 12:00:00,42.36,42.42,42.01,42.16,1395.114,0
2025-01-29 13:00:00,42.13,42.16,41.09,41.23,4352.686,0
2025-01-29 14:00:00,41.21,41.59,40.95,41.25,1865.843,0
2025-01-29 15:00:00,41.26,41.81,41.25,41.71,1591.304,0
2025-01-29 16:00:00,41.68,41.77,41.23,41.5,2421.218,0
2025-01-29 17:00:00,41.51,42.2,41.51,41.74,1739.99,0
2025-01-29 18:00:00,41.72,42.41,41.41,42.24,1970.25,0
2025-01-29 19:00:00,42.23,43.2,41.03,42.76,7824.328,0
2025-01-29 20:00:00,42.81,43.84,42.28,43.08,4065.375,0
2025-01-29 21:00:00,43.15,43.96,42.96,43.48,2849.375,0
2025-01-29 22:00:00,43.54,43.56,43.02,43.04,1518.984,0
2025-01-29 23:00:00,43.04,43.25,42.36,42.41,1252.052,0
2025-01-30 00:00:00,42.44,42.82,42.06,42.75,1570.649,0
2025-01-30 01:00:00,42.78,43.26,42.69,42.85,1702.705,0
2025-01-30 02:00:00,42.93,43.57,42.71,43.57,877.495,0
2025-01-30 03:00:00,43.59,44.52,43.52,44.23,3739.481,0
2025-01-30 04:00:00,44.26,44.83,44.22,44.62,1838.822,0
2025-01-30 05:00:00,44.57,44.64,44.18,44.37,1149.432,0
2025-01-30 06:00:00,44.38,44.58,44.17,44.22,1442.575,0
2025-01-30 07:00:00,44.24,44.27,43.86,44.26,1802.934,0
2025-01-30 08:00:00,44.25,44.47,43.98,44.42,1550.236,0
2025-01-30 09:00:00,44.47,45.11,44.45,45.0,5915.024,0
2025-01-30 10:00:00,44.94,45.42,44.89,45.31,3222.26,0
2025-01-30 11:00:00,45.32,45.5,44.78,45.47,4032.271,0
2025-01-30 12:00:00,45.48,45.5,45.0,45.38,2294.67,0
2025-01-30 13:00:00,45.35,45.83,44.67,44.79,4033.196,0
2025-01-30 14:00:00,44.84,45.35,44.7,45.28,2714.758,0
2025-01-30 15:00:00,45.26,45.57,45.04,45.38,1921.102,0
2025-01-30 16:00:00,45.41,45.5,45.03,45.31,1898.403,0
2025-01-30 17:00:00,45.31,45.37,44.79,45.04,2473.278,0
2025-01-30 18:00:00,45.05,45.05,44.55,44.85,1286.346,0
2025-01-30 19:00:00,44.85,44.97,44.5,44.72,2474.314,0
2025-01-30 20:00:00,44.72,44.77,44.16,44.18,1142.692,0
2025-01-30 21:00:00,44.25,44.54,44.2,44.43,1042.227,0
2025-01-30 22:00:00,44.44,44.51,44.05,44.35,4497.727,0
2025-01-30 23:00:00,44.36,44.54,43.93,43.94,879.873,0
2025-01-31 00:00:00,43.94,44.06,43.6,43.66,2473.891,0
2025-01-31 01:00:00,43.7,43.84,43.53,43.7,497.203,0
2025-01-31 02:00:00,43.7,43.73,43.34,43.38,1586.436,0
2025-01-31 03:00:00,43.39,43.41,43.01,43.31,2996.809,0
2025-01-31 04:00:00,43.27,43.42,42.98,42.98,1441.659,0
2025-01-31 05:00:00,43.0,43.47,43.0,43.32,286.899,0
2025-01-31 06:00:00,43.33,43.71,43.26,43.63,720.371,0
2025-01-31 07:00:00,43.63,44.06,43.48,43.53,2889.159,0
2025-01-31 08:00:00,43.51,43.56,42.91,42.92,2178.921,0
2025-01-31 09:00:00,42.9,43.24,42.81,43.15,696.783,0
2025-01-31 10:00:00,43.11,43.65,42.91,43.64,1719.417,0
2025-01-31 11:00:00,43.63,44.32,43.53,44.3,4635.828,0
2025-01-31 12:00:00,44.22,44.9,44.14,44.43,3762.906,0
2025-01-31 13:00:00,44.47,44.82,44.33,44.73,2525.854,0
2025-01-31 14:00:00,44.73,44.94,44.25,44.62,1729.887,0
2025-01-31 15:00:00,44.67,45.37,44.56,45.29,3019.216,0
2025-01-31 16:00:00,45.3,45.35,44.8,45.08,3447.948,0
2025-01-31 17:00:00,45.08,45.09,44.48,44.5,1165.555,0
2025-01-31 18:00:00,44.47,44.81,43.14,43.33,6919.889,0
2025-01-31 19:00:00,43.27,43.62,43.21,43.27,1216.288,0
2025-01-31 20:00:00,43.23,43.31,42.79,43.21,1784.638,0
2025-01-31 21:00:00,43.18,43.23,42.42,43.03,2662.213,0
2025-01-31 22:00:00,43.06,43.31,42.87,43.09,1214.28,0
2025-01-31 23:00:00,43.04,43.24,42.94,43.24,390.071,0
2025-02-01 00:00:00,43.18,43.62,42.99,43.59,542.267,0
2025-02-01 01:00:00,43.6,43.75,43.36,43.36,1165.773,0
2025-02-01 02:00:00,43.29,43.59,43.25,43.44,1607.814,0
2025-02-01 03:00:00,43.45,43.46,42.99,43.11,1659.767,0
2025-02-01 04:00:00,43.14,43.59,42.99,43.4,1815.497,0
2025-02-01 05:00:00,43.44,43.77,43.37,43.39,2268.902,0
2025-02-01 06:00:00,43.39,43.52,42.86,43.2,746.295,0
2025-02-01 07:00:00,43.19,43.29,42.8,42.89,480.684,0
2025-02-01 08:00:00,42.93,42.98,42.51,42.9,2612.301,0
2025-02-01 09:00:00,42.83,42.86,42.12,42.13,2985.099,0
2025-02-01 10:00:00,42.14,42.52,42.0,42.06,1955.835,0
2025-02-01 11:00:00,42.06,42.61,41.94,42.52,2041.884,0
2025-02-01 12:00:00,42.51,42.81,42.35,42.65,1372.131,0
2025-02-01 13:00:00,42.57,42.89,42.28,42.32,1556.695,0
2025-02-01 14:00:00,42.35,42.64,42.12,42.18,890.015,0
2025-02-01 15:00:00,42.18,42.3,41.73,42.15,1986.66,0
2025-02-01 16:00:00,42.2,42.28,41.69,41.72,1067.734,0
2025-02-01 17:00:00,41.75,42.12,41.7,41.75,2318.892,0
2025-02-01 18:00:00,41.8,41.83,41.27,41.41,1376.169,0
2025-02-01 19:00:00,41.4,41.44,41.0,41.03,2282.268,0
2025-02-01 20:00:00,41.03,41.05,40.39,40.55,4966.465,0
2025-02-01 21:00:00,40.51,40.92,40.16,40.28,2856.429,0
2025-02-01 22:00:00,40.26,40.31,39.79,39.82,4949.078,0
2025-02-01 23:00:00,39.77,39.84,39.16,39.17,4327.064,0
2025-02-02 00:00:00,39.19,40.01,39.0,39.14,17729.156,0
2025-02-02 01:00:00,39.19,39.29,38.66,38.69,6211.532,0
2025-02-02 02:00:00,38.77,38.88,37.52,37.88,12598.101,0
2025-02-02 03:00:00,37.9,38.17,37.38,37.53,17242.605,0
2025-02-02 04:00:00,37.53,38.16,37.48,37.96,4709.928,0
2025-02-02 05:00:00,37.98,39.04,37.89,38.53,2629.099,0
2025-02-02 06:00:00,38.55,38.86,38.42,38.54,1799.337,0
2025-02-02 07:00:00,38.55,38.7,38.18,38.24,1350.567,0
2025-02-02 08:00:00,38.24,38.65,38.03,38.41,1855.673,0
2025-02-02 09:00:00,38.37,38.38,38.09,38.12,1618.02,0
2025-02-02 10:00:00,38.11,38.11,37.61,37.64,3007.81,0
2025-02-02 11:00:00,37.69,37.84,36.95,37.0,4476.238,0
2025-02-02 12:00:00,36.97,37.56,36.83,36.84,3442.474,0
2025-02-02 13:00:00,36.84,37.42,36.82,37.42,5635.82,0
2025-02-02 14:00:00,37.44,37.93,37.36,37.36,5685.656,0
2025-02-02 15:00:00,37.36,37.36,36.7,37.12,3098.363,0
2025-02-02 16:00:00,37.13,37.13,35.76,35.99,13418.096,0
2025-02-02 17:00:00,35.97,36.27,34.49,34.77,17402.745,0
2025-02-02 18:00:00,34.79,35.21,33.26,33.47,21559.889,0
2025-02-02 19:00:00,33.46,34.46,32.16,33.87,36367.782,0
2025-02-02 20:00:00,33.86,34.22,33.14,33.33,11563.907,0
2025-02-02 21:00:00,33.32,33.32,32.5,32.67,10943.578,0
2025-02-02 22:00:00,32.67,33.75,31.49,33.11,15659.638,0
2025-02-02 23:00:00,33.1,33.32,31.85,33.24,14266.503,0
2025-02-03 00:00:00,33.24,33.28,30.5,31.51,52342.054,0
2025-02-03 01:00:00,31.53,31.8,26.0,27.45,69310.202,0
2025-02-03 02:00:00,27.47,27.79,24.44,26.68,102239.338,0
2025-02-03 03:00:00,26.68,28.39,26.64,28.39,30527.1,0
2025-02-03 04:00:00,28.35,28.94,28.02,28.38,35742.289,0
2025-02-03 05:00:00,28.41,30.92,28.4,30.92,21536.846,0
2025-02-03 06:00:00,30.89,30.89,30.03,30.66,7020.29,0
2025-02-03 07:00:00,30.66,31.5,30.42,31.44,10229.179,0
2025-02-03 08:00:00,31.42,31.42,30.24,30.61,8920.154,0
2025-02-03 09:00:00,30.6,31.28,30.54,30.82,10836.455,0
2025-02-03 10:00:00,30.81,32.0,30.81,31.98,8283.932,0
2025-02-03 11:00:00,31.99,32.0,31.03,31.11,4653.833,0
2025-02-03 12:00:00,31.12,31.99,30.92,30.93,4337.594,0
2025-02-03 13:00:00,30.94,31.7,30.89,31.41,3992.912,0
2025-02-03 14:00:00,31.44,33.13,30.34,33.03,39650.359,0
2025-02-03 15:00:00,33.02,34.04,32.42,33.46,14508.418,0
2025-02-03 16:00:00,33.45,34.37,33.14,33.79,11957.022,0
2025-02-03 17:00:00,33.8,34.18,33.46,33.89,6537.602,0
2025-02-03 18:00:00,33.86,34.41,33.68,34.32,2840.641,0
2025-02-03 19:00:00,34.32,34.89,34.16,34.82,4543.846,0
2025-02-03 20:00:00,34.81,34.83,33.97,34.18,3736.147,0
2025-02-03 21:00:00,34.17,35.06,34.17,35.01,2410.427,0
2025-02-03 22:00:00,35.05,35.78,34.95,35.56,6878.637,0
2025-02-03 23:00:00,35.55,35.99,35.33,35.48,3673.679,0
2025-02-04 00:00:00,35.49,35.75,34.89,34.93,2353.369,0
2025-02-04 01:00:00,34.9,35.24,34.77,35.1,2531.751,0
2025-02-04 02:00:00,35.07,35.11,34.16,34.25,4579.709,0
2025-02-04 03:00:00,34.29,34.37,33.89,34.13,1869.82,0
2025-02-04 04:00:00,34.14,34.59,33.89,33.97,7857.667,0
2025-02-04 05:00:00,33.98,33.99,32.48,32.82,16157.937,0
2025-02-04 06:00:00,32.84,33.41,32.79,33.36,5321.159,0
2025-02-04 07:00:00,33.35,33.36,31.9,31.94,10864.924,0
2025-02-04 08:00:00,31.95,32.81,31.9,32.26,7288.379,0
2025-02-04 09:00:00,32.3,32.65,32.09,32.12,5224.283,0
2025-02-04 10:00:00,32.12,32.82,32.08,32.55,5208.171,0
2025-02-04 11:00:00,32.54,33.06,32.42,32.46,2120.233,0
2025-02-04 12:00:00,32.5,33.52,32.5,33.48,7410.421,0
2025-02-04 13:00:00,33.48,33.88,33.26,33.3,3422.897,0
2025-02-04 14:00:00,33.33,34.03,32.89,33.63,4387.566,0
2025-02-04 15:00:00,33.64,33.74,32.8,33.25,3783.144,0
2025-02-04 16:00:00,33.33,33.82,33.14,33.17,2258.08,0
2025-02-04 17:00:00,33.17,33.5,32.86,33.05,2599.432,0
2025-02-04 18:00:00,33.05,33.46,33.04,33.33,2200.801,0
2025-02-04 19:00:00,33.32,33.82,32.48,32.48,6712.265,0
2025-02-04 20:00:00,32.49,32.66,31.95,32.18,12565.455,0
2025-02-04 21:00:00,32.19,32.2,31.43,31.49,4668.349,0
2025-02-04 22:00:00,31.45,31.96,31.07,31.69,20070.658,0
2025-02-04 23:00:00,31.75,32.33,31.7,32.13,3026.012,0
2025-02-05 00:00:00,32.12,32.5,31.99,32.21,4414.062,0
2025-02-05 01:00:00,32.2,32.66,32.19,32.3,1935.472,0
2025-02-05 02:00:00,32.32,32.73,32.07,32.59,1345.4,0
2025-02-05 03:00:00,32.57,32.7,32.3,32.33,2689.975,0
2025-02-05 04:00:00,32.33,32.95,32.25,32.8,6284.163,0
2025-02-05 05:00:00,32.79,33.09,32.39,32.99,4144.837,0
2025-02-05 06:00:00,32.97,32.97,32.39,32.44,5374.187,0
2025-02-05 07:00:00,32.42,32.65,32.26,32.57,1775.663,0
2025-02-05 08:00:00,32.53,32.87,32.46,32.59,4155.858,0
2025-02-05 09:00:00,32.56,32.79,32.23,32.43,1893.145,0
2025-02-05 10:00:00,32.43,32.74,32.41,32.61,612.204,0
2025-02-05 11:00:00,32.62,33.01,32.61,32.93,1636.913,0
2025-02-05 12:00:00,32.93,33.16,32.64,32.7,6016.903,0
2025-02-05 13:00:00,32.7,33.1,32.61,32.98,3748.075,0
2025-02-05 14:00:00,32.98,33.37,32.82,33.13,5390.429,0
2025-02-05 15:00:00,33.14,33.63,32.69,33.45,5472.133,0
2025-02-05 16:00:00,33.43,33.5,32.35,33.13,5610.305,0
2025-02-05 17:00:00,33.15,33.15,32.16,32.3,4832.764,0
2025-02-05 18:00:00,32.34,32.52,31.85,31.99,2344.795,0
2025-02-05 19:00:00,32.04,33.03,31.89,32.92,2571.253,0
2025-02-05 20:00:00,33.0,33.21,32.26,32.46,1189.603,0
2025-02-05 21:00:00,32.55,32.6,32.13,32.19,1671.349,0
2025-02-05 22:00:00,32.19,32.35,31.56,31.84,4538.091,0
2025-02-05 23:00:00,31.85,32.2,31.85,32.13,1461.002,0
2025-02-06 00:00:00,32.11,32.39,31.79,31.87,1280.965,0
2025-02-06 01:00:00,31.86,32.3,31.73,32.14,814.834,0
2025-02-06 02:00:00,32.1,32.22,31.91,32.04,3348.657,0
2025-02-06 03:00:00,32.01,32.63,31.82,32.29,4542.538,0
2025-02-06 04:00:00,32.28,32.43,32.19,32.28,4023.003,0
2025-02-06 05:00:00,32.34,32.41,32.16,32.17,1616.962,0
2025-02-06 06:00:00,32.17,32.56,31.94,32.46,2541.75,0
2025-02-06 07:00:00,32.45,32.45,31.97,32.04,2167.278,0
2025-02-06 08:00:00,32.15,32.19,31.83,31.92,2338.82,0
2025-02-06 09:00:00,31.93,32.22,31.75,31.83,2448.331,0
2025-02-06 10:00:00,31.81,32.05,31.64,31.98,3350.821,0
2025-02-06 11:00:00,31.99,31.99,31.26,31.59,4152.292,0
2025-02-06 12:00:00,31.61,31.71,31.06,31.16,2694.047,0
2025-02-06 13:00:00,31.23,31.49,30.89,31.25,8618.198,0
2025-02-06 14:00:00,31.26,31.39,30.5,30.61,3739.761,0
2025-02-06 15:00:00,30.66,30.85,29.66,29.94,8811.271,0
2025-02-06 16:00:00,29.94,30.22,29.59,29.9,8295.044,0
2025-02-06 17:00:00,29.93,30.32,29.67,29.83,6441.311,0
2025-02-06 18:00:00,29.83,30.02,29.57,29.8,5523.35,0
2025-02-06 19:00:00,29.73,30.31,29.55,29.6,5415.781,0
2025-02-06 20:00:00,29.52,30.17,29.51,30.1,2056.535,0
2025-02-06 21:00:00,30.09,30.14,29.62,30.05,2594.5,0
2025-02-06 22:00:00,30.01,30.3,29.64,30.2,5882.856,0
2025-02-06 23:00:00,30.15,30.18,29.61,29.87,2210.329,0
2025-02-07 00:00:00,29.84,30.24,29.72,29.89,2188.182,0
2025-02-07 01:00:00,29.88,30.66,29.88,30.46,1949.353,0
2025-02-07 02:00:00,30.45,30.6,30.35,30.51,1551.381,0
2025-02-07 03:00:00,30.51,30.73,30.12,30.35,1510.354,0
2025-02-07 04:00:00,30.34,30.49,30.23,30.33,745.893,0
2025-02-07 05:00:00,30.33,30.36,30.05,30.23,487.053,0
2025-02-07 06:00:00,30.24,30.24,29.66,29.92,2204.791,0
2025-02-07 07:00:00,29.95,30.1,29.64,29.78,10775.118,0
2025-02-07 08:00:00,29.78,30.41,29.66,30.28,8112.74,0
2025-02-07 09:00:00,30.29,30.69,30.22,30.62,3888.153,0
2025-02-07 10:00:00,30.59,30.93,30.47,30.77,2593.104,0
2025-02-07 11:00:00,30.76,31.09,30.69,30.97,2361.173,0
2025-02-07 12:00:00,30.97,31.24,30.59,30.93,4808.497,0
2025-02-07 13:00:00,30.92,31.77,30.75,31.75,4077.846,0
2025-02-07 14:00:00,31.69,32.27,31.55,32.16,5605.643,0
2025-02-07 15:00:00,32.15,32.15,31.25,31.54,5132.565,0
2025-02-07 16:00:00,31.6,31.91,31.19,31.24,3444.198,0
2025-02-07 17:00:00,31.26,31.3,30.8,31.0,2710.783,0
2025-02-07 18:00:00,31.0,31.76,30.93,31.65,6781.101,0
2025-02-07 19:00:00,31.63,31.63,30.82,30.82,5051.395,0
2025-02-07 20:00:00,30.83,30.83,29.66,29.79,7442.112,0
2025-02-07 21:00:00,29.83,30.12,29.43,29.6,9712.907,0
2025-02-07 22:00:00,29.62,29.71,29.09,29.71,3402.429,0
2025-02-07 23:00:00,29.7,30.13,29.65,30.11,1244.033,0
2025-02-08 00:00:00,30.09,30.49,29.98,30.27,1757.646,0
2025-02-08 01:00:00,30.26,30.3,29.95,29.96,1588.163,0
2025-02-08 02:00:00,29.96,30.07,29.67,29.89,1503.792,0
2025-02-08 03:00:00,29.93,30.16,29.83,29.9,775.892,0
2025-02-08 04:00:00,29.9,30.02,29.77,29.77,1553.4,0
2025-02-08 05:00:00,29.79,29.95,29.56,29.85,1416.043,0
2025-02-08 06:00:00,29.82,30.03,29.73,29.83,4628.257,0
2025-02-08 07:00:00,29.82,30.33,29.69,30.16,7158.457,0
2025-02-08 08:00:00,30.12,30.13,29.78,29.78,2271.712,0
2025-02-08 09:00:00,29.78,30.02,29.78,29.9,735.723,0
2025-02-08 10:00:00,29.95,30.38,29.64,30.28,10946.896,0
2025-02-08 11:00:00,30.26,30.29,29.96,30.17,5390.263,0
2025-02-08 12:00:00,30.11,30.17,29.92,30.1,1133.261,0
2025-02-08 13:00:00,30.08,30.46,29.97,30.33,2737.922,0
2025-02-08 14:00:00,30.32,30.45,30.16,30.38,2427.773,0
2025-02-08 15:00:00,30.37,30.53,30.0,30.19,3503.597,0
2025-02-08 16:00:00,30.21,30.49,30.08,30.46,1297.254,0
2025-02-08 17:00:00,30.48,31.27,30.47,31.14,2188.863,0
2025-02-08 18:00:00,31.12,31.48,30.99,31.37,693.939,0
2025-02-08 19:00:00,31.37,31.74,31.28,31.38,2068.901,0
2025-02-08 20:00:00,31.39,31.72,31.3,31.51,1825.727,0
2025-02-08 21:00:00,31.5,31.69,31.45,31.56,952.182,0
2025-02-08 22:00:00,31.55,31.62,31.38,31.54,1236.681,0
2025-02-08 23:00:00,31.53,32.0,31.51,31.9,2068.633,0
2025-02-09 00:00:00,31.91,32.37,31.76,32.11,3649.731,0
2025-02-09 01:00:00,32.1,33.04,32.04,32.69,5942.643,0
2025-02-09 02:00:00,32.68,32.85,32.19,32.26,3312.917,0
2025-02-09 03:00:00,32.27,32.88,32.15,32.87,1871.546,0
2025-02-09 04:00:00,32.85,32.85,32.51,32.67,1995.944,0
2025-02-09 05:00:00,32.69,34.2,32.66,33.74,10380.151,0
2025-02-09 06:00:00,33.72,33.82,32.87,33.14,3752.579,0
2025-02-09 07:00:00,33.15,33.91,33.0,33.59,4359.949,0
2025-02-09 08:00:00,33.59,34.05,33.5,33.76,2269.082,0
2025-02-09 09:00:00,33.78,33.81,33.29,33.29,2574.184,0
2025-02-09 10:00:00,33.3,33.46,32.84,32.9,2576.1,0
2025-02-09 11:00:00,32.95,33.26,32.94,33.13,1132.133,0
2025-02-09 12:00:00,33.12,33.3,32.92,33.08,1490.539,0
2025-02-09 13:00:00,33.07,33.26,32.41,32.56,4479.849,0
2025-02-09 14:00:00,32.56,32.83,32.39,32.49,2495.844,0
2025-02-09 15:00:00,32.49,32.69,32.42,32.45,1773.984,0
2025-02-09 16:00:00,32.45,32.49,32.22,32.25,808.941,0
2025-02-09 17:00:00,32.25,32.32,31.87,32.05,3155.463,0
2025-02-09 18:00:00,32.07,32.23,31.95,32.17,617.845,0
2025-02-09 19:00:00,32.15,32.24,31.93,32.05,2740.207,0
2025-02-09 20:00:00,32.04,32.84,32.03,32.36,3788.66,0
2025-02-09 21:00:00,32.37,32.41,30.82,31.01,6744.984,0
2025-02-09 22:00:00,31.02,32.14,30.8,32.06,4274.933,0
2025-02-09 23:00:00,32.09,32.64,31.92,32.47,1459.322,0
2025-02-10 00:00:00,32.44,33.11,32.33,32.7,2351.591,0
2025-02-10 01:00:00,32.74,32.75,31.35,31.48,10809.126,0
2025-02-10 02:00:00,31.48,31.58,31.15,31.31,1783.64,0
2025-02-10 03:00:00,31.32,33.07,31.2,32.88,12686.054,0
2025-02-10 04:00:00,32.87,32.91,32.48,32.6,3002.048,0
2025-02-10 05:00:00,32.61,33.17,32.53,32.89,1770.216,0
2025-02-10 06:00:00,32.88,32.89,32.62,32.75,722.692,0
2025-02-10 07:00:00,32.76,33.09,32.67,32.9,1003.29,0
2025-02-10 08:00:00,32.9,33.16,32.73,32.84,1831.191,0
2025-02-10 09:00:00,32.85,32.87,32.55,32.77,3214.301,0
2025-02-10 10:00:00,32.79,32.84,32.46,32.53,1301.571,0
2025-02-10 11:00:00,32.56,32.76,32.34,32.6,2225.38,0
2025-02-10 12:00:00,32.6,32.7,32.3,32.33,1178.806,0
2025-02-10 13:00:00,32.35,33.07,32.33,32.94,3483.849,0
2025-02-10 14:00:00,32.96,33.07,32.48,32.6,2439.578,0
2025-02-10 15:00:00,32.61,32.77,32.13,32.29,5890.444,0
2025-02-10 16:00:00,32.29,32.7,32.12,32.59,2524.976,0
2025-02-10 17:00:00,32.59,33.0,32.33,32.66,2512.407,0
2025-02-10 18:00:00,32.65,32.87,32.5,32.69,1423.076,0
2025-02-10 19:00:00,32.67,32.83,32.5,32.56,2333.286,0
2025-02-10 20:00:00,32.65,32.82,32.59,32.73,1612.795,0
2025-02-10 21:00:00,32.72,32.89,32.3,32.81,6719.452,0
2025-02-10 22:00:00,32.75,32.93,32.49,32.62,1727.77,0
2025-02-10 23:00:00,32.58,32.68,32.37,32.5,1873.552,0
2025-02-11 00:00:00,32.52,33.1,32.51,32.97,2595.053,0
2025-02-11 01:00:00,33.02,33.41,33.02,33.13,3828.983,0
2025-02-11 02:00:00,33.14,33.24,32.84,33.06,847.676,0
2025-02-11 03:00:00,33.07,33.2,32.82,33.2,1233.437,0
2025-02-11 04:00:00,33.2,33.54,33.06,33.51,2193.763,0
2025-02-11 05:00:00,33.48,34.0,33.46,33.96,2539.073,0
2025-02-11 06:00:00,33.95,34.28,33.68,34.14,4220.887,0
2025-02-11 07:00:00,34.15,34.59,34.02,34.41,5759.945,0
2025-02-11 08:00:00,34.43,34.55,34.29,34.37,2375.284,0
2025-02-11 09:00:00,34.39,34.84,34.38,34.71,4009.618,0
2025-02-11 10:00:00,34.71,34.74,34.17,34.32,10158.733,0
2025-02-11 11:00:00,34.33,34.79,34.29,34.57,1683.149,0
2025-02-11 12:00:00,34.55,34.55,33.84,33.89,3981.285,0
2025-02-11 13:00:00,33.84,33.94,33.42,33.49,9309.029,0
2025-02-11 14:00:00,33.55,33.99,33.4,33.79,2729.848,0
2025-02-11 15:00:00,33.77,34.09,33.49,33.49,2303.991,0
2025-02-11 16:00:00,33.51,33.84,33.3,33.58,3924.788,0
2025-02-11 17:00:00,33.56,33.56,32.9,33.23,4300.23,0
2025-02-11 18:00:00,33.24,33.24,32.73,32.77,1463.372,0
2025-02-11 19:00:00,32.77,32.87,32.29,32.41,6110.575,0
2025-02-11 20:00:00,32.37,32.94,32.3,32.73,1665.921,0
2025-02-11 21:00:00,32.75,33.49,32.66,33.13,2823.859,0
2025-02-11 22:00:00,33.1,33.27,32.82,32.92,2159.024,0
2025-02-11 23:00:00,32.92,33.41,32.92,33.09,3484.376,0
2025-02-12 00:00:00,32.98,33.38,32.81,33.34,2002.315,0
2025-02-12 01:00:00,33.34,33.39,32.77,33.02,1406.75,0
2025-02-12 02:00:00,32.98,33.02,31.56,31.9,14115.818,0
2025-02-12 03:00:00,31.88,32.22,31.3,31.52,21439.875,0
2025-02-12 04:00:00,31.57,31.88,31.43,31.69,3589.673,0
2025-02-12 05:00:00,31.71,32.41,31.59,32.25,7059.777,0
2025-02-12 06:00:00,32.26,32.28,31.68,31.8,3243.898,0
2025-02-12 07:00:00,31.78,32.27,31.77,31.88,1628.307,0
2025-02-12 08:00:00,31.88,32.33,31.86,32.02,1911.079,0
2025-02-12 09:00:00,32.03,32.05,31.26,31.85,11312.158,0
2025-02-12 10:00:00,31.86,31.95,31.63,31.75,1761.522,0
2025-02-12 11:00:00,31.75,32.42,31.75,32.07,8620.983,0
2025-02-12 12:00:00,32.07,32.36,31.94,31.97,1133.913,0
2025-02-12 13:00:00,31.96,32.52,30.3,31.17,13457.966,0
2025-02-12 14:00:00,31.16,31.25,30.45,31.23,6488.067,0
2025-02-12 15:00:00,31.24,31.35,30.22,31.13,23007.546,0
2025-02-12 16:00:00,31.14,31.97,30.88,31.84,2221.63,0
2025-02-12 17:00:00,31.88,32.36,31.68,32.0,5405.46,0
2025-02-12 18:00:00,32.02,32.13,31.68,31.92,1649.607,0
2025-02-12 19:00:00,31.95,32.09,31.5,31.93,1555.318,0
2025-02-12 20:00:00,31.96,32.21,31.73,32.05,1850.107,0
2025-02-12 21:00:00,32.05,32.47,31.93,31.95,2498.224,0
2025-02-12 22:00:00,31.96,32.78,31.96,32.56,2612.047,0
2025-02-12 23:00:00,32.55,32.74,32.37,32.68,2686.095,0
2025-02-13 00:00:00,32.72,33.64,32.19,33.36,11436.391,0
2025-02-13 01:00:00,33.34,33.9,33.07,33.36,8641.199,0
2025-02-13 02:00:00,33.35,33.35,32.99,33.16,1942.33,0
2025-02-13 03:00:00,33.15,33.27,32.92,33.23,1337.591,0
2025-02-13 04:00:00,33.22,33.39,32.82,32.83,3009.458,0
2025-02-13 05:00:00,32.84,33.01,32.72,32.82,1578.814,0
2025-02-13 06:00:00,32.8,32.81,32.27,32.46,1436.309,0
2025-02-13 07:00:00,32.46,32.78,32.29,32.45,4110.476,0
2025-02-13 08:00:00,32.47,32.48,32.05,32.21,1840.639,0
2025-02-13 09:00:00,32.12,33.13,32.12,32.97,3985.733,0
2025-02-13 10:00:00,32.92,33.17,32.77,32.91,1737.596,0
2025-02-13 11:00:00,32.9,33.16,32.49,32.58,3263.221,0
2025-02-13 12:00:00,32.57,32.87,32.27,32.31,4611.973,0
2025-02-13 13:00:00,32.3,32.71,32.18,32.37,4934.724,0
2025-02-13 14:00:00,32.33,32.47,31.93,32.07,2042.574,0
2025-02-13 15:00:00,32.0,32.86,31.78,32.38,5138.583,0
2025-02-13 16:00:00,32.36,32.39,31.58,31.79,4758.69,0
2025-02-13 17:00:00,31.8,31.97,31.08,31.39,14006.789,0
2025-02-13 18:00:00,31.38,31.66,31.21,31.6,2710.253,0
2025-02-13 19:00:00,31.6,32.13,31.6,31.74,2129.461,0
2025-02-13 20:00:00,31.74,32.03,31.72,31.89,2050.267,0
2025-02-13 21:00:00,31.89,32.25,31.84,32.04,1957.934,0
2025-02-13 22:00:00,32.03,32.64,31.95,32.11,8378.141,0
2025-02-13 23:00:00,32.09,32.59,32.09,32.46,1930.765,0
2025-02-14 00:00:00,32.46,32.89,32.21,32.54,3282.116,0
2025-02-14 01:00:00,32.58,32.82,32.32,32.82,3071.822,0
2025-02-14 02:00:00,32.83,33.07,32.66,32.67,1909.261,0
2025-02-14 03:00:00,32.69,33.0,32.63,32.99,582.883,0
2025-02-14 04:00:00,33.0,33.0,32.54,32.59,1106.45,0
2025-02-14 05:00:00,32.58,32.69,32.43,32.52,666.718,0
2025-02-14 06:00:00,32.55,32.55,32.21,32.46,1662.416,0
2025-02-14 07:00:00,32.49,32.59,32.33,32.34,588.561,0
2025-02-14 08:00:00,32.35,32.79,32.19,32.64,2677.085,0
2025-02-14 09:00:00,32.66,33.19,32.61,33.15,3956.985,0
2025-02-14 10:00:00,33.16,33.16,32.59,32.64,4021.642,0
2025-02-14 11:00:00,32.64,32.8,32.38,32.59,2344.983,0
2025-02-14 12:00:00,32.59,32.72,32.32,32.57,3522.413,0
2025-02-14 13:00:00,32.58,32.75,32.27,32.59,3317.386,0
2025-02-14 14:00:00,32.61,33.07,32.46,33.0,3384.17,0
2025-02-14 15:00:00,33.02,33.3,32.61,33.07,3602.357,0
2025-02-14 16:00:00,33.08,33.32,32.81,33.31,2418.767,0
2025-02-14 17:00:00,33.29,33.8,33.24,33.71,1932.411,0
2025-02-14 18:00:00,33.79,33.81,33.42,33.49,1762.322,0
2025-02-14 19:00:00,33.52,33.72,33.07,33.18,5028.63,0
2025-02-14 20:00:00,33.19,33.37,32.96,33.04,1949.198,0
2025-02-14 21:00:00,33.03,33.38,32.83,33.34,985.444,0
2025-02-14 22:00:00,33.35,33.38,32.43,32.61,5017.743,0
2025-02-14 23:00:00,32.63,33.08,32.63,33.04,1498.522,0
2025-02-15 00:00:00,33.03,33.27,32.88,33.04,2308.689,0
2025-02-15 01:00:00,33.08,33.43,33.06,33.43,849.512,0
2025-02-15 02:00:00,33.41,33.52,33.18,33.47,3874.426,0
2025-02-15 03:00:00,33.5,33.5,33.15,33.22,1363.992,0
2025-02-15 04:00:00,33.24,33.36,33.01,33.12,2094.638,0
2025-02-15 05:00:00,33.13,33.27,33.08,33.12,508.635,0
2025-02-15 06:00:00,33.14,33.15,32.66,32.73,2841.682,0
2025-02-15 07:00:00,32.74,33.04,32.55,32.88,1961.434,0
2025-02-15 08:00:00,32.88,33.25,32.83,32.84,1561.059,0
2025-02-15 09:00:00,32.85,33.13,32.81,32.99,1737.413,0
2025-02-15 10:00:00,32.96,33.03,32.69,32.94,708.886,0
2025-02-15 11:00:00,32.93,32.97,32.42,32.56,2374.49,0
2025-02-15 12:00:00,32.52,32.69,32.5,32.64,560.983,0
2025-02-15 13:00:00,32.67,32.87,32.55,32.62,898.091,0
2025-02-15 14:00:00,32.62,32.62,32.15,32.27,1333.817,0
2025-02-15 15:00:00,32.28,32.41,32.09,32.21,949.764,0
2025-02-15 16:00:00,32.24,32.4,32.1,32.15,2083.678,0
2025-02-15 17:00:00,32.15,32.33,32.07,32.31,1222.888,0
2025-02-15 18:00:00,32.32,32.68,32.28,32.62,862.889,0
2025-02-15 19:00:00,32.62,32.63,32.26,32.29,1080.655,0
2025-02-15 20:00:00,32.29,32.37,31.94,32.1,745.063,0
2025-02-15 21:00:00,32.15,32.22,32.04,32.16,592.973,0
2025-02-15 22:00:00,32.13,32.16,31.96,32.06,621.742,0
2025-02-15 23:00:00,32.1,32.2,32.05,32.19,288.425,0
2025-02-16 00:00:00,32.16,32.48,32.01,32.06,548.74,0
2025-02-16 01:00:00,32.04,32.08,31.82,32.04,832.074,0
2025-02-16 02:00:00,32.02,32.21,31.8,32.08,1745.856,0
2025-02-16 03:00:00,32.03,32.46,31.92,32.25,2035.418,0
2025-02-16 04:00:00,32.31,32.32,32.0,32.05,1275.391,0
2025-02-16 05:00:00,32.06,32.14,31.72,31.94,787.315,0
2025-02-16 06:00:00,31.92,32.04,31.83,32.0,440.388,0
2025-02-16 07:00:00,31.99,31.99,31.71,31.78,435.812,0
2025-02-16 08:00:00,31.76,31.94,31.56,31.7,1251.962,0
2025-02-16 09:00:00,31.68,32.03,31.52,31.89,1635.507,0
2025-02-16 10:00:00,31.87,32.01,31.85,31.88,402.128,0
2025-02-16 11:00:00,31.84,32.21,31.83,32.16,712.258,0
2025-02-16 12:00:00,32.16,32.32,31.87,31.9,1607.609,0
2025-02-16 13:00:00,31.92,32.11,31.86,32.0,1338.458,0
2025-02-16 14:00:00,31.99,31.99,31.45,31.94,2548.93,0
2025-02-16 15:00:00,31.97,32.5,31.93,32.3,3071.768,0
2025-02-16 16:00:00,32.25,32.81,32.16,32.59,7140.9,0
2025-02-16 17:00:00,32.62,33.82,32.53,33.71,15537.577,0
2025-02-16 18:00:00,33.71,34.0,33.31,33.79,12560.873,0
2025-02-16 19:00:00,33.78,34.19,33.39,34.09,10831.643,0
2025-02-16 20:00:00,34.1,35.41,34.04,35.15,24433.206,0
2025-02-16 21:00:00,35.14,35.74,34.68,35.19,14331.224,0
2025-02-16 22:00:00,35.18,35.39,34.41,34.87,8790.118,0
2025-02-16 23:00:00,34.91,34.92,34.15,34.16,4676.432,0
2025-02-17 00:00:00,34.18,35.06,34.18,35.02,2983.896,0
2025-02-17 01:00:00,35.0,35.21,34.62,34.94,2355.598,0
2025-02-17 02:00:00,34.93,35.09,34.66,34.71,1434.451,0
2025-02-17 03:00:00,34.67,34.87,34.45,34.7,2049.15,0
2025-02-17 04:00:00,34.69,36.0,34.47,35.38,17925.013,0
2025-02-17 05:00:00,35.42,35.5,34.28,35.33,15424.78,0
2025-02-17 06:00:00,35.31,35.7,34.89,35.02,4498.458,0
2025-02-17 07:00:00,35.02,35.16,34.07,34.39,6880.901,0
2025-02-17 08:00:00,34.37,34.81,34.16,34.44,5074.241,0
2025-02-17 09:00:00,34.44,34.72,34.37,34.56,1791.327,0
2025-02-17 10:00:00,34.57,35.22,34.39,34.9,7272.92,0
2025-02-17 11:00:00,34.9,35.5,34.52,35.24,9814.59,0
2025-02-17 12:00:00,35.26,35.59,34.96,35.47,8047.467,0
2025-02-17 13:00:00,35.43,35.57,34.96,35.18,5389.27,0
2025-02-17 14:00:00,35.19,36.25,35.1,35.76,11690.282,0
2025-02-17 15:00:00,35.73,36.21,35.26,35.61,9415.188,0
2025-02-17 16:00:00,35.59,36.3,35.15,35.26,10438.956,0
2025-02-17 17:00:00,35.26,36.4,35.26,36.03,13572.905,0
2025-02-17 18:00:00,36.07,36.12,35.37,35.74,4483.638,0
2025-02-17 19:00:00,35.74,36.3,35.41,36.17,4482.286,0
2025-02-17 20:00:00,36.17,36.44,35.9,36.4,5200.705,0
2025-02-17 21:00:00,36.4,36.43,36.04,36.42,2214.684,0
2025-02-17 22:00:00,36.42,36.42,35.89,36.15,2572.394,0
2025-02-17 23:00:00,36.18,36.68,36.14,36.48,5227.046,0
2025-02-18 00:00:00,36.46,36.78,35.92,35.98,4159.072,0
2025-02-18 01:00:00,36.01,36.44,35.86,36.35,1545.243,0
2025-02-18 02:00:00,36.33,36.36,35.7,35.73,3280.896,0
2025-02-18 03:00:00,35.76,35.89,35.0,35.13,6061.993,0
2025-02-18 04:00:00,35.17,35.48,34.63,34.84,5734.417,0
2025-02-18 05:00:00,34.83,34.87,34.28,34.37,2014.179,0
2025-02-18 06:00:00,34.4,34.65,34.15,34.37,5284.057,0
2025-02-18 07:00:00,34.35,34.63,34.06,34.23,1966.382,0
2025-02-18 08:00:00,34.2,34.45,33.72,33.84,3927.003,0
2025-02-18 09:00:00,33.84,34.6,33.76,34.6,2182.287,0
2025-02-18 10:00:00,34.52,34.53,33.89,34.02,6285.841,0
2025-02-18 11:00:00,34.01,34.15,33.89,33.98,809.775,0
2025-02-18 12:00:00,33.94,34.45,33.94,34.39,3785.315,0
2025-02-18 13:00:00,34.37,34.4,33.72,33.85,3877.129,0
2025-02-18 14:00:00,33.83,34.17,33.78,33.93,4153.013,0
2025-02-18 15:00:00,33.92,33.92,33.09,33.22,10240.826,0
2025-02-18 16:00:00,33.21,33.46,32.61,32.61,5780.967,0
2025-02-18 17:00:00,32.6,33.59,32.54,33.38,5446.505,0
2025-02-18 18:00:00,33.36,33.73,33.25,33.27,5743.213,0
2025-02-18 19:00:00,33.25,33.35,32.87,33.0,4938.966,0
2025-02-18 20:00:00,33.02,33.55,32.85,33.29,5663.687,0
2025-02-18 21:00:00,33.3,33.74,33.28,33.63,3783.874,0
2025-02-18 22:00:00,33.64,33.87,33.43,33.76,1110.193,0
2025-02-18 23:00:00,33.79,33.92,33.7,33.86,1173.272,0
2025-02-19 00:00:00,33.89,34.05,33.74,33.78,1670.624,0
2025-02-19 01:00:00,33.78,33.82,33.39,33.71,2131.868,0
2025-02-19 02:00:00,33.73,34.36,33.72,34.11,2530.098,0
2025-02-19 03:00:00,34.12,34.12,33.77,33.94,971.769,0
2025-02-19 04:00:00,33.94,33.98,33.54,33.54,2236.568,0
2025-02-19 05:00:00,33.51,33.81,33.47,33.69,2466.892,0
2025-02-19 06:00:00,33.69,34.15,33.6,34.0,1212.412,0
2025-02-19 07:00:00,33.98,34.51,33.93,34.34,4571.607,0
2025-02-19 08:00:00,34.28,35.38,34.04,34.85,9346.618,0
2025-02-19 09:00:00,34.85,35.36,34.69,35.2,4702.087,0
2025-02-19 10:00:00,35.22,35.3,34.7,34.83,4315.937,0
2025-02-19 11:00:00,34.86,35.25,34.75,35.08,3148.802,0
2025-02-19 12:00:00,35.08,35.14,34.9,35.01,2402.993,0
2025-02-19 13:00:00,34.98,36.11,34.97,35.94,6281.312,0
2025-02-19 14:00:00,35.97,36.4,35.79,36.17,9877.902,0
2025-02-19 15:00:00,36.18,36.28,35.81,36.1,8097.695,0
2025-02-19 16:00:00,36.09,36.4,36.04,36.14,3332.205,0
2025-02-19 17:00:00,36.13,36.75,35.72,36.5,8675.205,0
2025-02-19 18:00:00,36.51,36.61,35.74,35.79,2929.566,0
2025-02-19 19:00:00,35.81,35.81,35.34,35.8,4297.682,0
2025-02-19 20:00:00,35.81,36.48,35.81,36.08,4417.887,0
2025-02-19 21:00:00,36.12,36.16,35.41,35.48,4246.813,0
2025-02-19 22:00:00,35.5,36.34,35.49,36.3,2373.086,0
2025-02-19 23:00:00,36.29,36.82,36.11,36.15,5129.305,0
2025-02-20 00:00:00,36.14,36.29,35.73,36.19,1616.603,0
2025-02-20 01:00:00,36.1,36.73,36.09,36.66,2498.69,0
2025-02-20 02:00:00,36.69,37.9,36.64,37.81,5330.411,0
2025-02-20 03:00:00,37.82,38.38,37.52,38.27,6913.734,0
2025-02-20 04:00:00,38.24,38.67,37.64,37.75,7830.523,0
2025-02-20 05:00:00,37.75,38.35,37.45,38.29,4422.378,0
2025-02-20 06:00:00,38.29,38.98,38.05,38.77,9473.775,0
2025-02-20 07:00:00,38.79,38.86,37.92,38.05,7039.034,0
2025-02-20 08:00:00,38.06,38.09,37.53,37.74,4928.399,0
2025-02-20 09:00:00,37.77,38.0,37.61,37.82,3580.673,0
2025-02-20 10:00:00,37.84,38.41,37.84,38.36,3454.571,0
2025-02-20 11:00:00,38.34,38.41,37.85,37.86,1980.42,0
2025-02-20 12:00:00,37.9,38.23,37.78,37.82,4299.89,0
2025-02-20 13:00:00,37.84,37.84,37.3,37.42,3887.617,0
2025-02-20 14:00:00,37.45,37.91,37.17,37.23,3824.78,0
2025-02-20 15:00:00,37.23,37.44,36.88,36.96,7751.69,0
2025-02-20 16:00:00,36.95,37.35,36.74,36.81,2206.347,0
2025-02-20 17:00:00,36.83,37.04,36.77,37.03,1678.494,0
2025-02-20 18:00:00,37.04,37.09,36.8,36.85,2146.867,0
2025-02-20 19:00:00,36.83,36.96,36.47,36.64,2956.181,0
2025-02-20 20:00:00,36.64,36.96,36.61,36.77,2286.938,0
2025-02-20 21:00:00,36.77,36.79,36.38,36.42,2993.87,0
2025-02-20 22:00:00,36.42,36.47,36.19,36.42,6100.451,0
2025-02-20 23:00:00,36.47,36.82,36.47,36.6,1231.418,0
2025-02-21 00:00:00,36.61,37.05,36.58,37.05,2558.823,0
2025-02-21 01:00:00,37.06,37.7,37.03,37.67,4942.217,0
2025-02-21 02:00:00,37.69,37.96,37.49,37.76,3138.752,0
2025-02-21 03:00:00,37.75,38.11,37.59,37.6,3171.06,0
2025-02-21 04:00:00,37.63,37.78,37.52,37.7,2038.698,0
2025-02-21 05:00:00,37.69,37.78,37.27,37.74,3418.36,0
2025-02-21 06:00:00,37.72,37.89,37.42,37.42,1549.934,0
2025-02-21 07:00:00,37.41,37.43,37.24,37.26,2373.006,0
2025-02-21 08:00:00,37.27,37.31,37.14,37.27,1316.961,0
2025-02-21 09:00:00,37.27,38.16,37.25,37.94,4410.653,0
2025-02-21 10:00:00,37.96,38.2,37.7,37.71,2373.798,0
2025-02-21 11:00:00,37.71,37.86,37.51,37.51,1335.044,0
2025-02-21 12:00:00,37.51,37.52,37.31,37.47,1133.234,0
2025-02-21 13:00:00,37.46,38.0,37.46,37.86,5394.03,0
2025-02-21 14:00:00,37.88,37.88,36.95,37.15,6940.768,0
2025-02-21 15:00:00,37.14,37.4,35.86,36.67,11675.919,0
2025-02-21 16:00:00,36.64,37.04,36.29,36.74,2934.363,0
2025-02-21 17:00:00,36.74,36.76,35.38,35.38,8445.719,0
2025-02-21 18:00:00,35.41,35.7,35.3,35.44,4938.567,0
2025-02-21 19:00:00,35.45,35.46,34.23,34.5,4125.817,0
2025-02-21 20:00:00,34.51,35.59,34.51,34.78,8695.28,0
2025-02-21 21:00:00,34.82,35.06,34.75,35.01,1267.648,0
2025-02-21 22:00:00,35.0,35.16,34.87,35.16,1085.76,0
2025-02-21 23:00:00,35.17,35.24,34.96,35.15,1863.254,0
2025-02-22 00:00:00,35.16,35.61,34.96,35.57,3978.441,0
2025-02-22 01:00:00,35.55,35.78,35.49,35.75,2642.795,0
2025-02-22 02:00:00,35.78,35.98,35.57,35.78,1255.046,0
2025-02-22 03:00:00,35.8,35.92,35.64,35.91,811.673,0
2025-02-22 04:00:00,35.91,36.39,35.86,36.19,5145.361,0
2025-02-22 05:00:00,36.18,36.33,36.02,36.15,1730.659,0
2025-02-22 06:00:00,36.16,36.27,35.83,35.98,1939.748,0
2025-02-22 07:00:00,35.97,36.29,35.94,36.13,1710.861,0
2025-02-22 08:00:00,36.12,36.13,35.89,35.97,1826.7,0
2025-02-22 09:00:00,35.98,36.52,35.98,36.26,1305.045,0
2025-02-22 10:00:00,36.27,36.66,36.23,36.52,1261.658,0
2025-02-22 11:00:00,36.51,36.6,36.35,36.41,1694.83,0
2025-02-22 12:00:00,36.39,36.59,36.36,36.55,1406.824,0
2025-02-22 13:00:00,36.55,36.61,35.86,35.86,5961.441,0
2025-02-22 14:00:00,35.88,36.14,35.88,35.91,1400.2,0
2025-02-22 15:00:00,35.9,36.27,35.9,36.16,1482.606,0
2025-02-22 16:00:00,36.18,36.32,35.64,35.7,2722.804,0
2025-02-22 17:00:00,35.71,36.23,35.67,36.15,896.286,0
2025-02-22 18:00:00,36.15,36.29,36.05,36.15,524.003,0
2025-02-22 19:00:00,36.16,36.22,36.02,36.06,521.901,0
2025-02-22 20:00:00,36.08,36.08,35.77,35.82,966.446,0
2025-02-22 21:00:00,35.79,35.92,35.66,35.87,1557.39,0
2025-02-22 22:00:00,35.86,35.92,35.73,35.81,627.995,0
2025-02-22 23:00:00,35.81,35.98,35.8,35.91,554.374,0
2025-02-23 00:00:00,35.92,36.33,35.86,36.26,2336.201,0
2025-02-23 01:00:00,36.25,36.42,35.94,36.03,1055.23,0
2025-02-23 02:00:00,36.02,36.02,35.79,35.83,1003.362,0
2025-02-23 03:00:00,35.81,36.25,35.8,35.91,971.407,0
2025-02-23 04:00:00,35.91,36.31,35.68,36.1,2804.736,0
2025-02-23 05:00:00,36.09,36.18,35.94,35.94,870.361,0
2025-02-23 06:00:00,35.95,36.47,35.85,36.31,2079.356,0
2025-02-23 07:00:00,36.31,37.37,36.13,37.31,5195.458,0
2025-02-23 08:00:00,37.31,37.66,37.14,37.27,6149.532,0
2025-02-23 09:00:00,37.3,37.44,37.23,37.25,1037.944,0
2025-02-23 10:00:00,37.2,37.86,37.06,37.68,3231.693,0
2025-02-23 11:00:00,37.66,37.88,37.22,37.27,1868.509,0
2025-02-23 12:00:00,37.3,37.65,36.8,36.87,5451.228,0
2025-02-23 13:00:00,36.87,37.11,36.7,36.84,1964.415,0
2025-02-23 14:00:00,36.85,36.89,36.16,36.23,2320.423,0
2025-02-23 15:00:00,36.24,36.38,35.57,35.61,6868.047,0
2025-02-23 16:00:00,35.58,35.91,35.42,35.84,2453.839,0
2025-02-23 17:00:00,35.81,36.21,35.81,36.02,1653.571,0
2025-02-23 18:00:00,36.04,36.3,35.91,36.26,1124.075,0
2025-02-23 19:00:00,36.24,36.33,36.06,36.09,472.485,0
2025-02-23 20:00:00,36.11,36.35,35.76,35.94,3079.335,0
2025-02-23 21:00:00,35.94,35.99,35.68,35.99,1118.385,0
2025-02-23 22:00:00,35.98,36.0,35.65,35.95,1013.821,0
2025-02-23 23:00:00,35.9,36.16,35.79,35.9,2221.281,0
2025-02-24 00:00:00,35.92,35.92,35.48,35.68,2705.404,0
2025-02-24 01:00:00,35.7,35.83,35.05,35.16,5078.722,0
2025-02-24 02:00:00,35.17,35.29,34.62,34.7,4123.391,0
2025-02-24 03:00:00,34.68,34.7,34.12,34.19,4790.626,0
2025-02-24 04:00:00,34.19,34.31,33.93,34.1,3769.385,0
2025-02-24 05:00:00,34.06,34.69,34.01,34.65,2359.042,0
2025-02-24 06:00:00,34.64,34.64,34.4,34.53,571.58,0
2025-02-24 07:00:00,34.55,34.76,34.37,34.7,2422.372,0
2025-02-24 08:00:00,34.72,34.73,33.71,33.74,7712.262,0
2025-02-24 09:00:00,33.77,34.32,33.21,33.89,6355.189,0
2025-02-24 10:00:00,33.84,33.88,33.36,33.71,4135.227,0
2025-02-24 11:00:00,33.67,33.69,33.18,33.39,9746.944,0
2025-02-24 12:00:00,33.42,33.53,33.22,33.27,5174.146,0
2025-02-24 13:00:00,33.27,33.79,33.15,33.43,8069.584,0
2025-02-24 14:00:00,33.43,33.61,32.95,32.98,3241.408,0
2025-02-24 15:00:00,32.98,33.33,32.59,33.22,10308.653,0
2025-02-24 16:00:00,33.22,33.54,33.06,33.43,3656.62,0
2025-02-24 17:00:00,33.46,33.95,33.28,33.63,3350.958,0
2025-02-24 18:00:00,33.61,33.82,33.35,33.58,3043.125,0
2025-02-24 19:00:00,33.59,34.03,33.4,33.69,4870.247,0
2025-02-24 20:00:00,33.66,34.06,33.57,33.61,2562.298,0
2025-02-24 21:00:00,33.61,34.09,33.47,33.73,2882.57,0
2025-02-24 22:00:00,33.71,33.71,31.77,32.79,30525.027,0
2025-02-24 23:00:00,32.84,33.59,32.83,33.03,6654.364,0
2025-02-25 00:00:00,33.03,33.7,32.39,33.01,11364.695,0
2025-02-25 01:00:00,33.01,33.28,32.34,32.39,7859.379,0
2025-02-25 02:00:00,32.4,33.4,32.28,33.32,3839.628,0
2025-02-25 03:00:00,33.33,34.78,32.93,33.16,15349.904,0
2025-02-25 04:00:00,33.14,33.47,32.88,32.92,14392.082,0
2025-02-25 05:00:00,32.91,33.57,32.75,33.26,3439.294,0
2025-02-25 06:00:00,33.31,33.38,32.57,32.57,2472.287,0
2025-02-25 07:00:00,32.59,32.75,31.32,31.85,15678.126,0
2025-02-25 08:00:00,31.85,32.64,31.61,32.07,4758.169,0
2025-02-25 09:00:00,32.06,32.32,31.52,31.52,5362.026,0
2025-02-25 10:00:00,31.53,32.07,30.6,31.81,9055.317,0
2025-02-25 11:00:00,31.8,32.67,31.49,32.55,6267.133,0
2025-02-25 12:00:00,32.56,32.98,32.13,32.33,4839.877,0
2025-02-25 13:00:00,32.34,32.47,31.71,31.8,5752.812,0
2025-02-25 14:00:00,31.8,32.27,31.2,31.36,6566.357,0
2025-02-25 15:00:00,31.33,32.32,30.91,32.08,6763.15,0
2025-02-25 16:00:00,32.07,32.93,31.67,32.45,4870.691,0
2025-02-25 17:00:00,32.44,32.72,32.14,32.45,3422.963,0
2025-02-25 18:00:00,32.45,33.22,32.42,32.58,8903.937,0
2025-02-25 19:00:00,32.58,33.54,32.55,33.51,3847.92,0
2025-02-25 20:00:00,33.53,34.33,33.52,33.82,8193.182,0
2025-02-25 21:00:00,33.84,34.63,33.77,34.54,4727.276,0
2025-02-25 22:00:00,34.59,34.64,33.84,34.02,3162.322,0
2025-02-25 23:00:00,34.05,34.12,33.52,33.54,2098.311,0
2025-02-26 00:00:00,33.55,33.56,33.21,33.27,1732.652,0
2025-02-26 01:00:00,33.29,33.58,33.27,33.47,1453.418,0
2025-02-26 02:00:00,33.44,33.95,33.26,33.87,1179.273,0
2025-02-26 03:00:00,33.88,34.14,33.8,33.92,772.519,0
2025-02-26 04:00:00,33.93,34.5,33.93,33.99,3515.386,0
2025-02-26 05:00:00,34.0,34.72,33.59,34.07,5455.061,0
2025-02-26 06:00:00,34.06,34.62,34.0,34.58,1790.504,0
2025-02-26 07:00:00,34.61,34.88,34.48,34.73,3020.799,0
2025-02-26 08:00:00,34.71,34.79,34.08,34.3,3485.237,0
2025-02-26 09:00:00,34.29,35.4,34.24,35.22,10335.215,0
2025-02-26 10:00:00,35.22,35.22,34.71,35.02,2338.289,0
2025-02-26 11:00:00,35.01,35.17,34.68,34.97,3315.152,0
2025-02-26 12:00:00,34.98,35.13,34.11,34.32,6712.763,0
2025-02-26 13:00:00,34.29,34.42,34.05,34.09,3313.911,0
2025-02-26 14:00:00,34.06,35.5,33.76,35.23,11878.973,0
2025-02-26 15:00:00,35.22,35.97,35.22,35.8,8966.403,0
2025-02-26 16:00:00,35.83,36.35,35.62,36.13,11387.254,0
2025-02-26 17:00:00,36.16,36.54,35.45,35.64,5457.82,0
2025-02-26 18:00:00,35.66,36.04,35.01,35.52,9648.932,0
2025-02-26 19:00:00,35.54,36.41,35.48,35.83,9390.322,0
2025-02-26 20:00:00,35.79,36.54,35.48,36.45,5603.778,0
2025-02-26 21:00:00,36.43,36.65,36.15,36.39,5405.923,0
2025-02-26 22:00:00,36.42,36.97,36.42,36.56,4291.395,0
2025-02-26 23:00:00,36.56,36.68,36.04,36.1,4401.829,0
2025-02-27 00:00:00,36.11,36.3,35.75,36.3,5556.628,0
2025-02-27 01:00:00,36.23,36.94,36.22,36.62,3560.669,0
2025-02-27 02:00:00,36.62,36.89,36.57,36.85,2051.882,0
2025-02-27 03:00:00,36.86,37.16,36.68,37.14,2131.162,0
2025-02-27 04:00:00,37.12,37.46,36.84,37.09,1787.452,0
2025-02-27 05:00:00,37.03,37.23,36.78,36.98,2298.345,0
2025-02-27 06:00:00,36.97,37.55,36.78,37.48,2579.819,0
2025-02-27 07:00:00,37.48,37.67,37.39,37.43,1850.883,0
2025-02-27 08:00:00,37.42,37.57,37.34,37.44,1572.151,0
2025-02-27 09:00:00,37.47,37.51,37.1,37.14,1195.304,0
2025-02-27 10:00:00,37.16,37.35,37.0,37.18,2720.322,0
2025-02-27 11:00:00,37.19,37.19,36.8,36.85,3858.822,0
2025-02-27 12:00:00,36.85,36.95,36.49,36.68,4330.244,0
2025-02-27 13:00:00,36.68,36.75,36.26,36.35,1684.363,0
2025-02-27 14:00:00,36.43,36.47,36.0,36.05,1506.135,0
2025-02-27 15:00:00,36.03,36.6,35.74,36.05,5618.065,0
2025-02-27 16:00:00,36.06,36.26,35.7,35.76,3448.119,0
2025-02-27 17:00:00,35.76,36.15,35.58,36.03,5596.472,0
2025-02-27 18:00:00,36.03,36.24,36.01,36.06,1347.164,0
2025-02-27 19:00:00,36.05,36.36,36.02,36.26,3080.285,0
2025-02-27 20:00:00,36.25,36.29,36.02,36.14,2530.132,0
2025-02-27 21:00:00,36.13,36.74,35.87,36.69,3195.19,0
2025-02-27 22:00:00,36.69,36.91,36.6,36.81,3123.547,0
2025-02-27 23:00:00,36.79,36.87,36.64,36.71,988.412,0
2025-02-28 00:00:00,36.71,36.86,36.54,36.64,1290.676,0
2025-02-28 01:00:00,36.64,36.82,35.81,36.13,6384.763,0
2025-02-28 02:00:00,36.16,36.5,35.66,36.3,10181.003,0
2025-02-28 03:00:00,36.28,37.18,36.05,36.05,8368.117,0
2025-02-28 04:00:00,36.08,36.89,36.06,36.65,6019.599,0
2025-02-28 05:00:00,36.59,36.67,35.9,36.58,5171.179,0
2025-02-28 06:00:00,36.61,36.8,35.99,36.44,3583.649,0
2025-02-28 07:00:00,36.42,36.73,35.85,36.17,5737.965,0
2025-02-28 08:00:00,36.13,36.48,35.53,36.09,5651.151,0
2025-02-28 09:00:00,36.09,36.39,35.91,35.93,2284.812,0
2025-02-28 10:00:00,35.98,36.06,35.19,35.22,8877.322,0
2025-02-28 11:00:00,35.23,35.4,34.96,35.17,6814.029,0
2025-02-28 12:00:00,35.22,35.71,35.03,35.22,2674.511,0
2025-02-28 13:00:00,35.24,36.09,35.15,35.88,4611.916,0
2025-02-28 14:00:00,35.87,36.48,35.83,36.38,3223.609,0
2025-02-28 15:00:00,36.39,37.08,36.39,36.66,4002.77,0
2025-02-28 16:00:00,36.69,37.33,36.53,37.26,2106.509,0
2025-02-28 17:00:00,37.26,37.42,36.95,37.07,4467.988,0
2025-02-28 18:00:00,37.06,37.49,36.9,37.25,2777.754,0
2025-02-28 19:00:00,37.29,37.55,37.14,37.5,1808.099,0
2025-02-28 20:00:00,37.5,37.56,36.92,37.09,3663.385,0
2025-02-28 21:00:00,37.07,37.31,36.75,37.01,2420.275,0
2025-02-28 22:00:00,37.03,37.08,36.7,36.88,2120.711,0
2025-02-28 23:00:00,36.87,37.7,36.84,37.62,3814.389,0
2025-03-01 00:00:00,37.62,37.95,37.37,37.43,5477.704,0
2025-03-01 01:00:00,37.43,37.86,37.43,37.79,2600.107,0
2025-03-01 02:00:00,37.78,37.87,37.41,37.53,1923.774,0
2025-03-01 03:00:00,37.53,37.53,37.15,37.2,1497.858,0
2025-03-01 04:00:00,37.21,37.34,37.03,37.08,1890.691,0
2025-03-01 05:00:00,37.07,37.35,36.78,37.21,4691.619,0
2025-03-01 06:00:00,37.23,37.31,36.97,37.06,1672.01,0
2025-03-01 07:00:00,37.05,37.17,36.79,37.04,1401.51,0
2025-03-01 08:00:00,37.07,37.77,37.06,37.58,3362.407,0
2025-03-01 09:00:00,37.57,37.57,36.95,37.11,1783.431,0
2025-03-01 10:00:00,37.12,37.14,36.6,37.14,3795.096,0
2025-03-01 11:00:00,37.16,37.31,36.95,37.19,1260.465,0
2025-03-01 12:00:00,37.18,37.21,36.7,37.0,3368.548,0
2025-03-01 13:00:00,37.01,37.15,36.64,36.86,3439.578,0
2025-03-01 14:00:00,36.83,37.06,36.74,36.79,1090.94,0
2025-03-01 15:00:00,36.78,37.02,36.75,36.86,1168.023,0
2025-03-01 16:00:00,36.88,37.48,36.67,37.43,3781.611,0
2025-03-01 17:00:00,37.43,37.96,37.34,37.77,5392.89,0
2025-03-01 18:00:00,37.79,37.79,37.2,37.44,2892.648,0
2025-03-01 19:00:00,37.41,37.99,37.38,37.74,1977.558,0
2025-03-01 20:00:00,37.77,37.81,37.39,37.45,584.852,0
2025-03-01 21:00:00,37.46,37.66,37.37,37.63,893.589,0
2025-03-01 22:00:00,37.61,37.77,37.49,37.65,908.526,0
2025-03-01 23:00:00,37.63,37.97,37.55,37.81,1208.857,0
2025-03-02 00:00:00,37.8,37.86,37.34,37.36,1790.459,0
2025-03-02 01:00:00,37.39,37.62,37.38,37.48,399.496,0
2025-03-02 02:00:00,37.54,37.99,37.54,37.74,1136.007,0
2025-03-02 03:00:00,37.75,37.86,37.58,37.62,345.148,0
2025-03-02 04:00:00,37.61,38.32,37.5,37.84,2619.309,0
2025-03-02 05:00:00,37.86,38.21,37.75,38.16,1974.013,0
2025-03-02 06:00:00,38.2,38.58,37.96,38.34,2251.863,0
2025-03-02 07:00:00,38.35,38.54,38.19,38.45,1930.291,0
2025-03-02 08:00:00,38.42,38.88,38.35,38.81,2901.086,0
2025-03-02 09:00:00,38.8,39.69,38.74,39.36,6107.735,0
2025-03-02 10:00:00,39.37,39.7,39.14,39.67,4452.151,0
2025-03-02 11:00:00,39.71,40.07,39.62,39.86,4449.992,0
2025-03-02 12:00:00,39.85,40.53,39.84,40.29,6570.733,0
2025-03-02 13:00:00,40.3,40.3,39.79,39.96,4413.692,0
2025-03-02 14:00:00,39.96,40.55,39.83,40.07,7705.649,0
2025-03-02 15:00:00,40.0,40.98,39.37,40.21,24060.058,0
2025-03-02 16:00:00,40.23,43.07,39.97,42.9,19524.0,0
2025-03-02 17:00:00,42.93,43.07,42.15,42.92,7533.784,0
2025-03-02 18:00:00,42.93,43.19,41.82,41.94,14334.019,0
2025-03-02 19:00:00,41.92,42.58,41.8,42.46,2090.487,0
2025-03-02 20:00:00,42.45,42.76,41.98,42.63,3987.902,0
2025-03-02 21:00:00,42.62,42.63,41.94,42.07,2454.995,0
2025-03-02 22:00:00,42.07,42.19,41.62,42.04,5777.98,0
2025-03-02 23:00:00,42.05,42.11,40.87,41.27,6935.636,0
2025-03-03 00:00:00,41.29,42.49,41.13,42.02,5750.902,0
2025-03-03 01:00:00,42.05,42.89,41.74,42.71,4374.773,0
2025-03-03 02:00:00,42.67,42.79,41.34,41.4,4527.578,0
2025-03-03 03:00:00,41.41,41.63,40.85,41.16,4270.65,0
2025-03-03 04:00:00,41.16,41.38,41.03,41.38,2930.206,0
2025-03-03 05:00:00,41.39,41.74,41.35,41.7,2367.08,0
2025-03-03 06:00:00,41.71,41.94,40.61,40.96,5006.594,0
2025-03-03 07:00:00,40.93,41.28,40.64,41.13,2830.325,0
2025-03-03 08:00:00,41.14,41.2,40.27,40.52,3821.066,0
2025-03-03 09:00:00,40.53,40.78,40.19,40.65,3938.403,0
2025-03-03 10:00:00,40.62,40.87,40.43,40.48,2340.89,0
2025-03-03 11:00:00,40.44,40.63,40.3,40.51,1736.525,0
2025-03-03 12:00:00,40.53,40.77,40.05,40.22,4029.339,0
2025-03-03 13:00:00,40.22,40.66,40.09,40.33,2585.579,0
2025-03-03 14:00:00,40.34,40.43,39.18,39.29,5441.492,0
2025-03-03 15:00:00,39.27,40.24,39.26,39.58,5407.336,0
2025-03-03 16:00:00,39.57,39.69,39.03,39.54,3252.602,0
2025-03-03 17:00:00,39.47,39.89,39.4,39.46,1044.385,0
2025-03-03 18:00:00,39.46,39.52,38.1,38.28,7245.093,0
2025-03-03 19:00:00,38.29,38.57,36.95,37.03,10049.411,0
2025-03-03 20:00:00,37.09,37.78,37.04,37.47,3789.618,0
2025-03-03 21:00:00,37.47,37.54,36.34,36.44,3822.662,0
2025-03-03 22:00:00,36.45,36.91,36.44,36.81,2376.265,0
2025-03-03 23:00:00,36.79,36.89,36.3,36.35,1803.321,0
2025-03-04 00:00:00,36.34,36.66,35.95,35.97,4096.105,0
2025-03-04 01:00:00,35.95,36.16,34.57,34.76,12359.158,0
2025-03-04 02:00:00,34.75,35.74,34.16,35.58,7095.83,0
2025-03-04 03:00:00,35.58,35.79,35.09,35.17,1877.514,0
2025-03-04 04:00:00,35.17,35.41,34.95,34.97,1655.335,0
2025-03-04 05:00:00,34.99,35.76,34.97,35.42,1970.534,0
2025-03-04 06:00:00,35.38,35.56,35.17,35.24,1241.898,0
2025-03-04 07:00:00,35.24,35.32,34.99,34.99,1719.801,0
2025-03-04 08:00:00,35.03,35.58,34.95,35.39,2745.982,0
2025-03-04 09:00:00,35.36,35.43,34.92,35.13,1817.476,0
2025-03-04 10:00:00,35.09,35.31,34.96,35.21,2064.088,0
2025-03-04 11:00:00,35.23,35.44,35.07,35.08,1055.129,0
2025-03-04 12:00:00,35.09,35.09,34.56,34.85,5070.873,0
2025-03-04 13:00:00,34.83,34.83,33.81,33.89,4836.318,0
2025-03-04 14:00:00,33.9,35.66,33.88,34.6,6067.869,0
2025-03-04 15:00:00,34.6,34.92,33.95,34.69,3077.209,0
2025-03-04 16:00:00,34.68,34.72,33.09,34.29,7486.997,0
2025-03-04 17:00:00,34.23,35.06,34.23,34.71,3580.517,0
2025-03-04 18:00:00,34.72,35.2,34.59,35.12,2574.742,0
2025-03-04 19:00:00,35.1,35.43,34.75,35.09,2298.926,0
2025-03-04 20:00:00,35.09,35.48,34.54,34.63,1843.011,0
2025-03-04 21:00:00,34.67,35.59,34.59,35.15,3901.135,0
2025-03-04 22:00:00,35.13,35.41,35.06,35.06,1625.133,0
2025-03-04 23:00:00,35.05,35.21,34.95,35.06,616.648,0
2025-03-05 00:00:00,35.06,35.42,34.94,35.23,1907.458,0
2025-03-05 01:00:00,35.23,36.13,35.07,36.01,2684.979,0
2025-03-05 02:00:00,36.07,37.18,36.0,36.99,5249.367,0
2025-03-05 03:00:00,36.95,37.47,35.68,35.71,5121.902,0
2025-03-05 04:00:00,35.68,36.93,35.68,36.43,4346.089,0
2025-03-05 05:00:00,36.41,37.25,36.3,36.83,2535.97,0
2025-03-05 06:00:00,36.82,36.82,36.26,36.61,2541.463,0
2025-03-05 07:00:00,36.63,36.76,36.35,36.48,1898.179,0
2025-03-05 08:00:00,36.47,36.77,36.35,36.53,2169.936,0
2025-03-05 09:00:00,36.51,36.85,36.39,36.52,2816.748,0
2025-03-05 10:00:00,36.53,36.86,36.38,36.84,2827.757,0
2025-03-05 11:00:00,36.82,36.92,36.46,36.65,2068.893,0
2025-03-05 12:00:00,36.67,36.8,36.58,36.76,1810.415,0
2025-03-05 13:00:00,36.78,37.0,36.65,36.73,1852.478,0
2025-03-05 14:00:00,36.71,37.06,36.2,36.44,7685.317,0
2025-03-05 15:00:00,36.47,36.82,35.9,36.0,5232.897,0
2025-03-05 16:00:00,36.0,36.28,35.71,36.0,3149.987,0
2025-03-05 17:00:00,36.04,36.37,35.91,36.27,1951.227,0
2025-03-05 18:00:00,36.3,36.49,36.19,36.49,531.183,0
2025-03-05 19:00:00,36.51,36.81,36.4,36.4,815.487,0
2025-03-05 20:00:00,36.47,36.54,36.29,36.4,1145.484,0
2025-03-05 21:00:00,36.36,36.47,36.09,36.38,750.566,0
2025-03-05 22:00:00,36.37,36.5,36.19,36.46,573.543,0
2025-03-05 23:00:00,36.46,36.6,36.37,36.42,1151.364,0
2025-03-06 00:00:00,36.42,36.48,35.9,35.96,1329.925,0
2025-03-06 01:00:00,35.96,36.48,35.87,36.04,1189.442,0
2025-03-06 02:00:00,36.05,36.38,35.95,36.22,1908.168,0
2025-03-06 03:00:00,36.25,36.34,36.06,36.33,1216.672,0
2025-03-06 04:00:00,36.33,36.38,35.9,36.33,3759.025,0
2025-03-06 05:00:00,36.33,36.77,36.23,36.58,3078.756,0
2025-03-06 06:00:00,36.55,36.58,36.28,36.28,959.989,0
2025-03-06 07:00:00,36.26,36.36,35.9,35.96,1917.025,0
2025-03-06 08:00:00,35.96,36.31,35.84,36.19,1590.1,0
2025-03-06 09:00:00,36.19,36.2,35.82,35.87,994.728,0
2025-03-06 10:00:00,35.87,36.07,35.81,35.99,1354.291,0
2025-03-06 11:00:00,35.99,36.02,35.85,35.85,1890.77,0
2025-03-06 12:00:00,35.87,35.87,35.33,35.65,4393.54,0
2025-03-06 13:00:00,35.62,35.68,35.26,35.31,1314.124,0
2025-03-06 14:00:00,35.29,35.54,34.84,35.1,2924.026,0
2025-03-06 15:00:00,35.09,35.49,35.07,35.41,2517.132,0
2025-03-06 16:00:00,35.42,35.43,34.78,34.84,2157.183,0
2025-03-06 17:00:00,34.83,34.87,33.9,34.41,6212.776,0
2025-03-06 18:00:00,34.39,34.4,34.02,34.12,924.161,0
2025-03-06 19:00:00,34.11,34.27,33.83,33.92,886.051,0
2025-03-06 20:00:00,33.87,34.17,33.84,34.06,1289.761,0
2025-03-06 21:00:00,34.05,34.19,33.95,34.07,3037.561,0
2025-03-06 22:00:00,34.13,34.46,34.07,34.21,1083.235,0
2025-03-06 23:00:00,34.21,34.27,34.01,34.11,900.985,0
2025-03-07 00:00:00,34.12,34.5,32.84,32.95,9455.168,0
2025-03-07 01:00:00,32.93,33.98,32.84,33.67,1621.267,0
2025-03-07 02:00:00,33.66,33.92,33.49,33.62,1319.225,0
2025-03-07 03:00:00,33.62,34.06,33.61,33.61,1458.349,0
2025-03-07 04:00:00,33.59,33.91,33.57,33.68,780.316,0
2025-03-07 05:00:00,33.65,33.75,33.48,33.63,2451.687,0
2025-03-07 06:00:00,33.63,33.66,33.41,33.58,559.734,0
2025-03-07 07:00:00,33.58,33.88,33.51,33.87,1796.469,0
2025-03-07 08:00:00,33.84,33.95,33.29,33.47,2698.497,0
2025-03-07 09:00:00,33.44,33.94,33.43,33.65,1276.037,0
2025-03-07 10:00:00,33.64,33.78,33.44,33.69,1071.351,0
2025-03-07 11:00:00,33.69,33.8,33.5,33.52,674.523,0
2025-03-07 12:00:00,33.56,33.65,33.33,33.44,1142.638,0
2025-03-07 13:00:00,33.44,33.82,33.07,33.4,3964.157,0
2025-03-07 14:00:00,33.42,33.61,32.86,33.45,5465.024,0
2025-03-07 15:00:00,33.44,33.69,33.03,33.43,2760.388,0
2025-03-07 16:00:00,33.41,33.58,32.87,33.14,1867.928,0
2025-03-07 17:00:00,33.13,33.67,32.95,33.5,1754.487,0
2025-03-07 18:00:00,33.46,33.98,33.44,33.93,1426.759,0
2025-03-07 19:00:00,33.94,34.31,33.68,33.9,2446.771,0
2025-03-07 20:00:00,33.89,34.09,33.57,33.66,2597.221,0
2025-03-07 21:00:00,33.7,34.08,32.9,33.75,6309.975,0
2025-03-07 22:00:00,33.67,33.75,33.1,33.26,1754.8,0
2025-03-07 23:00:00,33.25,33.26,32.8,32.99,1604.945,0
2025-03-08 00:00:00,32.92,32.94,32.55,32.94,3098.176,0
2025-03-08 01:00:00,32.92,33.05,32.39,32.63,2694.034,0
2025-03-08 02:00:00,32.61,33.06,32.54,32.92,3700.409,0
2025-03-08 03:00:00,32.92,33.02,32.63,32.9,2011.827,0
2025-03-08 04:00:00,32.89,33.18,32.75,33.15,769.315,0
2025-03-08 05:00:00,33.14,33.35,33.03,33.08,1084.438,0
2025-03-08 06:00:00,33.07,33.35,32.93,32.99,2157.387,0
2025-03-08 07:00:00,32.98,33.14,32.81,32.81,1011.114,0
2025-03-08 08:00:00,32.86,32.87,32.61,32.66,1383.858,0
2025-03-08 09:00:00,32.66,33.02,32.66,32.79,554.001,0
2025-03-08 10:00:00,32.8,32.99,32.75,32.9,533.828,0
2025-03-08 11:00:00,32.88,32.88,32.55,32.74,866.031,0
2025-03-08 12:00:00,32.76,33.15,32.7,33.02,976.157,0
2025-03-08 13:00:00,33.02,33.06,32.79,32.98,1073.326,0
2025-03-08 14:00:00,33.0,33.09,32.75,32.75,784.484,0
2025-03-08 15:00:00,32.74,32.76,32.58,32.62,560.127,0
2025-03-08 16:00:00,32.61,32.69,32.3,32.59,1928.091,0
2025-03-08 17:00:00,32.59,32.95,32.54,32.82,1130.178,0
2025-03-08 18:00:00,32.78,32.96,32.77,32.82,499.238,0
2025-03-08 19:00:00,32.83,33.04,32.75,32.92,620.919,0
2025-03-08 20:00:00,32.95,32.95,32.76,32.77,196.58,0
2025-03-08 21:00:00,32.79,32.9,32.68,32.68,502.499,0
2025-03-08 22:00:00,32.69,32.75,32.52,32.73,1420.56,0
2025-03-08 23:00:00,32.73,32.76,32.52,32.59,668.233,0
2025-03-09 00:00:00,32.6,32.65,32.49,32.56,819.437,0
2025-03-09 01:00:00,32.58,32.61,32.2,32.21,763.07,0
2025-03-09 02:00:00,32.21,32.29,31.96,32.01,1520.737,0
2025-03-09 03:00:00,32.02,32.09,31.43,31.45,2818.223,0
2025-03-09 04:00:00,31.46,31.96,31.4,31.93,1318.555,0
2025-03-09 05:00:00,31.93,31.98,31.59,31.59,913.899,0
2025-03-09 06:00:00,31.56,31.6,31.43,31.49,769.472,0
2025-03-09 07:00:00,31.51,31.67,31.51,31.67,610.992,0
2025-03-09 08:00:00,31.68,31.95,31.36,31.43,2315.943,0
2025-03-09 09:00:00,31.44,31.67,31.43,31.49,1421.308,0
2025-03-09 10:00:00,31.49,31.65,31.11,31.26,3246.138,0
2025-03-09 11:00:00,31.26,31.31,30.79,31.13,11103.939,0
2025-03-09 12:00:00,31.14,31.38,31.07,31.26,1136.275,0
2025-03-09 13:00:00,31.29,31.69,30.92,30.92,3896.371,0
2025-03-09 14:00:00,30.92,31.18,30.88,30.93,3064.987,0
2025-03-09 15:00:00,30.93,31.12,30.56,30.7,2169.658,0
2025-03-09 16:00:00,30.7,30.89,30.0,30.0,4773.917,0
2025-03-09 17:00:00,30.01,30.28,29.42,29.45,4091.411,0
2025-03-09 18:00:00,29.46,29.99,29.17,29.42,3758.576,0
2025-03-09 19:00:00,29.38,30.31,29.38,30.08,4592.692,0
2025-03-09 20:00:00,30.1,30.3,29.83,29.83,983.312,0
2025-03-09 21:00:00,29.81,29.92,29.39,29.61,2327.11,0
2025-03-09 22:00:00,29.63,29.9,29.58,29.66,2695.934,0
2025-03-09 23:00:00,29.7,29.99,29.58,29.84,3300.749,0
2025-03-10 00:00:00,29.87,30.45,29.77,30.31,2910.257,0
2025-03-10 01:00:00,30.33,30.55,30.13,30.42,2706.404,0
2025-03-10 02:00:00,30.47,31.35,30.37,31.18,8364.07,0
2025-03-10 03:00:00,31.17,31.44,31.01,31.3,2706.417,0
2025-03-10 04:00:00,31.3,31.6,31.15,31.27,2233.527,0
2025-03-10 05:00:00,31.28,31.31,30.98,31.1,1598.598,0
2025-03-10 06:00:00,31.09,31.31,30.96,31.17,2180.707,0
2025-03-10 07:00:00,31.16,31.4,31.1,31.31,1202.55,0
2025-03-10 08:00:00,31.32,31.33,30.95,31.02,1816.808,0
2025-03-10 09:00:00,31.03,32.01,30.97,31.19,3782.993,0
2025-03-10 10:00:00,31.22,31.22,30.64,30.84,3435.691,0
2025-03-10 11:00:00,30.82,31.2,30.76,31.18,1950.661,0
2025-03-10 12:00:00,31.1,31.43,31.08,31.36,1855.779,0
2025-03-10 13:00:00,31.36,31.4,30.73,30.78,1266.666,0
2025-03-10 14:00:00,30.77,30.79,29.6,29.8,7177.913,0
2025-03-10 15:00:00,29.8,30.68,29.74,30.29,1989.875,0
2025-03-10 16:00:00,30.3,30.33,29.7,29.9,2072.898,0
2025-03-10 17:00:00,29.87,30.05,28.85,29.01,3441.47,0
2025-03-10 18:00:00,28.92,29.34,28.05,28.09,3386.817,0
2025-03-10 19:00:00,28.1,29.94,28.04,29.59,9604.281,0
2025-03-10 20:00:00,29.58,29.61,29.0,29.36,1431.366,0
2025-03-10 21:00:00,29.34,29.47,29.07,29.26,1570.088,0
2025-03-10 22:00:00,29.27,29.77,29.26,29.68,3155.66,0
2025-03-10 23:00:00,29.66,29.93,29.12,29.17,3667.064,0
2025-03-11 00:00:00,29.19,29.53,27.92,28.7,5473.759,0
2025-03-11 01:00:00,28.71,29.44,28.2,29.17,8380.995,0
2025-03-11 02:00:00,29.18,30.03,29.16,29.77,11968.539,0
2025-03-11 03:00:00,29.77,30.01,29.61,29.63,1182.404,0
2025-03-11 04:00:00,29.6,29.9,29.44,29.68,1223.836,0
2025-03-11 05:00:00,29.69,30.1,29.5,29.65,2481.038,0
2025-03-11 06:00:00,29.67,29.88,29.29,29.32,1421.606,0
2025-03-11 07:00:00,29.33,29.85,29.32,29.7,1046.578,0
2025-03-11 08:00:00,29.66,30.12,29.64,29.88,2384.507,0
2025-03-11 09:00:00,29.89,30.26,29.87,30.26,2038.998,0
2025-03-11 10:00:00,30.2,30.62,30.12,30.15,2630.55,0
2025-03-11 11:00:00,30.16,30.39,29.98,30.2,1256.273,0
2025-03-11 12:00:00,30.2,30.2,29.84,29.91,2192.234,0
2025-03-11 13:00:00,29.86,30.59,29.25,29.27,11099.01,0
2025-03-11 14:00:00,29.27,29.51,28.62,28.81,6032.096,0
2025-03-11 15:00:00,28.82,29.89,28.78,29.82,3009.653,0
2025-03-11 16:00:00,29.78,30.32,29.57,30.17,3149.953,0
2025-03-11 17:00:00,30.17,30.34,29.75,29.87,2766.61,0
2025-03-11 18:00:00,29.87,31.0,29.87,30.95,5558.832,0
2025-03-11 19:00:00,30.91,31.1,30.71,30.97,2614.644,0
2025-03-11 20:00:00,30.97,30.98,30.67,30.84,1454.198,0
2025-03-11 21:00:00,30.81,30.93,30.39,30.41,1986.956,0
2025-03-11 22:00:00,30.41,30.62,30.34,30.54,1774.238,0
2025-03-11 23:00:00,30.52,30.52,30.21,30.29,724.631,0
2025-03-12 00:00:00,30.26,30.37,30.02,30.35,1446.609,0
2025-03-12 01:00:00,30.27,30.72,30.23,30.52,2571.798,0
2025-03-12 02:00:00,30.53,30.57,29.85,29.91,1865.884,0
2025-03-12 03:00:00,29.9,29.99,28.25,28.66,26515.679,0
2025-03-12 04:00:00,28.71,29.05,28.29,28.78,20135.923,0
2025-03-12 05:00:00,28.82,29.24,28.79,29.02,6305.999,0
2025-03-12 06:00:00,29.06,29.18,28.95,29.13,1256.012,0
2025-03-12 07:00:00,29.09,29.51,29.09,29.38,1544.31,0
2025-03-12 08:00:00,29.36,29.93,29.19,29.72,1847.662,0
2025-03-12 09:00:00,29.69,29.87,29.3,29.44,1857.764,0
2025-03-12 10:00:00,29.44,29.48,28.85,29.13,2504.418,0
2025-03-12 11:00:00,29.12,29.57,29.12,29.37,3930.089,0
2025-03-12 12:00:00,29.37,29.89,29.14,29.62,6053.43,0
2025-03-12 13:00:00,29.65,29.77,28.99,29.0,3292.305,0
2025-03-12 14:00:00,28.99,29.13,28.5,28.51,4051.55,0
2025-03-12 15:00:00,28.52,28.84,28.23,28.77,2398.025,0
2025-03-12 16:00:00,28.75,29.23,28.7,29.08,2469.659,0
2025-03-12 17:00:00,29.09,29.56,28.95,28.95,2607.75,0
2025-03-12 18:00:00,28.94,29.24,28.85,29.19,1277.325,0
2025-03-12 19:00:00,29.18,29.8,29.08,29.77,3227.659,0
2025-03-12 20:00:00,29.77,30.26,29.75,30.2,4823.64,0
2025-03-12 21:00:00,30.19,30.33,29.88,30.02,1894.968,0
2025-03-12 22:00:00,29.98,30.42,29.93,30.33,2012.021,0
2025-03-12 23:00:00,30.35,30.45,30.17,30.23,1314.012,0
2025-03-13 00:00:00,30.27,30.32,30.05,30.12,1629.764,0
2025-03-13 01:00:00,30.11,30.36,29.82,30.33,4294.171,0
2025-03-13 02:00:00,30.33,31.19,30.17,30.18,10650.865,0
2025-03-13 03:00:00,30.17,30.31,29.93,30.19,1539.321,0
2025-03-13 04:00:00,30.19,30.64,30.18,30.34,1581.511,0
2025-03-13 05:00:00,30.37,30.5,30.08,30.12,1680.373,0
2025-03-13 06:00:00,30.14,30.14,29.74,29.94,1487.909,0
2025-03-13 07:00:00,29.96,30.24,29.94,30.12,558.607,0
2025-03-13 08:00:00,30.17,30.41,30.14,30.36,1281.541,0
2025-03-13 09:00:00,30.38,30.82,30.38,30.8,2247.019,0
2025-03-13 10:00:00,30.78,30.78,30.48,30.52,3245.173,0
2025-03-13 11:00:00,30.45,30.68,30.43,30.67,710.35,0
2025-03-13 12:00:00,30.66,30.86,29.93,29.99,4935.025,0
2025-03-13 13:00:00,30.0,30.44,29.93,29.98,1071.27,0
2025-03-13 14:00:00,29.96,30.31,29.75,30.08,6042.731,0
2025-03-13 15:00:00,30.1,30.26,30.04,30.12,1678.363,0
2025-03-13 16:00:00,30.09,30.52,30.03,30.27,2826.664,0
2025-03-13 17:00:00,30.31,30.6,29.99,30.1,6882.442,0
2025-03-13 18:00:00,30.1,30.39,30.05,30.36,1377.011,0
2025-03-13 19:00:00,30.35,30.69,30.23,30.31,2725.048,0
2025-03-13 20:00:00,30.3,30.51,30.2,30.36,1199.928,0
2025-03-13 21:00:00,30.36,30.57,30.26,30.57,1113.559,0
2025-03-13 22:00:00,30.56,30.85,30.49,30.84,1452.383,0
2025-03-13 23:00:00,30.82,31.12,30.8,31.02,2504.853,0
2025-03-14 00:00:00,30.98,31.15,30.93,31.04,3037.893,0
2025-03-14 01:00:00,31.04,31.07,30.94,31.04,1892.891,0
2025-03-14 02:00:00,31.03,31.14,30.96,31.09,703.657,0
2025-03-14 03:00:00,31.09,31.09,30.95,31.06,642.869,0
2025-03-14 04:00:00,31.05,31.1,30.94,31.0,854.307,0
2025-03-14 05:00:00,30.99,31.07,30.8,31.03,2546.441,0
2025-03-14 06:00:00,31.03,31.1,30.96,31.06,575.793,0
2025-03-14 07:00:00,31.03,31.14,30.89,31.11,1760.28,0
2025-03-14 08:00:00,31.11,31.23,30.86,31.12,2019.718,0
2025-03-14 09:00:00,31.17,31.62,31.04,31.54,6215.288,0
2025-03-14 10:00:00,31.54,31.62,31.37,31.39,3808.51,0
2025-03-14 11:00:00,31.39,31.68,31.19,31.24,2100.65,0
2025-03-14 12:00:00,31.23,31.4,31.07,31.2,1679.448,0
2025-03-14 13:00:00,31.24,31.97,31.04,31.83,3872.337,0
2025-03-14 14:00:00,31.83,31.86,31.39,31.64,3825.011,0
2025-03-14 15:00:00,31.64,32.25,31.63,32.11,4264.37,0
2025-03-14 16:00:00,32.14,32.14,31.52,32.01,6673.234,0
2025-03-14 17:00:00,32.04,32.38,31.95,32.3,1715.157,0
2025-03-14 18:00:00,32.3,32.47,32.18,32.38,2529.54,0
2025-03-14 19:00:00,32.38,32.41,32.21,32.27,959.396,0
2025-03-14 20:00:00,32.25,32.32,32.21,32.25,2059.241,0
2025-03-14 21:00:00,32.26,32.51,32.22,32.49,1450.47,0
2025-03-14 22:00:00,32.49,32.6,32.24,32.34,1569.409,0
2025-03-14 23:00:00,32.35,32.38,32.25,32.32,1173.291,0
2025-03-15 00:00:00,32.31,32.38,32.21,32.32,2919.51,0
2025-03-15 01:00:00,32.31,32.32,31.78,31.78,5190.006,0
2025-03-15 02:00:00,31.78,31.93,31.57,31.59,3606.582,0
2025-03-15 03:00:00,31.61,31.82,31.47,31.56,6182.65,0
2025-03-15 04:00:00,31.57,32.0,31.49,31.93,2416.742,0
2025-03-15 05:00:00,31.87,31.89,31.57,31.89,3253.626,0
2025-03-15 06:00:00,31.87,31.97,31.69,31.75,1221.388,0
2025-03-15 07:00:00,31.75,31.8,31.63,31.73,2611.713,0
2025-03-15 08:00:00,31.72,31.93,31.72,31.77,1168.87,0
2025-03-15 09:00:00,31.79,31.93,31.67,31.87,1983.259,0
2025-03-15 10:00:00,31.86,32.05,31.68,31.94,1444.854,0
2025-03-15 11:00:00,31.96,32.3,31.92,32.24,2749.849,0
2025-03-15 12:00:00,32.22,32.28,32.01,32.01,849.23,0
2025-03-15 13:00:00,32.01,32.13,31.99,32.01,641.456,0
2025-03-15 14:00:00,32.0,32.1,31.92,32.05,1174.155,0
2025-03-15 15:00:00,32.04,32.15,32.02,32.12,229.053,0
2025-03-15 16:00:00,32.13,32.17,31.99,32.06,648.213,0
2025-03-15 17:00:00,32.09,32.14,31.95,32.04,944.095,0
2025-03-15 18:00:00,32.04,32.37,32.04,32.14,1530.885,0
2025-03-15 19:00:00,32.12,32.12,31.96,32.09,740.354,0
2025-03-15 20:00:00,32.09,32.3,32.09,32.27,1601.761,0
2025-03-15 21:00:00,32.24,32.39,32.19,32.34,822.696,0
2025-03-15 22:00:00,32.34,32.54,32.33,32.41,1384.54,0
2025-03-15 23:00:00,32.51,32.51,32.29,32.3,405.316,0
2025-03-16 00:00:00,32.32,32.64,32.2,32.48,2617.551,0
2025-03-16 01:00:00,32.48,32.5,32.13,32.14,719.272,0
2025-03-16 02:00:00,32.13,32.35,32.1,32.35,892.15,0
2025-03-16 03:00:00,32.3,32.72,32.3,32.72,1393.433,0
2025-03-16 04:00:00,32.7,33.59,32.7,33.43,7504.645,0
2025-03-16 05:00:00,33.44,33.63,33.41,33.52,2289.076,0
2025-03-16 06:00:00,33.51,33.67,33.4,33.53,1772.359,0
2025-03-16 07:00:00,33.54,33.66,33.44,33.59,1936.035,0
2025-03-16 08:00:00,33.59,33.65,33.39,33.5,943.434,0
2025-03-16 09:00:00,33.5,33.67,33.45,33.59,1721.669,0
2025-03-16 10:00:00,33.59,34.04,33.39,33.43,5082.602,0
2025-03-16 11:00:00,33.42,33.5,32.65,32.86,9238.118,0
2025-03-16 12:00:00,32.84,33.23,32.78,32.97,4974.674,0
2025-03-16 13:00:00,32.97,33.2,32.84,32.87,3069.566,0
2025-03-16 14:00:00,32.88,32.98,32.48,32.7,5401.009,0
2025-03-16 15:00:00,32.68,32.83,32.5,32.76,2193.164,0
2025-03-16 16:00:00,32.76,33.37,32.66,32.89,5278.737,0
2025-03-16 17:00:00,32.89,33.16,32.69,32.99,3562.889,0
2025-03-16 18:00:00,32.98,33.59,32.96,33.09,3941.666,0
2025-03-16 19:00:00,33.1,33.24,32.83,33.04,1686.368,0
2025-03-16 20:00:00,33.04,33.28,32.82,33.24,1439.358,0
2025-03-16 21:00:00,33.24,33.58,33.01,33.53,1994.098,0
2025-03-16 22:00:00,33.53,33.53,33.03,33.05,3918.337,0
2025-03-16 23:00:00,33.11,33.11,32.69,32.8,1337.473,0
2025-03-17 00:00:00,32.79,33.31,32.73,33.26,2502.869,0
2025-03-17 01:00:00,33.29,33.42,33.1,33.35,533.852,0
2025-03-17 02:00:00,33.37,33.44,33.14,33.31,786.313,0
2025-03-17 03:00:00,33.33,33.63,33.23,33.57,1281.305,0
2025-03-17 04:00:00,33.58,33.99,33.52,33.89,3294.126,0
2025-03-17 05:00:00,33.89,34.21,33.89,33.96,5961.256,0
2025-03-17 06:00:00,33.96,34.48,33.81,34.27,2489.03,0
2025-03-17 07:00:00,34.19,34.59,33.97,34.02,2243.218,0
2025-03-17 08:00:00,34.01,34.17,33.86,33.96,902.346,0
2025-03-17 09:00:00,33.96,34.19,33.79,34.18,1477.618,0
2025-03-17 10:00:00,34.15,34.5,33.9,34.49,2495.6,0
2025-03-17 11:00:00,34.5,34.6,34.04,34.04,2227.234,0
2025-03-17 12:00:00,34.01,34.79,33.82,33.89,3646.977,0
2025-03-17 13:00:00,33.83,34.32,33.77,34.05,1825.699,0
2025-03-17 14:00:00,34.05,34.18,33.79,33.92,3087.109,0
2025-03-17 15:00:00,33.93,34.43,33.8,34.27,1456.344,0
2025-03-17 16:00:00,34.3,34.3,33.59,33.79,2176.899,0
2025-03-17 17:00:00,33.79,34.08,33.71,34.04,1148.68,0
2025-03-17 18:00:00,34.04,34.78,33.8,34.56,4901.531,0
2025-03-17 19:00:00,34.55,34.93,34.28,34.9,7037.188,0
2025-03-17 20:00:00,34.9,34.92,34.37,34.42,2238.19,0
2025-03-17 21:00:00,34.43,34.75,34.29,34.66,907.754,0
2025-03-17 22:00:00,34.64,34.65,34.38,34.4,780.302,0
2025-03-17 23:00:00,34.4,34.47,34.22,34.25,1777.822,0
2025-03-18 00:00:00,34.22,34.25,34.0,34.13,1103.202,0
2025-03-18 01:00:00,34.16,34.19,33.87,33.91,652.998,0
2025-03-18 02:00:00,33.92,34.1,33.9,33.98,609.909,0
2025-03-18 03:00:00,33.97,33.98,33.52,33.55,1547.506,0
2025-03-18 04:00:00,33.55,33.84,33.52,33.77,1855.577,0
2025-03-18 05:00:00,33.79,33.9,33.66,33.7,663.821,0
2025-03-18 06:00:00,33.7,33.71,33.28,33.36,945.701,0
2025-03-18 07:00:00,33.36,33.72,33.35,33.55,809.955,0
2025-03-18 08:00:00,33.53,33.69,33.41,33.57,867.728,0
2025-03-18 09:00:00,33.59,33.64,33.33,33.34,737.701,0
2025-03-18 10:00:00,33.35,33.39,32.91,33.08,4141.567,0
2025-03-18 11:00:00,33.05,33.23,32.91,33.0,2088.735,0
2025-03-18 12:00:00,32.97,33.07,32.7,32.72,2044.259,0
2025-03-18 13:00:00,32.7,33.02,32.46,32.51,2432.881,0
2025-03-18 14:00:00,32.48,32.85,32.46,32.66,1110.106,0
2025-03-18 15:00:00,32.65,32.65,32.3,32.4,1997.525,0
2025-03-18 16:00:00,32.37,32.73,32.28,32.7,2031.53,0
2025-03-18 17:00:00,32.7,33.07,32.66,32.91,3132.867,0
2025-03-18 18:00:00,32.91,33.41,32.78,33.37,2532.007,0
2025-03-18 19:00:00,33.34,33.42,33.22,33.37,1076.738,0
2025-03-18 20:00:00,33.43,33.45,33.24,33.38,389.126,0
2025-03-18 21:00:00,33.39,33.52,33.32,33.35,1298.849,0
2025-03-18 22:00:00,33.35,33.41,33.23,33.38,1052.181,0
2025-03-18 23:00:00,33.36,33.48,33.14,33.14,1611.423,0
2025-03-19 00:00:00,33.14,33.55,32.97,33.37,3021.375,0
2025-03-19 01:00:00,33.35,33.37,32.97,32.99,1015.187,0
2025-03-19 02:00:00,33.0,33.17,32.93,33.16,523.011,0
2025-03-19 03:00:00,33.14,33.77,33.13,33.7,2274.624,0
2025-03-19 04:00:00,33.72,33.93,33.6,33.66,1799.565,0
2025-03-19 05:00:00,33.67,34.36,33.49,33.9,4375.607,0
2025-03-19 06:00:00,33.92,34.12,33.86,34.09,546.208,0
2025-03-19 07:00:00,34.09,34.09,33.67,33.74,756.464,0
2025-03-19 08:00:00,33.74,33.87,33.43,33.47,872.311,0
2025-03-19 09:00:00,33.49,33.65,33.35,33.6,906.654,0
2025-03-19 10:00:00,33.58,34.03,33.46,33.67,4266.963,0
2025-03-19 11:00:00,33.66,33.9,33.57,33.81,1144.784,0
2025-03-19 12:00:00,33.81,33.86,32.94,33.34,4367.82,0
2025-03-19 13:00:00,33.33,33.64,33.06,33.34,2719.638,0
2025-03-19 14:00:00,33.34,33.59,33.3,33.45,1746.974,0
2025-03-19 15:00:00,33.42,33.68,33.33,33.57,1408.41,0
2025-03-19 16:00:00,33.55,33.61,33.34,33.46,1909.806,0
2025-03-19 17:00:00,33.43,33.76,33.35,33.67,2821.413,0
2025-03-19 18:00:00,33.71,34.08,33.47,34.05,3048.319,0
2025-03-19 19:00:00,34.07,34.09,33.64,33.79,1083.402,0
2025-03-19 20:00:00,33.8,34.04,33.78,33.87,698.409,0
2025-03-19 21:00:00,33.89,34.17,33.86,34.11,555.061,0
2025-03-19 22:00:00,34.13,34.42,34.03,34.35,2500.651,0
2025-03-19 23:00:00,34.35,34.4,34.18,34.27,2475.434,0
2025-03-20 00:00:00,34.3,34.49,34.07,34.27,2333.594,0
2025-03-20 01:00:00,34.22,34.32,33.8,33.84,1168.837,0
2025-03-20 02:00:00,33.86,33.95,33.82,33.85,414.998,0
2025-03-20 03:00:00,33.86,34.06,33.7,33.86,1361.874,0
2025-03-20 04:00:00,33.84,34.38,33.84,34.12,2935.405,0
2025-03-20 05:00:00,34.14,34.16,33.82,33.88,872.334,0
2025-03-20 06:00:00,33.9,34.73,33.89,34.55,5326.094,0
2025-03-20 07:00:00,34.56,34.61,34.37,34.43,1157.377,0
2025-03-20 08:00:00,34.47,34.49,33.88,34.29,4723.498,0
2025-03-20 09:00:00,34.31,34.43,34.26,34.34,1405.408,0
2025-03-20 10:00:00,34.3,34.34,33.72,33.78,1273.037,0
2025-03-20 11:00:00,33.77,33.86,33.69,33.72,953.101,0
2025-03-20 12:00:00,33.68,33.99,33.67,33.94,858.12,0
2025-03-20 13:00:00,33.93,34.07,33.85,33.94,886.424,0
2025-03-20 14:00:00,33.96,34.24,33.94,34.12,2053.144,0
2025-03-20 15:00:00,34.13,34.13,33.55,33.72,1292.77,0
2025-03-20 16:00:00,33.67,34.24,32.17,33.02,13722.981,0
2025-03-20 17:00:00,33.01,33.44,32.93,33.4,1875.636,0
2025-03-20 18:00:00,33.39,33.63,33.25,33.25,2045.245,0
2025-03-20 19:00:00,33.31,33.72,33.21,33.6,1081.586,0
2025-03-20 20:00:00,33.61,33.74,33.5,33.62,1285.969,0
2025-03-20 21:00:00,33.61,33.74,33.47,33.63,483.191,0
2025-03-20 22:00:00,33.65,33.94,33.39,33.79,1689.877,0
2025-03-20 23:00:00,33.78,33.97,33.62,33.91,833.069,0
2025-03-21 00:00:00,33.92,33.98,33.53,33.7,652.962,0
2025-03-21 01:00:00,33.69,33.82,33.55,33.77,1279.078,0
2025-03-21 02:00:00,33.79,33.83,33.62,33.65,430.879,0
2025-03-21 03:00:00,33.64,33.75,33.41,33.69,1495.744,0
2025-03-21 04:00:00,33.67,33.8,33.48,33.8,382.132,0
2025-03-21 05:00:00,33.76,33.8,33.3,33.41,1699.748,0
2025-03-21 06:00:00,33.4,33.51,32.31,32.9,8411.867,0
2025-03-21 07:00:00,32.86,32.87,32.22,32.58,5254.827,0
2025-03-21 08:00:00,32.56,32.57,31.49,31.85,14320.671,0
2025-03-21 09:00:00,31.87,31.88,30.82,31.2,21763.574,0
2025-03-21 10:00:00,31.21,31.36,30.77,31.31,10118.772,0
2025-03-21 11:00:00,31.32,31.41,31.05,31.06,5436.665,0
2025-03-21 12:00:00,31.06,31.06,30.0,30.46,19977.026,0
2025-03-21 13:00:00,30.46,30.53,29.9,30.08,12993.559,0
2025-03-21 14:00:00,30.11,32.05,29.66,29.96,29316.267,0
2025-03-21 15:00:00,29.98,30.85,29.97,30.76,6138.458,0
2025-03-21 16:00:00,30.76,31.94,30.65,31.65,11114.17,0
2025-03-21 17:00:00,31.67,31.71,31.47,31.51,3719.847,0
2025-03-21 18:00:00,31.51,32.05,31.48,31.58,5305.558,0
2025-03-21 19:00:00,31.58,31.78,31.49,31.55,1376.404,0
2025-03-21 20:00:00,31.56,31.72,31.48,31.52,2707.753,0
2025-03-21 21:00:00,31.5,31.74,31.46,31.63,2397.224,0
2025-03-21 22:00:00,31.56,31.61,31.19,31.28,4258.19,0
2025-03-21 23:00:00,31.23,31.3,30.57,30.85,3572.085,0
2025-03-22 00:00:00,30.91,30.93,30.69,30.71,1994.596,0
2025-03-22 01:00:00,30.7,30.99,30.68,30.81,2674.962,0
2025-03-22 02:00:00,30.79,31.09,30.52,30.62,5076.46,0
2025-03-22 03:00:00,30.62,30.81,30.58,30.65,1844.187,0
2025-03-22 04:00:00,30.65,30.87,30.11,30.17,6837.995,0
2025-03-22 05:00:00,30.18,30.52,29.84,30.46,9045.026,0
2025-03-22 06:00:00,30.46,30.77,30.43,30.57,3133.185,0
2025-03-22 07:00:00,30.56,30.93,30.55,30.79,2760.368,0
2025-03-22 08:00:00,30.8,31.21,30.74,31.06,2845.99,0
2025-03-22 09:00:00,31.05,31.21,30.77,31.13,5077.584,0
2025-03-22 10:00:00,31.11,31.35,30.99,31.27,7878.799,0
2025-03-22 11:00:00,31.25,31.28,30.86,31.11,9265.949,0
2025-03-22 12:00:00,31.09,31.09,30.06,30.38,7570.024,0
2025-03-22 13:00:00,30.39,30.63,30.35,30.55,3790.751,0
2025-03-22 14:00:00,30.54,30.64,30.38,30.41,2750.284,0
2025-03-22 15:00:00,30.39,30.54,30.38,30.5,746.473,0
2025-03-22 16:00:00,30.49,30.76,30.36,30.65,1371.108,0
2025-03-22 17:00:00,30.67,30.92,30.61,30.87,2634.07,0
2025-03-22 18:00:00,30.87,30.96,30.84,30.89,499.244,0
2025-03-22 19:00:00,30.89,31.22,30.86,31.1,2530.678,0
2025-03-22 20:00:00,31.11,31.11,30.94,31.01,2784.412,0
2025-03-22 21:00:00,31.02,31.17,30.92,31.06,3205.966,0
2025-03-22 22:00:00,31.09,31.15,31.04,31.08,526.046,0
2025-03-22 23:00:00,31.07,31.18,31.04,31.09,1527.94,0
2025-03-23 00:00:00,31.09,31.36,31.05,31.28,1462.475,0
2025-03-23 01:00:00,31.31,31.31,31.04,31.15,1704.994,0
2025-03-23 02:00:00,31.17,31.18,31.07,31.12,438.281,0
2025-03-23 03:00:00,31.12,31.25,31.07,31.25,913.061,0
2025-03-23 04:00:00,31.25,31.52,30.95,31.27,5782.418,0
2025-03-23 05:00:00,31.25,31.28,31.05,31.08,672.954,0
2025-03-23 06:00:00,31.08,31.17,30.96,31.07,1896.099,0
2025-03-23 07:00:00,31.08,31.25,30.97,31.11,3755.177,0
2025-03-23 08:00:00,31.1,31.14,30.98,31.08,7799.553,0
2025-03-23 09:00:00,31.06,31.33,30.99,31.27,1969.72,0
2025-03-23 10:00:00,31.27,31.4,31.25,31.27,1894.463,0
2025-03-23 11:00:00,31.28,31.39,31.22,31.27,2606.367,0
2025-03-23 12:00:00,31.28,31.39,31.28,31.33,931.298,0
2025-03-23 13:00:00,31.34,31.89,31.28,31.73,4481.8,0
2025-03-23 14:00:00,31.73,31.99,31.56,31.7,3202.596,0
2025-03-23 15:00:00,31.68,31.81,31.65,31.7,1426.699,0
2025-03-23 16:00:00,31.7,31.87,31.65,31.67,2141.603,0
2025-03-23 17:00:00,31.67,31.78,31.43,31.68,4988.932,0
2025-03-23 18:00:00,31.63,31.87,30.74,30.87,10640.83,0
2025-03-23 19:00:00,30.87,30.96,30.63,30.91,2551.179,0
2025-03-23 20:00:00,30.9,31.35,30.82,31.19,3466.288,0
2025-03-23 21:00:00,31.17,31.2,30.87,30.91,862.991,0
2025-03-23 22:00:00,30.91,31.06,30.89,30.92,847.439,0
2025-03-23 23:00:00,30.92,31.04,30.9,31.04,662.817,0
2025-03-24 00:00:00,31.02,31.4,30.97,31.21,3698.238,0
2025-03-24 01:00:00,31.19,31.31,30.84,30.87,1537.952,0
2025-03-24 02:00:00,30.85,31.09,30.84,31.01,834.988,0
2025-03-24 03:00:00,30.98,31.35,30.98,31.28,1065.756,0
2025-03-24 04:00:00,31.26,31.72,31.25,31.64,1838.507,0
2025-03-24 05:00:00,31.64,32.18,31.64,31.88,4642.74,0
2025-03-24 06:00:00,31.88,32.95,31.86,32.67,7443.845,0
2025-03-24 07:00:00,32.66,32.85,32.43,32.47,961.702,0
2025-03-24 08:00:00,32.49,32.63,32.26,32.32,1614.183,0
2025-03-24 09:00:00,32.33,32.46,32.1,32.16,1742.887,0
2025-03-24 10:00:00,32.2,32.24,31.9,31.97,1224.931,0
2025-03-24 11:00:00,31.97,32.26,31.81,32.15,5154.02,0
2025-03-24 12:00:00,32.19,32.42,32.1,32.38,1439.976,0
2025-03-24 13:00:00,32.38,32.39,32.03,32.13,1971.786,0
2025-03-24 14:00:00,32.16,32.41,32.04,32.1,1748.221,0
2025-03-24 15:00:00,32.12,32.17,32.0,32.07,1248.887,0
2025-03-24 16:00:00,32.07,32.16,31.66,31.76,3107.677,0
2025-03-24 17:00:00,31.79,32.0,31.61,31.89,2486.675,0
2025-03-24 18:00:00,31.88,32.07,31.84,31.97,1313.141,0
2025-03-24 19:00:00,31.96,32.3,31.92,32.12,2132.043,0
2025-03-24 20:00:00,32.14,32.35,32.1,32.24,3216.224,0
2025-03-24 21:00:00,32.25,32.39,32.09,32.28,2058.177,0
2025-03-24 22:00:00,32.32,32.32,32.17,32.2,714.139,0
2025-03-24 23:00:00,32.23,32.44,32.15,32.44,1055.422,0
2025-03-25 00:00:00,32.41,32.54,32.27,32.29,834.374,0
2025-03-25 01:00:00,32.29,32.33,32.0,32.1,1715.036,0
2025-03-25 02:00:00,32.12,32.12,31.98,32.07,521.57,0
2025-03-25 03:00:00,32.08,32.23,31.81,31.91,581.608,0
2025-03-25 04:00:00,31.93,32.71,31.78,32.47,7732.805,0
2025-03-25 05:00:00,32.46,33.12,32.35,32.91,10294.326,0
2025-03-25 06:00:00,32.9,33.93,32.9,33.8,11371.483,0
2025-03-25 07:00:00,33.81,34.59,33.79,34.33,8378.027,0
2025-03-25 08:00:00,34.35,34.5,34.16,34.44,7548.575,0
2025-03-25 09:00:00,34.42,34.73,34.21,34.66,2682.877,0
2025-03-25 10:00:00,34.57,34.69,34.34,34.45,4021.334,0
2025-03-25 11:00:00,34.48,34.89,34.47,34.81,4099.505,0
2025-03-25 12:00:00,34.82,35.57,34.73,35.1,12915.985,0
2025-03-25 13:00:00,35.1,36.94,34.99,36.18,28049.342,0
2025-03-25 14:00:00,36.2,36.96,35.92,36.4,16198.065,0
2025-03-25 15:00:00,36.43,37.29,36.26,36.45,15483.084,0
2025-03-25 16:00:00,36.46,37.08,35.81,36.38,17418.975,0
2025-03-25 17:00:00,36.43,36.82,36.16,36.49,5574.743,0
2025-03-25 18:00:00,36.53,36.75,36.22,36.42,5740.314,0
2025-03-25 19:00:00,36.4,36.75,36.23,36.74,4939.27,0
2025-03-25 20:00:00,36.75,37.16,36.5,36.87,10823.513,0
2025-03-25 21:00:00,36.87,37.24,36.74,36.94,5285.011,0
2025-03-25 22:00:00,36.95,37.05,36.55,36.62,3945.043,0
2025-03-25 23:00:00,36.63,36.73,36.36,36.51,4927.97,0
2025-03-26 00:00:00,36.52,36.77,36.21,36.37,5444.166,0
2025-03-26 01:00:00,36.37,36.58,36.24,36.29,4855.941,0
2025-03-26 02:00:00,36.32,36.61,35.98,36.06,12118.792,0
2025-03-26 03:00:00,36.07,36.33,35.96,36.09,2021.389,0
2025-03-26 04:00:00,36.11,36.55,36.02,36.53,4072.055,0
2025-03-26 05:00:00,36.55,36.87,36.44,36.44,4198.645,0
2025-03-26 06:00:00,36.46,36.88,36.26,36.87,3011.453,0
2025-03-26 07:00:00,36.88,37.29,36.79,37.01,7481.925,0
2025-03-26 08:00:00,37.01,37.29,36.91,36.99,2733.573,0
2025-03-26 09:00:00,36.98,37.28,36.87,37.27,3142.795,0
2025-03-26 10:00:00,37.25,38.62,37.13,37.96,11369.275,0
2025-03-26 11:00:00,37.96,38.86,37.93,38.28,11016.926,0
2025-03-26 12:00:00,38.28,39.04,38.27,38.77,10726.691,0
2025-03-26 13:00:00,38.77,38.77,37.68,37.76,14158.281,0
2025-03-26 14:00:00,37.76,38.54,37.62,38.13,10201.946,0
2025-03-26 15:00:00,38.11,38.78,38.11,38.17,11014.196,0
2025-03-26 16:00:00,38.17,38.65,38.05,38.45,3839.419,0
2025-03-26 17:00:00,38.48,38.59,37.79,37.85,3291.483,0
2025-03-26 18:00:00,37.85,38.41,37.74,37.98,10647.34,0
2025-03-26 19:00:00,37.97,38.7,37.9,38.66,6468.307,0
2025-03-26 20:00:00,38.65,38.95,38.47,38.58,4091.549,0
2025-03-26 21:00:00,38.57,38.57,38.18,38.41,1144.506,0
2025-03-26 22:00:00,38.38,38.42,38.1,38.34,2771.536,0
2025-03-26 23:00:00,38.35,39.02,38.32,39.02,6731.959,0
2025-03-27 00:00:00,39.03,39.63,38.76,39.07,15147.899,0
2025-03-27 01:00:00,39.09,39.34,39.02,39.06,2668.03,0
2025-03-27 02:00:00,39.03,39.24,38.65,39.08,4247.347,0
2025-03-27 03:00:00,39.1,39.1,38.55,38.61,1599.692,0
2025-03-27 04:00:00,38.64,38.64,38.21,38.29,1464.036,0
2025-03-27 05:00:00,38.25,38.76,38.24,38.64,3758.631,0
2025-03-27 06:00:00,38.63,39.38,38.02,38.05,18876.429,0
2025-03-27 07:00:00,38.07,38.55,38.05,38.44,4213.425,0
2025-03-27 08:00:00,38.44,38.72,38.23,38.35,2525.29,0
2025-03-27 09:00:00,38.35,39.26,38.33,38.89,3106.839,0
2025-03-27 10:00:00,38.9,38.94,38.4,38.8,4555.784,0
2025-03-27 11:00:00,38.85,38.86,38.11,38.51,8416.945,0
2025-03-27 12:00:00,38.47,38.76,38.31,38.33,2086.831,0
2025-03-27 13:00:00,38.36,38.53,37.92,38.37,5865.842,0
2025-03-27 14:00:00,38.38,39.33,38.32,38.89,7182.681,0
2025-03-27 15:00:00,38.92,39.07,38.55,38.74,1986.153,0
2025-03-27 16:00:00,38.74,38.77,38.38,38.43,2527.723,0
2025-03-27 17:00:00,38.42,38.48,37.65,37.74,6455.979,0
2025-03-27 18:00:00,37.74,37.95,37.52,37.77,2214.174,0
2025-03-27 19:00:00,37.74,38.0,37.68,37.81,2586.979,0
2025-03-27 20:00:00,37.79,38.06,37.54,37.58,3293.227,0
2025-03-27 21:00:00,37.59,38.0,37.59,37.93,1051.733,0
2025-03-27 22:00:00,37.93,37.93,37.35,37.46,3926.898,0
2025-03-27 23:00:00,37.47,37.57,37.13,37.19,3326.402,0
2025-03-28 00:00:00,37.17,37.57,37.11,37.44,2414.574,0
2025-03-28 01:00:00,37.44,37.67,37.41,37.41,2616.634,0
2025-03-28 02:00:00,37.41,37.65,37.41,37.42,439.675,0
2025-03-28 03:00:00,37.42,37.44,36.7,36.7,2795.882,0
2025-03-28 04:00:00,36.7,36.79,36.1,36.21,4538.231,0
2025-03-28 05:00:00,36.16,36.41,36.01,36.31,3350.637,0
2025-03-28 06:00:00,36.33,36.51,35.95,36.02,2552.928,0
2025-03-28 07:00:00,36.01,36.21,35.92,36.02,2433.869,0
2025-03-28 08:00:00,36.02,36.2,35.94,36.02,1449.455,0
2025-03-28 09:00:00,36.01,36.29,35.7,35.82,9940.504,0
2025-03-28 10:00:00,35.83,36.0,35.6,35.6,1769.865,0
2025-03-28 11:00:00,35.61,35.81,35.42,35.72,2773.736,0
2025-03-28 12:00:00,35.71,35.77,35.45,35.64,1351.077,0
2025-03-28 13:00:00,35.63,35.93,35.48,35.52,1560.973,0
2025-03-28 14:00:00,35.52,35.74,35.33,35.52,1596.216,0
2025-03-28 15:00:00,35.52,36.73,35.46,36.15,6292.393,0
2025-03-28 16:00:00,36.12,36.65,36.06,36.14,1726.611,0
2025-03-28 17:00:00,36.14,36.37,35.8,36.02,2543.276,0
2025-03-28 18:00:00,36.0,36.59,35.95,36.24,3856.03,0
2025-03-28 19:00:00,36.23,36.48,36.17,36.35,803.618,0
2025-03-28 20:00:00,36.32,36.89,36.28,36.43,2277.507,0
2025-03-28 21:00:00,36.42,36.77,36.27,36.75,2751.443,0
2025-03-28 22:00:00,36.72,36.76,36.48,36.71,1266.755,0
2025-03-28 23:00:00,36.71,36.99,36.47,36.9,1526.21,0
2025-03-29 00:00:00,36.91,37.19,36.82,37.09,2166.355,0
2025-03-29 01:00:00,37.11,37.14,36.6,36.78,2253.798,0
2025-03-29 02:00:00,36.81,36.82,36.33,36.47,1048.24,0
2025-03-29 03:00:00,36.47,36.93,36.32,36.63,1319.555,0
2025-03-29 04:00:00,36.65,36.81,36.32,36.43,1005.334,0
2025-03-29 05:00:00,36.43,36.47,36.26,36.47,802.198,0
2025-03-29 06:00:00,36.48,37.01,36.32,36.64,6978.57,0
2025-03-29 07:00:00,36.62,36.91,36.4,36.4,3818.647,0
2025-03-29 08:00:00,36.42,36.6,36.26,36.57,1641.689,0
2025-03-29 09:00:00,36.57,36.7,35.89,36.16,3188.089,0
2025-03-29 10:00:00,36.15,36.15,35.26,35.33,3044.597,0
2025-03-29 11:00:00,35.29,35.47,34.84,35.34,5188.942,0
2025-03-29 12:00:00,35.36,35.99,35.25,35.89,4182.571,0
2025-03-29 13:00:00,35.94,36.02,35.79,35.81,1464.782,0
2025-03-29 14:00:00,35.83,36.07,35.73,35.87,1815.077,0
2025-03-29 15:00:00,35.91,36.11,35.79,35.86,953.013,0
2025-03-29 16:00:00,35.87,36.0,35.72,35.84,1107.782,0
2025-03-29 17:00:00,35.81,36.28,35.71,35.85,4053.395,0
2025-03-29 18:00:00,35.86,36.03,35.62,35.65,1412.152,0
2025-03-29 19:00:00,35.68,35.93,35.53,35.89,1277.152,0
2025-03-29 20:00:00,35.91,35.94,35.61,35.76,3715.239,0
2025-03-29 21:00:00,35.75,35.97,35.75,35.89,359.649,0
2025-03-29 22:00:00,35.88,35.93,35.72,35.93,742.633,0
2025-03-29 23:00:00,35.89,36.29,35.77,36.27,1946.124,0
2025-03-30 00:00:00,36.28,36.41,35.84,36.26,1923.953,0
2025-03-30 01:00:00,36.25,36.81,36.23,36.64,2625.476,0
2025-03-30 02:00:00,36.63,36.98,36.59,36.63,1120.549,0
2025-03-30 03:00:00,36.61,36.76,36.22,36.22,1451.522,0
2025-03-30 04:00:00,36.26,36.41,36.16,36.2,601.972,0
2025-03-30 05:00:00,36.22,36.22,35.84,35.96,1203.575,0
2025-03-30 06:00:00,35.97,36.09,35.81,35.87,998.044,0
2025-03-30 07:00:00,35.87,36.07,35.7,36.06,1549.063,0
2025-03-30 08:00:00,36.05,36.33,36.02,36.31,1367.291,0
2025-03-30 09:00:00,36.31,36.6,35.97,36.07,1487.944,0
2025-03-30 10:00:00,36.13,36.14,35.77,35.92,1816.396,0
2025-03-30 11:00:00,35.9,36.02,35.74,35.96,2135.07,0
2025-03-30 12:00:00,35.96,36.11,35.92,36.02,1130.39,0
2025-03-30 13:00:00,36.03,36.08,35.87,35.92,829.396,0
2025-03-30 14:00:00,35.92,36.25,35.89,36.25,1415.307,0
2025-03-30 15:00:00,36.24,36.32,35.87,35.91,2356.863,0
2025-03-30 16:00:00,35.96,36.22,35.89,35.94,1329.397,0
2025-03-30 17:00:00,35.93,36.2,35.89,36.2,2058.967,0
2025-03-30 18:00:00,36.17,36.57,36.16,36.57,1582.025,0
2025-03-30 19:00:00,36.57,37.11,36.44,37.04,3650.668,0
2025-03-30 20:00:00,37.04,37.43,36.9,37.19,2928.613,0
2025-03-30 21:00:00,37.22,37.93,37.18,37.41,2523.13,0
2025-03-30 22:00:00,37.37,37.74,36.96,37.55,1858.133,0
2025-03-30 23:00:00,37.57,37.58,37.11,37.44,1516.814,0
2025-03-31 00:00:00,37.51,37.69,36.91,36.93,2209.104,0
2025-03-31 01:00:00,36.97,37.5,36.93,37.3,2920.336,0
2025-03-31 02:00:00,37.29,38.58,37.12,38.42,6534.917,0
2025-03-31 03:00:00,38.43,38.5,37.75,37.9,2829.385,0
2025-03-31 04:00:00,37.91,38.37,37.63,37.92,3616.48,0
2025-03-31 05:00:00,37.92,38.26,37.89,38.23,3373.753,0
2025-03-31 06:00:00,38.22,38.92,38.17,38.5,6389.995,0
2025-03-31 07:00:00,38.51,38.78,37.25,37.27,7500.772,0
2025-03-31 08:00:00,37.28,38.05,37.14,37.57,6527.721,0
2025-03-31 09:00:00,37.59,37.77,36.82,36.96,6012.215,0
2025-03-31 10:00:00,36.98,38.16,36.81,38.05,5416.292,0
2025-03-31 11:00:00,38.07,38.45,37.6,38.41,7803.731,0
2025-03-31 12:00:00,38.42,38.6,38.02,38.29,4587.866,0
2025-03-31 13:00:00,38.29,38.54,37.33,37.84,6318.367,0
2025-03-31 14:00:00,37.85,38.07,37.34,37.88,4934.516,0
2025-03-31 15:00:00,37.89,38.37,37.84,37.9,3525.196,0
2025-03-31 16:00:00,37.89,38.17,37.39,37.39,4695.842,0
2025-03-31 17:00:00,37.47,37.6,37.07,37.27,2805.321,0
2025-03-31 18:00:00,37.29,38.17,37.29,37.84,2654.782,0
2025-03-31 19:00:00,37.83,38.2,37.8,38.08,2287.468,0
2025-03-31 20:00:00,38.08,38.8,37.96,38.31,5858.16,0
2025-03-31 21:00:00,38.32,38.98,38.08,38.96,3006.962,0
2025-03-31 22:00:00,38.94,39.1,38.77,38.96,3221.055,0
2025-03-31 23:00:00,38.96,39.38,38.93,39.37,3157.785,0
2025-04-01 00:00:00,39.37,39.99,38.78,38.87,6919.659,0
2025-04-01 01:00:00,38.9,39.67,38.9,39.37,5132.537,0
2025-04-01 02:00:00,39.29,39.35,38.7,39.32,4716.29,0
2025-04-01 03:00:00,39.31,39.71,38.9,38.93,4285.149,0
2025-04-01 04:00:00,38.93,39.12,38.69,38.92,3774.516,0
2025-04-01 05:00:00,38.9,39.15,38.61,38.62,2904.883,0
2025-04-01 06:00:00,38.63,38.77,38.33,38.71,4448.843,0
2025-04-01 07:00:00,38.73,38.85,38.38,38.52,4087.029,0
2025-04-01 08:00:00,38.5,39.52,38.48,39.34,3850.841,0
2025-04-01 09:00:00,39.35,39.55,39.14,39.32,2097.915,0
2025-04-01 10:00:00,39.32,39.6,38.91,39.49,3514.714,0
2025-04-01 11:00:00,39.54,39.68,39.37,39.48,3810.955,0
2025-04-01 12:00:00,39.47,39.99,39.41,39.81,5464.234,0
2025-04-01 13:00:00,39.81,39.81,39.21,39.51,9287.847,0
2025-04-01 14:00:00,39.48,39.9,38.7,39.79,13079.816,0
2025-04-01 15:00:00,39.84,42.07,39.83,41.61,22331.422,0
2025-04-01 16:00:00,41.59,42.55,40.6,41.17,15873.843,0
2025-04-01 17:00:00,41.2,41.82,40.92,41.2,6813.393,0
2025-04-01 18:00:00,41.17,41.2,40.63,40.8,2792.147,0
2025-04-01 19:00:00,40.78,40.82,40.29,40.4,4865.865,0
2025-04-01 20:00:00,40.42,40.59,40.28,40.53,1297.776,0
2025-04-01 21:00:00,40.5,40.78,40.42,40.68,1587.832,0
2025-04-01 22:00:00,40.7,41.13,40.56,40.58,3500.547,0
2025-04-01 23:00:00,40.6,40.76,40.43,40.64,2049.588,0
2025-04-02 00:00:00,40.63,41.08,40.48,40.56,2245.206,0
2025-04-02 01:00:00,40.56,40.85,40.44,40.77,949.43,0
2025-04-02 02:00:00,40.78,40.83,39.87,40.49,4949.582,0
2025-04-02 03:00:00,40.49,41.22,40.48,41.0,3587.284,0
2025-04-02 04:00:00,40.97,41.24,40.84,41.05,2746.57,0
2025-04-02 05:00:00,41.06,41.13,40.71,40.82,4585.369,0
2025-04-02 06:00:00,40.78,40.96,40.36,40.41,3817.873,0
2025-04-02 07:00:00,40.43,40.85,40.11,40.39,4249.178,0
2025-04-02 08:00:00,40.39,40.97,40.35,40.82,5735.544,0
2025-04-02 09:00:00,40.82,41.34,40.74,40.82,3879.733,0
2025-04-02 10:00:00,40.86,40.86,39.94,40.03,6327.439,0
2025-04-02 11:00:00,40.01,40.17,39.53,39.66,3830.944,0
2025-04-02 12:00:00,39.65,39.88,39.39,39.77,5055.492,0
2025-04-02 13:00:00,39.78,40.19,39.37,39.94,3540.945,0
2025-04-02 14:00:00,39.94,40.05,39.29,39.67,4949.361,0
2025-04-02 15:00:00,39.7,40.28,39.57,39.81,4629.533,0
2025-04-02 16:00:00,39.79,40.81,39.76,40.6,7783.001,0
2025-04-02 17:00:00,40.61,40.65,39.55,39.72,4914.663,0
2025-04-02 18:00:00,39.73,40.27,39.71,40.03,3393.1,0
2025-04-02 19:00:00,40.06,40.06,39.55,39.81,2811.979,0
2025-04-02 20:00:00,39.82,40.54,39.07,39.47,7518.044,0
2025-04-02 21:00:00,39.5,39.71,39.28,39.54,1670.613,0
2025-04-02 22:00:00,39.57,39.6,38.56,38.71,3693.634,0
2025-04-02 23:00:00,38.67,39.03,38.59,38.87,2628.317,0
2025-04-03 00:00:00,38.87,39.84,38.82,39.82,5113.823,0
2025-04-03 01:00:00,39.83,39.85,39.52,39.52,1045.783,0
2025-04-03 02:00:00,39.55,39.64,39.02,39.09,2253.118,0
2025-04-03 03:00:00,39.13,39.2,38.88,39.0,966.947,0
2025-04-03 04:00:00,39.05,39.31,38.94,39.06,1274.388,0
2025-04-03 05:00:00,39.07,39.08,38.73,38.75,724.342,0
2025-04-03 06:00:00,38.74,38.92,38.7,38.76,691.012,0
2025-04-03 07:00:00,38.77,39.07,38.77,38.99,1443.365,0
2025-04-03 08:00:00,38.98,39.36,38.95,39.29,3883.691,0
2025-04-03 09:00:00,39.25,39.32,38.7,38.7,2449.28,0
2025-04-03 10:00:00,38.69,39.53,38.6,39.26,8406.161,0
2025-04-03 11:00:00,39.26,39.62,39.04,39.26,6980.015,0
2025-04-03 12:00:00,39.24,39.44,39.05,39.14,4647.677,0
2025-04-03 13:00:00,39.13,39.45,38.93,39.22,9677.163,0
2025-04-03 14:00:00,39.16,39.26,37.58,37.73,7357.606,0
2025-04-03 15:00:00,37.7,37.97,37.57,37.85,4404.598,0
2025-04-03 16:00:00,37.85,37.87,37.42,37.6,5233.565,0
2025-04-03 17:00:00,37.6,37.94,37.5,37.62,3699.616,0
2025-04-03 18:00:00,37.61,37.96,37.49,37.82,1550.244,0
2025-04-03 19:00:00,37.81,37.94,37.7,37.87,1037.536,0
2025-04-03 20:00:00,37.9,38.23,37.85,38.04,1753.766,0
2025-04-03 21:00:00,38.06,39.0,37.92,38.95,3065.722,0
2025-04-03 22:00:00,38.97,40.71,38.95,40.7,7939.914,0
2025-04-03 23:00:00,40.69,40.8,38.81,38.86,10624.45,0
2025-04-04 00:00:00,38.85,39.54,38.41,38.45,5336.391,0
2025-04-04 01:00:00,38.47,38.89,38.23,38.43,5239.042,0
2025-04-04 02:00:00,38.47,38.81,38.39,38.6,3357.683,0
2025-04-04 03:00:00,38.55,38.68,38.44,38.62,1257.321,0
2025-04-04 04:00:00,38.62,39.28,38.62,39.06,1535.493,0
2025-04-04 05:00:00,39.06,39.17,38.64,38.86,2275.334,0
2025-04-04 06:00:00,38.86,39.19,38.42,38.62,2765.326,0
2025-04-04 07:00:00,38.63,39.25,38.54,39.1,3504.874,0
2025-04-04 08:00:00,39.09,41.25,38.99,39.41,9165.204,0
2025-04-04 09:00:00,39.41,39.47,38.97,39.08,5324.832,0
2025-04-04 10:00:00,39.12,39.28,38.69,39.1,4922.408,0
2025-04-04 11:00:00,39.13,39.42,38.44,39.37,13105.091,0
2025-04-04 12:00:00,39.29,39.87,39.1,39.81,5084.563,0
2025-04-04 13:00:00,39.83,40.38,39.24,40.28,6562.477,0
2025-04-04 14:00:00,40.29,40.37,39.68,39.82,3155.379,0
2025-04-04 15:00:00,39.78,40.13,39.39,39.91,3914.083,0
2025-04-04 16:00:00,39.9,40.88,39.85,40.71,6153.805,0
2025-04-04 17:00:00,40.73,40.76,40.26,40.32,1870.433,0
2025-04-04 18:00:00,40.33,40.38,39.81,39.88,1722.906,0
2025-04-04 19:00:00,39.89,40.19,39.72,39.81,1079.167,0
2025-04-04 20:00:00,39.81,40.27,39.81,40.06,1361.566,0
2025-04-04 21:00:00,40.08,40.09,39.68,39.85,655.866,0
2025-04-04 22:00:00,39.82,39.88,39.6,39.72,917.225,0
2025-04-04 23:00:00,39.7,39.7,39.26,39.43,913.765,0
2025-04-05 00:00:00,39.44,40.17,38.93,39.57,7939.966,0
2025-04-05 01:00:00,39.6,39.85,39.18,39.28,2576.433,0
2025-04-05 02:00:00,39.35,39.83,39.18,39.8,2306.456,0
2025-04-05 03:00:00,39.81,39.89,39.51,39.63,1452.798,0
2025-04-05 04:00:00,39.64,39.71,39.36,39.42,1137.5,0
2025-04-05 05:00:00,39.44,39.59,39.25,39.54,2131.303,0
2025-04-05 06:00:00,39.56,40.22,39.43,39.83,2470.995,0
2025-04-05 07:00:00,39.8,39.93,39.51,39.78,1113.743,0
2025-04-05 08:00:00,39.77,40.2,39.24,39.51,9855.934,0
2025-04-05 09:00:00,39.48,39.66,39.26,39.58,2083.819,0
2025-04-05 10:00:00,39.54,39.77,39.23,39.45,2452.803,0
2025-04-05 11:00:00,39.45,39.76,39.45,39.66,2150.344,0
2025-04-05 12:00:00,39.63,39.75,38.89,39.11,4087.526,0
2025-04-05 13:00:00,39.15,39.27,36.85,37.78,11845.247,0
2025-04-05 14:00:00,37.75,37.77,36.66,36.96,8644.903,0
2025-04-05 15:00:00,36.96,38.01,36.91,37.35,5966.795,0
2025-04-05 16:00:00,37.34,37.99,37.18,37.65,8204.318,0
2025-04-05 17:00:00,37.65,37.79,37.35,37.64,4242.132,0
2025-04-05 18:00:00,37.65,37.73,37.17,37.2,1523.43,0
2025-04-05 19:00:00,37.19,37.36,36.85,36.95,1535.808,0
2025-04-05 20:00:00,36.94,38.34,36.86,37.16,4946.137,0
2025-04-05 21:00:00,37.14,37.3,36.89,37.15,972.116,0
2025-04-05 22:00:00,37.16,37.8,37.16,37.64,1913.614,0
2025-04-05 23:00:00,37.63,37.76,37.3,37.52,1902.082,0
2025-04-06 00:00:00,37.51,37.63,37.26,37.47,2301.68,0
2025-04-06 01:00:00,37.46,37.61,37.24,37.25,963.047,0
2025-04-06 02:00:00,37.28,37.3,37.02,37.2,952.846,0
2025-04-06 03:00:00,37.19,37.2,36.94,37.08,897.919,0
2025-04-06 04:00:00,37.09,37.37,36.94,37.24,1257.75,0
2025-04-06 05:00:00,37.24,37.32,37.12,37.21,639.41,0
2025-04-06 06:00:00,37.19,37.32,36.87,37.16,4678.582,0
2025-04-06 07:00:00,37.18,37.29,36.52,36.96,10720.079,0
2025-04-06 08:00:00,36.95,37.79,36.8,37.31,4502.48,0
2025-04-06 09:00:00,37.3,38.07,37.22,37.99,4477.484,0
2025-04-06 10:00:00,37.99,38.27,37.97,38.23,2947.537,0
2025-04-06 11:00:00,38.24,38.24,37.81,38.21,1635.376,0
2025-04-06 12:00:00,38.21,38.58,37.92,38.45,2755.62,0
2025-04-06 13:00:00,38.45,38.47,37.64,37.9,4833.742,0
2025-04-06 14:00:00,37.89,38.26,37.87,38.09,1939.161,0
2025-04-06 15:00:00,38.1,38.18,37.67,37.79,1446.469,0
2025-04-06 16:00:00,37.77,37.95,37.55,37.69,2877.381,0
2025-04-06 17:00:00,37.67,38.08,37.5,37.92,4579.973,0
2025-04-06 18:00:00,37.93,38.42,36.88,36.97,10196.96,0
2025-04-06 19:00:00,36.97,37.31,36.65,37.29,8708.19,0
2025-04-06 20:00:00,37.28,37.51,37.0,37.09,3687.926,0
2025-04-06 21:00:00,37.06,37.47,36.94,37.03,2520.615,0
2025-04-06 22:00:00,37.01,37.55,36.93,37.08,2853.324,0
2025-04-06 23:00:00,37.04,37.3,35.56,35.79,11663.228,0
2025-04-07 00:00:00,35.77,36.23,35.3,36.05,8596.06,0
2025-04-07 01:00:00,36.13,36.92,35.99,36.71,2490.737,0
2025-04-07 02:00:00,36.71,36.71,36.1,36.32,2595.603,0
2025-04-07 03:00:00,36.33,36.43,35.21,35.32,4249.281,0
2025-04-07 04:00:00,35.34,35.43,34.6,34.82,5998.908,0
2025-04-07 05:00:00,34.78,34.79,20.71,28.42,228688.443,0
2025-04-07 06:00:00,28.44,29.64,27.29,27.78,61595.4,0
2025-04-07 07:00:00,27.78,30.74,27.72,29.48,54851.57,0
2025-04-07 08:00:00,29.42,30.41,28.8,29.05,46103.773,0
2025-04-07 09:00:00,29.04,29.55,28.22,28.4,12257.428,0
2025-04-07 10:00:00,28.41,29.23,28.1,28.67,8889.757,0
2025-04-07 11:00:00,28.68,29.69,28.57,29.04,14141.369,0
2025-04-07 12:00:00,29.06,30.28,28.81,29.71,43897.838,0
2025-04-07 13:00:00,29.7,31.2,29.48,30.99,30408.736,0
2025-04-07 14:00:00,30.97,32.18,30.27,30.82,38984.436,0
2025-04-07 15:00:00,30.85,31.43,30.44,31.12,47766.616,0
2025-04-07 16:00:00,31.12,32.65,30.59,32.32,27393.742,0
2025-04-07 17:00:00,32.32,32.66,31.29,32.14,12026.922,0
2025-04-07 18:00:00,32.14,32.78,31.84,32.41,16749.279,0
2025-04-07 19:00:00,32.42,32.77,31.97,32.62,12434.467,0
2025-04-07 20:00:00,32.66,34.36,32.21,34.33,22870.74,0
2025-04-07 21:00:00,34.34,35.26,33.95,34.72,10171.06,0
2025-04-07 22:00:00,34.77,35.01,34.05,34.3,18544.569,0
2025-04-07 23:00:00,34.28,34.63,33.77,33.84,16720.2,0
2025-04-08 00:00:00,33.78,34.98,33.63,34.38,10806.294,0
2025-04-08 01:00:00,34.37,34.98,34.33,34.69,3331.457,0
2025-04-08 02:00:00,34.69,34.83,34.05,34.5,4085.092,0
2025-04-08 03:00:00,34.5,35.15,34.5,34.7,5164.806,0
2025-04-08 04:00:00,34.69,35.34,34.56,35.3,5834.175,0
2025-04-08 05:00:00,35.28,35.63,34.82,35.34,11493.198,0
2025-04-08 06:00:00,35.35,35.39,34.8,35.04,14509.441,0
2025-04-08 07:00:00,35.03,35.21,34.48,34.65,9345.291,0
2025-04-08 08:00:00,34.64,35.38,34.28,34.48,8602.465,0
2025-04-08 09:00:00,34.48,34.5,34.01,34.25,7798.65,0
2025-04-08 10:00:00,34.27,34.7,34.26,34.49,5449.908,0
2025-04-08 11:00:00,34.48,35.35,34.2,35.23,28351.141,0
2025-04-08 12:00:00,35.22,36.04,34.44,34.71,40477.907,0
2025-04-08 13:00:00,34.73,35.15,34.54,34.71,10020.485,0
2025-04-08 14:00:00,34.72,35.17,34.21,34.3,10466.844,0
2025-04-08 15:00:00,34.32,34.68,34.27,34.39,12715.78,0
2025-04-08 16:00:00,34.38,35.3,34.32,34.74,18883.601,0
2025-04-08 17:00:00,34.74,35.04,33.6,34.08,13893.036,0
2025-04-08 18:00:00,34.08,34.78,33.98,34.43,5598.435,0
2025-04-08 19:00:00,34.42,34.78,34.37,34.6,6580.354,0
2025-04-08 20:00:00,34.58,35.0,34.4,34.89,7301.201,0
2025-04-08 21:00:00,34.89,35.21,34.47,35.13,11218.09,0
2025-04-08 22:00:00,35.13,35.18,34.53,34.75,15390.253,0
2025-04-08 23:00:00,34.79,35.44,34.66,35.03,37363.096,0
2025-04-09 00:00:00,35.01,36.12,34.59,35.43,62437.803,0
2025-04-09 01:00:00,35.44,36.09,34.25,34.86,19234.772,0
2025-04-09 02:00:00,34.88,35.24,34.14,35.05,22320.904,0
2025-04-09 03:00:00,35.04,35.4,33.72,33.93,42355.38,0
2025-04-09 04:00:00,33.91,35.17,33.72,34.57,23543.601,0
2025-04-09 05:00:00,34.57,35.38,34.18,34.36,37948.23,0
2025-04-09 06:00:00,34.36,35.51,34.0,34.89,89038.797,0
2025-04-09 07:00:00,34.89,36.59,34.75,36.0,76235.961,0
2025-04-09 08:00:00,35.98,36.33,35.47,36.13,34559.532,0
2025-04-09 09:00:00,36.14,36.14,34.28,34.37,23732.381,0
2025-04-09 10:00:00,34.35,35.32,34.28,35.16,22162.675,0
2025-04-09 11:00:00,35.18,35.4,34.39,34.97,35067.34,0
2025-04-09 12:00:00,34.97,35.08,34.09,34.6,24825.001,0
2025-04-09 13:00:00,34.57,35.75,34.48,35.34,27254.623,0
2025-04-09 14:00:00,35.34,35.76,34.61,34.7,18751.971,0
2025-04-09 15:00:00,34.73,34.97,34.46,34.84,10079.094,0
2025-04-09 16:00:00,34.85,35.6,34.04,35.39,27880.462,0
2025-04-09 17:00:00,35.39,37.18,34.75,37.17,42969.826,0
2025-04-09 18:00:00,37.18,38.0,36.55,37.4,21606.114,0
2025-04-09 19:00:00,37.41,38.35,37.38,37.48,5956.311,0
2025-04-09 20:00:00,37.48,37.52,36.6,37.27,8292.842,0
2025-04-09 21:00:00,37.26,37.47,36.87,37.12,2139.907,0
2025-04-09 22:00:00,37.15,37.15,36.13,36.63,6188.576,0
2025-04-09 23:00:00,36.65,36.79,36.4,36.45,2969.646,0
2025-04-10 00:00:00,36.5,36.64,35.84,36.12,2413.265,0
2025-04-10 01:00:00,36.11,36.55,35.39,36.12,6734.331,0
2025-04-10 02:00:00,36.12,36.18,35.53,35.68,2748.761,0
2025-04-10 03:00:00,35.64,35.64,33.88,34.0,8686.812,0
2025-04-10 04:00:00,34.03,34.57,32.73,33.63,44020.475,0
2025-04-10 05:00:00,33.63,34.82,32.99,34.06,63063.654,0
2025-04-10 06:00:00,34.05,34.12,32.7,32.86,84692.464,0
2025-04-10 07:00:00,32.86,32.9,32.13,32.33,19991.945,0
2025-04-10 08:00:00,32.36,33.63,32.26,32.94,38315.04,0
2025-04-10 09:00:00,32.94,33.13,32.23,32.68,20813.664,0
2025-04-10 10:00:00,32.69,33.3,32.34,32.8,12974.916,0
2025-04-10 11:00:00,32.8,32.98,32.06,32.31,15859.981,0
2025-04-10 12:00:00,32.32,32.49,31.58,32.11,9624.663,0
2025-04-10 13:00:00,32.15,32.67,31.75,32.08,40195.414,0
2025-04-10 14:00:00,32.07,32.52,31.64,31.88,24483.568,0
2025-04-10 15:00:00,31.89,32.47,31.37,31.4,38381.656,0
2025-04-10 16:00:00,31.42,32.92,31.28,32.54,33653.86,0
2025-04-10 17:00:00,32.56,34.45,32.56,34.29,21137.223,0
2025-04-10 18:00:00,34.28,34.65,34.06,34.32,11401.803,0
2025-04-10 19:00:00,34.32,34.64,33.82,34.43,19331.17,0
2025-04-10 20:00:00,34.44,35.45,34.43,35.13,9045.862,0
2025-04-10 21:00:00,35.15,35.72,34.69,35.69,5258.369,0
2025-04-10 22:00:00,35.7,35.76,34.81,35.42,11908.97,0
2025-04-10 23:00:00,35.41,36.62,35.13,36.29,33302.429,0
2025-04-11 00:00:00,36.26,37.03,35.5,36.15,38102.008,0
2025-04-11 01:00:00,36.14,37.15,35.58,37.09,21350.999,0
2025-04-11 02:00:00,37.06,37.67,36.16,37.31,24547.873,0
2025-04-11 03:00:00,37.31,38.06,37.11,38.01,9315.432,0
2025-04-11 04:00:00,38.01,38.05,35.93,36.89,16361.433,0
2025-04-11 05:00:00,36.89,37.07,36.06,36.98,34691.13,0
2025-04-11 06:00:00,36.98,37.05,36.42,36.51,9017.115,0
2025-04-11 07:00:00,36.51,36.6,36.02,36.26,27414.798,0
2025-04-11 08:00:00,36.27,37.37,35.77,37.07,40069.553,0
2025-04-11 09:00:00,37.09,37.99,36.87,37.66,40930.358,0
2025-04-11 10:00:00,37.67,37.72,36.58,36.82,32205.019,0
2025-04-11 11:00:00,36.81,37.21,36.32,36.41,24601.793,0
2025-04-11 12:00:00,36.43,37.19,36.02,36.21,24451.711,0
2025-04-11 13:00:00,36.23,36.91,35.83,36.57,28435.554,0
2025-04-11 14:00:00,36.57,37.11,36.15,36.59,25990.467,0
2025-04-11 15:00:00,36.59,37.1,36.35,36.82,34628.843,0
2025-04-11 16:00:00,36.82,37.15,36.31,36.35,19789.598,0
2025-04-11 17:00:00,36.35,36.46,35.31,36.01,50625.323,0
2025-04-11 18:00:00,36.01,36.22,36.0,36.0,13757.942,0
2025-04-11 19:00:00,36.01,36.15,35.68,35.68,5086.046,0
2025-04-11 20:00:00,35.67,36.18,35.44,35.82,12501.476,0
2025-04-11 21:00:00,35.82,35.92,35.44,35.63,2955.27,0
2025-04-11 22:00:00,35.62,35.73,35.39,35.51,6756.749,0
2025-04-11 23:00:00,35.52,35.61,35.24,35.39,4240.978,0
2025-04-12 00:00:00,35.39,35.39,34.95,35.23,8977.58,0
2025-04-12 01:00:00,35.2,35.4,35.01,35.11,5165.523,0
2025-04-12 02:00:00,35.11,35.25,34.92,34.95,4213.377,0
2025-04-12 03:00:00,34.94,35.5,34.9,35.44,21406.184,0
2025-04-12 04:00:00,35.44,35.67,34.96,35.22,13118.181,0
2025-04-12 05:00:00,35.24,35.43,34.75,35.31,5610.231,0
2025-04-12 06:00:00,35.32,35.44,34.89,35.05,5002.847,0
2025-04-12 07:00:00,35.02,35.61,34.86,35.29,7667.74,0
2025-04-12 08:00:00,35.29,35.4,34.96,35.16,6666.809,0
2025-04-12 09:00:00,35.16,35.21,34.87,34.94,1544.626,0
2025-04-12 10:00:00,34.92,34.97,34.65,34.81,2533.097,0
2025-04-12 11:00:00,34.83,35.16,34.75,35.11,4507.709,0
2025-04-12 12:00:00,35.11,35.19,34.86,35.13,4368.428,0
2025-04-12 13:00:00,35.13,35.38,34.79,35.25,15679.097,0
2025-04-12 14:00:00,35.26,35.55,35.0,35.19,21822.983,0
2025-04-12 15:00:00,35.22,35.6,34.82,35.06,14010.633,0
2025-04-12 16:00:00,35.05,35.68,34.92,35.53,9877.455,0
2025-04-12 17:00:00,35.54,35.58,35.06,35.47,4150.746,0
2025-04-12 18:00:00,35.48,35.55,35.21,35.36,1077.779,0
2025-04-12 19:00:00,35.34,35.4,35.01,35.14,1369.599,0
2025-04-12 20:00:00,35.13,35.33,35.02,35.28,1681.702,0
2025-04-12 21:00:00,35.27,35.37,35.01,35.04,3829.52,0
2025-04-12 22:00:00,35.04,35.4,35.0,35.16,2139.47,0
2025-04-12 23:00:00,35.16,35.3,34.64,34.83,16874.062,0
2025-04-13 00:00:00,34.82,34.93,34.54,34.65,16389.918,0
2025-04-13 01:00:00,34.66,35.46,34.4,34.61,18600.245,0
2025-04-13 02:00:00,34.61,34.72,34.16,34.35,9172.327,0
2025-04-13 03:00:00,34.34,34.42,34.01,34.31,13067.07,0
2025-04-13 04:00:00,34.32,34.32,32.24,32.57,35876.78,0
2025-04-13 05:00:00,32.55,32.72,29.78,30.53,80581.163,0
2025-04-13 06:00:00,30.55,33.46,30.45,32.85,34793.901,0
2025-04-13 07:00:00,32.85,34.27,32.68,33.85,34652.443,0
2025-04-13 08:00:00,33.88,33.97,32.86,33.65,29370.332,0
2025-04-13 09:00:00,33.64,35.4,32.83,33.02,44422.748,0
2025-04-13 10:00:00,33.02,33.26,32.59,32.84,14741.259,0
2025-04-13 11:00:00,32.83,32.93,32.29,32.78,8634.115,0
2025-04-13 12:00:00,32.78,33.07,32.69,32.84,5061.601,0
2025-04-13 13:00:00,32.83,33.03,32.43,32.5,6458.898,0
2025-04-13 14:00:00,32.49,33.06,32.22,32.99,11835.412,0
2025-04-13 15:00:00,32.97,33.02,32.31,32.57,9052.52,0
2025-04-13 16:00:00,32.56,32.68,32.25,32.37,5216.684,0
2025-04-13 17:00:00,32.38,32.55,32.06,32.08,6082.411,0
2025-04-13 18:00:00,32.08,32.49,31.96,32.41,6031.726,0
2025-04-13 19:00:00,32.4,32.53,31.5,31.73,12073.329,0
2025-04-13 20:00:00,31.71,32.37,31.28,31.93,6359.502,0
2025-04-13 21:00:00,31.93,32.34,31.45,31.74,7736.54,0
2025-04-13 22:00:00,31.75,31.83,31.1,31.17,5189.268,0
2025-04-13 23:00:00,31.17,31.36,31.01,31.04,3321.807,0
2025-04-14 00:00:00,31.04,31.78,30.82,31.67,8906.269,0
2025-04-14 01:00:00,31.64,33.3,31.45,32.68,9899.551,0
2025-04-14 02:00:00,32.68,34.81,32.42,33.58,50412.694,0
2025-04-14 03:00:00,33.6,34.11,33.0,33.04,13558.947,0
2025-04-14 04:00:00,33.05,34.65,32.84,33.34,16354.92,0
2025-04-14 05:00:00,33.33,33.4,32.65,33.08,5841.613,0
2025-04-14 06:00:00,33.09,33.57,32.35,32.55,8547.73,0
2025-04-14 07:00:00,32.55,32.58,32.0,32.29,7357.862,0
2025-04-14 08:00:00,32.27,32.69,32.07,32.65,9252.272,0
2025-04-14 09:00:00,32.64,32.69,31.67,31.82,17680.619,0
2025-04-14 10:00:00,31.88,32.17,31.72,31.8,7592.371,0
2025-04-14 11:00:00,31.82,31.97,31.45,31.71,6825.801,0
2025-04-14 12:00:00,31.71,31.84,31.2,31.25,9357.442,0
2025-04-14 13:00:00,31.24,31.46,30.69,30.93,11601.612,0
2025-04-14 14:00:00,30.92,33.38,30.76,32.47,56422.626,0
2025-04-14 15:00:00,32.48,32.54,31.39,31.84,109651.941,0
2025-04-14 16:00:00,31.83,32.37,31.65,32.21,11668.437,0
2025-04-14 17:00:00,32.21,32.52,32.02,32.2,9207.809,0
2025-04-14 18:00:00,32.2,32.35,31.9,31.96,4696.242,0
2025-04-14 19:00:00,31.96,32.4,31.88,32.01,10887.97,0
2025-04-14 20:00:00,32.06,32.34,31.87,32.13,7515.487,0
2025-04-14 21:00:00,32.13,32.16,31.63,31.77,8915.233,0
2025-04-14 22:00:00,31.76,31.76,31.05,31.18,6348.243,0
2025-04-14 23:00:00,31.18,31.3,31.06,31.14,2102.439,0
2025-04-15 00:00:00,31.15,31.16,30.52,30.82,10074.715,0
2025-04-15 01:00:00,30.83,30.94,30.35,30.8,4854.38,0
2025-04-15 02:00:00,30.81,30.84,30.19,30.42,17531.691,0
2025-04-15 03:00:00,30.41,31.3,30.31,31.12,14139.892,0
2025-04-15 04:00:00,31.14,31.22,30.3,30.46,7444.4,0
2025-04-15 05:00:00,30.46,32.0,30.41,31.0,18144.197,0
2025-04-15 06:00:00,31.0,31.3,30.92,31.05,6976.826,0
2025-04-15 07:00:00,31.05,31.32,31.03,31.2,5514.868,0
2025-04-15 08:00:00,31.2,31.32,31.07,31.2,3117.084,0
2025-04-15 09:00:00,31.2,31.67,31.13,31.62,3617.855,0
2025-04-15 10:00:00,31.62,31.8,30.91,31.26,3849.968,0
2025-04-15 11:00:00,31.25,31.77,31.18,31.74,6228.189,0
2025-04-15 12:00:00,31.73,32.06,31.48,31.67,4262.445,0
2025-04-15 13:00:00,31.66,32.26,31.63,31.86,4286.898,0
2025-04-15 14:00:00,31.86,32.12,30.68,31.2,22687.137,0
2025-04-15 15:00:00,31.26,31.43,30.87,30.93,8382.308,0
2025-04-15 16:00:00,30.93,30.93,30.47,30.58,5618.847,0
2025-04-15 17:00:00,30.56,31.03,30.46,30.85,8366.254,0
2025-04-15 18:00:00,30.84,31.4,30.76,31.37,7426.878,0
2025-04-15 19:00:00,31.38,31.47,31.1,31.31,3312.01,0
2025-04-15 20:00:00,31.31,31.7,30.97,31.22,7640.799,0
2025-04-15 21:00:00,31.22,31.41,31.03,31.11,2988.421,0
2025-04-15 22:00:00,31.11,31.17,30.69,30.87,3516.846,0
2025-04-15 23:00:00,30.87,30.99,30.68,30.8,1686.698,0
2025-04-16 00:00:00,30.79,31.28,30.49,30.99,7197.094,0
2025-04-16 01:00:00,31.0,31.86,30.94,31.83,8710.116,0
2025-04-16 02:00:00,31.85,32.07,31.72,31.8,4518.1,0
2025-04-16 03:00:00,31.78,32.04,31.62,31.89,3434.774,0
2025-04-16 04:00:00,31.9,32.08,31.71,31.98,2189.687,0
2025-04-16 05:00:00,31.98,32.19,31.43,31.48,4730.098,0
2025-04-16 06:00:00,31.53,31.83,31.46,31.46,3263.857,0
2025-04-16 07:00:00,31.47,31.48,31.32,31.43,2375.319,0
2025-04-16 08:00:00,31.42,31.69,31.25,31.47,2597.257,0
2025-04-16 09:00:00,31.47,31.63,31.03,31.18,2623.548,0
2025-04-16 10:00:00,31.18,31.36,31.11,31.29,1674.011,0
2025-04-16 11:00:00,31.29,31.47,31.2,31.32,1239.569,0
2025-04-16 12:00:00,31.32,31.4,31.06,31.13,2223.46,0
2025-04-16 13:00:00,31.14,31.15,30.83,30.98,2111.182,0
2025-04-16 14:00:00,30.95,31.55,30.9,31.3,2019.153,0
2025-04-16 15:00:00,31.29,31.65,31.17,31.18,3434.848,0
2025-04-16 16:00:00,31.2,31.2,30.68,30.96,4255.49,0
2025-04-16 17:00:00,30.96,31.37,30.34,30.44,6555.415,0
2025-04-16 18:00:00,30.41,31.37,30.41,31.31,3241.581,0
2025-04-16 19:00:00,31.36,31.4,30.9,31.26,1599.651,0
2025-04-16 20:00:00,31.27,31.44,30.99,31.0,1111.149,0
2025-04-16 21:00:00,31.02,31.58,30.95,31.48,1806.135,0
2025-04-16 22:00:00,31.44,31.44,31.1,31.26,1234.028,0
2025-04-16 23:00:00,31.23,31.23,31.02,31.08,441.759,0
2025-04-17 00:00:00,31.07,31.34,31.02,31.34,538.21,0
2025-04-17 01:00:00,31.33,31.41,31.06,31.13,1086.293,0
2025-04-17 02:00:00,31.1,31.12,30.05,30.21,8252.576,0
2025-04-17 03:00:00,30.21,30.78,30.21,30.71,3058.443,0
2025-04-17 04:00:00,30.74,30.74,30.48,30.74,1612.264,0
2025-04-17 05:00:00,30.72,30.98,30.7,30.91,2248.36,0
2025-04-17 06:00:00,30.9,31.13,30.89,31.0,3241.739,0
2025-04-17 07:00:00,31.0,31.28,31.0,31.14,2155.314,0
2025-04-17 08:00:00,31.12,31.19,30.99,31.13,2682.633,0
2025-04-17 09:00:00,31.13,31.53,31.1,31.46,2352.348,0
2025-04-17 10:00:00,31.47,31.58,31.17,31.3,1360.125,0
2025-04-17 11:00:00,31.31,31.48,31.15,31.16,1409.551,0
2025-04-17 12:00:00,31.13,31.15,30.77,31.01,2005.939,0
2025-04-17 13:00:00,30.98,31.05,30.34,30.36,6913.857,0
2025-04-17 14:00:00,30.38,30.83,30.23,30.62,3379.769,0
2025-04-17 15:00:00,30.61,30.95,30.58,30.84,1561.566,0
2025-04-17 16:00:00,30.83,31.36,30.81,31.22,2389.453,0
2025-04-17 17:00:00,31.23,31.29,31.05,31.09,1641.517,0
2025-04-17 18:00:00,31.07,31.19,30.86,30.95,1563.064,0
2025-04-17 19:00:00,30.92,31.06,30.81,31.05,1268.711,0
2025-04-17 20:00:00,31.05,31.22,30.85,30.86,1837.784,0
2025-04-17 21:00:00,30.84,31.12,30.78,31.06,1507.708,0
2025-04-17 22:00:00,31.05,31.08,30.64,30.67,2058.169,0
2025-04-17 23:00:00,30.69,30.87,30.61,30.75,730.027,0
2025-04-18 00:00:00,30.74,30.85,30.47,30.52,2128.774,0
2025-04-18 01:00:00,30.53,30.69,30.33,30.52,1008.692,0
2025-04-18 02:00:00,30.51,30.73,30.36,30.65,535.731,0
2025-04-18 03:00:00,30.66,30.66,30.29,30.55,2095.803,0
2025-04-18 04:00:00,30.53,30.83,30.35,30.6,2229.832,0
2025-04-18 05:00:00,30.6,30.98,30.46,30.96,1427.265,0
2025-04-18 06:00:00,30.97,30.97,29.76,30.17,19443.547,0
2025-04-18 07:00:00,30.19,30.26,29.88,30.12,2137.443,0
2025-04-18 08:00:00,30.12,30.3,30.04,30.15,1937.881,0
2025-04-18 09:00:00,30.14,30.27,29.88,30.08,2351.571,0
2025-04-18 10:00:00,30.07,30.25,30.07,30.07,1569.989,0
2025-04-18 11:00:00,30.11,30.23,30.03,30.23,998.315,0
2025-04-18 12:00:00,30.24,30.62,30.17,30.51,4088.994,0
2025-04-18 13:00:00,30.5,30.71,30.31,30.71,1801.795,0
2025-04-18 14:00:00,30.72,30.88,30.5,30.79,2830.323,0
2025-04-18 15:00:00,30.79,30.95,30.6,30.88,2776.679,0
2025-04-18 16:00:00,30.88,31.12,30.88,31.01,2891.095,0
2025-04-18 17:00:00,31.03,31.5,31.01,31.39,2179.662,0
2025-04-18 18:00:00,31.39,31.8,31.36,31.57,3889.169,0
2025-04-18 19:00:00,31.57,31.62,31.38,31.48,1355.23,0
2025-04-18 20:00:00,31.47,31.68,31.4,31.48,2017.791,0
2025-04-18 21:00:00,31.48,31.52,31.14,31.32,1990.149,0
2025-04-18 22:00:00,31.34,31.36,30.89,30.99,1253.651,0
2025-04-18 23:00:00,31.01,31.13,30.87,30.88,716.896,0
2025-04-19 00:00:00,30.88,31.11,30.82,31.0,852.723,0
2025-04-19 01:00:00,31.03,31.31,30.97,31.16,1221.411,0
2025-04-19 02:00:00,31.14,31.5,31.14,31.18,1221.606,0
2025-04-19 03:00:00,31.18,31.44,31.17,31.34,1102.459,0
2025-04-19 04:00:00,31.32,31.4,31.18,31.32,1669.429,0
2025-04-19 05:00:00,31.29,31.56,31.28,31.28,1723.323,0
2025-04-19 06:00:00,31.28,31.28,31.12,31.28,560.826,0
2025-04-19 07:00:00,31.26,31.54,31.24,31.38,2291.553,0
2025-04-19 08:00:00,31.4,31.64,31.33,31.58,1477.98,0
2025-04-19 09:00:00,31.58,31.69,31.23,31.4,1461.285,0
2025-04-19 10:00:00,31.41,31.54,31.31,31.35,1171.363,0
2025-04-19 11:00:00,31.32,31.63,31.32,31.53,949.011,0
2025-04-19 12:00:00,31.52,31.69,31.38,31.4,2842.081,0
2025-04-19 13:00:00,31.4,31.49,31.34,31.44,502.344,0
2025-04-19 14:00:00,31.43,31.46,31.26,31.31,938.872,0
2025-04-19 15:00:00,31.31,31.49,31.09,31.2,2607.656,0
2025-04-19 16:00:00,31.2,31.36,31.02,31.16,2286.592,0
2025-04-19 17:00:00,31.17,31.44,31.17,31.34,1186.324,0
2025-04-19 18:00:00,31.33,31.51,31.3,31.45,723.103,0
2025-04-19 19:00:00,31.41,31.66,31.38,31.63,1959.944,0
2025-04-19 20:00:00,31.65,31.93,31.65,31.81,2245.807,0
2025-04-19 21:00:00,31.82,31.85,31.61,31.71,966.15,0
2025-04-19 22:00:00,31.7,31.92,31.69,31.88,2187.086,0
2025-04-19 23:00:00,31.86,31.89,31.55,31.67,594.748,0
2025-04-20 00:00:00,31.68,31.76,31.47,31.52,1614.745,0
2025-04-20 01:00:00,31.51,31.65,31.35,31.61,1581.354,0
2025-04-20 02:00:00,31.62,31.87,31.54,31.75,772.229,0
2025-04-20 03:00:00,31.77,32.22,31.71,32.09,2610.365,0
2025-04-20 04:00:00,32.09,32.16,31.91,32.08,1977.172,0
2025-04-20 05:00:00,32.08,32.47,32.02,32.25,3902.669,0
2025-04-20 06:00:00,32.22,32.32,31.81,31.83,1152.596,0
2025-04-20 07:00:00,31.83,31.97,31.5,31.63,2641.874,0
2025-04-20 08:00:00,31.68,31.68,30.8,31.14,7848.451,0
2025-04-20 09:00:00,31.15,31.41,31.06,31.15,1731.334,0
2025-04-20 10:00:00,31.14,31.23,30.81,30.9,1410.421,0
2025-04-20 11:00:00,30.91,31.0,30.74,30.91,1625.376,0
2025-04-20 12:00:00,30.91,31.13,30.71,30.72,1156.985,0
2025-04-20 13:00:00,30.72,30.83,30.46,30.74,2398.593,0
2025-04-20 14:00:00,30.75,30.75,30.47,30.63,1087.065,0
2025-04-20 15:00:00,30.61,30.75,30.42,30.51,1715.718,0
2025-04-20 16:00:00,30.51,30.82,30.44,30.75,1753.292,0
2025-04-20 17:00:00,30.73,30.83,30.59,30.83,442.848,0
2025-04-20 18:00:00,30.83,30.86,30.69,30.82,793.652,0
2025-04-20 19:00:00,30.83,31.12,30.81,31.05,1539.827,0
2025-04-20 20:00:00,31.04,31.16,30.92,31.05,1219.896,0
2025-04-20 21:00:00,31.07,31.07,30.87,31.02,604.251,0
2025-04-20 22:00:00,30.94,30.94,30.81,30.87,432.517,0
2025-04-20 23:00:00,30.88,31.12,30.86,31.0,1454.354,0
2025-04-21 00:00:00,31.0,31.5,30.99,31.42,2024.59,0
2025-04-21 01:00:00,31.42,31.69,31.35,31.56,2369.75,0
2025-04-21 02:00:00,31.58,31.65,31.4,31.47,899.474,0
2025-04-21 03:00:00,31.51,31.52,31.34,31.36,421.362,0
2025-04-21 04:00:00,31.36,31.51,31.36,31.42,787.161,0
2025-04-21 05:00:00,31.46,31.8,31.39,31.7,887.345,0
2025-04-21 06:00:00,31.7,32.05,31.67,31.89,3088.304,0
2025-04-21 07:00:00,31.93,31.97,31.79,31.85,1129.635,0
2025-04-21 08:00:00,31.86,32.0,31.86,31.88,2012.605,0
2025-04-21 09:00:00,31.89,32.08,31.85,31.99,2572.747,0
2025-04-21 10:00:00,31.98,31.99,31.85,31.96,883.259,0
2025-04-21 11:00:00,31.92,31.96,31.63,31.84,1601.644,0
2025-04-21 12:00:00,31.85,32.2,31.75,31.8,2507.758,0
2025-04-21 13:00:00,31.82,31.92,31.63,31.65,3044.441,0
2025-04-21 14:00:00,31.65,32.1,31.63,31.81,5150.073,0
2025-04-21 15:00:00,31.83,32.01,31.74,31.84,1543.959,0
2025-04-21 16:00:00,31.85,31.95,31.35,31.39,5879.93,0
2025-04-21 17:00:00,31.4,31.94,31.07,31.85,5062.751,0
2025-04-21 18:00:00,31.84,31.88,31.59,31.6,1646.496,0
2025-04-21 19:00:00,31.56,31.8,31.54,31.56,1381.504,0
2025-04-21 20:00:00,31.53,31.57,31.29,31.4,835.571,0
2025-04-21 21:00:00,31.4,31.43,31.18,31.42,733.452,0
2025-04-21 22:00:00,31.42,31.42,31.2,31.33,265.363,0
2025-04-21 23:00:00,31.33,31.34,31.14,31.21,1060.569,0
2025-04-22 00:00:00,31.2,31.29,31.02,31.14,2208.291,0
2025-04-22 01:00:00,31.12,31.42,31.07,31.24,1071.603,0
2025-04-22 02:00:00,31.24,31.3,31.0,31.05,1239.769,0
2025-04-22 03:00:00,31.05,31.06,30.9,31.0,703.293,0
2025-04-22 04:00:00,30.97,31.02,30.89,30.92,679.748,0
2025-04-22 05:00:00,30.91,31.28,30.91,31.24,1927.263,0
2025-04-22 06:00:00,31.21,31.28,30.94,31.02,1716.167,0
2025-04-22 07:00:00,31.03,31.27,30.84,31.2,2953.752,0
2025-04-22 08:00:00,31.2,31.45,31.02,31.09,2614.652,0
2025-04-22 09:00:00,31.11,31.14,30.88,30.9,2254.812,0
2025-04-22 10:00:00,30.9,30.94,30.76,30.91,2731.673,0
2025-04-22 11:00:00,30.91,31.1,30.85,31.01,1982.971,0
2025-04-22 12:00:00,31.02,31.33,31.01,31.24,1084.026,0
2025-04-22 13:00:00,31.25,31.48,31.12,31.42,2204.823,0
2025-04-22 14:00:00,31.42,32.15,31.37,32.03,6854.686,0
2025-04-22 15:00:00,32.09,32.46,31.71,31.92,11336.891,0
2025-04-22 16:00:00,31.92,31.99,31.63,31.71,2939.295,0
2025-04-22 17:00:00,31.72,31.78,31.44,31.68,3279.252,0
2025-04-22 18:00:00,31.68,31.74,31.43,31.57,1785.319,0
2025-04-22 19:00:00,31.56,31.65,31.36,31.64,1845.637,0
2025-04-22 20:00:00,31.62,32.17,31.59,31.96,2904.07,0
2025-04-22 21:00:00,31.99,32.35,31.79,32.3,2876.497,0
2025-04-22 22:00:00,32.31,32.72,32.2,32.64,6388.383,0
2025-04-22 23:00:00,32.63,33.34,32.63,33.03,9577.224,0
2025-04-23 00:00:00,33.02,33.19,32.56,32.66,3665.28,0
2025-04-23 01:00:00,32.65,32.89,32.41,32.44,2115.035,0
2025-04-23 02:00:00,32.43,32.75,32.42,32.71,1854.173,0
2025-04-23 03:00:00,32.71,32.97,32.6,32.96,2357.436,0
2025-04-23 04:00:00,32.98,33.89,32.9,33.47,8991.63,0
2025-04-23 05:00:00,33.45,33.45,33.02,33.05,2051.566,0
2025-04-23 06:00:00,33.05,33.31,32.98,33.25,1590.596,0
2025-04-23 07:00:00,33.24,33.37,33.01,33.37,1077.381,0
2025-04-23 08:00:00,33.32,33.65,33.06,33.36,2940.961,0
2025-04-23 09:00:00,33.35,33.36,33.11,33.11,1679.829,0
2025-04-23 10:00:00,33.1,33.34,32.93,33.31,1235.149,0
2025-04-23 11:00:00,33.32,33.73,33.21,33.59,5549.579,0
2025-04-23 12:00:00,33.62,33.76,33.44,33.66,2476.904,0
2025-04-23 13:00:00,33.67,34.28,33.02,33.18,7328.766,0
2025-04-23 14:00:00,33.19,34.09,33.17,33.94,5072.189,0
2025-04-23 15:00:00,33.94,34.05,33.36,33.98,7449.728,0
2025-04-23 16:00:00,33.96,34.25,33.61,34.01,4977.47,0
2025-04-23 17:00:00,34.0,34.22,33.82,33.99,4034.616,0
2025-04-23 18:00:00,33.98,34.08,33.67,33.88,1477.582,0
2025-04-23 19:00:00,33.83,34.36,33.81,34.15,2651.328,0
2025-04-23 20:00:00,34.14,34.37,33.96,34.2,3731.006,0
2025-04-23 21:00:00,34.19,34.31,33.82,33.94,1057.883,0
2025-04-23 22:00:00,34.0,34.49,33.96,34.41,2909.657,0
2025-04-23 23:00:00,34.39,34.43,34.21,34.25,399.244,0
2025-04-24 00:00:00,34.26,34.33,33.51,33.96,3738.194,0
2025-04-24 01:00:00,33.96,34.03,33.7,33.9,1297.706,0
2025-04-24 02:00:00,33.88,33.9,32.61,32.68,6612.715,0
2025-04-24 03:00:00,32.68,32.82,32.11,32.18,7152.51,0
2025-04-24 04:00:00,32.16,32.6,32.13,32.45,4952.279,0
2025-04-24 05:00:00,32.52,33.05,32.5,32.91,3924.998,0
2025-04-24 06:00:00,32.92,33.02,32.76,32.79,681.784,0
2025-04-24 07:00:00,32.84,32.98,32.7,32.86,2181.839,0
2025-04-24 08:00:00,32.84,34.19,32.84,33.13,8926.376,0
2025-04-24 09:00:00,33.16,34.07,33.02,34.0,5759.437,0
2025-04-24 10:00:00,33.98,33.98,33.61,33.67,2013.729,0
2025-04-24 11:00:00,33.71,33.71,33.48,33.65,1412.535,0
2025-04-24 12:00:00,33.65,33.82,33.39,33.8,2600.781,0
2025-04-24 13:00:00,33.76,34.04,33.58,33.85,3316.886,0
2025-04-24 14:00:00,33.86,34.19,33.83,34.15,3678.384,0
2025-04-24 15:00:00,34.17,34.37,33.89,34.02,5336.994,0
2025-04-24 16:00:00,34.03,34.45,33.98,34.1,3171.169,0
2025-04-24 17:00:00,34.11,34.2,33.75,33.93,1387.97,0
2025-04-24 18:00:00,33.96,34.04,33.8,33.84,597.057,0
2025-04-24 19:00:00,33.87,34.02,33.72,33.82,1240.315,0
2025-04-24 20:00:00,33.82,34.07,33.81,34.02,747.118,0
2025-04-24 21:00:00,34.01,34.15,33.84,34.09,1221.235,0
2025-04-24 22:00:00,34.08,34.22,33.98,34.11,341.834,0
2025-04-24 23:00:00,34.16,34.31,34.16,34.28,322.618,0
2025-04-25 00:00:00,34.28,34.45,34.18,34.31,1012.38,0
2025-04-25 01:00:00,34.31,34.54,34.31,34.42,1270.109,0
2025-04-25 02:00:00,34.43,34.53,33.94,33.98,1586.631,0
2025-04-25 03:00:00,33.96,34.23,33.85,34.23,1272.158,0
2025-04-25 04:00:00,34.22,34.32,34.03,34.05,612.793,0
2025-04-25 05:00:00,34.09,34.13,33.99,34.09,825.885,0
2025-04-25 06:00:00,34.09,34.4,34.05,34.4,561.175,0
2025-04-25 07:00:00,34.4,34.54,34.27,34.36,1364.827,0
2025-04-25 08:00:00,34.39,34.57,34.39,34.49,952.505,0
2025-04-25 09:00:00,34.48,34.79,34.48,34.7,3129.484,0
2025-04-25 10:00:00,34.74,34.9,34.42,34.47,2444.485,0
2025-04-25 11:00:00,34.47,34.95,34.46,34.86,2749.124,0
2025-04-25 12:00:00,34.84,34.92,34.47,34.57,2025.577,0
2025-04-25 13:00:00,34.6,34.85,34.6,34.74,1561.832,0
2025-04-25 14:00:00,34.77,34.79,34.19,34.68,4816.926,0
2025-04-25 15:00:00,34.68,34.72,34.25,34.41,2240.048,0
2025-04-25 16:00:00,34.43,34.45,34.23,34.37,1306.17,0
2025-04-25 17:00:00,34.36,34.86,34.16,34.23,3631.418,0
2025-04-25 18:00:00,34.25,34.71,34.25,34.53,2931.956,0
2025-04-25 19:00:00,34.51,34.52,34.06,34.37,1464.031,0
2025-04-25 20:00:00,34.41,34.96,34.41,34.88,2152.573,0
2025-04-25 21:00:00,34.9,34.93,34.43,34.52,1933.621,0
2025-04-25 22:00:00,34.56,34.64,34.47,34.53,1286.574,0
2025-04-25 23:00:00,34.52,34.52,33.92,34.18,2000.672,0
2025-04-26 00:00:00,34.2,34.59,34.2,34.53,953.494,0
2025-04-26 01:00:00,34.58,35.09,34.48,34.76,1482.303,0
2025-04-26 02:00:00,34.77,35.0,34.55,34.97,1207.93,0
2025-04-26 03:00:00,34.94,34.96,34.64,34.78,586.081,0
2025-04-26 04:00:00,34.79,34.83,34.47,34.54,484.624,0
2025-04-26 05:00:00,34.52,34.58,33.34,33.87,14116.363,0
2025-04-26 06:00:00,33.88,34.29,33.86,34.18,1521.189,0
2025-04-26 07:00:00,34.2,34.36,33.94,33.96,889.271,0
2025-04-26 08:00:00,33.94,34.48,33.93,34.09,1485.962,0
2025-04-26 09:00:00,34.09,34.5,33.97,34.08,3473.222,0
2025-04-26 10:00:00,34.04,34.49,33.11,33.92,13499.514,0
2025-04-26 11:00:00,33.87,34.38,33.14,33.2,5570.955,0
2025-04-26 12:00:00,33.21,33.45,33.12,33.24,2568.554,0
2025-04-26 13:00:00,33.22,33.36,32.8,33.03,3381.083,0
2025-04-26 14:00:00,33.04,33.6,32.94,33.5,2136.031,0
2025-04-26 15:00:00,33.49,33.71,33.45,33.66,980.135,0
2025-04-26 16:00:00,33.71,34.02,33.47,33.69,4123.433,0
2025-04-26 17:00:00,33.71,33.91,33.59,33.65,1095.811,0
2025-04-26 18:00:00,33.68,33.72,33.47,33.49,213.847,0
2025-04-26 19:00:00,33.48,33.75,33.48,33.68,149.279,0
2025-04-26 20:00:00,33.71,33.72,33.47,33.47,289.462,0
2025-04-26 21:00:00,33.48,33.56,33.38,33.39,333.517,0
2025-04-26 22:00:00,33.42,33.76,33.42,33.62,262.095,0
2025-04-26 23:00:00,33.61,33.66,33.4,33.43,695.249,0
2025-04-27 00:00:00,33.5,33.83,33.48,33.67,617.709,0
2025-04-27 01:00:00,33.68,33.68,32.73,32.75,1861.702,0
2025-04-27 02:00:00,32.77,33.01,32.7,32.89,782.76,0
2025-04-27 03:00:00,32.9,32.97,32.8,32.9,281.477,0
2025-04-27 04:00:00,32.9,32.97,32.73,32.76,1868.873,0
2025-04-27 05:00:00,32.76,32.93,32.71,32.83,1809.139,0
2025-04-27 06:00:00,32.84,32.85,32.73,32.81,333.966,0
2025-04-27 07:00:00,32.76,33.08,32.76,33.08,321.205,0
2025-04-27 08:00:00,33.07,33.07,32.91,32.92,351.904,0
2025-04-27 09:00:00,32.92,33.05,32.72,32.86,589.617,0
2025-04-27 10:00:00,32.87,32.87,32.6,32.8,1224.877,0
2025-04-27 11:00:00,32.79,33.05,32.68,33.01,1589.594,0
2025-04-27 12:00:00,32.99,33.03,32.71,32.76,596.834,0
2025-04-27 13:00:00,32.76,33.05,32.7,33.01,789.013,0
2025-04-27 14:00:00,33.01,33.28,32.93,33.04,1477.167,0
2025-04-27 15:00:00,33.02,33.08,32.72,32.91,1344.127,0
2025-04-27 16:00:00,32.92,33.26,32.71,32.8,2246.543,0
2025-04-27 17:00:00,32.78,32.96,32.78,32.89,813.676,0
2025-04-27 18:00:00,32.89,33.11,32.84,32.96,372.238,0
2025-04-27 19:00:00,32.97,32.97,32.86,32.94,345.066,0
2025-04-27 20:00:00,32.95,33.0,32.81,32.99,285.973,0
2025-04-27 21:00:00,32.95,32.99,32.81,32.85,245.191,0
2025-04-27 22:00:00,32.88,32.9,32.69,32.78,1082.441,0
2025-04-27 23:00:00,32.78,32.83,32.5,32.55,1166.419,0
2025-04-28 00:00:00,32.57,32.65,32.36,32.42,834.646,0
2025-04-28 01:00:00,32.39,33.06,32.16,32.45,15794.796,0
2025-04-28 02:00:00,32.45,32.7,32.42,32.58,1173.649,0
2025-04-28 03:00:00,32.6,34.05,32.53,33.85,7908.319,0
2025-04-28 04:00:00,33.87,35.33,33.78,35.3,16338.342,0
2025-04-28 05:00:00,35.28,37.56,35.11,37.39,56947.026,0
2025-04-28 06:00:00,37.44,40.12,37.44,38.83,61502.963,0
2025-04-28 07:00:00,38.84,39.9,37.46,37.63,31167.164,0
2025-04-28 08:00:00,37.62,38.85,37.15,37.47,12342.356,0
2025-04-28 09:00:00,37.5,38.08,36.87,37.1,13478.162,0
2025-04-28 10:00:00,37.1,37.38,36.49,37.19,11986.596,0
2025-04-28 11:00:00,37.21,37.61,36.51,36.7,7729.062,0
2025-04-28 12:00:00,36.68,36.94,36.55,36.72,2942.598,0
2025-04-28 13:00:00,36.8,36.93,36.43,36.48,4269.246,0
2025-04-28 14:00:00,36.45,36.87,36.32,36.37,3381.617,0
2025-04-28 15:00:00,36.36,36.46,35.76,36.14,8092.189,0
2025-04-28 16:00:00,36.14,36.36,35.77,36.25,1875.231,0
2025-04-28 17:00:00,36.2,36.83,36.0,36.61,7816.92,0
2025-04-28 18:00:00,36.6,36.61,36.25,36.31,1455.824,0
2025-04-28 19:00:00,36.31,36.46,36.04,36.23,2341.269,0
2025-04-28 20:00:00,36.23,36.37,35.77,35.95,3905.624,0
2025-04-28 21:00:00,35.96,36.03,35.68,35.87,1012.161,0
2025-04-28 22:00:00,35.84,35.99,35.64,35.78,2291.76,0
2025-04-28 23:00:00,35.78,35.9,35.53,35.63,1057.288,0
2025-04-29 00:00:00,35.66,35.96,35.49,35.64,2237.952,0
2025-04-29 01:00:00,35.66,35.83,35.6,35.74,826.493,0
2025-04-29 02:00:00,35.75,35.81,35.51,35.68,937.36,0
2025-04-29 03:00:00,35.67,35.81,35.63,35.63,483.851,0
2025-04-29 04:00:00,35.65,35.79,35.37,35.64,2214.464,0
2025-04-29 05:00:00,35.64,36.11,35.56,35.78,2420.498,0
2025-04-29 06:00:00,35.8,36.72,35.8,36.11,5790.805,0
2025-04-29 07:00:00,36.13,36.5,35.98,36.17,3641.816,0
2025-04-29 08:00:00,36.18,36.37,36.09,36.36,1036.95,0
2025-04-29 09:00:00,36.33,36.36,35.83,35.98,3731.061,0
2025-04-29 10:00:00,35.99,36.16,35.91,35.94,3106.653,0
2025-04-29 11:00:00,35.94,36.25,35.92,36.21,1266.984,0
2025-04-29 12:00:00,36.23,36.23,35.95,35.96,1576.28,0
2025-04-29 13:00:00,35.93,36.1,35.8,35.91,1578.42,0
2025-04-29 14:00:00,35.89,36.4,35.88,36.4,1440.879,0
2025-04-29 15:00:00,36.32,36.33,36.05,36.05,1308.615,0
2025-04-29 16:00:00,36.05,36.11,34.69,35.02,21340.237,0
2025-04-29 17:00:00,35.06,35.36,34.94,35.13,2752.001,0
2025-04-29 18:00:00,35.13,35.21,34.23,34.55,14441.894,0
2025-04-29 19:00:00,34.59,34.63,34.07,34.26,4075.294,0
2025-04-29 20:00:00,34.26,34.33,34.05,34.18,1901.05,0
2025-04-29 21:00:00,34.13,36.8,33.88,34.44,30047.861,0
2025-04-29 22:00:00,34.47,36.72,34.33,34.53,10334.876,0
2025-04-29 23:00:00,34.51,34.61,34.02,34.56,3003.953,0
2025-04-30 00:00:00,34.56,34.87,34.43,34.85,2587.462,0
2025-04-30 01:00:00,34.86,34.97,34.45,34.78,508.759,0
2025-04-30 02:00:00,34.79,34.92,34.65,34.89,750.272,0
2025-04-30 03:00:00,34.87,34.99,34.69,34.79,1066.53,0
2025-04-30 04:00:00,34.77,35.09,34.67,34.94,1754.917,0
2025-04-30 05:00:00,34.92,35.0,34.77,34.9,614.33,0
2025-04-30 06:00:00,34.92,34.95,34.68,34.74,898.08,0
2025-04-30 07:00:00,34.77,34.93,34.4,34.59,2516.212,0
2025-04-30 08:00:00,34.6,34.62,34.28,34.37,974.37,0
2025-04-30 09:00:00,34.5,35.46,34.38,35.25,4838.743,0
2025-04-30 10:00:00,35.26,35.27,34.95,35.11,678.022,0
2025-04-30 11:00:00,35.13,36.6,35.08,35.98,14559.731,0
2025-04-30 12:00:00,35.95,36.12,35.4,35.69,3652.501,0
2025-04-30 13:00:00,35.67,35.73,34.49,34.54,2357.89,0
2025-04-30 14:00:00,34.58,35.98,34.58,35.69,4023.721,0
2025-04-30 15:00:00,35.66,35.85,35.44,35.61,1605.149,0
2025-04-30 16:00:00,35.61,35.81,35.42,35.76,1234.741,0
2025-04-30 17:00:00,35.73,36.45,35.48,36.17,6428.691,0
2025-04-30 18:00:00,36.13,36.5,35.88,36.0,2725.273,0
2025-04-30 19:00:00,36.11,36.19,35.77,36.01,347.002,0
2025-04-30 20:00:00,36.05,36.37,36.04,36.12,770.333,0
2025-04-30 21:00:00,36.09,36.12,35.84,35.87,520.107,0
2025-04-30 22:00:00,35.97,36.22,35.9,36.18,619.488,0
2025-04-30 23:00:00,36.08,36.1,35.97,36.09,391.442,0
2025-05-01 00:00:00,36.0,36.3,36.0,36.29,702.371,0
2025-05-01 01:00:00,36.28,36.42,36.14,36.25,1048.013,0
2025-05-01 02:00:00,36.21,36.33,35.8,35.82,1225.97,0
2025-05-01 03:00:00,35.9,36.1,35.75,35.82,834.052,0
2025-05-01 04:00:00,35.82,35.87,35.57,35.8,1317.523,0
2025-05-01 05:00:00,35.74,35.99,35.67,35.78,579.078,0
2025-05-01 06:00:00,35.77,35.86,35.65,35.75,573.703,0
2025-05-01 07:00:00,35.74,35.85,35.61,35.74,1332.434,0
2025-05-01 08:00:00,35.74,36.03,35.59,35.96,1167.2,0
2025-05-01 09:00:00,35.95,36.08,35.8,35.84,1343.801,0
2025-05-01 10:00:00,35.81,36.28,35.81,36.04,1928.323,0
2025-05-01 11:00:00,36.04,36.17,35.91,36.04,784.878,0
2025-05-01 12:00:00,36.04,36.06,34.75,35.86,16485.486,0
2025-05-01 13:00:00,35.85,35.99,35.23,35.25,4840.916,0
2025-05-01 14:00:00,35.25,35.65,35.25,35.59,1627.707,0
2025-05-01 15:00:00,35.57,35.83,35.26,35.37,1521.853,0
2025-05-01 16:00:00,35.38,35.71,35.38,35.55,894.349,0
2025-05-01 17:00:00,35.56,35.81,35.38,35.47,1347.863,0
2025-05-01 18:00:00,35.46,35.51,35.29,35.5,729.973,0
2025-05-01 19:00:00,35.47,35.67,35.28,35.47,891.99,0
2025-05-01 20:00:00,35.49,36.06,35.43,35.87,4966.517,0
2025-05-01 21:00:00,35.87,37.97,35.86,36.75,14483.316,0
2025-05-01 22:00:00,36.72,37.56,36.64,37.28,4900.115,0
2025-05-01 23:00:00,37.24,38.17,37.21,37.41,7614.373,0
2025-05-02 00:00:00,37.45,37.63,36.63,37.1,8650.936,0
2025-05-02 01:00:00,37.11,37.16,36.58,36.95,5464.237,0
2025-05-02 02:00:00,36.97,37.53,36.68,37.4,2023.024,0
2025-05-02 03:00:00,37.38,37.55,36.97,37.31,2921.638,0
2025-05-02 04:00:00,37.31,37.45,36.88,37.07,2320.826,0
2025-05-02 05:00:00,37.05,37.18,36.62,36.68,1078.141,0
2025-05-02 06:00:00,36.66,36.97,36.54,36.87,942.701,0
2025-05-02 07:00:00,36.82,36.93,36.59,36.68,869.675,0
2025-05-02 08:00:00,36.65,37.23,36.56,37.07,1272.37,0
2025-05-02 09:00:00,37.04,37.59,36.83,37.19,5756.696,0
2025-05-02 10:00:00,37.19,37.34,36.87,37.04,1331.471,0
2025-05-02 11:00:00,37.0,37.29,37.0,37.1,623.54,0
2025-05-02 12:00:00,37.08,37.21,36.74,37.03,1657.891,0
2025-05-02 13:00:00,37.11,37.15,36.33,36.67,5017.965,0
2025-05-02 14:00:00,36.61,37.0,36.55,36.75,3022.004,0
2025-05-02 15:00:00,36.81,37.0,36.39,36.51,3507.31,0
2025-05-02 16:00:00,36.47,36.9,36.37,36.49,3038.363,0
2025-05-02 17:00:00,36.49,36.63,36.34,36.46,1121.589,0
2025-05-02 18:00:00,36.49,36.62,35.8,35.88,3356.698,0
2025-05-02 19:00:00,35.92,36.54,35.84,36.27,4658.85,0
2025-05-02 20:00:00,36.25,36.46,36.1,36.42,608.149,0
2025-05-02 21:00:00,36.42,36.42,35.98,36.09,578.129,0
2025-05-02 22:00:00,36.1,36.21,35.95,36.09,223.039,0
2025-05-02 23:00:00,36.11,36.28,36.11,36.28,264.923,0
2025-05-03 00:00:00,36.25,36.88,36.23,36.37,2995.925,0
2025-05-03 01:00:00,36.42,36.42,35.96,36.05,597.064,0
2025-05-03 02:00:00,36.03,36.11,35.7,35.94,1351.894,0
2025-05-03 03:00:00,35.92,36.15,35.84,36.15,467.799,0
2025-05-03 04:00:00,36.1,36.15,35.76,35.92,321.733,0
2025-05-03 05:00:00,35.92,35.94,35.77,35.84,465.359,0
2025-05-03 06:00:00,35.8,35.98,35.7,35.87,1196.42,0
2025-05-03 07:00:00,35.88,36.1,35.86,36.04,741.553,0
2025-05-03 08:00:00,36.04,36.04,35.65,35.76,987.6,0
2025-05-03 09:00:00,35.74,35.92,35.72,35.85,459.549,0
2025-05-03 10:00:00,35.85,35.9,35.7,35.7,723.196,0
2025-05-03 11:00:00,35.68,36.02,35.64,35.87,1205.649,0
2025-05-03 12:00:00,35.82,36.13,35.82,36.01,1593.595,0
2025-05-03 13:00:00,36.06,36.08,35.74,35.74,721.353,0
2025-05-03 14:00:00,35.77,35.8,35.7,35.75,185.421,0
2025-05-03 15:00:00,35.83,36.0,35.82,35.84,397.997,0
2025-05-03 16:00:00,35.84,35.86,35.37,35.47,2193.781,0
2025-05-03 17:00:00,35.48,35.62,35.2,35.62,1933.431,0
2025-05-03 18:00:00,35.61,35.71,35.6,35.69,147.806,0
2025-05-03 19:00:00,35.68,35.92,35.57,35.91,294.142,0
2025-05-03 20:00:00,35.9,35.91,35.7,35.77,427.665,0
2025-05-03 21:00:00,35.74,35.91,35.6,35.74,151.169,0
2025-05-03 22:00:00,35.69,35.76,35.6,35.63,468.86,0
2025-05-03 23:00:00,35.61,35.91,35.32,35.82,1822.203,0
2025-05-04 00:00:00,35.79,36.05,35.46,35.81,1488.595,0
2025-05-04 01:00:00,35.7,36.18,35.7,35.98,1422.702,0
2025-05-04 02:00:00,35.98,36.27,35.71,36.14,1184.873,0
2025-05-04 03:00:00,36.11,36.29,35.64,35.64,1824.329,0
2025-05-04 04:00:00,35.63,35.91,35.53,35.58,584.412,0
2025-05-04 05:00:00,35.59,35.73,35.2,35.46,2789.412,0
2025-05-04 06:00:00,35.49,35.6,35.18,35.43,1389.196,0
2025-05-04 07:00:00,35.44,35.54,34.59,35.05,2939.971,0
2025-05-04 08:00:00,35.03,35.17,34.57,34.81,4011.891,0
2025-05-04 09:00:00,34.81,34.91,34.66,34.79,3920.405,0
2025-05-04 10:00:00,34.73,35.04,34.73,34.8,1182.133,0
2025-05-04 11:00:00,34.81,34.99,34.79,34.91,361.932,0
2025-05-04 12:00:00,34.91,34.98,34.79,34.86,305.607,0
2025-05-04 13:00:00,34.91,34.94,34.48,34.66,720.573,0
2025-05-04 14:00:00,34.66,35.52,34.18,35.13,5580.626,0
2025-05-04 15:00:00,35.14,35.17,34.73,34.89,992.553,0
2025-05-04 16:00:00,34.88,34.94,34.55,34.77,1676.253,0
2025-05-04 17:00:00,34.81,35.74,34.74,35.23,8885.482,0
2025-05-04 18:00:00,35.23,35.25,34.86,34.93,651.895,0
2025-05-04 19:00:00,34.85,35.05,34.69,34.99,1273.092,0
2025-05-04 20:00:00,34.96,35.12,34.93,35.12,305.787,0
2025-05-04 21:00:00,35.09,36.17,35.01,35.64,4676.094,0
2025-05-04 22:00:00,35.65,35.78,35.32,35.52,1007.035,0
2025-05-04 23:00:00,35.52,35.68,35.35,35.63,687.485,0
2025-05-05 00:00:00,35.63,35.9,35.45,35.87,628.381,0
2025-05-05 01:00:00,35.86,35.98,35.71,35.84,1279.048,0
2025-05-05 02:00:00,35.84,36.35,35.74,35.92,4184.997,0
2025-05-05 03:00:00,35.88,36.0,35.57,35.61,1366.616,0
2025-05-05 04:00:00,35.59,35.77,35.59,35.7,654.959,0
2025-05-05 05:00:00,35.71,35.85,35.63,35.85,151.772,0
2025-05-05 06:00:00,35.86,36.07,35.62,36.04,980.373,0
2025-05-05 07:00:00,36.02,36.15,35.76,36.15,1442.882,0
2025-05-05 08:00:00,36.15,36.5,35.94,36.42,4276.733,0
2025-05-05 09:00:00,36.39,36.6,36.16,36.37,3787.628,0
2025-05-05 10:00:00,36.37,36.4,35.73,35.92,981.124,0
2025-05-05 11:00:00,35.92,36.2,35.71,35.86,1793.499,0
2025-05-05 12:00:00,35.8,36.62,35.76,35.99,3342.386,0
2025-05-05 13:00:00,35.99,36.28,35.77,36.13,2691.387,0
2025-05-05 14:00:00,36.14,36.9,36.08,36.56,2673.444,0
2025-05-05 15:00:00,36.56,36.92,36.37,36.65,4356.37,0
2025-05-05 16:00:00,36.68,37.27,36.61,37.03,4177.878,0
2025-05-05 17:00:00,37.07,37.18,36.66,37.09,2361.198,0
2025-05-05 18:00:00,37.09,37.2,36.87,36.99,1118.257,0
2025-05-05 19:00:00,37.0,37.37,36.75,36.76,2126.635,0
2025-05-05 20:00:00,36.81,36.87,36.34,36.48,1947.787,0
2025-05-05 21:00:00,36.48,36.8,36.39,36.62,1333.786,0
2025-05-05 22:00:00,36.56,36.74,36.5,36.7,532.048,0
2025-05-05 23:00:00,36.7,36.72,36.47,36.56,997.936,0
2025-05-06 00:00:00,36.57,36.61,36.25,36.42,717.161,0
2025-05-06 01:00:00,36.4,36.4,35.83,35.98,1764.335,0
2025-05-06 02:00:00,36.06,36.16,35.83,36.0,323.076,0
2025-05-06 03:00:00,36.04,36.13,35.95,36.12,211.179,0
2025-05-06 04:00:00,36.13,36.31,36.07,36.1,258.414,0
2025-05-06 05:00:00,36.07,36.09,35.79,35.81,1005.463,0
2025-05-06 06:00:00,35.83,36.76,35.82,36.14,3678.183,0
2025-05-06 07:00:00,36.21,36.43,35.93,36.03,1539.071,0
2025-05-06 08:00:00,35.97,36.06,35.64,35.67,1920.568,0
2025-05-06 09:00:00,35.67,35.67,35.39,35.57,1690.24,0
2025-05-06 10:00:00,35.56,35.67,35.18,35.21,2483.318,0
2025-05-06 11:00:00,35.23,35.71,35.11,35.54,4209.442,0
2025-05-06 12:00:00,35.5,35.73,34.81,34.95,6865.945,0
2025-05-06 13:00:00,34.99,35.05,34.63,34.72,1730.867,0
2025-05-06 14:00:00,34.71,35.88,34.69,35.19,13317.25,0
2025-05-06 15:00:00,35.2,35.82,34.9,35.75,5816.782,0
2025-05-06 16:00:00,35.74,35.83,35.47,35.48,2186.935,0
2025-05-06 17:00:00,35.47,36.07,35.45,35.95,4453.516,0
2025-05-06 18:00:00,35.96,36.26,35.94,36.23,1385.743,0
2025-05-06 19:00:00,36.23,36.65,36.22,36.29,1781.629,0
2025-05-06 20:00:00,36.28,36.29,36.01,36.12,2979.561,0
2025-05-06 21:00:00,36.13,36.7,35.79,36.54,2872.887,0
2025-05-06 22:00:00,36.5,37.89,36.5,37.77,7313.494,0
2025-05-06 23:00:00,37.78,38.88,37.58,38.09,8112.385,0
2025-05-07 00:00:00,38.1,38.59,37.92,38.41,3460.526,0
2025-05-07 01:00:00,38.43,38.7,38.18,38.49,2593.428,0
2025-05-07 02:00:00,38.5,38.52,37.99,38.03,1965.631,0
2025-05-07 03:00:00,38.05,38.34,37.77,38.1,1793.624,0
2025-05-07 04:00:00,38.16,38.2,37.67,37.99,979.708,0
2025-05-07 05:00:00,37.96,38.02,37.8,37.82,1404.128,0
2025-05-07 06:00:00,37.82,37.9,37.47,37.7,1959.582,0
2025-05-07 07:00:00,37.68,37.84,37.23,37.77,4059.194,0
2025-05-07 08:00:00,37.76,38.04,37.6,37.74,925.07,0
2025-05-07 09:00:00,37.74,37.94,37.49,37.49,1301.552,0
2025-05-07 10:00:00,37.49,37.67,37.23,37.42,2057.547,0
2025-05-07 11:00:00,37.44,37.57,37.29,37.48,710.872,0
2025-05-07 12:00:00,37.49,38.27,37.49,38.17,5790.164,0
2025-05-07 13:00:00,38.17,38.5,37.93,38.29,5098.753,0
2025-05-07 14:00:00,38.29,38.67,37.76,38.49,3668.606,0
2025-05-07 15:00:00,38.43,38.75,37.82,38.32,7113.389,0
2025-05-07 16:00:00,38.33,38.94,38.0,38.67,11518.832,0
2025-05-07 17:00:00,38.63,39.5,38.51,39.11,7282.534,0
2025-05-07 18:00:00,39.14,40.5,39.02,40.0,34338.995,0
2025-05-07 19:00:00,40.01,40.38,39.04,39.8,9936.875,0
2025-05-07 20:00:00,39.83,40.32,39.72,40.07,6565.861,0
2025-05-07 21:00:00,40.09,40.99,40.06,40.94,7361.24,0
2025-05-07 22:00:00,40.97,41.3,40.56,40.86,4569.362,0
2025-05-07 23:00:00,40.87,40.94,40.31,40.49,3252.298,0
2025-05-08 00:00:00,40.49,40.66,40.23,40.55,3085.514,0
2025-05-08 01:00:00,40.56,40.74,40.12,40.15,2071.727,0
2025-05-08 02:00:00,40.18,40.74,40.18,40.48,1891.186,0
2025-05-08 03:00:00,40.47,40.61,40.28,40.47,2180.363,0
2025-05-08 04:00:00,40.46,40.83,40.36,40.54,1906.591,0
2025-05-08 05:00:00,40.52,40.84,40.47,40.8,1047.061,0
2025-05-08 06:00:00,40.79,40.87,40.58,40.61,653.035,0
2025-05-08 07:00:00,40.61,40.66,40.08,40.29,2309.93,0
2025-05-08 08:00:00,40.32,40.42,39.87,39.93,2573.29,0
2025-05-08 09:00:00,39.94,39.95,39.24,39.72,12051.199,0
2025-05-08 10:00:00,39.72,40.9,39.67,40.43,5590.039,0
2025-05-08 11:00:00,40.42,40.42,40.0,40.27,1347.769,0
2025-05-08 12:00:00,40.26,40.86,40.11,40.35,3029.668,0
2025-05-08 13:00:00,40.35,40.95,40.35,40.52,2708.57,0
2025-05-08 14:00:00,40.52,41.15,40.49,40.71,5504.326,0
2025-05-08 15:00:00,40.71,41.65,40.71,41.03,7984.208,0
2025-05-08 16:00:00,41.06,41.49,40.97,41.28,3062.732,0
2025-05-08 17:00:00,41.25,41.25,40.75,40.87,1884.576,0
2025-05-08 18:00:00,40.91,41.28,40.65,41.1,2559.411,0
2025-05-08 19:00:00,41.06,41.16,40.6,40.84,2154.954,0
2025-05-08 20:00:00,40.86,41.57,40.8,41.38,3088.268,0
2025-05-08 21:00:00,41.37,42.0,41.01,41.88,4402.391,0
2025-05-08 22:00:00,41.85,41.99,41.3,41.8,1790.72,0
2025-05-08 23:00:00,41.74,42.0,41.56,42.0,2020.614,0
2025-05-09 00:00:00,42.0,42.0,41.17,41.5,2402.627,0
2025-05-09 01:00:00,41.42,42.0,41.39,41.9,2021.055,0
2025-05-09 02:00:00,41.89,41.99,41.63,41.99,2102.129,0
2025-05-09 03:00:00,41.97,42.41,41.24,41.35,8387.569,0
2025-05-09 04:00:00,41.34,41.63,40.99,41.26,2329.68,0
2025-05-09 05:00:00,41.25,41.49,41.03,41.44,2462.802,0
2025-05-09 06:00:00,41.43,41.86,41.21,41.81,2081.246,0
2025-05-09 07:00:00,41.78,42.49,41.55,42.18,5284.781,0
2025-05-09 08:00:00,42.18,42.53,41.04,42.17,8587.408,0
2025-05-09 09:00:00,42.08,42.55,41.47,41.78,4756.2,0
2025-05-09 10:00:00,41.77,43.33,41.69,43.23,6516.826,0
2025-05-09 11:00:00,43.21,43.26,42.5,42.58,5910.37,0
2025-05-09 12:00:00,42.55,42.95,42.41,42.68,2803.911,0
2025-05-09 13:00:00,42.67,42.96,42.23,42.86,4109.696,0
2025-05-09 14:00:00,42.81,42.94,41.72,42.23,6224.843,0
2025-05-09 15:00:00,42.23,42.39,41.54,41.85,6311.306,0
2025-05-09 16:00:00,41.86,42.13,41.27,41.48,5277.751,0
2025-05-09 17:00:00,41.49,42.04,41.39,41.93,1005.895,0
2025-05-09 18:00:00,41.92,42.31,41.76,42.24,1927.923,0
2025-05-09 19:00:00,42.23,42.25,41.56,41.73,2559.693,0
2025-05-09 20:00:00,41.69,41.77,41.5,41.63,2071.82,0
2025-05-09 21:00:00,41.63,41.72,41.39,41.48,494.54,0
2025-05-09 22:00:00,41.56,42.18,41.56,41.93,998.817,0
2025-05-09 23:00:00,41.93,42.07,41.77,41.88,479.957,0
2025-05-10 00:00:00,41.88,43.89,41.87,42.42,16642.808,0
2025-05-10 01:00:00,42.43,43.06,42.43,42.62,950.298,0
2025-05-10 02:00:00,42.6,43.28,42.58,43.17,1237.003,0
2025-05-10 03:00:00,43.17,43.17,42.38,42.55,856.633,0
2025-05-10 04:00:00,42.56,42.67,42.33,42.42,1034.865,0
2025-05-10 05:00:00,42.4,42.63,42.38,42.4,662.05,0
2025-05-10 06:00:00,42.47,42.86,42.3,42.68,3790.868,0
2025-05-10 07:00:00,42.68,42.91,42.65,42.76,714.313,0
2025-05-10 08:00:00,42.75,42.95,42.25,42.34,1043.158,0
2025-05-10 09:00:00,42.4,42.6,42.09,42.57,1608.059,0
2025-05-10 10:00:00,42.56,42.56,42.04,42.04,829.527,0
2025-05-10 11:00:00,42.03,42.31,40.85,41.9,7751.745,0
2025-05-10 12:00:00,41.9,42.29,41.14,41.46,4335.599,0
2025-05-10 13:00:00,41.48,41.65,40.57,41.6,5693.152,0
2025-05-10 14:00:00,41.6,41.63,41.12,41.25,3222.161,0
2025-05-10 15:00:00,41.24,41.3,40.92,41.05,3532.36,0
2025-05-10 16:00:00,41.07,41.8,40.97,41.43,5663.304,0
2025-05-10 17:00:00,41.4,42.21,41.39,42.09,4240.505,0
2025-05-10 18:00:00,42.1,42.27,41.88,42.07,786.061,0
2025-05-10 19:00:00,42.09,42.1,41.69,41.92,1127.154,0
2025-05-10 20:00:00,41.96,42.27,41.82,42.11,530.797,0
2025-05-10 21:00:00,42.14,42.91,42.08,42.66,3211.305,0
2025-05-10 22:00:00,42.62,43.32,42.59,43.22,1292.687,0
2025-05-10 23:00:00,43.2,43.74,43.1,43.59,1958.814,0
2025-05-11 00:00:00,43.61,43.88,42.46,43.26,4133.672,0
2025-05-11 01:00:00,43.23,43.32,42.26,42.63,2380.371,0
2025-05-11 02:00:00,42.66,43.17,42.33,42.59,1697.335,0
2025-05-11 03:00:00,42.6,43.5,42.5,42.73,7751.898,0
2025-05-11 04:00:00,42.73,43.04,42.56,43.04,1648.235,0
2025-05-11 05:00:00,43.01,43.61,42.75,42.76,2095.571,0
2025-05-11 06:00:00,42.74,42.88,42.31,42.68,2962.969,0
2025-05-11 07:00:00,42.66,42.71,41.34,41.66,3383.66,0
2025-05-11 08:00:00,41.77,42.14,41.57,41.77,1095.881,0
2025-05-11 09:00:00,41.78,42.35,41.77,42.17,552.004,0
2025-05-11 10:00:00,42.13,43.24,42.05,43.24,3061.423,0
2025-05-11 11:00:00,43.25,43.35,42.2,42.73,3526.415,0
2025-05-11 12:00:00,42.62,43.04,42.6,42.93,2101.596,0
2025-05-11 13:00:00,42.86,42.92,41.74,41.77,1963.469,0
2025-05-11 14:00:00,41.75,42.4,41.63,42.16,1391.984,0
2025-05-11 15:00:00,42.25,42.65,41.65,41.93,1170.52,0
2025-05-11 16:00:00,41.99,42.04,41.44,41.62,2094.496,0
2025-05-11 17:00:00,41.63,42.34,41.38,42.18,1456.776,0
2025-05-11 18:00:00,42.22,43.0,41.71,42.19,5756.034,0
2025-05-11 19:00:00,42.32,42.36,42.14,42.27,554.514,0
2025-05-11 20:00:00,42.23,44.87,41.85,44.46,12558.843,0
2025-05-11 21:00:00,44.48,45.0,44.07,45.0,12722.311,0
2025-05-11 22:00:00,44.99,45.83,44.8,45.22,8920.786,0
2025-05-11 23:00:00,45.25,45.47,45.02,45.23,2394.334,0
2025-05-12 00:00:00,45.18,45.45,44.99,45.03,1447.43,0
2025-05-12 01:00:00,45.08,45.86,44.66,44.97,3436.6,0
2025-05-12 02:00:00,45.0,45.11,44.05,44.4,3073.643,0
2025-05-12 03:00:00,44.32,44.53,44.04,44.49,977.641,0
2025-05-12 04:00:00,44.5,44.57,44.01,44.39,1692.65,0
2025-05-12 05:00:00,44.34,44.43,43.7,44.01,3050.679,0
2025-05-12 06:00:00,44.0,44.35,43.87,44.25,897.805,0
2025-05-12 07:00:00,44.26,45.11,44.25,44.54,5544.963,0
2025-05-12 08:00:00,44.53,44.82,43.92,44.79,2371.417,0
2025-05-12 09:00:00,44.78,44.79,44.41,44.49,753.51,0
2025-05-12 10:00:00,44.53,44.54,44.07,44.26,1704.681,0
2025-05-12 11:00:00,44.26,44.26,43.37,43.57,3584.524,0
2025-05-12 12:00:00,43.5,43.74,43.12,43.55,3290.113,0
2025-05-12 13:00:00,43.57,44.14,43.23,43.74,2097.396,0
2025-05-12 14:00:00,43.74,44.12,42.96,43.26,4147.888,0
2025-05-12 15:00:00,43.29,43.58,42.87,43.01,3076.714,0
2025-05-12 16:00:00,43.05,43.95,42.57,43.59,4945.965,0
2025-05-12 17:00:00,43.59,43.94,43.21,43.43,1374.805,0
2025-05-12 18:00:00,43.4,43.62,41.57,42.33,4283.635,0
2025-05-12 19:00:00,42.33,42.85,42.33,42.79,1274.12,0
2025-05-12 20:00:00,42.79,43.94,42.51,43.35,5547.922,0
2025-05-12 21:00:00,43.33,43.81,43.26,43.76,2022.964,0
2025-05-12 22:00:00,43.69,44.25,43.55,44.17,3053.863,0
2025-05-12 23:00:00,44.17,44.61,44.15,44.46,2971.14,0
2025-05-13 00:00:00,44.44,44.45,43.91,43.91,1637.57,0
2025-05-13 01:00:00,43.96,44.35,43.41,43.7,1776.319,0
2025-05-13 02:00:00,43.68,43.92,41.97,42.38,4926.864,0
2025-05-13 03:00:00,42.45,42.58,41.81,42.09,1726.136,0
2025-05-13 04:00:00,42.11,43.29,42.1,43.12,1032.07,0
2025-05-13 05:00:00,43.08,43.26,42.91,43.18,721.404,0
2025-05-13 06:00:00,43.22,43.25,42.73,42.79,1553.186,0
2025-05-13 07:00:00,42.8,43.12,42.73,42.82,1495.884,0
2025-05-13 08:00:00,42.81,42.92,42.31,42.69,1944.652,0
2025-05-13 09:00:00,42.71,43.23,42.71,43.16,2100.626,0
2025-05-13 10:00:00,43.17,43.22,42.37,42.61,2152.823,0
2025-05-13 11:00:00,42.6,43.04,42.48,42.74,2278.75,0
2025-05-13 12:00:00,42.78,42.78,42.05,42.23,3411.053,0
2025-05-13 13:00:00,42.22,43.2,42.21,42.68,3625.667,0
2025-05-13 14:00:00,42.67,42.71,41.62,41.86,2365.744,0
2025-05-13 15:00:00,41.81,42.4,41.81,42.37,1616.481,0
2025-05-13 16:00:00,42.34,43.2,42.34,42.81,3297.225,0
2025-05-13 17:00:00,42.84,43.66,42.8,43.24,2677.554,0
2025-05-13 18:00:00,43.24,43.44,42.99,43.18,2514.665,0
2025-05-13 19:00:00,43.19,43.8,43.11,43.5,2261.153,0
2025-05-13 20:00:00,43.48,43.6,43.25,43.48,618.553,0
2025-05-13 21:00:00,43.55,43.72,43.06,43.23,1934.348,0
2025-05-13 22:00:00,43.29,43.59,42.82,43.56,2586.428,0
2025-05-13 23:00:00,43.53,43.77,43.36,43.52,1371.3,0
2025-05-14 00:00:00,43.5,43.53,43.02,43.39,1510.513,0
2025-05-14 01:00:00,43.38,43.72,43.22,43.42,1899.066,0
2025-05-14 02:00:00,43.38,43.81,42.86,43.62,2898.418,0
2025-05-14 03:00:00,43.66,43.8,43.31,43.8,2754.9,0
2025-05-14 04:00:00,43.79,43.79,43.15,43.53,2073.639,0
2025-05-14 05:00:00,43.52,43.64,43.4,43.48,540.013,0
2025-05-14 06:00:00,43.43,43.52,43.13,43.31,728.012,0
2025-05-14 07:00:00,43.31,43.31,42.67,43.09,3393.433,0
2025-05-14 08:00:00,43.09,43.25,42.18,42.22,3377.866,0
2025-05-14 09:00:00,42.21,42.5,41.91,42.45,2332.158,0
2025-05-14 10:00:00,42.43,42.82,42.39,42.64,485.705,0
2025-05-14 11:00:00,42.59,42.82,42.57,42.66,931.212,0
2025-05-14 12:00:00,42.65,42.98,42.01,42.11,3074.075,0
2025-05-14 13:00:00,42.11,42.2,41.34,41.89,2470.99,0
2025-05-14 14:00:00,41.9,41.92,41.36,41.5,1040.538,0
2025-05-14 15:00:00,41.42,41.57,41.04,41.52,2271.452,0
2025-05-14 16:00:00,41.56,41.56,41.05,41.26,1637.572,0
2025-05-14 17:00:00,41.21,41.24,40.72,41.2,1797.788,0
2025-05-14 18:00:00,41.19,41.57,40.48,41.44,9783.615,0
2025-05-14 19:00:00,41.45,42.15,41.22,41.78,2845.972,0
2025-05-14 20:00:00,41.76,42.2,41.54,41.7,5149.036,0
2025-05-14 21:00:00,41.66,42.24,41.47,42.2,1609.634,0
2025-05-14 22:00:00,42.15,42.27,41.95,42.08,878.519,0
2025-05-14 23:00:00,42.07,42.26,41.94,42.0,1000.56,0
2025-05-15 00:00:00,42.01,42.39,41.95,42.31,1015.347,0
2025-05-15 01:00:00,42.3,42.3,41.38,41.54,1480.461,0
2025-05-15 02:00:00,41.48,41.86,41.38,41.75,669.241,0
2025-05-15 03:00:00,41.77,41.8,40.16,40.88,9068.613,0
2025-05-15 04:00:00,40.91,41.51,40.83,41.39,1096.101,0
2025-05-15 05:00:00,41.35,41.41,40.73,40.83,756.989,0
2025-05-15 06:00:00,40.9,41.06,40.38,40.78,1351.976,0
2025-05-15 07:00:00,40.76,40.86,39.87,39.93,4552.128,0
2025-05-15 08:00:00,39.92,41.29,39.91,41.05,5444.184,0
2025-05-15 09:00:00,41.04,41.09,40.1,40.45,3098.104,0
2025-05-15 10:00:00,40.46,40.48,39.99,40.33,2066.59,0
2025-05-15 11:00:00,40.31,40.54,40.23,40.48,1670.753,0
2025-05-15 12:00:00,40.43,40.76,40.3,40.44,1938.427,0
2025-05-15 13:00:00,40.42,40.77,39.86,40.36,4391.465,0
2025-05-15 14:00:00,40.42,40.93,39.77,40.53,7603.692,0
2025-05-15 15:00:00,40.52,41.83,40.49,41.63,8709.027,0
2025-05-15 16:00:00,41.55,42.69,41.39,42.61,8261.222,0
2025-05-15 17:00:00,42.66,42.76,42.38,42.39,2251.395,0
2025-05-15 18:00:00,42.4,42.68,41.65,42.04,4122.266,0
2025-05-15 19:00:00,42.02,42.82,41.87,42.7,3721.28,0
2025-05-15 20:00:00,42.65,42.88,42.13,42.18,3197.788,0
2025-05-15 21:00:00,42.13,42.18,41.44,41.85,4204.102,0
2025-05-15 22:00:00,41.88,42.14,41.59,41.59,746.02,0
2025-05-15 23:00:00,41.58,42.05,41.13,41.8,1431.336,0
2025-05-16 00:00:00,41.79,42.21,41.63,41.72,1034.397,0
2025-05-16 01:00:00,41.7,41.82,41.29,41.52,1701.487,0
2025-05-16 02:00:00,41.57,41.99,41.37,41.77,2119.348,0
2025-05-16 03:00:00,41.73,42.13,41.61,42.02,433.893,0
2025-05-16 04:00:00,41.98,42.05,41.58,41.8,632.499,0
2025-05-16 05:00:00,41.85,42.14,41.84,42.09,609.859,0
2025-05-16 06:00:00,42.07,42.26,41.78,42.12,666.563,0
2025-05-16 07:00:00,42.13,42.28,41.81,41.86,1934.644,0
2025-05-16 08:00:00,41.88,42.15,41.25,41.59,777.933,0
2025-05-16 09:00:00,41.63,42.07,41.58,42.06,1096.933,0
2025-05-16 10:00:00,42.03,42.2,41.78,42.13,928.887,0
2025-05-16 11:00:00,42.13,42.2,41.64,41.76,1532.379,0
2025-05-16 12:00:00,41.72,41.76,41.33,41.4,433.528,0
2025-05-16 13:00:00,41.38,41.58,41.08,41.33,1256.139,0
2025-05-16 14:00:00,41.31,41.34,40.86,40.98,1349.032,0
2025-05-16 15:00:00,41.03,41.28,41.0,41.24,660.042,0
2025-05-16 16:00:00,41.28,41.4,40.79,41.23,950.964,0
2025-05-16 17:00:00,41.24,41.35,40.6,40.69,1936.619,0
2025-05-16 18:00:00,40.69,41.0,40.69,40.83,251.367,0
2025-05-16 19:00:00,40.83,41.16,40.66,41.0,1225.801,0
2025-05-16 20:00:00,40.96,41.28,40.81,40.95,1851.207,0
2025-05-16 21:00:00,40.94,41.0,40.51,40.59,2696.609,0
2025-05-16 22:00:00,40.55,40.66,40.24,40.36,1164.956,0
2025-05-16 23:00:00,40.39,40.71,40.36,40.36,181.742,0
2025-05-17 00:00:00,40.37,40.42,40.1,40.23,2037.925,0
2025-05-17 01:00:00,40.14,40.28,39.7,39.88,6993.97,0
2025-05-17 02:00:00,39.87,40.3,39.67,40.15,695.547,0
2025-05-17 03:00:00,40.17,40.24,39.77,40.18,450.09,0
2025-05-17 04:00:00,40.16,40.33,40.06,40.25,450.242,0
2025-05-17 05:00:00,40.25,40.25,39.95,39.99,707.773,0
2025-05-17 06:00:00,40.0,40.29,40.0,40.14,833.272,0
2025-05-17 07:00:00,40.12,40.27,39.89,39.99,1648.954,0
2025-05-17 08:00:00,40.0,40.15,39.78,39.82,2215.62,0
2025-05-17 09:00:00,39.83,40.09,39.72,39.99,1639.934,0
2025-05-17 10:00:00,39.95,40.83,39.92,40.51,3324.761,0
2025-05-17 11:00:00,40.5,41.25,40.37,40.8,6239.618,0
2025-05-17 12:00:00,40.8,41.41,40.66,41.24,4375.555,0
2025-05-17 13:00:00,41.23,41.55,40.84,41.11,2423.916,0
2025-05-17 14:00:00,41.11,41.72,41.02,41.15,3326.716,0
2025-05-17 15:00:00,41.15,41.29,40.75,40.86,2537.184,0
2025-05-17 16:00:00,40.88,40.94,40.25,40.49,1067.967,0
2025-05-17 17:00:00,40.5,40.7,40.3,40.32,3257.533,0
2025-05-17 18:00:00,40.31,40.69,40.3,40.39,505.907,0
2025-05-17 19:00:00,40.39,40.69,40.31,40.35,328.365,0
2025-05-17 20:00:00,40.37,40.71,40.09,40.65,1396.703,0
2025-05-17 21:00:00,40.64,40.95,40.53,40.74,807.186,0
2025-05-17 22:00:00,40.68,40.68,40.17,40.33,563.036,0
2025-05-17 23:00:00,40.3,40.59,40.22,40.48,1059.966,0
2025-05-18 00:00:00,40.47,40.67,40.25,40.64,520.89,0
2025-05-18 01:00:00,40.63,40.72,40.57,40.66,864.42,0
2025-05-18 02:00:00,40.67,40.73,40.54,40.54,490.099,0
2025-05-18 03:00:00,40.51,40.77,40.36,40.54,412.643,0
2025-05-18 04:00:00,40.56,40.67,40.27,40.58,950.136,0
2025-05-18 05:00:00,40.6,40.83,40.57,40.72,662.145,0
2025-05-18 06:00:00,40.72,40.74,40.4,40.45,1050.077,0
2025-05-18 07:00:00,40.42,41.0,40.41,40.8,2371.851,0
2025-05-18 08:00:00,40.78,41.13,40.78,41.02,1626.054,0
2025-05-18 09:00:00,41.04,41.14,40.86,40.92,447.582,0
2025-05-18 10:00:00,40.94,41.15,40.9,41.05,888.43,0
2025-05-18 11:00:00,41.05,41.2,40.81,40.84,1169.586,0
2025-05-18 12:00:00,40.83,40.97,40.78,40.93,1067.149,0
2025-05-18 13:00:00,40.94,41.26,40.88,41.23,1813.953,0
2025-05-18 14:00:00,41.23,42.27,41.05,41.74,5193.131,0
2025-05-18 15:00:00,41.75,42.14,41.62,42.05,2382.407,0
2025-05-18 16:00:00,42.06,42.1,41.74,41.94,839.825,0
2025-05-18 17:00:00,41.89,41.9,41.34,41.35,4870.67,0
2025-05-18 18:00:00,41.34,41.35,40.58,40.93,3532.574,0
2025-05-18 19:00:00,40.89,41.02,40.09,40.1,1993.355,0
2025-05-18 20:00:00,40.08,40.44,39.59,40.38,2463.365,0
2025-05-18 21:00:00,40.43,40.82,40.32,40.64,2294.652,0
2025-05-18 22:00:00,40.64,41.03,40.49,41.02,1371.968,0
2025-05-18 23:00:00,40.98,41.53,40.77,41.41,1737.141,0
2025-05-19 00:00:00,41.42,41.47,40.61,40.67,1240.791,0
2025-05-19 01:00:00,40.65,40.73,40.12,40.13,1807.167,0
2025-05-19 02:00:00,40.14,40.19,39.77,39.91,762.293,0
2025-05-19 03:00:00,39.9,39.97,39.44,39.61,1612.374,0
2025-05-19 04:00:00,39.62,39.95,39.27,39.37,1456.931,0
2025-05-19 05:00:00,39.33,39.51,39.27,39.4,1525.299,0
2025-05-19 06:00:00,39.4,39.71,38.99,39.01,3612.871,0
2025-05-19 07:00:00,39.01,39.6,39.01,39.54,1279.46,0
2025-05-19 08:00:00,39.55,39.74,39.22,39.73,2259.041,0
2025-05-19 09:00:00,39.71,40.28,39.62,39.93,5118.9,0
2025-05-19 10:00:00,39.96,40.45,39.87,40.33,4753.881,0
2025-05-19 11:00:00,40.29,40.4,40.17,40.32,1391.501,0
2025-05-19 12:00:00,40.32,40.41,39.98,40.15,2485.157,0
2025-05-19 13:00:00,40.16,40.66,40.11,40.63,2230.797,0
2025-05-19 14:00:00,40.59,40.94,40.59,40.74,1690.268,0
2025-05-19 15:00:00,40.75,41.18,40.58,41.13,3037.732,0
2025-05-19 16:00:00,41.11,41.17,40.69,40.8,2139.578,0
2025-05-19 17:00:00,40.83,40.92,40.68,40.77,2316.278,0
2025-05-19 18:00:00,40.79,40.81,40.53,40.7,984.157,0
2025-05-19 19:00:00,40.69,40.69,40.55,40.64,817.162,0
2025-05-19 20:00:00,40.62,40.87,40.58,40.69,586.813,0
2025-05-19 21:00:00,40.71,40.76,40.5,40.71,409.76,0
2025-05-19 22:00:00,40.72,40.75,40.55,40.55,724.612,0
2025-05-19 23:00:00,40.59,40.78,40.4,40.68,1582.32,0
2025-05-20 00:00:00,40.75,40.95,40.49,40.56,1996.189,0
2025-05-20 01:00:00,40.55,40.97,40.5,40.96,652.358,0
2025-05-20 02:00:00,40.92,41.2,40.82,40.86,975.883,0
2025-05-20 03:00:00,40.88,40.93,40.6,40.66,522.513,0
2025-05-20 04:00:00,40.67,40.71,40.5,40.61,295.64,0
2025-05-20 05:00:00,40.62,40.7,40.48,40.48,303.189,0
2025-05-20 06:00:00,40.53,40.55,40.17,40.3,532.247,0
2025-05-20 07:00:00,40.31,40.31,39.98,40.1,796.052,0
2025-05-20 08:00:00,40.09,40.24,39.98,40.16,1875.328,0
2025-05-20 09:00:00,40.15,40.21,39.91,40.09,884.471,0
2025-05-20 10:00:00,40.0,40.05,39.55,39.67,1109.965,0
2025-05-20 11:00:00,39.64,40.16,39.32,39.98,6547.389,0
2025-05-20 12:00:00,39.97,40.16,39.9,39.99,2048.456,0
2025-05-20 13:00:00,40.01,40.17,39.91,40.06,2221.322,0
2025-05-20 14:00:00,40.06,40.18,39.91,40.04,528.843,0
2025-05-20 15:00:00,40.06,40.17,39.95,39.97,2003.119,0
2025-05-20 16:00:00,40.0,40.23,39.96,40.01,453.409,0
2025-05-20 17:00:00,39.99,40.31,39.98,40.04,1490.483,0
2025-05-20 18:00:00,40.05,40.13,39.87,40.0,2194.7,0
2025-05-20 19:00:00,40.01,40.32,39.67,40.18,3710.066,0
2025-05-20 20:00:00,40.22,40.71,40.18,40.67,1529.086,0
2025-05-20 21:00:00,40.71,41.0,40.61,40.91,1204.917,0
2025-05-20 22:00:00,40.86,41.2,40.69,41.13,1049.341,0
2025-05-20 23:00:00,41.13,41.22,41.02,41.18,827.361,0
2025-05-21 00:00:00,41.18,41.24,40.79,41.0,900.012,0
2025-05-21 01:00:00,41.0,41.54,40.91,41.06,2737.35,0
2025-05-21 02:00:00,41.04,41.37,40.78,41.33,926.995,0
2025-05-21 03:00:00,41.3,41.5,41.29,41.5,573.044,0
2025-05-21 04:00:00,41.5,41.78,41.22,41.27,2427.021,0
2025-05-21 05:00:00,41.25,41.8,41.23,41.46,1895.518,0
2025-05-21 06:00:00,41.4,41.77,41.38,41.61,750.818,0
2025-05-21 07:00:00,41.59,41.72,41.1,41.29,1257.877,0
2025-05-21 08:00:00,41.28,41.43,41.06,41.08,1031.117,0
2025-05-21 09:00:00,41.12,41.19,40.77,40.87,719.36,0
2025-05-21 10:00:00,40.89,41.1,40.86,41.0,1481.503,0
2025-05-21 11:00:00,41.02,41.34,41.0,41.24,977.371,0
2025-05-21 12:00:00,41.23,41.38,40.95,41.06,1465.949,0
2025-05-21 13:00:00,41.05,41.49,40.86,41.23,2837.152,0
2025-05-21 14:00:00,41.25,41.62,41.11,41.59,3200.298,0
2025-05-21 15:00:00,41.57,41.81,41.45,41.69,7132.909,0
2025-05-21 16:00:00,41.68,42.05,41.63,41.9,1490.591,0
2025-05-21 17:00:00,41.88,41.97,40.8,41.07,1853.816,0
2025-05-21 18:00:00,41.07,41.7,40.95,41.64,2869.889,0
2025-05-21 19:00:00,41.63,42.08,41.5,42.01,1165.46,0
2025-05-21 20:00:00,42.0,42.07,41.75,41.96,1083.296,0
2025-05-21 21:00:00,41.96,42.44,41.88,42.1,1533.205,0
2025-05-21 22:00:00,42.08,42.25,42.04,42.12,526.895,0
2025-05-21 23:00:00,42.12,43.6,42.07,42.96,7805.73,0
2025-05-22 00:00:00,42.89,43.07,42.83,42.99,4208.116,0
2025-05-22 01:00:00,43.01,43.07,42.9,42.97,912.674,0
2025-05-22 02:00:00,43.02,43.39,42.92,43.23,744.711,0
2025-05-22 03:00:00,43.17,43.47,43.07,43.46,838.835,0
2025-05-22 04:00:00,43.46,43.63,43.36,43.57,650.918,0
2025-05-22 05:00:00,43.57,43.57,43.13,43.16,606.061,0
2025-05-22 06:00:00,43.15,43.62,43.08,43.3,1470.564,0
2025-05-22 07:00:00,43.29,43.89,43.28,43.48,1299.938,0
2025-05-22 08:00:00,43.46,43.62,43.15,43.29,2092.025,0
2025-05-22 09:00:00,43.27,43.4,43.05,43.15,2648.814,0
2025-05-22 10:00:00,43.15,43.39,43.09,43.16,1623.85,0
2025-05-22 11:00:00,43.15,44.58,43.02,44.21,3699.278,0
2025-05-22 12:00:00,44.27,44.73,44.05,44.45,5519.544,0
2025-05-22 13:00:00,44.45,45.49,43.93,45.39,5843.162,0
2025-05-22 14:00:00,45.4,47.07,45.25,46.92,9059.595,0
2025-05-22 15:00:00,46.94,47.47,46.13,47.26,7757.693,0
2025-05-22 16:00:00,47.26,48.61,47.2,48.31,11255.482,0
2025-05-22 17:00:00,48.34,50.09,48.12,49.96,16943.493,0
2025-05-22 18:00:00,49.97,51.0,48.71,49.04,21264.758,0
2025-05-22 19:00:00,49.04,50.15,49.03,49.73,8834.753,0
2025-05-22 20:00:00,49.71,50.15,48.21,48.54,6408.895,0
2025-05-22 21:00:00,48.54,49.23,48.42,48.93,3255.175,0
2025-05-22 22:00:00,48.93,49.31,48.24,48.28,2472.543,0
2025-05-22 23:00:00,48.3,49.12,48.1,48.97,2257.173,0
2025-05-23 00:00:00,48.98,50.1,48.98,49.98,9055.4,0
2025-05-23 01:00:00,49.94,50.65,49.42,50.28,6401.529,0
2025-05-23 02:00:00,50.27,50.53,49.41,49.62,3032.958,0
2025-05-23 03:00:00,49.65,49.81,49.39,49.67,1111.418,0
2025-05-23 04:00:00,49.64,49.83,49.09,49.68,2923.986,0
2025-05-23 05:00:00,49.67,50.19,48.77,48.91,4184.213,0
2025-05-23 06:00:00,48.92,49.18,48.17,48.59,4924.674,0
2025-05-23 07:00:00,48.59,48.74,47.79,47.8,2373.648,0
2025-05-23 08:00:00,47.8,48.4,47.78,48.38,2047.837,0
2025-05-23 09:00:00,48.36,48.49,48.17,48.24,1470.056,0
2025-05-23 10:00:00,48.25,48.25,47.9,48.04,856.378,0
2025-05-23 11:00:00,48.04,48.12,47.03,47.47,7407.51,0
2025-05-23 12:00:00,47.53,48.41,47.09,48.38,9464.527,0
2025-05-23 13:00:00,48.39,49.06,47.95,48.92,5113.491,0
2025-05-23 14:00:00,48.98,49.13,48.37,48.67,2519.893,0
2025-05-23 15:00:00,48.66,48.73,47.88,48.28,2994.626,0
2025-05-23 16:00:00,48.28,48.47,47.8,48.19,907.314,0
2025-05-23 17:00:00,48.25,48.57,48.22,48.49,631.258,0
2025-05-23 18:00:00,48.51,48.51,47.95,47.96,660.385,0
2025-05-23 19:00:00,47.92,48.32,47.81,47.93,977.326,0
2025-05-23 20:00:00,47.93,47.94,47.42,47.53,1766.693,0
2025-05-23 21:00:00,47.47,47.74,47.36,47.44,626.496,0
2025-05-23 22:00:00,47.47,47.67,47.13,47.2,2096.36,0
2025-05-23 23:00:00,47.17,47.25,46.57,46.91,2882.078,0
2025-05-24 00:00:00,46.92,47.15,46.63,46.71,769.413,0
2025-05-24 01:00:00,46.68,46.78,46.42,46.44,1153.062,0
2025-05-24 02:00:00,46.46,47.72,46.42,47.46,1973.92,0
2025-05-24 03:00:00,47.42,47.69,47.21,47.35,480.457,0
2025-05-24 04:00:00,47.33,47.89,47.21,47.5,1202.406,0
2025-05-24 05:00:00,47.5,47.5,47.03,47.41,593.867,0
2025-05-24 06:00:00,47.41,47.54,46.98,47.24,636.671,0
2025-05-24 07:00:00,47.25,47.58,47.22,47.35,966.315,0
2025-05-24 08:00:00,47.35,47.62,47.1,47.6,432.164,0
2025-05-24 09:00:00,47.59,47.67,47.07,47.2,548.215,0
2025-05-24 10:00:00,47.25,47.94,47.15,47.93,702.377,0
2025-05-24 11:00:00,47.87,48.0,47.6,47.61,501.534,0
2025-05-24 12:00:00,47.64,47.77,46.71,46.82,2731.364,0
2025-05-24 13:00:00,46.79,47.43,46.58,47.14,3874.074,0
2025-05-24 14:00:00,47.15,47.63,47.15,47.56,599.723,0
2025-05-24 15:00:00,47.55,47.94,47.38,47.65,1501.55,0
2025-05-24 16:00:00,47.55,47.99,47.39,47.94,676.968,0
2025-05-24 17:00:00,47.93,48.06,47.57,47.57,764.726,0
2025-05-24 18:00:00,47.55,47.76,47.5,47.67,1284.861,0
2025-05-24 19:00:00,47.78,49.0,47.78,48.87,2984.578,0
2025-05-24 20:00:00,48.82,49.71,48.49,49.56,2973.838,0
2025-05-24 21:00:00,49.55,49.72,48.77,49.5,3319.19,0
2025-05-24 22:00:00,49.38,49.75,49.29,49.46,3422.788,0
2025-05-24 23:00:00,49.45,49.59,49.31,49.49,2766.244,0
2025-05-25 00:00:00,49.52,49.67,48.56,48.66,2282.844,0
2025-05-25 01:00:00,48.63,49.99,48.45,48.85,13812.522,0
2025-05-25 02:00:00,48.83,49.35,48.63,49.28,558.627,0
2025-05-25 03:00:00,49.3,49.3,48.77,49.06,734.117,0
2025-05-25 04:00:00,49.03,49.03,48.65,48.79,663.292,0
2025-05-25 05:00:00,48.75,48.76,48.48,48.62,388.066,0
2025-05-25 06:00:00,48.63,48.79,48.45,48.5,565.223,0
2025-05-25 07:00:00,48.48,48.48,48.14,48.24,781.125,0
2025-05-25 08:00:00,48.29,48.57,47.57,48.24,2224.989,0
2025-05-25 09:00:00,48.2,48.2,47.07,47.5,1128.312,0
2025-05-25 10:00:00,47.52,47.52,47.01,47.24,1605.302,0
2025-05-25 11:00:00,47.25,47.65,46.8,47.53,2849.753,0
2025-05-25 12:00:00,47.53,48.62,47.25,48.14,4687.36,0
2025-05-25 13:00:00,48.2,49.07,48.07,48.89,1884.175,0
2025-05-25 14:00:00,48.83,49.21,48.55,49.12,2669.887,0
2025-05-25 15:00:00,49.12,52.0,48.87,51.5,25685.611,0
2025-05-25 16:00:00,51.5,52.0,50.44,51.51,17917.935,0
2025-05-25 17:00:00,51.53,51.82,50.66,50.97,11932.72,0
2025-05-25 18:00:00,50.97,51.63,50.66,51.34,3404.681,0
2025-05-25 19:00:00,51.32,52.0,51.21,51.92,9083.638,0
2025-05-25 20:00:00,51.91,52.1,51.51,51.87,6722.108,0
2025-05-25 21:00:00,51.86,53.0,51.44,52.87,14590.219,0
2025-05-25 22:00:00,52.86,54.94,52.76,54.86,17232.119,0
2025-05-25 23:00:00,54.87,55.0,53.87,54.58,5759.419,0
2025-05-26 00:00:00,54.63,56.79,54.54,56.27,19314.84,0
2025-05-26 01:00:00,56.23,56.54,54.29,54.41,12087.496,0
2025-05-26 02:00:00,54.35,54.76,50.41,51.64,16800.717,0
2025-05-26 03:00:00,51.6,52.07,51.15,51.48,4255.775,0
2025-05-26 04:00:00,51.48,52.14,51.36,51.79,1974.473,0
2025-05-26 05:00:00,51.77,51.96,50.43,51.58,5595.541,0
2025-05-26 06:00:00,51.59,52.08,51.37,51.41,3296.617,0
2025-05-26 07:00:00,51.43,52.29,51.43,51.72,3809.779,0
2025-05-26 08:00:00,51.7,51.98,51.55,51.56,3392.326,0
2025-05-26 09:00:00,51.58,52.08,51.47,52.0,1581.454,0
2025-05-26 10:00:00,52.0,52.58,51.79,52.36,6027.039,0
2025-05-26 11:00:00,52.37,53.41,52.34,53.1,10344.646,0
2025-05-26 12:00:00,53.1,53.91,52.34,53.73,8326.257,0
2025-05-26 13:00:00,53.73,54.28,53.17,54.0,6453.11,0
2025-05-26 14:00:00,53.99,54.0,52.9,53.38,7485.276,0
2025-05-26 15:00:00,53.38,53.98,53.12,53.93,3588.16,0
2025-05-26 16:00:00,53.93,54.65,53.6,54.21,4738.27,0
2025-05-26 17:00:00,54.2,54.28,52.8,53.49,4313.134,0
2025-05-26 18:00:00,53.49,54.45,53.49,53.99,4008.314,0
2025-05-26 19:00:00,54.01,55.23,53.79,55.05,4554.652,0
2025-05-26 20:00:00,55.08,55.21,54.5,54.51,4057.845,0
2025-05-26 21:00:00,54.48,54.78,53.92,54.57,2634.277,0
2025-05-26 22:00:00,54.59,54.61,54.04,54.11,1019.915,0
2025-05-26 23:00:00,54.12,54.48,53.84,54.33,980.102,0
2025-05-27 00:00:00,54.33,54.7,53.8,53.89,1194.607,0
2025-05-27 01:00:00,53.87,54.04,53.5,53.58,1972.934,0
2025-05-27 02:00:00,53.6,53.64,53.09,53.32,2668.195,0
2025-05-27 03:00:00,53.33,53.77,53.31,53.77,924.5,0
2025-05-27 04:00:00,53.77,53.89,53.31,53.41,1319.19,0
2025-05-27 05:00:00,53.38,53.77,52.97,53.05,1587.664,0
2025-05-27 06:00:00,53.04,53.48,52.59,52.7,1805.486,0
2025-05-27 07:00:00,52.7,54.95,52.66,54.22,6021.226,0
2025-05-27 08:00:00,54.2,54.52,53.28,53.51,2515.734,0
2025-05-27 09:00:00,53.51,54.15,53.17,54.12,1729.794,0
2025-05-27 10:00:00,54.06,54.5,53.47,53.54,1661.254,0
2025-05-27 11:00:00,53.54,53.6,52.98,53.16,1514.164,0
2025-05-27 12:00:00,53.15,53.3,52.91,53.03,1871.575,0
2025-05-27 13:00:00,53.03,54.83,52.97,54.75,7759.863,0
2025-05-27 14:00:00,54.78,55.02,53.08,53.48,4960.86,0
2025-05-27 15:00:00,53.44,54.22,53.0,53.62,6666.428,0
2025-05-27 16:00:00,53.59,53.59,52.85,53.2,2389.807,0
2025-05-27 17:00:00,53.2,55.73,53.11,54.07,10083.386,0
2025-05-27 18:00:00,54.07,55.35,54.06,54.28,14658.759,0
2025-05-27 19:00:00,54.25,55.91,54.24,55.5,4229.955,0
2025-05-27 20:00:00,55.51,56.17,53.42,54.72,13333.979,0
2025-05-27 21:00:00,54.62,54.81,50.79,52.37,17418.676,0
2025-05-27 22:00:00,52.35,52.6,51.67,51.87,2574.699,0
2025-05-27 23:00:00,51.89,52.1,50.97,51.89,7547.578,0
2025-05-28 00:00:00,51.88,52.76,51.38,52.27,2918.255,0
2025-05-28 01:00:00,52.25,53.12,52.16,52.6,2215.114,0
2025-05-28 02:00:00,52.6,52.66,52.01,52.17,1938.665,0
2025-05-28 03:00:00,52.15,53.59,52.0,53.25,2590.855,0
2025-05-28 04:00:00,53.32,53.4,52.6,52.83,1832.949,0
2025-05-28 05:00:00,52.81,53.83,52.79,53.46,1757.71,0
2025-05-28 06:00:00,53.44,53.81,52.32,52.58,4676.516,0
2025-05-28 07:00:00,52.57,52.65,50.67,51.34,3839.58,0
2025-05-28 08:00:00,51.32,51.32,50.32,50.97,2533.192,0
2025-05-28 09:00:00,50.94,51.0,50.1,50.45,2789.341,0
2025-05-28 10:00:00,50.45,50.56,50.07,50.38,2702.847,0
2025-05-28 11:00:00,50.39,51.21,50.35,50.47,1010.722,0
2025-05-28 12:00:00,50.48,51.39,50.42,50.69,1826.01,0
2025-05-28 13:00:00,50.72,52.71,50.63,51.13,7851.497,0
2025-05-28 14:00:00,51.12,51.24,50.15,50.46,8242.11,0
2025-05-28 15:00:00,50.41,51.76,50.37,50.93,4475.589,0
2025-05-28 16:00:00,50.74,52.95,50.64,52.69,7272.027,0
2025-05-28 17:00:00,52.69,54.94,52.61,53.89,14938.36,0
2025-05-28 18:00:00,53.88,53.95,51.48,51.51,6282.343,0
2025-05-28 19:00:00,51.51,52.0,51.01,51.29,2033.744,0
2025-05-28 20:00:00,51.27,51.97,51.15,51.54,1037.737,0
2025-05-28 21:00:00,51.48,52.93,51.47,52.8,1073.218,0
2025-05-28 22:00:00,52.79,53.57,52.39,53.19,2457.594,0
2025-05-28 23:00:00,53.21,53.81,53.03,53.28,1768.69,0
2025-05-29 00:00:00,53.29,53.74,53.29,53.51,1178.039,0
2025-05-29 01:00:00,53.51,54.61,53.16,53.61,3988.605,0
2025-05-29 02:00:00,53.6,53.96,53.04,53.46,2734.543,0
2025-05-29 03:00:00,53.5,53.79,53.07,53.19,293.667,0
2025-05-29 04:00:00,53.28,53.65,52.98,53.59,1465.033,0
2025-05-29 05:00:00,53.61,53.95,53.3,53.3,1426.455,0
2025-05-29 06:00:00,53.3,53.37,52.94,53.1,3090.377,0
2025-05-29 07:00:00,53.11,53.35,53.06,53.07,667.133,0
2025-05-29 08:00:00,53.09,54.93,53.06,54.32,7003.818,0
2025-05-29 09:00:00,54.31,55.63,54.24,55.06,8472.967,0
2025-05-29 10:00:00,55.08,55.4,54.24,55.26,3624.559,0
2025-05-29 11:00:00,55.27,55.46,54.56,55.13,2816.193,0
2025-05-29 12:00:00,55.15,56.0,55.01,55.59,9705.023,0
2025-05-29 13:00:00,55.71,55.97,55.03,55.2,10214.749,0
2025-05-29 14:00:00,55.19,55.2,54.03,55.01,5322.842,0
2025-05-29 15:00:00,55.0,55.02,54.37,54.63,2609.935,0
2025-05-29 16:00:00,54.64,54.76,54.02,54.03,2714.101,0
2025-05-29 17:00:00,54.02,54.58,53.95,54.06,1672.161,0
2025-05-29 18:00:00,54.01,54.3,53.32,53.39,1733.843,0
2025-05-29 19:00:00,53.37,53.8,53.25,53.35,2175.965,0
2025-05-29 20:00:00,53.35,54.57,53.27,54.33,6281.074,0
2025-05-29 21:00:00,54.32,54.46,54.0,54.22,1264.367,0
2025-05-29 22:00:00,54.24,54.29,53.24,53.26,1315.441,0
2025-05-29 23:00:00,53.24,53.56,53.08,53.2,2213.723,0
2025-05-30 00:00:00,53.24,53.24,51.5,52.17,8464.726,0
2025-05-30 01:00:00,52.19,53.58,52.15,53.41,3045.303,0
2025-05-30 02:00:00,53.42,53.96,52.64,52.97,4375.253,0
2025-05-30 03:00:00,52.91,53.75,52.82,53.64,1497.115,0
2025-05-30 04:00:00,53.63,53.88,53.43,53.5,1761.174,0
2025-05-30 05:00:00,53.48,53.67,53.06,53.12,1138.645,0
2025-05-30 06:00:00,53.05,53.1,52.11,52.16,2661.222,0
2025-05-30 07:00:00,52.2,52.54,51.78,51.81,1222.896,0
2025-05-30 08:00:00,51.86,52.0,51.15,51.23,4329.422,0
2025-05-30 09:00:00,51.2,52.5,50.59,51.56,5411.973,0
2025-05-30 10:00:00,51.45,51.54,50.83,51.16,1437.858,0
2025-05-30 11:00:00,51.17,51.95,51.04,51.88,1654.552,0
2025-05-30 12:00:00,51.88,52.16,50.99,51.96,2780.074,0
2025-05-30 13:00:00,52.0,52.07,51.01,51.14,2542.759,0
2025-05-30 14:00:00,51.19,51.53,51.05,51.37,2157.51,0
2025-05-30 15:00:00,51.37,51.59,50.66,50.69,1350.338,0
2025-05-30 16:00:00,50.67,50.67,49.3,49.45,6526.234,0
2025-05-30 17:00:00,49.45,49.91,49.3,49.57,2922.668,0
2025-05-30 18:00:00,49.57,49.66,49.3,49.51,1637.889,0
2025-05-30 19:00:00,49.52,49.55,48.97,49.07,1642.777,0
2025-05-30 20:00:00,49.04,49.25,48.63,48.86,1800.637,0
2025-05-30 21:00:00,48.88,48.95,48.39,48.46,1065.394,0
2025-05-30 22:00:00,48.51,48.79,47.92,48.0,3333.833,0
2025-05-30 23:00:00,48.0,48.5,47.38,47.43,2788.031,0
2025-05-31 00:00:00,47.39,47.42,45.3,45.34,7296.066,0
2025-05-31 01:00:00,45.34,46.5,45.0,46.26,4024.994,0
2025-05-31 02:00:00,46.3,46.6,45.63,45.79,2125.218,0
2025-05-31 03:00:00,45.81,46.61,45.66,46.43,1860.238,0
2025-05-31 04:00:00,46.44,46.87,45.88,46.73,2757.314,0
2025-05-31 05:00:00,46.7,46.77,45.96,46.03,3364.723,0
2025-05-31 06:00:00,46.01,47.0,46.01,46.78,1945.078,0
2025-05-31 07:00:00,46.79,47.05,46.62,46.94,1657.66,0
2025-05-31 08:00:00,46.87,47.81,46.41,47.39,3199.614,0
2025-05-31 09:00:00,47.43,47.47,46.63,46.76,1127.331,0
2025-05-31 10:00:00,46.74,46.99,46.38,46.6,1603.068,0
2025-05-31 11:00:00,46.61,46.76,46.42,46.54,1116.383,0
2025-05-31 12:00:00,46.46,46.77,46.3,46.75,838.284,0
2025-05-31 13:00:00,46.75,47.06,46.51,46.55,1791.201,0
2025-05-31 14:00:00,46.54,46.88,46.49,46.73,624.971,0
2025-05-31 15:00:00,46.71,47.32,46.52,47.18,1308.479,0
2025-05-31 16:00:00,47.17,48.64,46.83,48.4,6482.926,0
2025-05-31 17:00:00,48.49,50.45,48.16,50.12,11840.459,0
2025-05-31 18:00:00,50.1,51.1,49.58,50.11,7997.39,0
2025-05-31 19:00:00,50.1,50.8,49.54,49.62,2163.728,0
2025-05-31 20:00:00,49.61,49.93,49.48,49.66,1148.85,0
2025-05-31 21:00:00,49.67,50.35,49.61,49.9,3459.62,0
2025-05-31 22:00:00,49.86,50.4,49.79,50.05,3049.948,0
2025-05-31 23:00:00,49.97,50.5,49.92,50.18,2521.568,0
2025-06-01 00:00:00,50.18,50.18,49.8,50.07,3876.354,0
2025-06-01 01:00:00,49.98,50.31,49.81,50.01,1337.06,0
2025-06-01 02:00:00,49.94,50.23,49.8,50.06,871.05,0
2025-06-01 03:00:00,50.04,50.04,49.5,49.77,2102.203,0
2025-06-01 04:00:00,49.76,50.06,49.59,49.97,600.131,0
2025-06-01 05:00:00,49.92,51.64,49.8,51.09,4014.818,0
2025-06-01 06:00:00,51.12,51.31,50.25,50.3,2888.262,0
2025-06-01 07:00:00,50.31,50.43,49.81,50.29,1534.182,0
2025-06-01 08:00:00,50.33,50.94,50.0,50.04,2163.005,0
2025-06-01 09:00:00,50.05,50.21,49.05,50.09,5042.911,0
2025-06-01 10:00:00,50.05,50.44,49.93,50.39,2203.486,0
2025-06-01 11:00:00,50.38,53.17,50.03,52.13,13904.479,0
2025-06-01 12:00:00,52.15,52.27,51.15,51.68,4001.896,0
2025-06-01 13:00:00,51.68,52.2,51.32,51.9,3261.341,0
2025-06-01 14:00:00,52.0,52.54,50.1,51.23,7496.028,0
2025-06-01 15:00:00,51.19,51.28,50.55,50.63,2628.347,0
2025-06-01 16:00:00,50.6,51.58,50.55,51.18,2133.241,0
2025-06-01 17:00:00,51.2,51.25,50.65,50.85,816.882,0
2025-06-01 18:00:00,50.84,50.96,50.19,50.7,1166.114,0
2025-06-01 19:00:00,50.75,51.19,50.63,51.16,924.808,0
2025-06-01 20:00:00,51.13,51.22,50.86,50.91,693.444,0
2025-06-01 21:00:00,50.91,53.17,50.86,52.59,9039.714,0
2025-06-01 22:00:00,52.72,53.17,52.41,53.04,4350.639,0
2025-06-01 23:00:00,52.99,53.5,52.86,53.1,8709.967,0
2025-06-02 00:00:00,53.13,53.75,52.85,53.12,2917.976,0
2025-06-02 01:00:00,53.11,53.22,52.66,52.7,1298.739,0
2025-06-02 02:00:00,52.66,52.98,52.56,52.92,972.616,0
2025-06-02 03:00:00,52.93,52.97,52.15,52.42,2724.003,0
2025-06-02 04:00:00,52.42,52.47,52.15,52.18,1388.446,0
2025-06-02 05:00:00,52.15,52.85,52.15,52.55,1579.151,0
2025-06-02 06:00:00,52.56,53.0,52.49,52.77,1990.994,0
2025-06-02 07:00:00,52.77,53.76,52.76,53.39,3967.24,0
2025-06-02 08:00:00,53.38,54.0,52.95,53.17,3147.937,0
2025-06-02 09:00:00,53.17,54.0,52.64,53.1,5244.99,0
2025-06-02 10:00:00,53.17,53.57,52.36,52.51,8790.516,0
2025-06-02 11:00:00,52.51,53.03,52.29,52.86,3223.634,0
2025-06-02 12:00:00,52.82,53.35,52.59,53.31,1284.383,0
2025-06-02 13:00:00,53.3,53.47,52.85,52.93,2287.009,0
2025-06-02 14:00:00,52.91,53.66,52.73,53.14,2035.443,0
2025-06-02 15:00:00,53.13,53.23,52.74,52.93,1794.83,0
2025-06-02 16:00:00,52.98,52.98,52.44,52.66,1765.467,0
2025-06-02 17:00:00,52.67,52.79,52.27,52.75,2607.3,0
2025-06-02 18:00:00,52.69,53.0,52.43,52.56,1800.974,0
2025-06-02 19:00:00,52.56,52.92,52.38,52.67,1796.273,0
2025-06-02 20:00:00,52.71,53.86,52.65,53.77,2577.318,0
2025-06-02 21:00:00,53.74,54.24,53.52,54.04,4045.486,0
2025-06-02 22:00:00,54.04,54.44,53.81,54.09,4611.946,0
2025-06-02 23:00:00,54.1,54.36,53.91,54.0,1803.963,0
2025-06-03 00:00:00,54.06,54.34,53.72,53.85,2233.239,0
2025-06-03 01:00:00,53.86,55.04,53.78,55.04,2844.549,0
2025-06-03 02:00:00,55.04,55.08,53.96,54.17,1653.333,0
2025-06-03 03:00:00,54.13,55.11,54.04,54.79,2613.165,0
2025-06-03 04:00:00,54.78,55.53,54.78,55.34,2480.427,0
2025-06-03 05:00:00,55.43,55.53,54.6,54.67,3127.701,0
2025-06-03 06:00:00,54.66,54.7,53.67,54.01,2117.104,0
2025-06-03 07:00:00,54.01,54.18,53.83,54.1,1167.251,0
2025-06-03 08:00:00,54.09,54.16,52.96,53.22,4696.359,0
2025-06-03 09:00:00,53.22,53.36,53.03,53.19,1327.939,0
2025-06-03 10:00:00,53.16,53.62,53.05,53.52,1573.974,0
2025-06-03 11:00:00,53.52,53.63,52.71,53.07,2374.653,0
2025-06-03 12:00:00,53.08,53.25,52.42,52.93,2613.773,0
2025-06-03 13:00:00,52.97,53.48,52.85,53.4,1358.623,0
2025-06-03 14:00:00,53.37,54.64,53.21,54.04,5533.433,0
2025-06-03 15:00:00,54.04,54.11,53.61,53.95,6063.604,0
2025-06-03 16:00:00,53.96,54.61,52.69,52.77,3921.189,0
2025-06-03 17:00:00,52.77,52.96,52.39,52.57,1786.827,0
2025-06-03 18:00:00,52.55,53.46,52.34,53.15,1908.888,0
2025-06-03 19:00:00,53.1,55.4,53.03,55.32,10240.18,0
2025-06-03 20:00:00,55.34,56.14,54.94,55.25,8278.359,0
2025-06-03 21:00:00,55.2,55.86,54.59,54.64,4879.012,0
2025-06-03 22:00:00,54.64,54.95,54.52,54.73,2353.363,0
2025-06-03 23:00:00,54.75,54.75,54.2,54.39,1980.007,0
2025-06-04 00:00:00,54.4,54.58,53.69,54.07,2319.149,0
2025-06-04 01:00:00,54.01,54.56,53.53,53.57,2475.167,0
2025-06-04 02:00:00,53.58,54.03,53.55,53.76,972.908,0
2025-06-04 03:00:00,53.77,54.11,53.28,53.3,980.893,0
2025-06-04 04:00:00,53.28,53.4,52.73,52.95,2890.609,0
2025-06-04 05:00:00,52.96,53.93,52.9,53.18,4421.135,0
2025-06-04 06:00:00,53.14,53.14,52.43,52.63,2069.312,0
2025-06-04 07:00:00,52.63,52.86,52.26,52.46,1060.499,0
2025-06-04 08:00:00,52.48,53.12,52.27,52.68,1698.085,0
2025-06-04 09:00:00,52.68,52.91,52.48,52.82,898.842,0
2025-06-04 10:00:00,52.94,52.94,52.26,52.31,603.186,0
2025-06-04 11:00:00,52.3,52.44,52.15,52.15,1394.019,0
2025-06-04 12:00:00,52.16,52.49,51.95,52.44,2542.699,0
2025-06-04 13:00:00,52.43,52.6,51.33,51.4,7389.801,0
2025-06-04 14:00:00,51.41,52.03,51.31,52.03,1473.104,0
2025-06-04 15:00:00,52.04,52.1,51.66,51.74,1404.241,0
2025-06-04 16:00:00,51.72,51.94,51.51,51.79,1103.72,0
2025-06-04 17:00:00,51.78,51.78,51.17,51.21,823.946,0
2025-06-04 18:00:00,51.23,51.29,50.89,50.89,747.725,0
2025-06-04 19:00:00,50.89,51.31,50.2,50.55,2847.118,0
2025-06-04 20:00:00,50.51,50.57,50.02,50.16,1136.373,0
2025-06-04 21:00:00,50.1,50.61,50.0,50.48,599.372,0
2025-06-04 22:00:00,50.44,50.44,49.85,50.06,790.877,0
2025-06-04 23:00:00,50.06,50.4,50.05,50.32,406.334,0
2025-06-05 00:00:00,50.21,50.69,50.07,50.57,1336.187,0
2025-06-05 01:00:00,50.52,50.56,50.1,50.19,820.521,0
2025-06-05 02:00:00,50.19,50.38,50.05,50.11,888.367,0
2025-06-05 03:00:00,50.1,50.26,50.0,50.2,544.448,0
2025-06-05 04:00:00,50.21,50.25,50.1,50.17,873.85,0
2025-06-05 05:00:00,50.2,50.23,50.0,50.01,1449.74,0
2025-06-05 06:00:00,50.04,50.15,49.55,49.84,5538.604,0
2025-06-05 07:00:00,49.84,50.34,49.77,50.13,1190.322,0
2025-06-05 08:00:00,50.11,50.24,49.8,50.1,1587.26,0
2025-06-05 09:00:00,50.1,50.99,50.1,50.75,3406.587,0
2025-06-05 10:00:00,50.78,50.83,49.66,49.98,1668.542,0
2025-06-05 11:00:00,49.99,50.18,49.65,50.15,522.459,0
2025-06-05 12:00:00,50.12,50.91,49.9,50.67,3335.093,0
2025-06-05 13:00:00,50.7,50.77,48.19,48.74,9524.977,0
2025-06-05 14:00:00,48.75,50.49,48.68,50.26,14529.897,0
2025-06-05 15:00:00,50.28,51.09,50.15,50.15,3724.548,0
2025-06-05 16:00:00,50.12,50.2,49.42,49.62,3015.692,0
2025-06-05 17:00:00,49.61,49.87,49.14,49.22,1602.859,0
2025-06-05 18:00:00,49.23,49.38,49.05,49.26,1046.17,0
2025-06-05 19:00:00,49.29,49.37,48.46,48.55,3470.315,0
2025-06-05 20:00:00,48.6,48.61,47.55,47.55,7470.332,0
2025-06-05 21:00:00,47.55,49.1,47.55,48.65,5043.967,0
2025-06-05 22:00:00,48.63,48.63,47.82,47.83,2361.644,0
2025-06-05 23:00:00,47.83,47.93,47.43,47.57,2036.059,0
2025-06-06 00:00:00,47.51,47.78,47.14,47.7,1574.946,0
2025-06-06 01:00:00,47.67,47.73,47.19,47.28,525.66,0
2025-06-06 02:00:00,47.28,47.38,46.07,47.04,2598.712,0
2025-06-06 03:00:00,46.9,47.71,46.75,47.43,1427.521,0
2025-06-06 04:00:00,47.41,47.84,47.41,47.68,1564.41,0
2025-06-06 05:00:00,47.71,48.43,47.71,48.31,2847.261,0
2025-06-06 06:00:00,48.28,48.47,48.02,48.14,1349.157,0
2025-06-06 07:00:00,48.14,48.39,48.07,48.22,583.588,0
2025-06-06 08:00:00,48.22,48.51,48.16,48.43,211.989,0
2025-06-06 09:00:00,48.45,48.58,47.94,47.94,941.435,0
2025-06-06 10:00:00,47.92,48.48,47.84,48.41,1074.637,0
2025-06-06 11:00:00,48.34,49.42,48.25,48.89,4726.347,0
2025-06-06 12:00:00,48.87,50.06,48.82,48.82,3206.872,0
2025-06-06 13:00:00,48.86,49.9,48.86,49.72,1831.547,0
2025-06-06 14:00:00,49.73,49.79,48.58,48.81,3151.194,0
2025-06-06 15:00:00,48.8,49.25,48.75,49.09,1410.749,0
2025-06-06 16:00:00,49.09,49.31,48.7,48.78,759.658,0
2025-06-06 17:00:00,48.81,48.87,47.77,48.4,2562.533,0
2025-06-06 18:00:00,48.41,48.43,48.0,48.01,1113.156,0
2025-06-06 19:00:00,48.01,48.25,47.75,48.09,1511.06,0
2025-06-06 20:00:00,48.05,48.47,47.88,48.46,1586.857,0
2025-06-06 21:00:00,48.46,48.5,48.23,48.37,245.373,0
2025-06-06 22:00:00,48.38,48.41,47.77,48.18,609.298,0
2025-06-06 23:00:00,48.13,48.3,47.96,48.17,535.46,0
2025-06-07 00:00:00,48.04,48.06,47.49,47.85,1698.587,0
2025-06-07 01:00:00,47.84,47.97,47.59,47.61,409.568,0
2025-06-07 02:00:00,47.57,47.94,47.42,47.87,403.23,0
2025-06-07 03:00:00,47.87,48.09,47.87,48.03,857.198,0
2025-06-07 04:00:00,48.03,48.04,47.67,47.71,677.955,0
2025-06-07 05:00:00,47.68,47.88,47.29,47.79,2304.787,0
2025-06-07 06:00:00,47.79,48.19,47.79,48.19,1739.636,0
2025-06-07 07:00:00,48.2,48.75,47.96,48.61,1466.477,0
2025-06-07 08:00:00,48.59,48.59,48.31,48.31,435.194,0
2025-06-07 09:00:00,48.36,48.43,48.11,48.12,758.97,0
2025-06-07 10:00:00,48.13,48.57,47.99,48.49,689.828,0
2025-06-07 11:00:00,48.49,48.65,48.35,48.41,367.667,0
2025-06-07 12:00:00,48.45,48.82,48.43,48.76,460.554,0
2025-06-07 13:00:00,48.73,48.99,48.56,48.77,467.155,0
2025-06-07 14:00:00,48.77,49.0,48.62,48.83,565.089,0
2025-06-07 15:00:00,48.84,48.84,48.47,48.69,471.827,0
2025-06-07 16:00:00,48.63,50.25,48.25,49.96,6393.516,0
2025-06-07 17:00:00,49.98,50.26,49.55,50.08,2986.678,0
2025-06-07 18:00:00,50.06,50.47,49.94,50.17,3556.095,0
2025-06-07 19:00:00,50.17,50.88,49.98,50.24,2464.274,0
2025-06-07 20:00:00,50.29,50.47,50.01,50.14,782.231,0
2025-06-07 21:00:00,50.14,50.48,50.01,50.4,315.149,0
2025-06-07 22:00:00,50.36,50.48,50.1,50.21,413.369,0
2025-06-07 23:00:00,50.17,50.38,49.97,50.24,630.21,0
2025-06-08 00:00:00,50.24,50.75,50.16,50.54,1549.264,0
2025-06-08 01:00:00,50.53,50.91,50.26,50.43,2491.376,0
2025-06-08 02:00:00,50.4,50.41,49.7,49.89,1461.475,0
2025-06-08 03:00:00,49.89,50.16,49.84,49.97,282.15,0
2025-06-08 04:00:00,49.95,50.36,49.8,50.2,671.254,0
2025-06-08 05:00:00,50.2,50.2,49.46,49.46,1009.832,0
2025-06-08 06:00:00,49.51,50.21,49.49,49.76,1303.001,0
2025-06-08 07:00:00,49.75,49.94,49.49,49.63,507.248,0
2025-06-08 08:00:00,49.58,50.23,49.58,50.0,1003.158,0
2025-06-08 09:00:00,50.02,50.54,49.84,50.13,1345.13,0
2025-06-08 10:00:00,50.11,50.23,49.24,50.15,2950.257,0
2025-06-08 11:00:00,50.06,50.98,50.06,50.8,2589.796,0
2025-06-08 12:00:00,50.77,50.8,50.1,50.22,1492.027,0
2025-06-08 13:00:00,50.24,50.34,49.9,50.08,1384.674,0
2025-06-08 14:00:00,50.13,50.59,49.92,50.12,1248.263,0
2025-06-08 15:00:00,50.1,50.68,49.84,50.37,2841.363,0
2025-06-08 16:00:00,50.29,50.52,49.93,50.0,1803.211,0
2025-06-08 17:00:00,50.01,50.2,49.68,49.87,1026.297,0
2025-06-08 18:00:00,49.91,49.95,49.16,49.32,2358.692,0
2025-06-08 19:00:00,49.32,49.47,48.84,49.08,930.176,0
2025-06-08 20:00:00,49.1,49.1,48.65,48.71,993.379,0
2025-06-08 21:00:00,48.71,49.16,48.71,49.12,993.783,0
2025-06-08 22:00:00,49.13,49.16,48.65,48.79,856.115,0
2025-06-08 23:00:00,48.82,48.96,48.7,48.73,542.621,0
2025-06-09 00:00:00,48.72,48.79,48.41,48.57,1187.294,0
2025-06-09 01:00:00,48.6,48.92,48.44,48.55,674.991,0
2025-06-09 02:00:00,48.55,48.83,48.55,48.77,379.747,0
2025-06-09 03:00:00,48.74,49.48,48.69,49.23,2030.707,0
2025-06-09 04:00:00,49.25,50.34,49.13,49.27,6069.657,0
2025-06-09 05:00:00,49.27,49.3,48.96,49.19,1175.631,0
2025-06-09 06:00:00,49.17,49.99,49.13,49.91,954.031,0
2025-06-09 07:00:00,49.96,50.03,49.32,49.38,641.9,0
2025-06-09 08:00:00,49.36,49.44,48.95,49.13,722.492,0
2025-06-09 09:00:00,49.11,49.64,48.89,49.44,1485.075,0
2025-06-09 10:00:00,49.37,50.08,49.33,49.98,1307.451,0
2025-06-09 11:00:00,50.01,50.63,49.92,50.2,1976.578,0
2025-06-09 12:00:00,50.21,50.43,50.07,50.32,326.104,0
2025-06-09 13:00:00,50.3,50.33,49.44,49.67,1500.527,0
2025-06-09 14:00:00,49.68,50.02,49.65,49.72,432.698,0
2025-06-09 15:00:00,49.76,50.38,49.76,50.12,2609.823,0
2025-06-09 16:00:00,50.04,50.28,49.84,50.08,2099.851,0
2025-06-09 17:00:00,50.14,50.19,49.56,49.7,3271.571,0
2025-06-09 18:00:00,49.71,49.88,49.47,49.7,1130.974,0
2025-06-09 19:00:00,49.7,49.71,49.25,49.48,480.824,0
2025-06-09 20:00:00,49.49,49.62,49.34,49.59,660.646,0
2025-06-09 21:00:00,49.59,50.3,49.59,50.06,1040.264,0
2025-06-09 22:00:00,50.06,50.4,50.03,50.37,1826.857,0
2025-06-09 23:00:00,50.37,52.5,50.27,51.62,9449.783,0
2025-06-10 00:00:00,51.59,51.61,51.06,51.28,1459.87,0
2025-06-10 01:00:00,51.34,51.43,51.02,51.28,471.89,0
2025-06-10 02:00:00,51.22,51.22,50.8,50.93,684.044,0
2025-06-10 03:00:00,51.02,51.02,50.65,50.78,706.679,0
2025-06-10 04:00:00,50.78,50.79,50.37,50.56,1611.82,0
2025-06-10 05:00:00,50.61,50.61,49.9,50.24,1708.679,0
2025-06-10 06:00:00,50.18,50.45,49.99,50.38,1225.047,0
2025-06-10 07:00:00,50.38,51.16,50.2,50.94,3127.693,0
2025-06-10 08:00:00,50.94,51.13,50.63,50.76,1318.231,0
2025-06-10 09:00:00,50.76,51.47,50.76,51.47,1588.88,0
2025-06-10 10:00:00,51.46,51.46,50.78,50.93,1180.813,0
2025-06-10 11:00:00,50.96,52.3,50.91,52.17,3103.406,0
2025-06-10 12:00:00,52.25,52.66,52.02,52.35,4303.406,0
2025-06-10 13:00:00,52.35,52.42,51.05,51.4,4105.398,0
2025-06-10 14:00:00,51.44,52.39,51.3,52.25,3177.56,0
2025-06-10 15:00:00,52.26,52.84,51.81,52.24,2215.892,0
2025-06-10 16:00:00,52.26,53.31,52.05,52.17,2995.745,0
2025-06-10 17:00:00,52.19,52.29,51.59,51.71,1696.148,0
2025-06-10 18:00:00,51.68,52.08,51.65,51.96,1009.11,0
2025-06-10 19:00:00,51.98,52.58,51.82,51.96,1448.872,0
2025-06-10 20:00:00,51.92,52.28,51.66,52.26,1007.746,0
2025-06-10 21:00:00,52.28,52.3,51.89,52.17,586.815,0
2025-06-10 22:00:00,52.14,52.5,51.7,51.96,1100.194,0
2025-06-10 23:00:00,51.95,51.96,51.39,51.9,2078.171,0
2025-06-11 00:00:00,51.85,51.91,51.36,51.36,1176.277,0
2025-06-11 01:00:00,51.39,51.4,50.66,50.75,1845.612,0
2025-06-11 02:00:00,50.79,51.01,50.44,50.56,712.363,0
2025-06-11 03:00:00,50.5,51.07,50.5,50.94,894.471,0
2025-06-11 04:00:00,50.97,51.1,50.8,50.83,695.9,0
2025-06-11 05:00:00,50.79,50.98,50.72,50.79,323.042,0
2025-06-11 06:00:00,50.87,51.14,50.62,50.91,1613.63,0
2025-06-11 07:00:00,50.89,51.2,50.85,50.97,996.692,0
2025-06-11 08:00:00,51.01,51.13,50.5,50.6,925.566,0
2025-06-11 09:00:00,50.64,50.64,49.47,49.58,4912.782,0
2025-06-11 10:00:00,49.61,49.96,49.0,49.12,8479.423,0
2025-06-11 11:00:00,49.13,49.56,49.11,49.43,2845.71,0
2025-06-11 12:00:00,49.45,50.8,49.15,50.57,7190.876,0
2025-06-11 13:00:00,50.55,51.3,50.43,51.18,3577.449,0
2025-06-11 14:00:00,51.19,51.58,50.82,51.02,4678.486,0
2025-06-11 15:00:00,51.0,51.58,50.96,51.55,2203.395,0
2025-06-11 16:00:00,51.55,51.62,51.03,51.03,1189.586,0
2025-06-11 17:00:00,51.03,51.12,50.53,50.65,1636.575,0
2025-06-11 18:00:00,50.68,50.74,50.08,50.18,1270.579,0
2025-06-11 19:00:00,50.23,50.3,49.96,50.02,811.196,0
2025-06-11 20:00:00,50.01,50.53,49.89,50.42,698.257,0
2025-06-11 21:00:00,50.42,51.19,50.18,50.34,1813.981,0
2025-06-11 22:00:00,50.21,50.4,49.54,49.67,2417.729,0
2025-06-11 23:00:00,49.69,50.21,49.62,50.06,644.104,0
2025-06-12 00:00:00,50.02,50.02,49.28,49.6,1461.33,0
2025-06-12 01:00:00,49.59,49.8,49.32,49.78,696.659,0
2025-06-12 02:00:00,49.76,49.9,49.41,49.5,589.149,0
2025-06-12 03:00:00,49.44,49.49,48.9,48.9,1200.096,0
2025-06-12 04:00:00,48.91,48.94,48.63,48.91,1271.397,0
2025-06-12 05:00:00,48.87,48.98,48.39,48.54,2846.254,0
2025-06-12 06:00:00,48.54,48.77,48.29,48.6,1146.951,0
2025-06-12 07:00:00,48.61,48.68,48.08,48.32,1492.353,0
2025-06-12 08:00:00,48.33,48.69,47.81,48.67,2978.71,0
2025-06-12 09:00:00,48.62,48.65,48.14,48.21,1306.311,0
2025-06-12 10:00:00,48.21,48.25,47.84,48.19,1030.2,0
2025-06-12 11:00:00,48.14,48.19,47.58,47.77,1848.156,0
2025-06-12 12:00:00,47.75,48.35,47.59,47.94,2933.857,0
2025-06-12 13:00:00,47.93,49.53,47.91,49.15,7423.806,0
2025-06-12 14:00:00,49.11,50.37,49.02,50.11,6221.084,0
2025-06-12 15:00:00,50.1,51.16,49.69,49.82,7029.217,0
2025-06-12 16:00:00,49.84,50.75,49.16,50.24,6476.782,0
2025-06-12 17:00:00,50.24,52.16,50.2,50.86,6446.732,0
2025-06-12 18:00:00,50.88,50.89,49.59,49.72,2297.325,0
2025-06-12 19:00:00,49.74,49.91,49.09,49.2,1985.289,0
2025-06-12 20:00:00,49.2,49.32,48.28,48.58,859.461,0
2025-06-12 21:00:00,48.56,48.98,48.51,48.71,766.694,0
2025-06-12 22:00:00,48.71,48.81,47.91,48.11,1468.512,0
2025-06-12 23:00:00,48.09,48.43,47.96,48.0,895.799,0
2025-06-13 00:00:00,47.94,47.96,45.3,45.74,7469.698,0
2025-06-13 01:00:00,45.63,45.68,44.59,45.1,4824.562,0
2025-06-13 02:00:00,45.14,45.34,44.88,45.31,676.337,0
2025-06-13 03:00:00,45.22,46.99,45.22,46.77,3325.938,0
2025-06-13 04:00:00,46.65,46.65,45.41,45.64,1877.14,0
2025-06-13 05:00:00,45.62,45.81,45.39,45.48,987.689,0
2025-06-13 06:00:00,45.43,46.27,45.31,46.27,1283.42,0
2025-06-13 07:00:00,46.24,46.56,45.88,46.15,2330.988,0
2025-06-13 08:00:00,46.12,46.42,45.65,45.92,1876.799,0
2025-06-13 09:00:00,45.79,46.02,45.54,45.8,1029.158,0
2025-06-13 10:00:00,45.78,45.95,45.05,45.48,2331.513,0
2025-06-13 11:00:00,45.42,45.82,45.32,45.8,430.265,0
2025-06-13 12:00:00,45.84,46.19,45.53,45.54,1387.896,0
2025-06-13 13:00:00,45.57,46.21,45.47,45.97,609.295,0
2025-06-13 14:00:00,45.95,46.17,45.31,45.35,2862.987,0
2025-06-13 15:00:00,45.35,46.27,45.01,45.62,5609.706,0
2025-06-13 16:00:00,45.57,46.1,45.31,45.73,2067.518,0
2025-06-13 17:00:00,45.73,45.73,44.98,45.44,830.313,0
2025-06-13 18:00:00,45.45,45.5,43.59,44.15,5261.198,0
2025-06-13 19:00:00,44.17,44.94,44.03,44.75,4843.909,0
2025-06-13 20:00:00,44.77,45.2,44.57,44.92,3740.297,0
2025-06-13 21:00:00,44.96,45.06,44.6,44.83,1930.067,0
2025-06-13 22:00:00,44.83,45.11,44.83,45.0,719.653,0
2025-06-13 23:00:00,45.0,45.29,44.97,45.27,770.739,0
2025-06-14 00:00:00,45.24,45.45,44.88,45.13,2361.089,0
2025-06-14 01:00:00,45.13,45.17,44.57,44.57,1302.947,0
2025-06-14 02:00:00,44.59,44.99,44.59,44.91,356.975,0
2025-06-14 03:00:00,44.88,45.08,44.82,45.03,391.22,0
2025-06-14 04:00:00,45.0,45.2,44.94,45.02,585.128,0
2025-06-14 05:00:00,45.02,45.14,44.06,44.36,3574.755,0
2025-06-14 06:00:00,44.36,44.53,44.13,44.19,1602.151,0
2025-06-14 07:00:00,44.17,44.82,43.98,44.4,2797.376,0
2025-06-14 08:00:00,44.34,44.36,43.81,44.12,778.717,0
2025-06-14 09:00:00,44.11,44.11,43.58,43.9,2182.474,0
2025-06-14 10:00:00,43.82,44.07,43.68,44.06,612.229,0
2025-06-14 11:00:00,44.07,44.65,44.03,44.24,2961.628,0
2025-06-14 12:00:00,44.24,45.01,44.24,45.01,1626.116,0
2025-06-14 13:00:00,44.99,45.3,44.23,44.39,2590.578,0
2025-06-14 14:00:00,44.39,44.48,43.98,44.07,1519.978,0
2025-06-14 15:00:00,43.98,44.28,43.88,44.28,1560.105,0
2025-06-14 16:00:00,44.21,44.32,43.58,43.72,1071.899,0
2025-06-14 17:00:00,43.72,44.01,43.68,43.91,1417.857,0
2025-06-14 18:00:00,43.93,44.11,43.61,43.88,552.076,0
2025-06-14 19:00:00,43.9,44.12,43.54,43.55,939.204,0
2025-06-14 20:00:00,43.55,43.74,43.33,43.6,1041.245,0
2025-06-14 21:00:00,43.62,44.09,43.44,44.09,750.779,0
2025-06-14 22:00:00,44.07,44.21,43.96,44.07,280.544,0
2025-06-14 23:00:00,44.07,44.31,44.03,44.19,891.351,0
2025-06-15 00:00:00,44.22,44.47,44.13,44.45,398.264,0
2025-06-15 01:00:00,44.45,44.49,44.21,44.3,223.439,0
2025-06-15 02:00:00,44.32,44.47,44.32,44.38,167.759,0
2025-06-15 03:00:00,44.36,44.49,44.29,44.33,190.331,0
2025-06-15 04:00:00,44.39,44.55,44.36,44.49,472.239,0
2025-06-15 05:00:00,44.47,44.65,44.17,44.62,546.057,0
2025-06-15 06:00:00,44.62,44.67,44.07,44.07,408.909,0
2025-06-15 07:00:00,44.07,44.08,43.88,44.03,803.588,0
2025-06-15 08:00:00,44.0,44.0,43.72,43.8,421.68,0
2025-06-15 09:00:00,43.77,43.81,43.5,43.68,676.619,0
2025-06-15 10:00:00,43.69,44.03,43.67,44.03,789.294,0
2025-06-15 11:00:00,44.02,44.1,43.65,43.84,1734.457,0
2025-06-15 12:00:00,43.89,44.12,43.79,44.06,776.649,0
2025-06-15 13:00:00,44.05,44.09,43.0,43.81,5145.68,0
2025-06-15 14:00:00,43.83,44.26,43.59,44.01,2152.143,0
2025-06-15 15:00:00,44.09,44.2,43.63,43.64,1787.027,0
2025-06-15 16:00:00,43.67,43.89,43.5,43.72,4894.008,0
2025-06-15 17:00:00,43.73,43.94,43.55,43.84,661.505,0
2025-06-15 18:00:00,43.85,43.91,43.74,43.9,540.246,0
2025-06-15 19:00:00,43.89,44.04,43.55,43.67,923.434,0
2025-06-15 20:00:00,43.65,43.65,43.0,43.17,1089.423,0
2025-06-15 21:00:00,43.16,43.28,42.83,43.18,1384.077,0
2025-06-15 22:00:00,43.28,43.59,43.21,43.21,1059.139,0
2025-06-15 23:00:00,43.25,43.45,43.11,43.45,381.759,0
2025-06-16 00:00:00,43.45,43.5,43.19,43.43,424.206,0
2025-06-16 01:00:00,43.45,43.69,43.09,43.63,929.0,0
2025-06-16 02:00:00,43.67,43.89,43.49,43.55,1126.951,0
2025-06-16 03:00:00,43.59,43.59,43.39,43.39,402.403,0
2025-06-16 04:00:00,43.38,43.81,43.38,43.48,1393.24,0
2025-06-16 05:00:00,43.45,43.78,43.33,43.72,2010.571,0
2025-06-16 06:00:00,43.7,43.94,43.54,43.9,1542.388,0
2025-06-16 07:00:00,43.86,44.04,43.71,43.83,1345.681,0
2025-06-16 08:00:00,43.85,44.43,43.63,44.4,3845.487,0
2025-06-16 09:00:00,44.38,46.63,44.19,46.02,11740.99,0
2025-06-16 10:00:00,46.03,46.1,45.33,45.48,5217.931,0
2025-06-16 11:00:00,45.5,45.81,44.8,45.46,6139.598,0
2025-06-16 12:00:00,45.47,45.48,44.92,45.19,2293.13,0
2025-06-16 13:00:00,45.13,45.34,44.98,45.29,1079.041,0
2025-06-16 14:00:00,45.37,45.65,45.19,45.39,1048.738,0
2025-06-16 15:00:00,45.41,45.45,44.82,44.92,2189.934,0
2025-06-16 16:00:00,44.89,45.14,44.75,44.91,1140.648,0
2025-06-16 17:00:00,44.91,45.1,44.65,44.81,913.227,0
2025-06-16 18:00:00,44.84,44.99,44.57,44.86,2170.708,0
2025-06-16 19:00:00,44.83,44.96,44.57,44.89,2576.377,0
2025-06-16 20:00:00,44.9,45.19,44.58,45.04,2561.639,0
2025-06-16 21:00:00,45.03,45.04,44.62,44.69,1091.6,0
2025-06-16 22:00:00,44.71,44.8,43.41,43.64,6171.388,0
2025-06-16 23:00:00,43.58,43.94,43.0,43.1,2901.632,0
2025-06-17 00:00:00,43.06,43.06,41.78,42.67,9422.597,0
2025-06-17 01:00:00,42.71,42.9,42.52,42.62,1186.232,0
2025-06-17 02:00:00,42.59,43.17,42.44,43.09,1085.928,0
2025-06-17 03:00:00,43.08,43.23,42.91,43.02,747.837,0
2025-06-17 04:00:00,43.03,43.18,42.88,43.09,1613.183,0
2025-06-17 05:00:00,43.07,43.16,42.68,42.77,829.271,0
2025-06-17 06:00:00,42.78,42.87,42.32,42.47,1373.086,0
2025-06-17 07:00:00,42.54,42.58,42.19,42.46,1564.231,0
2025-06-17 08:00:00,42.42,42.46,42.0,42.01,768.582,0
2025-06-17 09:00:00,42.03,42.38,42.03,42.24,1170.656,0
2025-06-17 10:00:00,42.21,42.23,41.89,42.02,903.11,0
2025-06-17 11:00:00,42.08,42.13,41.7,41.95,5082.075,0
2025-06-17 12:00:00,41.94,42.1,41.7,41.76,1299.094,0
2025-06-17 13:00:00,41.78,42.04,41.7,41.82,1129.465,0
2025-06-17 14:00:00,41.84,42.24,41.7,41.7,1077.739,0
2025-06-17 15:00:00,41.73,41.84,41.22,41.58,6121.919,0
2025-06-17 16:00:00,41.56,41.58,40.86,40.98,3272.362,0
2025-06-17 17:00:00,40.95,41.5,40.85,41.38,719.38,0
2025-06-17 18:00:00,41.36,41.48,40.49,41.04,4835.301,0
2025-06-17 19:00:00,41.05,41.77,40.9,41.39,2144.641,0
2025-06-17 20:00:00,41.38,41.67,41.37,41.44,1067.978,0
2025-06-17 21:00:00,41.44,41.51,40.76,40.8,2221.683,0
2025-06-17 22:00:00,40.75,40.99,40.6,40.6,1283.774,0
2025-06-17 23:00:00,40.61,41.34,40.61,41.2,1285.797,0
2025-06-18 00:00:00,41.19,41.57,41.17,41.39,558.156,0
2025-06-18 01:00:00,41.45,41.48,41.15,41.17,943.791,0
2025-06-18 02:00:00,41.12,41.2,40.92,41.02,332.594,0
2025-06-18 03:00:00,41.01,41.39,40.96,41.34,280.551,0
2025-06-18 04:00:00,41.34,41.66,41.27,41.56,333.047,0
2025-06-18 05:00:00,41.59,41.98,41.54,41.85,1215.32,0
2025-06-18 06:00:00,41.86,42.08,41.65,41.74,756.831,0
2025-06-18 07:00:00,41.74,41.78,41.38,41.69,1021.203,0
2025-06-18 08:00:00,41.72,42.07,41.45,41.96,1835.698,0
2025-06-18 09:00:00,41.99,42.43,41.99,42.24,2369.937,0
2025-06-18 10:00:00,42.25,42.28,41.9,42.06,1825.919,0
2025-06-18 11:00:00,42.06,42.81,41.92,42.1,3518.599,0
2025-06-18 12:00:00,42.07,42.73,41.9,42.64,3549.399,0
2025-06-18 13:00:00,42.61,42.81,42.27,42.76,5196.917,0
2025-06-18 14:00:00,42.8,43.11,41.78,42.06,5684.613,0
2025-06-18 15:00:00,42.01,42.27,41.7,41.92,1590.627,0
2025-06-18 16:00:00,41.92,41.92,41.41,41.49,1266.6,0
2025-06-18 17:00:00,41.46,41.5,40.72,41.44,2840.097,0
2025-06-18 18:00:00,41.46,41.65,40.85,40.91,1919.442,0
2025-06-18 19:00:00,40.88,41.32,40.82,41.04,1622.95,0
2025-06-18 20:00:00,41.04,42.31,41.01,42.17,1326.802,0
2025-06-18 21:00:00,42.19,42.4,41.93,42.3,957.986,0
2025-06-18 22:00:00,42.3,42.37,42.0,42.25,1188.993,0
2025-06-18 23:00:00,42.21,42.35,41.93,42.08,293.612,0
2025-06-19 00:00:00,42.19,42.35,41.85,42.05,384.914,0
2025-06-19 01:00:00,42.05,42.07,41.61,41.69,847.931,0
2025-06-19 02:00:00,41.69,41.85,41.56,41.7,146.119,0
2025-06-19 03:00:00,41.72,41.9,41.67,41.86,594.293,0
2025-06-19 04:00:00,41.88,41.93,41.57,41.83,423.471,0
2025-06-19 05:00:00,41.85,42.11,41.62,41.62,309.171,0
2025-06-19 06:00:00,41.59,41.73,41.44,41.5,689.15,0
2025-06-19 07:00:00,41.52,41.79,41.52,41.55,834.662,0
2025-06-19 08:00:00,41.57,41.84,41.55,41.63,505.3,0
2025-06-19 09:00:00,41.59,41.91,41.49,41.87,1067.433,0
2025-06-19 10:00:00,41.84,41.89,41.64,41.72,226.211,0
2025-06-19 11:00:00,41.69,41.69,41.37,41.52,825.659,0
2025-06-19 12:00:00,41.53,41.59,41.27,41.33,420.803,0
2025-06-19 13:00:00,41.35,41.54,41.17,41.24,540.91,0
2025-06-19 14:00:00,41.24,41.61,41.1,41.23,1000.522,0
2025-06-19 15:00:00,41.15,41.64,41.15,41.55,1113.929,0
2025-06-19 16:00:00,41.56,41.78,41.23,41.23,503.904,0
2025-06-19 17:00:00,41.24,41.9,41.1,41.77,489.965,0
2025-06-19 18:00:00,41.81,41.99,41.41,41.5,1749.01,0
2025-06-19 19:00:00,41.58,41.69,41.43,41.52,1298.392,0
2025-06-19 20:00:00,41.59,41.77,41.4,41.49,634.457,0
2025-06-19 21:00:00,41.5,41.68,41.44,41.45,342.376,0
2025-06-19 22:00:00,41.46,41.82,41.46,41.67,219.531,0
2025-06-19 23:00:00,41.66,41.82,41.52,41.68,378.248,0
2025-06-20 00:00:00,41.67,41.83,41.55,41.71,889.707,0
2025-06-20 01:00:00,41.7,41.74,41.5,41.7,954.402,0
2025-06-20 02:00:00,41.75,41.87,41.51,41.51,766.155,0
2025-06-20 03:00:00,41.57,41.58,41.37,41.52,417.451,0
2025-06-20 04:00:00,41.44,41.57,41.05,41.14,1326.123,0
2025-06-20 05:00:00,41.13,41.39,41.03,41.34,320.902,0
2025-06-20 06:00:00,41.33,41.46,41.29,41.41,339.163,0
2025-06-20 07:00:00,41.38,41.96,41.36,41.86,1628.545,0
2025-06-20 08:00:00,41.9,42.21,41.8,41.88,2020.864,0
2025-06-20 09:00:00,41.89,42.0,41.75,41.88,707.544,0
2025-06-20 10:00:00,41.85,42.02,41.75,41.81,612.285,0
2025-06-20 11:00:00,41.84,41.91,41.58,41.79,705.536,0
2025-06-20 12:00:00,41.75,42.03,41.56,41.73,1742.182,0
2025-06-20 13:00:00,41.73,41.93,41.51,41.68,388.919,0
2025-06-20 14:00:00,41.68,41.73,40.77,40.8,1267.742,0
2025-06-20 15:00:00,40.82,40.99,40.69,40.77,643.83,0
2025-06-20 16:00:00,40.78,40.95,39.98,40.04,2065.953,0
2025-06-20 17:00:00,40.02,40.12,39.22,39.76,5940.5,0
2025-06-20 18:00:00,39.75,39.99,39.61,39.89,1047.194,0
2025-06-20 19:00:00,39.87,40.03,39.5,40.0,867.43,0
2025-06-20 20:00:00,39.96,40.46,39.96,40.4,818.594,0
2025-06-20 21:00:00,40.4,40.4,39.87,39.88,1081.816,0
2025-06-20 22:00:00,39.93,39.95,39.52,39.78,2085.911,0
2025-06-20 23:00:00,39.79,40.45,39.72,40.34,2040.828,0
2025-06-21 00:00:00,40.33,40.53,40.03,40.05,1685.877,0
2025-06-21 01:00:00,40.04,40.35,39.97,40.23,1465.2,0
2025-06-21 02:00:00,40.24,40.4,40.11,40.14,986.477,0
2025-06-21 03:00:00,40.13,40.44,40.12,40.28,697.087,0
2025-06-21 04:00:00,40.28,40.34,40.14,40.19,1387.537,0
2025-06-21 05:00:00,40.19,40.42,40.15,40.31,1362.125,0
2025-06-21 06:00:00,40.34,40.6,40.15,40.4,3379.715,0
2025-06-21 07:00:00,40.37,40.49,40.13,40.23,2024.148,0
2025-06-21 08:00:00,40.24,40.55,40.11,40.47,1195.643,0
2025-06-21 09:00:00,40.46,40.48,40.23,40.37,1255.531,0
2025-06-21 10:00:00,40.37,40.57,40.13,40.29,2169.656,0
2025-06-21 11:00:00,40.26,40.46,40.12,40.18,2283.803,0
2025-06-21 12:00:00,40.2,40.33,39.86,39.94,1976.485,0
2025-06-21 13:00:00,39.93,40.35,39.73,39.79,3910.48,0
2025-06-21 14:00:00,39.77,40.63,39.66,40.52,5165.071,0
2025-06-21 15:00:00,40.55,41.74,40.54,41.37,6130.885,0
2025-06-21 16:00:00,41.35,41.73,41.02,41.33,4842.398,0
2025-06-21 17:00:00,41.28,41.37,40.48,40.62,863.474,0
2025-06-21 18:00:00,40.62,40.8,40.17,40.21,1093.232,0
2025-06-21 19:00:00,40.21,40.31,39.64,39.64,3497.843,0
2025-06-21 20:00:00,39.73,40.11,39.5,39.74,2051.221,0
2025-06-21 21:00:00,39.81,39.83,38.52,39.03,3363.734,0
2025-06-21 22:00:00,38.98,39.34,38.91,39.31,949.942,0
2025-06-21 23:00:00,39.32,39.56,38.82,39.52,2949.596,0
2025-06-22 00:00:00,39.56,40.18,39.27,39.89,1332.399,0
2025-06-22 01:00:00,39.88,40.11,39.48,39.48,736.967,0
2025-06-22 02:00:00,39.49,39.61,38.7,38.96,3975.836,0
2025-06-22 03:00:00,38.96,39.09,38.58,38.67,1647.784,0
2025-06-22 04:00:00,38.7,39.13,38.62,38.96,938.502,0
2025-06-22 05:00:00,38.92,39.11,38.66,38.78,553.869,0
2025-06-22 06:00:00,38.93,39.19,38.71,38.95,945.408,0
2025-06-22 07:00:00,38.96,39.54,38.47,38.66,5106.44,0
2025-06-22 08:00:00,38.67,39.03,38.51,38.88,2621.797,0
2025-06-22 09:00:00,38.88,38.99,38.22,38.24,3054.764,0
2025-06-22 10:00:00,38.29,38.67,38.23,38.45,1446.355,0
2025-06-22 11:00:00,38.45,38.72,38.2,38.39,2075.567,0
2025-06-22 12:00:00,38.4,38.6,38.2,38.53,1351.208,0
2025-06-22 13:00:00,38.54,38.58,37.39,37.63,10698.551,0
2025-06-22 14:00:00,37.6,37.74,36.39,37.57,8193.348,0
2025-06-22 15:00:00,37.56,37.91,37.48,37.91,2914.983,0
2025-06-22 16:00:00,37.89,38.16,37.29,37.59,1933.615,0
2025-06-22 17:00:00,37.54,38.15,37.36,37.7,2757.926,0
2025-06-22 18:00:00,37.75,37.8,37.02,37.22,3818.305,0
2025-06-22 19:00:00,37.3,37.33,37.05,37.07,2219.127,0
2025-06-22 20:00:00,37.09,37.16,36.46,37.02,5821.008,0
2025-06-22 21:00:00,37.06,37.33,36.66,36.66,979.171,0
2025-06-22 22:00:00,36.69,38.27,36.69,38.1,3308.358,0
2025-06-22 23:00:00,38.14,38.67,38.03,38.19,3517.722,0
2025-06-23 00:00:00,38.18,38.45,38.0,38.18,876.789,0
2025-06-23 01:00:00,38.17,38.4,38.02,38.4,476.681,0
2025-06-23 02:00:00,38.39,38.42,38.08,38.19,1448.714,0
2025-06-23 03:00:00,38.18,38.29,38.0,38.16,1091.12,0
2025-06-23 04:00:00,38.16,38.91,38.0,38.25,3517.58,0
2025-06-23 05:00:00,38.33,38.53,38.23,38.5,1078.109,0
2025-06-23 06:00:00,38.48,38.72,38.4,38.72,1273.498,0
2025-06-23 07:00:00,38.71,38.85,38.45,38.51,2473.578,0
2025-06-23 08:00:00,38.52,38.57,38.15,38.28,2364.083,0
2025-06-23 09:00:00,38.29,38.34,38.08,38.17,1291.516,0
2025-06-23 10:00:00,38.19,38.25,37.73,38.25,3861.966,0
2025-06-23 11:00:00,38.26,38.27,38.0,38.2,972.074,0
2025-06-23 12:00:00,38.21,39.0,38.07,38.98,2970.824,0
2025-06-23 13:00:00,38.95,39.5,38.61,39.4,3662.947,0
2025-06-23 14:00:00,39.39,39.57,38.98,39.06,1090.472,0
2025-06-23 15:00:00,39.06,39.19,38.87,38.96,1152.858,0
2025-06-23 16:00:00,38.97,39.0,38.11,38.23,4130.411,0
2025-06-23 17:00:00,38.2,39.55,38.14,39.37,3468.83,0
2025-06-23 18:00:00,39.32,40.17,39.32,39.96,3535.012,0
2025-06-23 19:00:00,39.99,40.18,39.7,40.11,3840.487,0
2025-06-23 20:00:00,40.09,40.92,40.03,40.56,6457.304,0
2025-06-23 21:00:00,40.68,40.81,40.5,40.64,977.585,0
2025-06-23 22:00:00,40.65,41.78,40.65,41.36,8447.537,0
2025-06-23 23:00:00,41.35,41.81,41.23,41.55,2765.758,0
2025-06-24 00:00:00,41.52,41.69,41.38,41.61,843.246,0
2025-06-24 01:00:00,41.69,41.86,41.52,41.61,1090.723,0
2025-06-24 02:00:00,41.62,41.66,41.37,41.37,1022.956,0
2025-06-24 03:00:00,41.38,41.57,41.36,41.47,478.304,0
2025-06-24 04:00:00,41.44,41.52,41.36,41.52,572.033,0
2025-06-24 05:00:00,41.51,42.22,41.47,42.1,1731.477,0
2025-06-24 06:00:00,42.11,42.48,42.04,42.4,1952.163,0
2025-06-24 07:00:00,42.4,42.48,41.78,41.84,2145.911,0
2025-06-24 08:00:00,41.88,42.43,41.64,41.97,2922.213,0
2025-06-24 09:00:00,41.97,42.59,41.87,42.15,3337.764,0
2025-06-24 10:00:00,42.13,42.68,42.0,42.23,3126.421,0
2025-06-24 11:00:00,42.2,42.37,41.96,42.22,1470.877,0
2025-06-24 12:00:00,42.23,42.32,41.82,42.14,3232.185,0
2025-06-24 13:00:00,42.15,42.4,41.89,41.99,2125.546,0
2025-06-24 14:00:00,41.95,42.64,41.93,42.38,3410.913,0
2025-06-24 15:00:00,42.43,42.54,42.27,42.49,4391.869,0
2025-06-24 16:00:00,42.48,42.95,42.38,42.93,3369.239,0
2025-06-24 17:00:00,42.93,42.99,42.42,42.86,4897.664,0
2025-06-24 18:00:00,42.86,42.93,42.31,42.34,5853.314,0
2025-06-24 19:00:00,42.32,43.07,42.28,42.4,4796.302,0
2025-06-24 20:00:00,42.4,42.8,42.31,42.68,4534.291,0
2025-06-24 21:00:00,42.67,42.95,42.33,42.77,3014.085,0
2025-06-24 22:00:00,42.76,43.03,42.57,42.85,2568.359,0
2025-06-24 23:00:00,42.86,42.89,42.49,42.8,1495.242,0
2025-06-25 00:00:00,42.8,43.3,42.65,42.94,1582.687,0
2025-06-25 01:00:00,42.89,43.04,42.15,42.69,3448.429,0
2025-06-25 02:00:00,42.69,42.84,42.45,42.53,513.948,0
2025-06-25 03:00:00,42.56,42.78,42.47,42.49,476.885,0
2025-06-25 04:00:00,42.47,42.54,42.25,42.32,615.834,0
2025-06-25 05:00:00,42.34,42.35,42.04,42.06,886.368,0
2025-06-25 06:00:00,42.08,42.22,41.95,42.11,1063.646,0
2025-06-25 07:00:00,42.11,42.4,41.89,42.24,2185.84,0
2025-06-25 08:00:00,42.25,42.35,41.74,42.19,2636.476,0
2025-06-25 09:00:00,42.21,42.55,41.97,42.05,3550.28,0
2025-06-25 10:00:00,42.04,42.77,41.88,42.2,4500.7,0
2025-06-25 11:00:00,42.2,42.57,42.1,42.53,1597.586,0
2025-06-25 12:00:00,42.56,42.56,42.22,42.42,998.243,0
2025-06-25 13:00:00,42.44,42.75,42.29,42.59,3491.948,0
2025-06-25 14:00:00,42.62,42.68,41.85,42.22,2949.416,0
2025-06-25 15:00:00,42.12,42.13,41.55,41.56,1582.663,0
2025-06-25 16:00:00,41.6,41.74,41.37,41.5,1512.664,0
2025-06-25 17:00:00,41.49,42.13,40.98,41.53,10204.532,0
2025-06-25 18:00:00,41.5,41.67,41.01,41.48,4863.998,0
2025-06-25 19:00:00,41.48,41.95,41.45,41.76,1189.951,0
2025-06-25 20:00:00,41.75,41.89,41.63,41.87,411.462,0
2025-06-25 21:00:00,41.9,42.08,41.28,41.63,1356.635,0
2025-06-25 22:00:00,41.58,41.58,41.25,41.36,1290.029,0
2025-06-25 23:00:00,41.33,41.49,41.17,41.43,902.995,0
2025-06-26 00:00:00,41.43,41.55,41.17,41.32,1065.349,0
2025-06-26 01:00:00,41.31,41.81,40.98,41.49,1524.999,0
2025-06-26 02:00:00,41.57,41.75,41.06,41.55,1180.735,0
2025-06-26 03:00:00,41.57,41.92,41.39,41.51,848.532,0
2025-06-26 04:00:00,41.51,41.51,41.03,41.19,775.332,0
2025-06-26 05:00:00,41.17,41.17,40.84,40.97,1244.768,0
2025-06-26 06:00:00,40.95,41.06,40.62,41.04,1369.941,0
2025-06-26 07:00:00,41.01,41.39,40.96,41.15,3247.739,0
2025-06-26 08:00:00,41.15,41.38,40.95,41.01,2610.867,0
2025-06-26 09:00:00,41.01,41.04,40.48,40.51,2187.423,0
2025-06-26 10:00:00,40.49,40.58,40.12,40.52,2544.946,0
2025-06-26 11:00:00,40.53,40.58,39.85,40.13,2955.604,0
2025-06-26 12:00:00,40.12,40.16,39.25,39.6,4996.796,0
2025-06-26 13:00:00,39.56,39.78,39.17,39.3,7938.078,0
2025-06-26 14:00:00,39.31,39.87,39.09,39.63,3023.38,0
2025-06-26 15:00:00,39.62,39.71,39.23,39.46,1785.405,0
2025-06-26 16:00:00,39.4,39.4,38.79,38.94,2461.136,0
2025-06-26 17:00:00,38.95,39.24,38.85,38.87,2015.842,0
2025-06-26 18:00:00,38.83,39.14,38.83,39.06,2187.844,0
2025-06-26 19:00:00,39.08,39.63,39.03,39.49,1665.379,0
2025-06-26 20:00:00,39.49,39.97,39.4,39.94,4531.171,0
2025-06-26 21:00:00,39.91,39.97,39.04,39.34,10189.168,0
2025-06-26 22:00:00,39.32,39.48,38.91,39.02,7695.728,0
2025-06-26 23:00:00,39.04,39.26,38.9,39.25,8997.656,0
2025-06-27 00:00:00,39.23,39.45,38.97,39.03,6001.239,0
2025-06-27 01:00:00,39.01,39.8,38.84,39.75,3050.072,0
2025-06-27 02:00:00,39.75,40.02,39.64,39.84,3593.635,0
2025-06-27 03:00:00,39.84,40.03,39.73,39.94,2099.571,0
2025-06-27 04:00:00,39.93,39.98,39.65,39.86,2232.54,0
2025-06-27 05:00:00,39.83,40.15,39.66,39.68,1612.045,0
2025-06-27 06:00:00,39.68,39.94,39.66,39.72,2280.365,0
2025-06-27 07:00:00,39.7,39.91,39.07,39.11,2341.501,0
2025-06-27 08:00:00,39.14,39.4,38.95,39.16,2574.116,0
2025-06-27 09:00:00,39.19,39.25,38.88,39.13,3325.206,0
2025-06-27 10:00:00,39.11,39.14,38.68,38.7,3935.196,0
2025-06-27 11:00:00,38.7,38.95,38.6,38.65,5534.133,0
2025-06-27 12:00:00,38.67,39.2,38.58,38.7,4340.337,0
2025-06-27 13:00:00,38.66,39.09,38.65,39.05,2978.303,0
2025-06-27 14:00:00,39.02,39.11,38.47,38.57,3418.776,0
2025-06-27 15:00:00,38.55,39.0,38.48,38.88,3009.188,0
2025-06-27 16:00:00,38.9,39.45,38.7,39.08,3762.642,0
2025-06-27 17:00:00,39.07,39.07,38.54,38.82,4572.278,0
2025-06-27 18:00:00,38.8,38.89,38.48,38.57,3745.754,0
2025-06-27 19:00:00,38.58,39.15,38.57,39.09,4874.138,0
2025-06-27 20:00:00,39.07,39.36,39.03,39.25,1939.078,0
2025-06-27 21:00:00,39.27,39.36,39.08,39.08,1687.485,0
2025-06-27 22:00:00,39.1,39.18,38.83,39.0,2111.126,0
2025-06-27 23:00:00,38.99,39.1,38.49,38.54,3518.211,0
2025-06-28 00:00:00,38.58,38.67,37.74,38.12,4974.668,0
2025-06-28 01:00:00,38.09,38.17,37.77,37.95,1820.464,0
2025-06-28 02:00:00,37.95,38.04,37.7,37.82,1370.677,0
2025-06-28 03:00:00,37.82,37.82,37.49,37.71,1379.694,0
2025-06-28 04:00:00,37.73,37.78,37.44,37.45,1081.642,0
2025-06-28 05:00:00,37.45,37.7,37.44,37.65,1491.856,0
2025-06-28 06:00:00,37.66,38.07,37.62,38.06,1366.788,0
2025-06-28 07:00:00,38.05,38.17,37.94,38.08,868.556,0
2025-06-28 08:00:00,38.09,38.09,37.79,37.95,2013.609,0
2025-06-28 09:00:00,37.95,38.05,37.73,37.99,1705.891,0
2025-06-28 10:00:00,38.0,38.0,37.62,37.62,850.293,0
2025-06-28 11:00:00,37.64,38.05,37.64,37.92,2093.41,0
2025-06-28 12:00:00,37.9,38.07,37.88,38.01,350.246,0
2025-06-28 13:00:00,38.01,38.03,37.8,37.87,360.304,0
2025-06-28 14:00:00,37.9,38.29,37.9,38.27,883.756,0
2025-06-28 15:00:00,38.27,38.27,37.55,38.24,6253.512,0
2025-06-28 16:00:00,38.19,38.36,38.14,38.17,1878.44,0
2025-06-28 17:00:00,38.18,38.6,38.15,38.53,687.108,0
2025-06-28 18:00:00,38.49,38.58,38.34,38.56,1105.193,0
2025-06-28 19:00:00,38.57,38.79,38.49,38.71,1834.856,0
2025-06-28 20:00:00,38.71,39.07,38.7,38.82,1647.119,0
2025-06-28 21:00:00,38.79,39.5,38.78,39.06,2334.519,0
2025-06-28 22:00:00,39.0,39.46,38.87,39.17,3709.982,0
2025-06-28 23:00:00,39.18,39.26,38.97,39.02,1144.195,0
2025-06-29 00:00:00,39.02,39.14,38.94,39.02,2547.599,0
2025-06-29 01:00:00,38.99,39.0,38.75,38.77,535.243,0
2025-06-29 02:00:00,38.73,38.87,38.66,38.81,466.248,0
2025-06-29 03:00:00,38.8,39.01,38.8,38.84,184.323,0
2025-06-29 04:00:00,38.85,38.92,38.77,38.91,223.881,0
2025-06-29 05:00:00,38.91,39.15,38.84,39.13,366.829,0
2025-06-29 06:00:00,39.11,39.2,38.87,39.12,503.451,0
2025-06-29 07:00:00,39.13,39.97,39.12,39.93,5273.477,0
2025-06-29 08:00:00,39.98,40.04,39.75,39.79,2077.154,0
2025-06-29 09:00:00,39.8,39.87,39.68,39.68,811.807,0
2025-06-29 10:00:00,39.69,39.93,39.61,39.85,2452.112,0
2025-06-29 11:00:00,39.84,39.92,39.77,39.85,919.371,0
2025-06-29 12:00:00,39.88,39.9,39.32,39.53,3887.037,0
2025-06-29 13:00:00,39.56,39.65,39.25,39.31,1027.988,0
2025-06-29 14:00:00,39.33,39.86,39.29,39.81,4622.184,0
2025-06-29 15:00:00,39.82,39.94,39.45,39.71,3536.29,0
2025-06-29 16:00:00,39.7,39.8,39.45,39.75,853.912,0
2025-06-29 17:00:00,39.77,39.9,39.68,39.78,1886.212,0
2025-06-29 18:00:00,39.78,39.78,39.47,39.59,1165.095,0
2025-06-29 19:00:00,39.59,39.66,39.47,39.58,888.696,0
2025-06-29 20:00:00,39.54,39.6,39.33,39.39,498.583,0
2025-06-29 21:00:00,39.37,39.62,39.24,39.62,596.595,0
2025-06-29 22:00:00,39.63,40.31,39.62,40.25,4339.96,0
2025-06-29 23:00:00,40.25,40.34,40.03,40.1,1603.926,0
2025-06-30 00:00:00,40.11,40.28,40.04,40.13,1109.703,0
2025-06-30 01:00:00,40.11,40.18,39.94,40.06,1858.738,0
2025-06-30 02:00:00,40.05,40.13,39.99,40.0,573.213,0
2025-06-30 03:00:00,39.98,40.22,39.98,40.17,407.436,0
2025-06-30 04:00:00,40.16,40.26,40.04,40.17,1300.847,0
2025-06-30 05:00:00,40.16,40.54,40.13,40.48,1743.367,0
2025-06-30 06:00:00,40.54,40.55,40.01,40.07,1448.046,0
2025-06-30 07:00:00,40.07,40.13,39.73,39.95,2542.115,0
2025-06-30 08:00:00,39.95,40.01,39.6,39.63,1133.802,0
2025-06-30 09:00:00,39.65,39.73,39.52,39.54,1398.252,0
2025-06-30 10:00:00,39.55,39.72,39.45,39.61,2593.493,0
2025-06-30 11:00:00,39.62,39.83,39.54,39.72,2707.519,0
2025-06-30 12:00:00,39.72,39.96,39.67,39.71,1667.889,0
2025-06-30 13:00:00,39.71,40.13,39.64,39.67,1911.021,0
2025-06-30 14:00:00,39.69,39.81,38.85,39.25,7000.721,0
2025-06-30 15:00:00,39.28,39.44,38.93,39.1,3751.484,0
2025-06-30 16:00:00,39.09,39.33,38.91,39.31,2552.593,0
2025-06-30 17:00:00,39.32,39.44,39.04,39.07,2785.834,0
2025-06-30 18:00:00,39.09,39.21,38.87,38.9,1345.878,0
2025-06-30 19:00:00,38.88,39.25,38.84,39.11,1450.576,0
2025-06-30 20:00:00,39.01,39.12,38.75,38.81,1342.024,0
2025-06-30 21:00:00,38.83,38.9,38.27,38.42,3565.551,0
2025-06-30 22:00:00,38.41,38.57,38.3,38.3,1005.693,0
2025-06-30 23:00:00,38.3,38.5,38.23,38.27,594.394,0
2025-07-01 00:00:00,38.24,38.51,37.63,37.81,5465.153,0
2025-07-01 01:00:00,37.88,37.99,37.61,37.66,816.337,0
2025-07-01 02:00:00,37.66,37.8,37.53,37.68,1228.218,0
2025-07-01 03:00:00,37.69,37.98,37.65,37.89,1006.341,0
2025-07-01 04:00:00,37.87,37.87,37.33,37.36,1634.837,0
2025-07-01 05:00:00,37.36,37.45,37.16,37.34,1863.301,0
2025-07-01 06:00:00,37.33,37.33,37.14,37.18,1350.362,0
2025-07-01 07:00:00,37.23,37.31,36.89,37.19,2461.478,0
2025-07-01 08:00:00,37.18,37.18,36.89,36.94,1260.54,0
2025-07-01 09:00:00,36.94,37.12,36.86,36.97,1414.967,0
2025-07-01 10:00:00,36.94,36.94,36.76,36.86,2249.042,0
2025-07-01 11:00:00,36.87,37.02,36.79,37.0,1285.123,0
2025-07-01 12:00:00,36.97,37.08,36.7,36.78,2140.577,0
2025-07-01 13:00:00,36.78,37.12,36.71,36.89,3791.505,0
2025-07-01 14:00:00,36.87,37.18,36.7,36.98,1716.356,0
2025-07-01 15:00:00,36.96,37.1,36.19,36.48,9536.799,0
2025-07-01 16:00:00,36.51,36.7,36.44,36.51,862.689,0
2025-07-01 17:00:00,36.52,36.69,36.41,36.65,1760.549,0
2025-07-01 18:00:00,36.66,36.94,36.57,36.63,2735.024,0
2025-07-01 19:00:00,36.62,36.85,36.55,36.58,1221.71,0
2025-07-01 20:00:00,36.54,36.98,36.48,36.87,1433.903,0
2025-07-01 21:00:00,36.83,37.1,36.75,37.02,1460.444,0
2025-07-01 22:00:00,37.02,37.07,36.79,36.8,621.786,0
2025-07-01 23:00:00,36.79,36.96,36.66,36.92,810.143,0
2025-07-02 00:00:00,36.93,37.03,36.88,36.95,480.195,0
2025-07-02 01:00:00,36.94,37.13,36.71,36.84,1330.665,0
2025-07-02 02:00:00,36.87,36.93,36.81,36.85,374.928,0
2025-07-02 03:00:00,36.87,37.14,36.85,37.0,458.396,0
2025-07-02 04:00:00,37.02,37.34,36.97,37.32,1410.01,0
2025-07-02 05:00:00,37.31,37.47,37.14,37.23,2082.755,0
2025-07-02 06:00:00,37.23,37.46,37.19,37.43,954.006,0
2025-07-02 07:00:00,37.44,37.54,37.18,37.28,928.978,0
2025-07-02 08:00:00,37.29,37.43,37.22,37.23,1469.164,0
2025-07-02 09:00:00,37.26,37.41,37.18,37.32,819.604,0
2025-07-02 10:00:00,37.32,37.56,37.28,37.56,611.475,0
2025-07-02 11:00:00,37.52,37.58,37.34,37.43,983.351,0
2025-07-02 12:00:00,37.42,37.43,37.14,37.25,1629.033,0
2025-07-02 13:00:00,37.25,37.76,37.24,37.71,2897.622,0
2025-07-02 14:00:00,37.7,37.86,37.58,37.81,1746.364,0
2025-07-02 15:00:00,37.83,38.2,37.79,38.07,2884.049,0
2025-07-02 16:00:00,38.09,39.1,38.07,38.75,7868.163,0
2025-07-02 17:00:00,38.8,38.96,38.36,38.69,4573.429,0
2025-07-02 18:00:00,38.71,38.88,38.65,38.84,2065.491,0
2025-07-02 19:00:00,38.87,38.93,38.69,38.93,2136.554,0
2025-07-02 20:00:00,38.89,38.91,38.57,38.69,3442.681,0
2025-07-02 21:00:00,38.7,38.86,38.64,38.75,1324.905,0
2025-07-02 22:00:00,38.78,39.12,38.78,39.03,2460.892,0
2025-07-02 23:00:00,39.05,39.07,38.78,38.92,1719.965,0
2025-07-03 00:00:00,38.94,39.0,38.45,38.62,2240.335,0
2025-07-03 01:00:00,38.64,38.89,38.55,38.86,1648.289,0
2025-07-03 02:00:00,38.85,38.85,38.47,38.64,1572.916,0
2025-07-03 03:00:00,38.68,38.78,38.6,38.65,1115.061,0
2025-07-03 04:00:00,38.65,39.02,38.64,39.0,1662.172,0
2025-07-03 05:00:00,39.0,39.35,38.98,39.32,1613.049,0
2025-07-03 06:00:00,39.36,39.46,39.25,39.4,1344.816,0
2025-07-03 07:00:00,39.41,40.01,39.25,39.55,2598.05,0
2025-07-03 08:00:00,39.57,39.63,39.19,39.21,2385.155,0
2025-07-03 09:00:00,39.18,39.5,39.18,39.43,1355.151,0
2025-07-03 10:00:00,39.43,39.43,38.83,38.99,2611.881,0
2025-07-03 11:00:00,38.96,39.31,38.73,39.24,3342.156,0
2025-07-03 12:00:00,39.22,39.64,39.15,39.54,5047.367,0
2025-07-03 13:00:00,39.56,40.22,39.56,40.0,4414.625,0
2025-07-03 14:00:00,40.05,40.18,39.91,40.04,2962.98,0
2025-07-03 15:00:00,40.04,40.17,39.51,39.58,3447.781,0
2025-07-03 16:00:00,39.58,39.62,39.29,39.56,2372.419,0
2025-07-03 17:00:00,39.58,40.0,39.58,39.89,2564.716,0
2025-07-03 18:00:00,39.91,40.29,39.7,39.7,2413.371,0
2025-07-03 19:00:00,39.73,40.19,39.71,40.04,2327.094,0
2025-07-03 20:00:00,40.02,40.3,39.98,40.15,3788.721,0
2025-07-03 21:00:00,40.13,40.21,39.44,39.96,4988.557,0
2025-07-03 22:00:00,40.0,40.35,39.92,40.31,3715.323,0
2025-07-03 23:00:00,40.33,40.94,40.3,40.92,4788.98,0
2025-07-04 00:00:00,40.95,41.05,40.69,40.91,2058.665,0
2025-07-04 01:00:00,40.91,41.47,40.81,41.29,2464.214,0
2025-07-04 02:00:00,41.31,41.32,40.57,40.59,1545.183,0
2025-07-04 03:00:00,40.67,41.23,40.59,40.95,1851.683,0
2025-07-04 04:00:00,40.94,41.24,40.64,40.75,1277.204,0
2025-07-04 05:00:00,40.75,41.02,40.5,40.66,2735.68,0
2025-07-04 06:00:00,40.62,40.62,40.31,40.42,1439.814,0
2025-07-04 07:00:00,40.44,40.6,40.1,40.19,7330.35,0
2025-07-04 08:00:00,40.2,41.18,39.9,41.18,5437.035,0
2025-07-04 09:00:00,41.15,41.71,40.93,41.59,7401.648,0
2025-07-04 10:00:00,41.59,41.7,41.08,41.66,3504.186,0
2025-07-04 11:00:00,41.64,42.1,41.42,41.86,5876.764,0
2025-07-04 12:00:00,41.87,42.08,40.95,40.96,7750.393,0
2025-07-04 13:00:00,40.95,41.19,40.46,40.53,4818.429,0
2025-07-04 14:00:00,40.52,40.65,39.81,40.27,4241.714,0
2025-07-04 15:00:00,40.25,40.35,39.52,39.6,3168.232,0
2025-07-04 16:00:00,39.61,39.62,39.11,39.53,4639.137,0
2025-07-04 17:00:00,39.52,39.96,39.38,39.89,3829.41,0
2025-07-04 18:00:00,39.89,39.91,39.49,39.66,5294.636,0
2025-07-04 19:00:00,39.63,39.68,39.35,39.52,1248.247,0
2025-07-04 20:00:00,39.48,40.03,39.48,39.87,612.821,0
2025-07-04 21:00:00,39.88,40.25,39.87,40.22,833.464,0
2025-07-04 22:00:00,40.22,40.34,40.14,40.15,1029.457,0
2025-07-04 23:00:00,40.15,40.19,39.91,40.11,1128.239,0
2025-07-05 00:00:00,40.11,40.77,40.1,40.5,1701.064,0
2025-07-05 01:00:00,40.5,40.51,39.86,39.98,1535.544,0
2025-07-05 02:00:00,39.98,40.03,39.68,40.0,543.202,0
2025-07-05 03:00:00,40.01,40.1,39.81,39.89,400.864,0
2025-07-05 04:00:00,39.85,39.85,39.63,39.65,522.608,0
2025-07-05 05:00:00,39.62,39.71,39.49,39.65,779.295,0
2025-07-05 06:00:00,39.68,40.07,39.62,39.91,1003.567,0
2025-07-05 07:00:00,39.92,39.95,39.73,39.84,1023.178,0
2025-07-05 08:00:00,39.86,39.89,39.58,39.68,387.423,0
2025-07-05 09:00:00,39.65,39.67,39.47,39.62,745.996,0
2025-07-05 10:00:00,39.6,39.67,39.42,39.43,471.35,0
2025-07-05 11:00:00,39.42,40.2,39.42,39.77,3110.687,0
2025-07-05 12:00:00,39.78,39.8,39.57,39.6,1036.248,0
2025-07-05 13:00:00,39.59,39.63,39.19,39.29,1413.256,0
2025-07-05 14:00:00,39.25,39.35,39.11,39.31,1169.961,0
2025-07-05 15:00:00,39.3,39.45,39.1,39.23,765.019,0
2025-07-05 16:00:00,39.23,39.52,38.86,39.04,4042.153,0
2025-07-05 17:00:00,39.04,39.19,38.54,38.66,2299.412,0
2025-07-05 18:00:00,38.65,38.73,38.49,38.59,959.886,0
2025-07-05 19:00:00,38.59,39.07,38.57,39.03,653.368,0
2025-07-05 20:00:00,39.02,39.12,38.9,39.06,835.001,0
2025-07-05 21:00:00,39.11,39.2,39.07,39.2,406.29,0
2025-07-05 22:00:00,39.15,39.35,39.04,39.33,1694.415,0
2025-07-05 23:00:00,39.35,39.43,39.2,39.24,294.368,0
2025-07-06 00:00:00,39.2,39.2,38.69,38.82,2001.741,0
2025-07-06 01:00:00,38.79,38.81,38.57,38.64,670.262,0
2025-07-06 02:00:00,38.63,38.84,38.47,38.53,1444.213,0
2025-07-06 03:00:00,38.54,38.63,38.46,38.48,1141.89,0
2025-07-06 04:00:00,38.47,38.6,38.08,38.23,1898.433,0
2025-07-06 05:00:00,38.24,38.27,38.13,38.18,370.874,0
2025-07-06 06:00:00,38.18,38.41,38.18,38.4,584.36,0
2025-07-06 07:00:00,38.42,38.54,38.19,38.21,1839.366,0
2025-07-06 08:00:00,38.22,38.27,37.93,38.05,1625.075,0
2025-07-06 09:00:00,38.06,38.18,37.9,37.91,1358.111,0
2025-07-06 10:00:00,37.91,38.23,37.88,38.16,921.557,0
2025-07-06 11:00:00,38.15,38.17,37.58,37.86,5632.797,0
2025-07-06 12:00:00,37.86,38.34,37.82,38.33,1072.288,0
2025-07-06 13:00:00,38.31,39.14,38.25,38.98,3568.611,0
2025-07-06 14:00:00,39.0,39.03,38.57,38.88,2005.656,0
2025-07-06 15:00:00,38.91,38.92,38.53,38.76,965.548,0
2025-07-06 16:00:00,38.77,39.35,38.77,39.28,3112.168,0
2025-07-06 17:00:00,39.27,39.57,39.18,39.54,1866.723,0
2025-07-06 18:00:00,39.56,39.56,39.09,39.28,517.507,0
2025-07-06 19:00:00,39.34,39.39,38.92,39.07,450.159,0
2025-07-06 20:00:00,39.08,39.46,39.08,39.38,507.836,0
2025-07-06 21:00:00,39.4,40.13,39.4,39.98,1938.382,0
2025-07-06 22:00:00,39.99,40.16,39.6,39.6,1329.265,0
2025-07-06 23:00:00,39.61,39.61,39.24,39.33,794.173,0
2025-07-07 00:00:00,39.34,39.39,39.14,39.2,747.914,0
2025-07-07 01:00:00,39.2,39.34,39.07,39.25,276.588,0
2025-07-07 02:00:00,39.33,39.72,39.33,39.49,1059.306,0
2025-07-07 03:00:00,39.54,39.66,39.28,39.28,339.974,0
2025-07-07 04:00:00,39.29,39.63,39.24,39.24,2030.755,0
2025-07-07 05:00:00,39.23,39.28,38.98,39.12,365.504,0
2025-07-07 06:00:00,39.11,39.19,38.9,38.91,258.64,0
2025-07-07 07:00:00,38.94,39.11,38.68,38.89,3817.338,0
2025-07-07 08:00:00,38.88,39.06,38.78,39.05,585.709,0
2025-07-07 09:00:00,39.0,39.0,38.46,38.65,1367.263,0
2025-07-07 10:00:00,38.62,38.62,38.44,38.5,408.735,0
2025-07-07 11:00:00,38.52,38.69,38.47,38.56,2300.508,0
2025-07-07 12:00:00,38.58,38.69,38.43,38.5,874.999,0
2025-07-07 13:00:00,38.53,38.65,38.3,38.65,1864.174,0
2025-07-07 14:00:00,38.64,38.75,38.09,38.21,1717.255,0
2025-07-07 15:00:00,38.23,38.95,38.23,38.71,5028.202,0
2025-07-07 16:00:00,38.73,38.75,38.07,38.52,2732.039,0
2025-07-07 17:00:00,38.52,38.72,38.34,38.49,1792.711,0
2025-07-07 18:00:00,38.49,38.53,38.11,38.46,1960.171,0
2025-07-07 19:00:00,38.43,38.67,38.42,38.52,262.875,0
2025-07-07 20:00:00,38.44,38.83,38.16,38.53,1257.215,0
2025-07-07 21:00:00,38.51,38.73,38.39,38.71,504.161,0
2025-07-07 22:00:00,38.69,38.73,38.45,38.49,242.088,0
2025-07-07 23:00:00,38.47,38.82,38.44,38.77,269.718,0
2025-07-08 00:00:00,38.75,38.88,38.49,38.59,592.985,0
2025-07-08 01:00:00,38.58,38.58,38.34,38.38,473.195,0
2025-07-08 02:00:00,38.38,38.73,38.26,38.47,1664.552,0
2025-07-08 03:00:00,38.43,38.51,38.42,38.49,265.078,0
2025-07-08 04:00:00,38.45,38.54,38.3,38.54,686.171,0
2025-07-08 05:00:00,38.57,38.65,38.47,38.56,225.267,0
2025-07-08 06:00:00,38.57,38.7,38.49,38.55,472.723,0
2025-07-08 07:00:00,38.54,38.79,38.47,38.74,547.556,0
2025-07-08 08:00:00,38.7,38.85,38.57,38.73,887.258,0
2025-07-08 09:00:00,38.67,38.87,38.66,38.75,461.733,0
2025-07-08 10:00:00,38.75,38.91,38.72,38.87,593.329,0
2025-07-08 11:00:00,38.89,39.55,38.89,39.53,1682.635,0
2025-07-08 12:00:00,39.56,40.32,39.41,40.15,4745.151,0
2025-07-08 13:00:00,40.13,40.88,39.91,40.6,4620.288,0
2025-07-08 14:00:00,40.56,41.43,40.55,41.22,5473.125,0
2025-07-08 15:00:00,41.21,41.6,40.54,40.85,6576.9,0
2025-07-08 16:00:00,40.9,42.94,40.78,42.19,14098.213,0
2025-07-08 17:00:00,42.11,42.62,42.11,42.39,1922.27,0
2025-07-08 18:00:00,42.4,42.57,41.9,42.44,6795.089,0
2025-07-08 19:00:00,42.47,42.71,42.27,42.66,5209.701,0
2025-07-08 20:00:00,42.61,42.81,42.02,42.33,2602.993,0
2025-07-08 21:00:00,42.35,42.56,42.28,42.4,1633.55,0
2025-07-08 22:00:00,42.45,42.85,42.05,42.84,1518.785,0
2025-07-08 23:00:00,42.86,43.73,42.78,43.7,3738.471,0
2025-07-09 00:00:00,43.73,44.87,43.38,44.5,8172.829,0
2025-07-09 01:00:00,44.49,44.73,43.34,43.91,5906.329,0
2025-07-09 02:00:00,43.9,46.16,41.05,41.07,46045.834,0
2025-07-09 03:00:00,41.15,41.28,40.02,40.4,4198.861,0
2025-07-09 04:00:00,40.36,40.61,39.76,40.26,6284.557,0
2025-07-09 05:00:00,40.27,40.52,39.87,40.26,4150.177,0
2025-07-09 06:00:00,40.22,40.31,39.9,40.16,2769.238,0
2025-07-09 07:00:00,40.15,40.62,40.08,40.46,1503.027,0
2025-07-09 08:00:00,40.45,40.65,40.11,40.41,2746.209,0
2025-07-09 09:00:00,40.37,40.46,40.19,40.4,1149.337,0
2025-07-09 10:00:00,40.36,40.42,39.61,39.66,5482.402,0
2025-07-09 11:00:00,39.65,40.04,39.57,39.82,3401.067,0
2025-07-09 12:00:00,39.81,40.41,39.81,40.16,5711.355,0
2025-07-09 13:00:00,40.16,40.35,39.86,40.17,4049.041,0
2025-07-09 14:00:00,40.17,40.29,38.83,39.25,10353.385,0
2025-07-09 15:00:00,39.26,39.41,39.01,39.04,4470.165,0
2025-07-09 16:00:00,39.04,39.41,38.98,39.14,6629.71,0
2025-07-09 17:00:00,39.12,39.15,38.91,39.0,4214.944,0
2025-07-09 18:00:00,39.02,39.39,38.8,39.08,6538.284,0
2025-07-09 19:00:00,39.08,40.11,39.01,39.95,6703.078,0
2025-07-09 20:00:00,39.93,40.06,39.72,39.86,7423.47,0
2025-07-09 21:00:00,39.85,40.13,39.8,39.96,4422.228,0
2025-07-09 22:00:00,39.96,40.64,39.96,40.64,3337.702,0
2025-07-09 23:00:00,40.66,41.25,40.63,41.02,7305.108,0
2025-07-10 00:00:00,41.02,41.28,40.7,40.95,3438.569,0
2025-07-10 01:00:00,40.98,41.47,40.97,41.47,1694.676,0
2025-07-10 02:00:00,41.48,41.63,41.15,41.17,1731.366,0
2025-07-10 03:00:00,41.21,41.54,40.71,40.9,2001.542,0
2025-07-10 04:00:00,40.9,41.5,40.27,41.12,8034.543,0
2025-07-10 05:00:00,41.15,41.19,40.41,40.51,3686.154,0
2025-07-10 06:00:00,40.53,40.82,40.36,40.77,3711.813,0
2025-07-10 07:00:00,40.78,41.0,40.62,40.69,2210.851,0
2025-07-10 08:00:00,40.66,40.68,40.43,40.54,1865.962,0
2025-07-10 09:00:00,40.52,40.62,40.29,40.37,2171.215,0
2025-07-10 10:00:00,40.35,40.65,40.15,40.64,3044.858,0
2025-07-10 11:00:00,40.63,40.63,40.43,40.59,881.254,0
2025-07-10 12:00:00,40.54,40.54,40.2,40.4,1786.554,0
2025-07-10 13:00:00,40.42,40.64,40.36,40.5,2181.773,0
2025-07-10 14:00:00,40.49,40.91,40.24,40.54,3827.055,0
2025-07-10 15:00:00,40.55,40.6,40.2,40.37,1308.88,0
2025-07-10 16:00:00,40.38,41.2,40.35,41.15,3073.524,0
2025-07-10 17:00:00,41.18,41.67,41.0,41.53,3574.69,0
2025-07-10 18:00:00,41.55,41.82,41.27,41.29,5579.888,0
2025-07-10 19:00:00,41.31,41.97,41.14,41.22,3749.235,0
2025-07-10 20:00:00,41.23,41.76,41.18,41.69,1710.08,0
2025-07-10 21:00:00,41.68,43.0,41.66,42.29,6510.63,0
2025-07-10 22:00:00,42.34,42.44,42.03,42.38,1498.278,0
2025-07-10 23:00:00,42.38,42.43,41.81,42.08,2461.093,0
2025-07-11 00:00:00,42.04,42.25,41.3,41.76,3703.507,0
2025-07-11 01:00:00,41.75,42.28,41.72,42.25,3279.473,0
2025-07-11 02:00:00,42.25,42.49,42.16,42.45,2292.486,0
2025-07-11 03:00:00,42.44,43.27,42.44,42.79,7591.276,0
2025-07-11 04:00:00,42.75,43.02,42.46,42.94,1445.664,0
2025-07-11 05:00:00,42.94,43.8,42.87,43.42,5010.083,0
2025-07-11 06:00:00,43.42,43.63,42.39,42.47,6228.376,0
2025-07-11 07:00:00,42.44,42.86,42.22,42.65,1962.809,0
2025-07-11 08:00:00,42.65,43.06,42.64,43.06,1556.647,0
2025-07-11 09:00:00,43.07,43.4,42.92,43.21,2900.043,0
2025-07-11 10:00:00,43.2,43.29,43.03,43.03,1516.077,0
2025-07-11 11:00:00,43.06,43.23,42.63,42.71,5266.449,0
2025-07-11 12:00:00,42.7,43.12,42.66,43.11,1635.44,0
2025-07-11 13:00:00,43.12,43.38,42.3,42.7,3788.527,0
2025-07-11 14:00:00,42.72,43.31,42.59,43.19,4009.262,0
2025-07-11 15:00:00,43.21,43.84,42.4,42.58,4779.215,0
2025-07-11 16:00:00,42.54,43.09,42.31,43.07,2051.299,0
2025-07-11 17:00:00,43.05,44.0,42.93,43.55,3513.947,0
2025-07-11 18:00:00,43.58,43.85,43.31,43.48,1713.591,0
2025-07-11 19:00:00,43.54,43.71,42.4,43.61,5671.081,0
2025-07-11 20:00:00,43.61,43.75,42.97,43.04,2201.245,0
2025-07-11 21:00:00,43.06,43.12,42.38,42.6,1701.955,0
2025-07-11 22:00:00,42.6,42.7,41.31,41.65,3908.526,0
2025-07-11 23:00:00,41.65,42.05,41.64,42.05,706.323,0
2025-07-12 00:00:00,42.07,42.7,41.66,42.58,4219.07,0
2025-07-12 01:00:00,42.62,43.03,42.29,42.78,1704.479,0
2025-07-12 02:00:00,42.74,43.03,42.53,42.61,1184.625,0
2025-07-12 03:00:00,42.58,42.88,42.49,42.68,770.731,0
2025-07-12 04:00:00,42.73,42.78,42.07,42.09,1046.164,0
2025-07-12 05:00:00,42.12,42.21,41.68,42.01,1180.778,0
2025-07-12 06:00:00,42.01,42.66,42.0,42.5,938.015,0
2025-07-12 07:00:00,42.5,42.94,42.33,42.36,2867.09,0
2025-07-12 08:00:00,42.36,42.82,42.14,42.35,1714.972,0
2025-07-12 09:00:00,42.32,42.66,42.24,42.53,1280.367,0
2025-07-12 10:00:00,42.52,42.84,42.36,42.56,723.029,0
2025-07-12 11:00:00,42.57,42.62,42.25,42.29,744.241,0
2025-07-12 12:00:00,42.28,42.49,41.32,41.63,2652.397,0
2025-07-12 13:00:00,41.66,42.08,41.35,41.98,2558.947,0
2025-07-12 14:00:00,42.02,42.34,41.66,41.67,2351.786,0
2025-07-12 15:00:00,41.65,41.74,40.4,40.73,7129.47,0
2025-07-12 16:00:00,40.74,41.39,40.62,41.02,2307.138,0
2025-07-12 17:00:00,40.99,41.61,40.98,41.54,866.38,0
2025-07-12 18:00:00,41.48,42.18,41.42,42.02,2422.381,0
2025-07-12 19:00:00,42.01,42.24,41.92,42.1,1759.425,0
2025-07-12 20:00:00,42.15,42.15,41.36,41.37,1646.523,0
2025-07-12 21:00:00,41.34,42.53,41.34,42.46,2623.983,0
2025-07-12 22:00:00,42.46,42.6,42.22,42.35,1315.208,0
2025-07-12 23:00:00,42.34,42.37,42.08,42.28,629.433,0
2025-07-13 00:00:00,42.31,42.75,42.25,42.53,1093.308,0
2025-07-13 01:00:00,42.55,42.6,42.12,42.23,893.393,0
2025-07-13 02:00:00,42.24,42.29,41.78,42.08,736.276,0
2025-07-13 03:00:00,42.1,42.16,41.83,41.89,436.405,0
2025-07-13 04:00:00,41.89,42.93,41.89,42.8,2943.817,0
2025-07-13 05:00:00,42.82,42.87,42.36,42.37,1812.273,0
2025-07-13 06:00:00,42.39,43.31,42.36,42.58,3639.511,0
2025-07-13 07:00:00,42.58,43.42,42.52,43.09,1645.622,0
2025-07-13 08:00:00,43.1,43.12,42.65,42.86,583.218,0
2025-07-13 09:00:00,42.87,42.95,42.43,42.53,1248.72,0
2025-07-13 10:00:00,42.54,42.75,42.34,42.41,1226.865,0
2025-07-13 11:00:00,42.43,42.76,42.38,42.68,563.781,0
2025-07-13 12:00:00,42.72,43.06,42.58,42.94,899.085,0
2025-07-13 13:00:00,42.91,43.5,42.42,43.37,5535.685,0
2025-07-13 14:00:00,43.32,43.52,42.81,43.24,3787.371,0
2025-07-13 15:00:00,43.24,43.8,43.18,43.39,2366.52,0
2025-07-13 16:00:00,43.38,43.85,43.04,43.05,1986.168,0
2025-07-13 17:00:00,43.05,43.38,42.89,42.95,1763.492,0
2025-07-13 18:00:00,42.98,43.08,42.82,43.03,1810.33,0
2025-07-13 19:00:00,43.01,43.01,42.72,42.76,1468.609,0
2025-07-13 20:00:00,42.79,43.17,42.65,42.93,618.81,0
2025-07-13 21:00:00,42.96,42.96,42.05,42.31,1988.383,0
2025-07-13 22:00:00,42.27,42.4,41.92,42.26,2198.372,0
2025-07-13 23:00:00,42.26,42.5,42.1,42.37,921.834,0
2025-07-14 00:00:00,42.4,42.65,42.22,42.37,966.144,0
2025-07-14 01:00:00,42.37,42.76,42.27,42.71,437.954,0
2025-07-14 02:00:00,42.78,43.5,42.66,43.29,4371.372,0
2025-07-14 03:00:00,43.3,43.99,43.29,43.83,2244.948,0
2025-07-14 04:00:00,43.86,43.99,43.6,43.97,5104.363,0
2025-07-14 05:00:00,43.99,44.21,43.29,43.58,4882.787,0
2025-07-14 06:00:00,43.64,43.67,43.28,43.44,2175.0,0
2025-07-14 07:00:00,43.41,44.43,43.41,44.14,4473.05,0
2025-07-14 08:00:00,44.16,44.37,43.61,44.35,1658.811,0
2025-07-14 09:00:00,44.33,44.69,43.95,44.09,3116.12,0
2025-07-14 10:00:00,44.12,44.54,43.7,44.22,2306.683,0
2025-07-14 11:00:00,44.13,44.44,43.9,44.03,1466.139,0
2025-07-14 12:00:00,44.01,44.12,43.72,44.0,1365.489,0
2025-07-14 13:00:00,44.04,44.26,43.77,44.02,2020.824,0
2025-07-14 14:00:00,44.07,44.64,43.66,43.98,4020.728,0
2025-07-14 15:00:00,44.01,44.16,43.52,43.84,2283.979,0
2025-07-14 16:00:00,43.84,44.1,43.52,44.0,776.922,0
2025-07-14 17:00:00,43.99,44.08,43.41,43.61,927.899,0
2025-07-14 18:00:00,43.62,43.65,42.88,42.94,2118.499,0
2025-07-14 19:00:00,42.91,43.1,42.68,42.85,1153.982,0
2025-07-14 20:00:00,42.83,43.53,42.49,43.41,1480.435,0
2025-07-14 21:00:00,43.41,43.71,43.04,43.54,3449.174,0
2025-07-14 22:00:00,43.54,43.67,43.46,43.49,1646.564,0
2025-07-14 23:00:00,43.47,43.48,43.06,43.17,1367.862,0
2025-07-15 00:00:00,43.17,43.4,42.66,42.76,1532.834,0
2025-07-15 01:00:00,42.78,42.95,42.48,42.62,2389.319,0
2025-07-15 02:00:00,42.58,43.09,42.31,42.7,4254.92,0
2025-07-15 03:00:00,42.69,42.69,41.76,42.0,5175.895,0
2025-07-15 04:00:00,41.97,42.31,41.36,42.16,1666.494,0
2025-07-15 05:00:00,42.12,42.3,41.86,42.03,1281.052,0
2025-07-15 06:00:00,42.04,42.3,41.74,42.08,3126.887,0
2025-07-15 07:00:00,42.06,42.25,41.8,41.99,1248.627,0
2025-07-15 08:00:00,41.99,42.19,41.8,42.01,756.165,0
2025-07-15 09:00:00,42.05,42.43,42.0,42.0,1172.608,0
2025-07-15 10:00:00,42.01,42.24,41.94,42.19,279.785,0
2025-07-15 11:00:00,42.19,42.43,41.83,42.2,413.633,0
2025-07-15 12:00:00,42.19,42.78,41.7,42.35,1661.101,0
2025-07-15 13:00:00,42.37,43.02,42.37,42.95,2054.197,0
2025-07-15 14:00:00,42.96,43.12,41.82,42.05,1987.806,0
2025-07-15 15:00:00,42.0,42.58,41.8,42.29,6920.185,0
2025-07-15 16:00:00,42.3,42.9,42.28,42.67,1542.852,0
2025-07-15 17:00:00,42.8,43.4,42.68,43.37,1263.075,0
2025-07-15 18:00:00,43.4,43.58,42.91,43.22,3914.317,0
2025-07-15 19:00:00,43.14,43.45,42.54,42.58,1606.411,0
2025-07-15 20:00:00,42.59,43.09,42.47,43.08,507.577,0
2025-07-15 21:00:00,43.03,43.6,43.03,43.5,418.24,0
2025-07-15 22:00:00,43.54,43.67,43.33,43.67,779.781,0
2025-07-15 23:00:00,43.7,44.07,43.7,43.78,1477.416,0
2025-07-16 00:00:00,43.8,44.2,43.65,44.16,1709.443,0
2025-07-16 01:00:00,44.18,44.18,43.88,43.96,414.878,0
2025-07-16 02:00:00,43.99,44.01,43.03,43.41,1598.805,0
2025-07-16 03:00:00,43.44,43.88,43.39,43.7,1415.31,0
2025-07-16 04:00:00,43.7,43.78,43.33,43.77,663.62,0
2025-07-16 05:00:00,43.73,44.08,43.58,43.91,4097.729,0
2025-07-16 06:00:00,43.93,44.5,43.93,44.45,2476.176,0
2025-07-16 07:00:00,44.46,44.62,44.34,44.45,1089.178,0
2025-07-16 08:00:00,44.46,44.72,44.14,44.37,1794.298,0
2025-07-16 09:00:00,44.37,44.51,44.11,44.26,1040.686,0
2025-07-16 10:00:00,44.27,44.4,44.0,44.17,1393.899,0
2025-07-16 11:00:00,44.2,44.31,44.0,44.07,901.237,0
2025-07-16 12:00:00,44.05,44.36,43.91,44.07,723.521,0
2025-07-16 13:00:00,44.1,44.25,43.9,44.22,1190.708,0
2025-07-16 14:00:00,44.23,44.66,43.9,44.49,1935.872,0
2025-07-16 15:00:00,44.5,45.0,44.08,44.32,7365.499,0
2025-07-16 16:00:00,44.37,44.86,44.19,44.7,1721.846,0
2025-07-16 17:00:00,44.75,44.81,44.3,44.51,3239.475,0
2025-07-16 18:00:00,44.53,44.75,44.34,44.42,1314.112,0
2025-07-16 19:00:00,44.41,44.48,43.85,44.11,873.007,0
2025-07-16 20:00:00,44.08,44.5,43.97,44.22,1321.869,0
2025-07-16 21:00:00,44.25,44.69,44.15,44.33,1276.586,0
2025-07-16 22:00:00,44.4,44.56,43.83,44.0,1347.455,0
2025-07-16 23:00:00,44.0,44.44,43.78,44.24,1656.39,0
2025-07-17 00:00:00,44.23,44.54,43.99,44.05,1551.434,0
2025-07-17 01:00:00,44.08,44.58,43.61,43.96,3728.858,0
2025-07-17 02:00:00,43.95,44.34,43.93,44.22,563.522,0
2025-07-17 03:00:00,44.28,44.28,43.55,43.76,1486.67,0
2025-07-17 04:00:00,43.71,44.13,43.43,44.1,1040.036,0
2025-07-17 05:00:00,44.09,44.4,43.89,44.36,1362.96,0
2025-07-17 06:00:00,44.36,44.56,43.99,44.32,1652.551,0
2025-07-17 07:00:00,44.32,44.46,44.0,44.31,2168.068,0
2025-07-17 08:00:00,44.31,44.63,44.24,44.56,1463.366,0
2025-07-17 09:00:00,44.55,44.92,44.48,44.8,1701.353,0
2025-07-17 10:00:00,44.81,44.85,44.2,44.45,1106.026,0
2025-07-17 11:00:00,44.42,44.6,44.03,44.08,918.801,0
2025-07-17 12:00:00,44.07,44.76,43.83,44.57,2525.776,0
2025-07-17 13:00:00,44.57,44.64,43.89,44.5,3928.602,0
2025-07-17 14:00:00,44.52,44.85,44.32,44.59,1334.361,0
2025-07-17 15:00:00,44.63,44.65,44.06,44.52,2082.543,0
2025-07-17 16:00:00,44.48,44.53,43.85,44.1,3038.873,0
2025-07-17 17:00:00,44.12,44.36,44.01,44.33,2096.528,0
2025-07-17 18:00:00,44.33,44.5,44.22,44.49,1549.995,0
2025-07-17 19:00:00,44.49,44.7,44.0,44.11,1852.839,0
2025-07-17 20:00:00,44.12,45.08,43.91,44.98,4396.925,0
2025-07-17 21:00:00,44.99,45.8,44.99,45.66,4584.718,0
2025-07-17 22:00:00,45.68,46.1,45.3,45.62,3115.264,0
2025-07-17 23:00:00,45.68,45.97,45.39,45.42,3702.59,0
2025-07-18 00:00:00,45.43,46.33,45.37,46.11,2759.093,0
2025-07-18 01:00:00,46.11,46.33,45.62,45.91,3644.872,0
2025-07-18 02:00:00,45.9,46.06,45.65,45.99,2235.139,0
2025-07-18 03:00:00,45.99,46.57,45.92,46.57,5018.309,0
2025-07-18 04:00:00,46.56,47.01,46.34,47.01,2205.574,0
2025-07-18 05:00:00,47.02,47.09,46.72,47.05,3228.127,0
2025-07-18 06:00:00,47.08,47.15,46.48,46.77,2840.975,0
2025-07-18 07:00:00,46.83,47.0,45.88,45.93,3416.336,0
2025-07-18 08:00:00,45.96,46.32,45.58,45.93,3570.003,0
2025-07-18 09:00:00,45.97,46.07,45.52,46.04,2042.639,0
2025-07-18 10:00:00,46.02,46.33,45.47,46.32,2368.288,0
2025-07-18 11:00:00,46.31,46.42,45.77,46.27,2370.39,0
2025-07-18 12:00:00,46.28,46.84,46.28,46.79,2175.32,0
2025-07-18 13:00:00,46.76,46.86,46.38,46.61,2345.559,0
2025-07-18 14:00:00,46.58,46.75,45.44,45.83,3660.054,0
2025-07-18 15:00:00,45.82,45.98,44.74,45.03,6575.185,0
2025-07-18 16:00:00,45.04,45.46,44.88,45.16,2521.677,0
2025-07-18 17:00:00,45.18,45.76,45.12,45.54,1803.925,0
2025-07-18 18:00:00,45.47,45.47,44.95,45.0,1550.288,0
2025-07-18 19:00:00,45.03,45.11,44.45,44.85,1616.923,0
2025-07-18 20:00:00,44.86,44.88,43.91,44.7,3224.91,0
2025-07-18 21:00:00,44.66,45.13,44.65,44.89,1202.171,0
2025-07-18 22:00:00,44.87,44.97,43.7,44.07,7839.495,0
2025-07-18 23:00:00,44.07,44.29,43.7,44.29,1684.11,0
2025-07-19 00:00:00,44.29,44.34,43.16,43.43,3268.68,0
2025-07-19 01:00:00,43.36,43.83,42.91,43.69,2146.704,0
2025-07-19 02:00:00,43.72,44.03,43.48,43.97,1058.258,0
2025-07-19 03:00:00,43.98,44.45,43.92,44.43,870.286,0
2025-07-19 04:00:00,44.43,44.76,44.29,44.45,1332.056,0
2025-07-19 05:00:00,44.5,44.51,44.11,44.24,604.901,0
2025-07-19 06:00:00,44.24,44.27,43.74,43.78,1278.753,0
2025-07-19 07:00:00,43.79,44.11,43.66,43.9,649.668,0
2025-07-19 08:00:00,43.9,43.93,43.52,43.77,854.624,0
2025-07-19 09:00:00,43.75,44.13,43.72,44.09,1239.259,0
2025-07-19 10:00:00,44.08,44.25,43.67,43.68,937.323,0
2025-07-19 11:00:00,43.72,43.89,43.26,43.41,1421.674,0
2025-07-19 12:00:00,43.4,43.7,43.27,43.66,1075.566,0
2025-07-19 13:00:00,43.66,43.75,43.37,43.57,918.442,0
2025-07-19 14:00:00,43.6,43.62,42.9,42.9,1637.597,0
2025-07-19 15:00:00,43.0,43.54,43.0,43.38,745.114,0
2025-07-19 16:00:00,43.34,43.7,43.09,43.53,472.628,0
2025-07-19 17:00:00,43.56,43.62,43.35,43.55,599.811,0
2025-07-19 18:00:00,43.54,44.12,43.54,43.97,789.353,0
2025-07-19 19:00:00,44.06,44.8,43.75,44.76,5210.527,0
2025-07-19 20:00:00,44.73,45.43,44.68,44.92,3232.238,0
2025-07-19 21:00:00,44.91,44.94,44.16,44.52,1410.131,0
2025-07-19 22:00:00,44.49,44.62,44.38,44.51,519.399,0
2025-07-19 23:00:00,44.49,44.73,44.41,44.72,415.139,0
2025-07-20 00:00:00,44.71,44.81,44.2,44.42,1664.372,0
2025-07-20 01:00:00,44.44,44.79,44.19,44.3,483.642,0
2025-07-20 02:00:00,44.29,44.42,43.98,44.11,1796.804,0
2025-07-20 03:00:00,44.13,44.33,44.0,44.11,1243.794,0
2025-07-20 04:00:00,44.13,44.26,43.85,44.12,699.985,0
2025-07-20 05:00:00,44.11,44.28,43.95,44.25,361.634,0
2025-07-20 06:00:00,44.25,44.63,44.19,44.35,1932.06,0
2025-07-20 07:00:00,44.41,44.46,44.07,44.4,3966.474,0
2025-07-20 08:00:00,44.43,45.25,44.4,45.15,4451.001,0
2025-07-20 09:00:00,45.17,45.41,44.91,45.14,2207.713,0
2025-07-20 10:00:00,45.14,45.26,44.8,44.88,1046.711,0
2025-07-20 11:00:00,44.94,45.2,44.69,44.97,2033.79,0
2025-07-20 12:00:00,44.99,45.09,44.66,45.05,1333.45,0
2025-07-20 13:00:00,45.05,45.36,45.04,45.33,1195.914,0
2025-07-20 14:00:00,45.36,45.4,44.69,45.07,2737.591,0
2025-07-20 15:00:00,45.05,45.67,44.93,45.55,869.097,0
2025-07-20 16:00:00,45.59,46.0,45.11,45.75,3764.568,0
2025-07-20 17:00:00,45.75,45.95,45.19,45.21,3727.426,0
2025-07-20 18:00:00,45.23,45.53,44.97,45.31,2131.072,0
2025-07-20 19:00:00,45.31,45.37,45.05,45.25,922.321,0
2025-07-20 20:00:00,45.22,45.3,44.73,45.01,1971.603,0
2025-07-20 21:00:00,45.01,45.24,44.25,45.21,2748.202,0
2025-07-20 22:00:00,45.22,45.22,44.07,44.92,2450.522,0
2025-07-20 23:00:00,44.87,45.07,44.54,44.99,692.101,0
2025-07-21 00:00:00,45.03,45.03,44.4,44.98,1259.775,0
2025-07-21 01:00:00,44.97,44.97,44.28,44.91,1166.618,0
2025-07-21 02:00:00,44.88,45.23,44.88,45.19,598.792,0
2025-07-21 03:00:00,45.22,45.6,45.17,45.57,3593.744,0
2025-07-21 04:00:00,45.55,45.72,45.26,45.65,2087.447,0
2025-07-21 05:00:00,45.6,45.64,45.24,45.54,1060.711,0
2025-07-21 06:00:00,45.57,45.96,45.55,45.8,1485.253,0
2025-07-21 07:00:00,45.81,46.0,45.47,45.58,1979.84,0
2025-07-21 08:00:00,45.56,45.89,45.32,45.57,1050.879,0
2025-07-21 09:00:00,45.55,45.62,45.15,45.32,1050.638,0
2025-07-21 10:00:00,45.33,45.41,44.9,45.37,2212.113,0
2025-07-21 11:00:00,45.4,45.67,45.39,45.41,1200.618,0
2025-07-21 12:00:00,45.41,45.57,45.25,45.44,2185.703,0
2025-07-21 13:00:00,45.42,45.71,45.16,45.59,3052.577,0
2025-07-21 14:00:00,45.62,45.88,45.35,45.66,2951.717,0
2025-07-21 15:00:00,45.69,46.01,45.12,45.16,2391.216,0
2025-07-21 16:00:00,45.12,45.27,44.45,44.71,5224.11,0
2025-07-21 17:00:00,44.65,45.06,44.49,44.81,1905.764,0
2025-07-21 18:00:00,44.81,45.23,44.58,44.65,1526.701,0
2025-07-21 19:00:00,44.61,45.17,44.38,44.45,4036.942,0
2025-07-21 20:00:00,44.34,44.57,44.08,44.08,1763.73,0
2025-07-21 21:00:00,44.09,44.63,43.91,44.32,1427.766,0
2025-07-21 22:00:00,44.31,44.93,44.31,44.71,1523.123,0
2025-07-21 23:00:00,44.7,44.84,44.56,44.59,467.512,0
2025-07-22 00:00:00,44.6,44.69,43.89,43.94,1151.108,0
2025-07-22 01:00:00,43.91,44.59,43.02,44.4,5768.406,0
2025-07-22 02:00:00,44.4,44.62,43.63,43.76,5822.853,0
2025-07-22 03:00:00,43.78,43.91,43.22,43.48,2533.803,0
2025-07-22 04:00:00,43.48,43.56,42.49,42.49,4638.32,0
2025-07-22 05:00:00,42.57,43.32,42.57,43.0,2861.055,0
2025-07-22 06:00:00,43.04,43.21,42.8,43.0,3076.606,0
2025-07-22 07:00:00,43.02,43.53,42.91,43.02,3260.179,0
2025-07-22 08:00:00,43.02,43.03,42.34,42.87,4142.196,0
2025-07-22 09:00:00,42.87,43.31,42.65,43.13,3324.239,0
2025-07-22 10:00:00,43.1,43.49,43.0,43.46,1407.575,0
2025-07-22 11:00:00,43.44,43.5,43.11,43.14,2093.038,0
2025-07-22 12:00:00,43.15,43.28,42.77,42.84,1441.751,0
2025-07-22 13:00:00,42.87,43.16,42.26,42.53,3379.904,0
2025-07-22 14:00:00,42.5,43.25,42.28,43.24,7211.618,0
2025-07-22 15:00:00,43.24,43.77,43.18,43.52,3424.007,0
2025-07-22 16:00:00,43.5,43.61,43.04,43.15,2186.884,0
2025-07-22 17:00:00,43.17,43.33,42.82,43.03,1596.037,0
2025-07-22 18:00:00,43.01,43.43,42.68,43.23,1229.136,0
2025-07-22 19:00:00,43.26,43.44,42.52,42.75,1737.861,0
2025-07-22 20:00:00,42.75,43.57,42.67,43.51,2336.394,0
2025-07-22 21:00:00,43.53,43.64,43.39,43.58,927.217,0
2025-07-22 22:00:00,43.6,43.75,43.54,43.61,849.078,0
2025-07-22 23:00:00,43.63,44.15,43.63,44.1,1121.439,0
2025-07-23 00:00:00,44.1,44.14,43.73,43.79,1121.792,0
2025-07-23 01:00:00,43.79,44.15,43.58,43.99,1008.654,0
2025-07-23 02:00:00,44.0,44.17,43.54,43.85,4288.926,0
2025-07-23 03:00:00,43.85,43.97,43.57,43.61,922.084,0
2025-07-23 04:00:00,43.62,43.89,43.61,43.89,692.409,0
2025-07-23 05:00:00,43.9,43.97,43.68,43.75,562.86,0
2025-07-23 06:00:00,43.74,43.77,43.27,43.33,471.68,0
2025-07-23 07:00:00,43.35,43.57,43.04,43.18,1445.59,0
2025-07-23 08:00:00,43.14,43.53,43.03,43.53,1058.538,0
2025-07-23 09:00:00,43.5,43.55,42.85,42.86,855.238,0
2025-07-23 10:00:00,42.86,43.02,42.51,43.02,1525.919,0
2025-07-23 11:00:00,42.97,43.24,42.77,42.97,1406.049,0
2025-07-23 12:00:00,43.04,43.56,42.5,42.77,5607.728,0
2025-07-23 13:00:00,42.69,43.07,41.51,41.87,8016.63,0
2025-07-23 14:00:00,41.76,42.35,41.68,42.01,2531.949,0
2025-07-23 15:00:00,42.01,42.2,41.56,42.05,2014.806,0
2025-07-23 16:00:00,41.93,41.99,41.13,41.15,1812.695,0
2025-07-23 17:00:00,41.16,41.32,40.45,41.0,4930.39,0
2025-07-23 18:00:00,41.03,41.87,40.96,41.75,3900.428,0
2025-07-23 19:00:00,41.71,42.09,41.58,41.61,1583.664,0
2025-07-23 20:00:00,41.68,41.78,40.69,41.08,2778.126,0
2025-07-23 21:00:00,41.09,41.6,40.34,41.49,3504.381,0
2025-07-23 22:00:00,41.45,41.71,41.36,41.6,647.312,0
2025-07-23 23:00:00,41.58,41.78,41.32,41.33,1257.01,0
2025-07-24 00:00:00,41.33,41.89,41.17,41.89,1011.438,0
2025-07-24 01:00:00,41.84,41.92,41.3,41.67,764.411,0
2025-07-24 02:00:00,41.68,41.68,41.26,41.32,1227.353,0
2025-07-24 03:00:00,41.29,41.73,41.27,41.31,855.175,0
2025-07-24 04:00:00,41.31,41.51,40.96,41.02,6431.98,0
2025-07-24 05:00:00,40.94,41.03,40.29,40.4,7321.25,0
2025-07-24 06:00:00,40.43,40.72,39.36,39.71,5096.427,0
2025-07-24 07:00:00,39.73,40.12,39.32,40.12,5008.92,0
2025-07-24 08:00:00,40.08,40.55,39.9,40.37,1197.8,0
2025-07-24 09:00:00,40.37,40.83,40.22,40.47,2811.732,0
2025-07-24 10:00:00,40.5,41.09,40.26,40.83,2305.51,0
2025-07-24 11:00:00,40.83,41.31,40.74,41.18,1238.75,0
2025-07-24 12:00:00,41.17,41.27,40.6,40.79,908.384,0
2025-07-24 13:00:00,40.78,41.02,40.46,40.48,1639.276,0
2025-07-24 14:00:00,40.49,41.22,40.07,41.2,2240.089,0
2025-07-24 15:00:00,41.2,41.34,40.78,41.25,2884.905,0
2025-07-24 16:00:00,41.3,41.54,40.25,40.41,3730.436,0
2025-07-24 17:00:00,40.4,41.32,40.37,41.05,2592.14,0
2025-07-24 18:00:00,41.06,41.18,40.76,40.92,987.96,0
2025-07-24 19:00:00,40.92,41.06,40.5,40.5,424.465,0
2025-07-24 20:00:00,40.54,40.93,40.43,40.88,1812.875,0
2025-07-24 21:00:00,40.88,40.89,40.42,40.6,677.795,0
2025-07-24 22:00:00,40.59,40.76,40.23,40.62,1854.883,0
2025-07-24 23:00:00,40.53,40.53,40.07,40.21,1649.095,0
2025-07-25 00:00:00,40.18,40.21,39.44,39.69,2099.25,0
2025-07-25 01:00:00,39.71,40.27,39.45,40.18,810.101,0
2025-07-25 02:00:00,40.16,40.28,39.4,39.53,5279.369,0
2025-07-25 03:00:00,39.5,39.74,38.59,39.18,8164.002,0
2025-07-25 04:00:00,39.16,39.52,38.53,39.17,6164.479,0
2025-07-25 05:00:00,39.18,39.36,38.94,39.02,1771.852,0
2025-07-25 06:00:00,38.93,39.69,38.74,39.43,1748.633,0
2025-07-25 07:00:00,39.39,39.83,39.16,39.51,1870.264,0
2025-07-25 08:00:00,39.48,40.11,39.33,39.53,4339.473,0
2025-07-25 09:00:00,39.51,40.49,39.38,40.42,2893.077,0
2025-07-25 10:00:00,40.43,40.68,40.25,40.55,1595.995,0
2025-07-25 11:00:00,40.59,40.74,40.46,40.57,1197.86,0
2025-07-25 12:00:00,40.61,40.76,40.37,40.45,1195.532,0
2025-07-25 13:00:00,40.47,40.64,40.22,40.53,1020.386,0
2025-07-25 14:00:00,40.49,40.55,39.69,39.69,1654.641,0
2025-07-25 15:00:00,39.69,40.13,39.5,39.88,868.846,0
2025-07-25 16:00:00,39.9,40.39,39.84,40.31,1013.933,0
2025-07-25 17:00:00,40.31,40.44,40.15,40.16,548.726,0
2025-07-25 18:00:00,40.18,40.23,39.96,40.11,839.12,0
2025-07-25 19:00:00,40.05,40.19,39.85,39.92,634.78,0
2025-07-25 20:00:00,39.95,40.47,39.94,40.41,1581.328,0
2025-07-25 21:00:00,40.45,40.8,40.44,40.78,802.617,0
2025-07-25 22:00:00,40.77,40.96,40.58,40.65,720.44,0
2025-07-25 23:00:00,40.64,40.84,40.6,40.8,714.858,0
2025-07-26 00:00:00,40.78,40.88,40.62,40.82,492.882,0
2025-07-26 01:00:00,40.8,40.89,40.66,40.66,491.358,0
2025-07-26 02:00:00,40.69,41.03,40.67,40.73,904.14,0
2025-07-26 03:00:00,40.74,40.76,40.46,40.62,307.467,0
2025-07-26 04:00:00,40.59,40.78,40.53,40.7,893.205,0
2025-07-26 05:00:00,40.69,40.74,40.59,40.7,410.511,0
2025-07-26 06:00:00,40.69,40.72,40.51,40.63,805.699,0
2025-07-26 07:00:00,40.59,40.85,40.59,40.85,842.537,0
2025-07-26 08:00:00,40.84,41.21,40.81,40.96,1650.124,0
2025-07-26 09:00:00,40.96,40.97,40.71,40.87,1269.093,0
2025-07-26 10:00:00,40.88,41.07,40.87,40.97,306.296,0
2025-07-26 11:00:00,40.99,41.13,40.75,40.83,920.658,0
2025-07-26 12:00:00,40.81,41.18,40.69,41.11,1034.773,0
2025-07-26 13:00:00,41.07,41.34,41.02,41.34,618.503,0
2025-07-26 14:00:00,41.26,41.62,41.21,41.33,2896.818,0
2025-07-26 15:00:00,41.29,41.41,41.08,41.41,619.264,0
2025-07-26 16:00:00,41.45,41.62,41.29,41.4,1010.299,0
2025-07-26 17:00:00,41.38,41.44,41.21,41.29,361.927,0
2025-07-26 18:00:00,41.27,41.67,41.1,41.57,445.318,0
2025-07-26 19:00:00,41.59,41.77,41.56,41.7,416.15,0
2025-07-26 20:00:00,41.62,41.63,41.25,41.28,161.568,0
2025-07-26 21:00:00,41.29,41.48,41.14,41.46,271.64,0
2025-07-26 22:00:00,41.5,41.75,41.31,41.37,603.673,0
2025-07-26 23:00:00,41.37,41.38,41.16,41.2,430.348,0
2025-07-27 00:00:00,41.19,41.31,41.11,41.25,478.692,0
2025-07-27 01:00:00,41.35,41.49,41.25,41.36,1006.061,0
2025-07-27 02:00:00,41.36,41.82,41.3,41.7,1222.564,0
2025-07-27 03:00:00,41.71,41.72,41.46,41.46,300.802,0
2025-07-27 04:00:00,41.51,41.75,41.44,41.65,511.013,0
2025-07-27 05:00:00,41.65,41.73,41.47,41.64,859.324,0
2025-07-27 06:00:00,41.61,41.63,41.4,41.61,1001.103,0
2025-07-27 07:00:00,41.6,41.77,41.43,41.52,576.972,0
2025-07-27 08:00:00,41.52,41.63,41.42,41.47,495.049,0
2025-07-27 09:00:00,41.43,41.45,41.23,41.28,754.348,0
2025-07-27 10:00:00,41.36,41.87,41.36,41.76,709.445,0
2025-07-27 11:00:00,41.75,41.82,41.5,41.55,985.712,0
2025-07-27 12:00:00,41.5,41.62,40.97,41.26,7538.899,0
2025-07-27 13:00:00,41.27,41.63,41.11,41.33,3957.0,0
2025-07-27 14:00:00,41.3,41.69,41.17,41.45,2171.73,0
2025-07-27 15:00:00,41.44,41.61,41.32,41.61,440.948,0
2025-07-27 16:00:00,41.63,41.8,41.43,41.52,1412.386,0
2025-07-27 17:00:00,41.48,41.67,41.37,41.67,386.377,0
2025-07-27 18:00:00,41.67,41.83,41.63,41.72,837.751,0
2025-07-27 19:00:00,41.71,41.73,41.42,41.5,330.278,0
2025-07-27 20:00:00,41.51,41.64,41.46,41.5,167.721,0
2025-07-27 21:00:00,41.54,41.72,41.43,41.7,396.5,0
2025-07-27 22:00:00,41.69,41.89,41.61,41.7,1319.861,0
2025-07-27 23:00:00,41.79,41.97,41.63,41.9,1573.643,0
2025-07-28 00:00:00,41.82,42.2,41.79,41.89,2107.455,0
2025-07-28 01:00:00,41.9,42.25,41.78,42.05,1872.236,0
2025-07-28 02:00:00,42.02,42.39,41.83,42.28,1047.504,0
2025-07-28 03:00:00,42.35,42.37,42.2,42.29,327.31,0
2025-07-28 04:00:00,42.35,42.69,42.17,42.58,1364.831,0
2025-07-28 05:00:00,42.6,42.82,42.54,42.77,903.847,0
2025-07-28 06:00:00,42.79,42.88,42.6,42.77,1091.055,0
2025-07-28 07:00:00,42.75,42.94,42.5,42.61,2411.259,0
2025-07-28 08:00:00,42.6,43.08,42.47,42.88,3362.173,0
2025-07-28 09:00:00,42.91,43.5,42.48,42.84,5626.023,0
2025-07-28 10:00:00,42.85,42.86,42.6,42.78,1060.475,0
2025-07-28 11:00:00,42.8,43.5,42.48,43.32,4955.313,0
2025-07-28 12:00:00,43.31,43.32,42.91,42.98,2055.008,0
2025-07-28 13:00:00,43.02,43.02,42.3,42.42,1243.23,0
2025-07-28 14:00:00,42.41,42.62,41.78,41.82,2123.44,0
2025-07-28 15:00:00,41.83,42.08,41.47,41.8,1780.062,0
2025-07-28 16:00:00,41.83,42.07,41.53,41.72,951.816,0
2025-07-28 17:00:00,41.7,41.8,41.5,41.6,819.442,0
2025-07-28 18:00:00,41.56,41.57,40.99,41.1,7573.924,0
2025-07-28 19:00:00,41.08,41.32,40.86,41.03,896.59,0
2025-07-28 20:00:00,40.99,41.1,40.45,40.62,843.692,0
2025-07-28 21:00:00,40.6,41.15,40.41,40.56,4296.373,0
2025-07-28 22:00:00,40.58,40.74,40.1,40.5,2926.223,0
2025-07-28 23:00:00,40.48,40.87,40.43,40.67,2840.881,0
2025-07-29 00:00:00,40.6,40.86,40.05,40.22,3296.656,0
2025-07-29 01:00:00,40.21,40.48,40.06,40.06,1080.925,0
2025-07-29 02:00:00,40.05,40.18,39.76,39.84,2466.348,0
2025-07-29 03:00:00,39.83,40.5,39.81,40.5,1032.513,0
2025-07-29 04:00:00,40.44,40.49,40.17,40.17,608.579,0
2025-07-29 05:00:00,40.18,40.78,40.11,40.73,1085.539,0
2025-07-29 06:00:00,40.73,41.0,40.66,40.95,967.32,0
2025-07-29 07:00:00,40.95,41.32,40.84,41.18,1505.094,0
2025-07-29 08:00:00,41.19,41.9,40.91,41.6,4082.098,0
2025-07-29 09:00:00,41.65,41.7,41.32,41.36,790.018,0
2025-07-29 10:00:00,41.34,41.36,40.67,40.7,1065.022,0
2025-07-29 11:00:00,40.69,41.34,40.69,40.92,1614.378,0
2025-07-29 12:00:00,40.86,41.35,40.86,41.1,978.65,0
2025-07-29 13:00:00,41.08,41.27,40.54,40.59,1104.939,0
2025-07-29 14:00:00,40.59,40.63,39.75,40.12,1760.33,0
2025-07-29 15:00:00,40.1,40.4,39.95,40.14,1257.681,0
2025-07-29 16:00:00,40.08,40.39,39.72,40.33,2983.676,0
2025-07-29 17:00:00,40.36,40.56,40.24,40.35,737.721,0
2025-07-29 18:00:00,40.31,40.62,40.17,40.26,1611.706,0
2025-07-29 19:00:00,40.25,40.64,40.02,40.24,1456.392,0
2025-07-29 20:00:00,40.12,40.46,39.85,40.29,1563.882,0
2025-07-29 21:00:00,40.29,40.69,40.12,40.56,378.506,0
2025-07-29 22:00:00,40.56,40.81,40.44,40.8,296.5,0
2025-07-29 23:00:00,40.8,40.8,40.35,40.5,736.389,0
2025-07-30 00:00:00,40.47,40.5,39.72,39.96,1126.79,0
2025-07-30 01:00:00,39.97,40.53,39.66,40.46,1072.396,0
2025-07-30 02:00:00,40.53,40.71,39.96,40.12,3684.14,0
2025-07-30 03:00:00,40.1,40.15,39.87,39.9,1840.095,0
2025-07-30 04:00:00,39.9,40.08,39.55,39.59,865.898,0
2025-07-30 05:00:00,39.63,39.78,39.0,39.25,7939.34,0
2025-07-30 06:00:00,39.3,39.52,39.25,39.41,1507.976,0
2025-07-30 07:00:00,39.42,39.51,39.21,39.28,1343.089,0
2025-07-30 08:00:00,39.23,39.65,38.91,39.49,4159.613,0
2025-07-30 09:00:00,39.49,39.6,39.1,39.31,1075.417,0
2025-07-30 10:00:00,39.27,39.52,39.05,39.05,866.198,0
2025-07-30 11:00:00,39.11,39.25,38.62,38.75,6704.403,0
2025-07-30 12:00:00,38.74,38.99,38.38,38.91,2909.999,0
2025-07-30 13:00:00,38.92,38.96,38.53,38.81,1238.845,0
2025-07-30 14:00:00,38.72,39.37,38.65,39.27,1299.505,0
2025-07-30 15:00:00,39.25,39.25,38.9,38.99,520.327,0
2025-07-30 16:00:00,39.01,39.22,38.5,38.66,2545.905,0
2025-07-30 17:00:00,38.67,38.85,38.53,38.85,762.526,0
2025-07-30 18:00:00,38.86,38.99,37.88,37.97,5250.429,0
2025-07-30 19:00:00,37.92,38.49,37.05,38.28,5930.035,0
2025-07-30 20:00:00,38.33,38.6,37.93,38.42,2839.113,0
2025-07-30 21:00:00,38.43,38.51,37.98,38.19,916.348,0
2025-07-30 22:00:00,38.19,38.28,37.94,38.14,445.733,0
2025-07-30 23:00:00,38.13,38.58,38.12,38.45,860.001,0
2025-07-31 00:00:00,38.47,38.69,38.38,38.6,507.287,0
2025-07-31 01:00:00,38.54,38.66,38.33,38.47,778.566,0
2025-07-31 02:00:00,38.46,38.68,38.32,38.62,424.506,0
2025-07-31 03:00:00,38.64,38.86,38.57,38.68,1281.048,0
2025-07-31 04:00:00,38.73,38.95,38.73,38.8,1232.728,0
2025-07-31 05:00:00,38.83,38.97,38.72,38.82,3628.811,0
2025-07-31 06:00:00,38.81,39.06,38.75,38.99,648.698,0
2025-07-31 07:00:00,39.03,39.16,38.93,39.1,1638.665,0
2025-07-31 08:00:00,39.13,39.34,39.08,39.28,1229.36,0
2025-07-31 09:00:00,39.29,39.57,39.27,39.49,1717.413,0
2025-07-31 10:00:00,39.49,39.62,39.3,39.46,2035.712,0
2025-07-31 11:00:00,39.47,39.53,39.1,39.22,971.986,0
2025-07-31 12:00:00,39.23,39.26,38.44,38.55,2922.046,0
2025-07-31 13:00:00,38.5,38.5,37.87,38.15,2966.326,0
2025-07-31 14:00:00,38.15,38.19,37.59,37.78,2271.457,0
2025-07-31 15:00:00,37.79,38.22,37.75,38.06,1328.212,0
2025-07-31 16:00:00,38.06,38.81,38.03,38.66,1489.801,0
2025-07-31 17:00:00,38.63,38.63,37.98,38.05,849.833,0
2025-07-31 18:00:00,38.07,38.33,37.77,37.83,1514.48,0
2025-07-31 19:00:00,37.87,37.9,37.37,37.61,1047.814,0
2025-07-31 20:00:00,37.64,37.66,37.21,37.52,1644.176,0
2025-07-31 21:00:00,37.46,37.59,36.63,37.13,6722.77,0
2025-07-31 22:00:00,37.12,37.16,36.74,36.95,1554.989,0
2025-07-31 23:00:00,36.98,37.27,36.78,36.96,1481.646,0
2025-08-01 00:00:00,36.94,37.33,36.61,37.21,3105.82,0
2025-08-01 01:00:00,37.17,37.41,36.89,37.04,1079.326,0
2025-08-01 02:00:00,37.02,37.25,36.74,37.11,618.646,0
2025-08-01 03:00:00,37.12,37.14,36.71,36.74,1100.725,0
2025-08-01 04:00:00,36.8,36.8,36.29,36.37,1752.947,0
2025-08-01 05:00:00,36.38,36.54,35.98,36.19,1153.422,0
2025-08-01 06:00:00,36.18,36.23,35.86,36.14,1186.836,0
2025-08-01 07:00:00,36.14,36.4,35.98,36.01,1790.35,0
2025-08-01 08:00:00,35.95,36.07,35.36,35.86,2604.947,0
2025-08-01 09:00:00,35.81,36.28,35.72,35.72,1794.671,0
2025-08-01 10:00:00,35.7,36.01,35.68,35.84,1127.734,0
2025-08-01 11:00:00,35.89,36.24,35.72,36.15,916.859,0
2025-08-01 12:00:00,36.15,36.55,35.89,36.24,2478.577,0
2025-08-01 13:00:00,36.23,36.36,35.53,35.72,1143.599,0
2025-08-01 14:00:00,35.64,36.79,35.55,36.64,2090.926,0
2025-08-01 15:00:00,36.7,36.76,36.33,36.64,1576.361,0
2025-08-01 16:00:00,36.7,36.97,36.31,36.4,867.246,0
2025-08-01 17:00:00,36.42,36.62,36.11,36.15,1531.591,0
2025-08-01 18:00:00,36.24,36.62,36.0,36.39,1264.92,0
2025-08-01 19:00:00,36.4,36.63,36.23,36.44,1842.807,0
2025-08-01 20:00:00,36.42,36.96,35.79,36.22,5562.446,0
2025-08-01 21:00:00,36.32,36.72,36.28,36.29,951.351,0
2025-08-01 22:00:00,36.29,36.29,35.18,35.74,4030.364,0
2025-08-01 23:00:00,35.71,36.06,35.71,35.94,1320.571,0
2025-08-02 00:00:00,35.88,36.05,35.85,36.04,272.129,0
2025-08-02 01:00:00,36.03,36.16,35.98,36.16,437.147,0
2025-08-02 02:00:00,36.13,36.15,35.92,35.94,997.028,0
2025-08-02 03:00:00,35.95,36.01,35.85,35.88,180.042,0
2025-08-02 04:00:00,35.86,36.06,35.85,35.98,357.952,0
2025-08-02 05:00:00,36.02,36.09,35.84,35.89,383.542,0
2025-08-02 06:00:00,35.87,35.96,35.36,35.59,1116.387,0
2025-08-02 07:00:00,35.6,35.82,35.3,35.82,3464.768,0
2025-08-02 08:00:00,35.81,35.93,35.31,35.33,1552.117,0
2025-08-02 09:00:00,35.36,35.48,35.23,35.45,1619.4,0
2025-08-02 10:00:00,35.44,35.53,35.23,35.43,513.482,0
2025-08-02 11:00:00,35.42,35.63,35.2,35.42,316.851,0
2025-08-02 12:00:00,35.43,35.43,35.06,35.4,961.938,0
2025-08-02 13:00:00,35.39,35.52,35.21,35.41,634.88,0
2025-08-02 14:00:00,35.42,35.45,35.05,35.18,485.687,0
2025-08-02 15:00:00,35.19,35.65,35.15,35.18,805.321,0
2025-08-02 16:00:00,35.25,35.57,34.96,35.41,2509.529,0
2025-08-02 17:00:00,35.33,35.72,34.91,35.01,1454.484,0
2025-08-02 18:00:00,35.11,35.17,34.58,34.87,2399.185,0
2025-08-02 19:00:00,34.86,35.4,34.78,35.07,1522.814,0
2025-08-02 20:00:00,35.07,35.55,35.06,35.55,445.915,0
2025-08-02 21:00:00,35.55,35.76,35.35,35.41,639.758,0
2025-08-02 22:00:00,35.4,35.56,35.22,35.48,175.172,0
2025-08-02 23:00:00,35.39,35.45,35.02,35.42,165.77,0
2025-08-03 00:00:00,35.37,35.57,34.87,35.53,2415.051,0
2025-08-03 01:00:00,35.58,35.77,35.53,35.63,776.307,0
2025-08-03 02:00:00,35.63,35.78,35.59,35.72,332.13,0
2025-08-03 03:00:00,35.7,35.84,35.61,35.78,770.926,0
2025-08-03 04:00:00,35.76,36.03,35.69,36.03,676.769,0
2025-08-03 05:00:00,36.02,36.06,35.73,35.88,1750.557,0
2025-08-03 06:00:00,35.88,35.94,35.55,35.55,1043.684,0
2025-08-03 07:00:00,35.55,35.74,35.41,35.49,2576.205,0
2025-08-03 08:00:00,35.49,36.12,35.49,36.09,4735.4,0
2025-08-03 09:00:00,36.08,36.15,35.86,36.03,949.391,0
2025-08-03 10:00:00,36.03,36.17,36.01,36.11,549.972,0
2025-08-03 11:00:00,36.09,36.3,36.08,36.22,524.377,0
2025-08-03 12:00:00,36.13,36.15,35.93,36.12,734.502,0
2025-08-03 13:00:00,36.06,36.1,35.76,35.89,323.136,0
2025-08-03 14:00:00,35.89,36.23,35.77,36.14,1103.201,0
2025-08-03 15:00:00,36.16,36.46,36.06,36.43,1750.983,0
2025-08-03 16:00:00,36.42,36.43,36.22,36.29,695.421,0
2025-08-03 17:00:00,36.26,36.26,36.06,36.14,847.481,0
2025-08-03 18:00:00,36.11,36.3,35.98,36.25,749.324,0
2025-08-03 19:00:00,36.24,36.32,36.1,36.12,260.353,0
2025-08-03 20:00:00,36.14,36.14,35.9,36.08,953.119,0
2025-08-03 21:00:00,36.05,36.14,36.02,36.14,218.379,0
2025-08-03 22:00:00,36.21,36.27,36.07,36.24,68.288,0
2025-08-03 23:00:00,36.21,36.4,36.14,36.15,257.569,0
2025-08-04 00:00:00,36.16,36.87,36.16,36.84,868.154,0
2025-08-04 01:00:00,36.78,36.79,36.29,36.29,1495.18,0
2025-08-04 02:00:00,36.33,36.49,36.25,36.44,387.298,0
2025-08-04 03:00:00,36.46,36.5,36.38,36.46,453.759,0
2025-08-04 04:00:00,36.48,36.61,36.26,36.31,377.448,0
2025-08-04 05:00:00,36.3,36.46,36.23,36.37,1317.815,0
2025-08-04 06:00:00,36.39,36.43,36.17,36.38,754.713,0
2025-08-04 07:00:00,36.41,36.59,36.39,36.51,225.351,0
2025-08-04 08:00:00,36.5,36.56,36.02,36.09,2647.485,0
2025-08-04 09:00:00,36.1,36.3,36.1,36.12,487.511,0
2025-08-04 10:00:00,36.1,36.18,36.0,36.08,659.233,0
2025-08-04 11:00:00,36.04,36.2,35.92,36.02,2566.642,0
2025-08-04 12:00:00,36.06,36.43,36.02,36.21,2655.431,0
2025-08-04 13:00:00,36.31,36.73,36.23,36.73,1357.213,0
2025-08-04 14:00:00,36.74,37.16,36.71,36.8,2293.677,0
2025-08-04 15:00:00,36.87,37.04,36.75,36.8,348.028,0
2025-08-04 16:00:00,36.85,37.29,36.84,37.21,1614.29,0
2025-08-04 17:00:00,37.22,37.3,37.01,37.08,1911.413,0
2025-08-04 18:00:00,37.14,37.14,36.81,36.93,1620.131,0
2025-08-04 19:00:00,36.91,36.94,36.75,36.85,1074.734,0
2025-08-04 20:00:00,36.85,37.19,36.85,37.13,480.985,0
2025-08-04 21:00:00,37.13,37.3,37.04,37.2,436.94,0
2025-08-04 22:00:00,37.25,37.38,37.11,37.27,2138.98,0
2025-08-04 23:00:00,37.27,37.28,36.97,37.06,810.196,0
2025-08-05 00:00:00,37.11,37.17,36.85,36.99,1501.429,0
2025-08-05 01:00:00,36.98,37.1,36.9,36.97,539.99,0
2025-08-05 02:00:00,36.95,36.99,36.74,36.84,346.125,0
2025-08-05 03:00:00,36.81,36.81,36.61,36.65,639.895,0
2025-08-05 04:00:00,36.69,36.77,36.53,36.66,313.974,0
2025-08-05 05:00:00,36.69,36.78,36.5,36.69,686.897,0
2025-08-05 06:00:00,36.68,36.74,36.32,36.36,172.428,0
2025-08-05 07:00:00,36.36,36.59,35.93,35.98,1680.533,0
2025-08-05 08:00:00,35.94,36.17,35.82,36.12,646.524,0
2025-08-05 09:00:00,36.12,36.38,36.08,36.25,5146.477,0
2025-08-05 10:00:00,36.26,36.51,36.12,36.51,5821.844,0
2025-08-05 11:00:00,36.53,36.53,36.22,36.39,1241.002,0
2025-08-05 12:00:00,36.43,36.44,35.82,35.93,2482.811,0
2025-08-05 13:00:00,35.87,36.14,35.77,36.06,1617.935,0
2025-08-05 14:00:00,36.04,36.04,35.29,35.47,2768.08,0
2025-08-05 15:00:00,35.46,35.61,35.14,35.27,831.453,0
2025-08-05 16:00:00,35.31,35.46,34.96,35.12,4213.255,0
2025-08-05 17:00:00,35.1,35.34,35.03,35.33,603.893,0
2025-08-05 18:00:00,35.31,35.32,35.03,35.15,562.383,0
2025-08-05 19:00:00,35.27,35.39,35.1,35.22,1478.736,0
2025-08-05 20:00:00,35.25,35.49,35.18,35.18,269.382,0
2025-08-05 21:00:00,35.18,35.29,35.03,35.08,367.802,0
2025-08-05 22:00:00,35.09,35.5,35.03,35.34,1721.181,0
2025-08-05 23:00:00,35.35,35.64,35.3,35.51,863.389,0
2025-08-06 00:00:00,35.5,35.54,35.0,35.04,1355.595,0
2025-08-06 01:00:00,35.03,35.15,34.95,35.14,342.938,0
2025-08-06 02:00:00,35.13,35.18,34.97,35.14,266.68,0
2025-08-06 03:00:00,35.1,35.23,34.95,35.06,799.865,0
2025-08-06 04:00:00,35.03,35.32,34.85,35.01,2105.069,0
2025-08-06 05:00:00,34.96,35.74,34.96,35.48,1038.143,0
2025-08-06 06:00:00,35.46,35.55,35.24,35.51,361.817,0
2025-08-06 07:00:00,35.5,35.76,35.49,35.64,2502.611,0
2025-08-06 08:00:00,35.65,35.78,35.38,35.64,1204.673,0
2025-08-06 09:00:00,35.6,36.04,35.56,35.92,1528.157,0
2025-08-06 10:00:00,35.92,36.06,35.75,35.79,2058.273,0
2025-08-06 11:00:00,35.81,35.92,35.33,35.36,5111.31,0
2025-08-06 12:00:00,35.4,35.47,35.09,35.15,1655.889,0
2025-08-06 13:00:00,35.23,35.45,35.03,35.4,982.035,0
2025-08-06 14:00:00,35.42,35.88,35.18,35.82,878.963,0
2025-08-06 15:00:00,35.85,36.06,35.75,35.96,1541.597,0
2025-08-06 16:00:00,35.96,36.16,35.95,36.07,1030.179,0
2025-08-06 17:00:00,36.09,36.29,36.0,36.16,1504.244,0
2025-08-06 18:00:00,36.17,36.33,36.03,36.1,1249.214,0
2025-08-06 19:00:00,36.1,36.25,36.05,36.21,588.693,0
2025-08-06 20:00:00,36.17,36.17,35.99,36.06,72.573,0
2025-08-06 21:00:00,36.06,36.11,35.97,36.05,129.001,0
2025-08-06 22:00:00,36.08,36.19,36.08,36.12,179.95,0
2025-08-06 23:00:00,36.14,36.14,35.99,36.14,852.398,0
2025-08-07 00:00:00,36.08,36.23,36.06,36.18,231.812,0
2025-08-07 01:00:00,36.19,36.43,36.1,36.13,553.601,0
2025-08-07 02:00:00,36.1,36.22,36.03,36.21,411.135,0
2025-08-07 03:00:00,36.21,36.25,35.97,36.02,1301.713,0
2025-08-07 04:00:00,35.98,36.12,35.93,36.01,454.364,0
2025-08-07 05:00:00,35.99,36.24,35.89,36.24,1284.427,0
2025-08-07 06:00:00,36.22,36.77,36.18,36.66,2939.922,0
2025-08-07 07:00:00,36.67,36.8,36.56,36.61,895.214,0
2025-08-07 08:00:00,36.6,36.89,36.52,36.55,926.169,0
2025-08-07 09:00:00,36.55,36.69,36.47,36.61,458.492,0
2025-08-07 10:00:00,36.71,37.27,36.67,37.17,2176.289,0
2025-08-07 11:00:00,37.19,37.4,37.17,37.22,594.334,0
2025-08-07 12:00:00,37.25,37.3,36.98,37.12,1363.623,0
2025-08-07 13:00:00,37.13,37.52,37.07,37.45,1467.074,0
2025-08-07 14:00:00,37.41,37.42,37.03,37.32,1282.89,0
2025-08-07 15:00:00,37.35,37.57,37.27,37.55,580.345,0
2025-08-07 16:00:00,37.52,37.53,36.7,37.25,2744.874,0
2025-08-07 17:00:00,37.28,37.3,37.08,37.27,948.102,0
2025-08-07 18:00:00,37.27,37.29,36.92,37.0,559.772,0
2025-08-07 19:00:00,36.98,37.41,36.92,37.37,1610.55,0
2025-08-07 20:00:00,37.38,37.84,37.38,37.65,2266.58,0
2025-08-07 21:00:00,37.65,37.76,37.53,37.61,946.885,0
2025-08-07 22:00:00,37.69,38.15,37.58,38.14,3290.778,0
2025-08-07 23:00:00,38.14,38.17,37.93,38.12,605.843,0
2025-08-08 00:00:00,38.09,38.32,37.53,37.87,3460.72,0
2025-08-08 01:00:00,37.93,38.3,37.64,38.0,3215.272,0
2025-08-08 02:00:00,38.05,38.11,37.86,37.96,1869.184,0
2025-08-08 03:00:00,37.94,38.4,37.91,38.14,805.608,0
2025-08-08 04:00:00,38.13,38.25,38.0,38.11,537.975,0
2025-08-08 05:00:00,38.08,38.48,37.99,38.1,4215.009,0
2025-08-08 06:00:00,38.1,38.42,38.01,38.22,1023.874,0
2025-08-08 07:00:00,38.24,38.46,38.14,38.36,839.817,0
2025-08-08 08:00:00,38.38,38.62,38.24,38.38,1942.745,0
2025-08-08 09:00:00,38.38,38.96,38.35,38.79,1036.364,0
2025-08-08 10:00:00,38.77,38.91,38.5,38.63,508.531,0
2025-08-08 11:00:00,38.65,38.85,38.63,38.81,433.85,0
2025-08-08 12:00:00,38.78,38.86,38.36,38.41,921.673,0
2025-08-08 13:00:00,38.42,39.26,38.41,39.08,5424.38,0
2025-08-08 14:00:00,39.11,39.29,38.62,38.76,1080.44,0
2025-08-08 15:00:00,38.78,38.78,38.11,38.27,966.168,0
2025-08-08 16:00:00,38.29,38.49,38.07,38.21,3106.248,0
2025-08-08 17:00:00,38.27,38.67,38.25,38.53,2990.215,0
2025-08-08 18:00:00,38.54,38.66,38.42,38.56,1052.895,0
2025-08-08 19:00:00,38.59,38.6,38.48,38.57,424.849,0
2025-08-08 20:00:00,38.59,38.67,38.45,38.59,475.081,0
2025-08-08 21:00:00,38.66,38.9,38.65,38.76,1863.492,0
2025-08-08 22:00:00,38.79,38.93,38.69,38.9,628.821,0
2025-08-08 23:00:00,38.88,38.91,38.69,38.75,513.499,0
2025-08-09 00:00:00,38.77,38.93,38.76,38.88,617.513,0
2025-08-09 01:00:00,38.88,39.03,38.88,38.94,403.817,0
2025-08-09 02:00:00,38.97,39.03,38.92,38.99,236.23,0
2025-08-09 03:00:00,38.98,39.04,38.78,38.94,399.317,0
2025-08-09 04:00:00,38.93,39.0,38.81,38.96,959.768,0
2025-08-09 05:00:00,38.95,39.41,38.92,39.32,2074.396,0
2025-08-09 06:00:00,39.31,39.39,39.02,39.19,1767.449,0
2025-08-09 07:00:00,39.19,39.6,39.12,39.45,1552.418,0
2025-08-09 08:00:00,39.47,39.48,39.22,39.28,1239.345,0
2025-08-09 09:00:00,39.3,39.53,39.28,39.46,300.653,0
2025-08-09 10:00:00,39.45,39.88,39.45,39.79,1197.697,0
2025-08-09 11:00:00,39.74,39.79,39.5,39.68,858.639,0
2025-08-09 12:00:00,39.63,39.81,39.52,39.6,935.209,0
2025-08-09 13:00:00,39.6,39.69,39.18,39.27,1664.892,0
2025-08-09 14:00:00,39.26,39.34,38.93,39.32,1731.591,0
2025-08-09 15:00:00,39.31,39.61,39.23,39.52,1009.102,0
2025-08-09 16:00:00,39.57,40.07,39.56,39.87,1977.675,0
2025-08-09 17:00:00,39.86,40.19,39.69,40.08,1622.314,0
2025-08-09 18:00:00,40.08,40.4,40.06,40.26,1519.629,0
2025-08-09 19:00:00,40.3,40.45,40.08,40.12,1660.993,0
2025-08-09 20:00:00,40.14,40.22,39.96,40.04,1969.585,0
2025-08-09 21:00:00,40.06,40.1,39.77,39.92,468.228,0
2025-08-09 22:00:00,39.9,40.04,39.59,39.78,773.476,0
2025-08-09 23:00:00,39.75,39.81,39.58,39.7,271.788,0
2025-08-10 00:00:00,39.69,40.0,39.57,39.83,489.741,0
2025-08-10 01:00:00,39.87,39.98,39.68,39.74,479.653,0
2025-08-10 02:00:00,39.74,39.75,39.38,39.45,843.559,0
2025-08-10 03:00:00,39.47,39.97,39.38,39.97,867.545,0
2025-08-10 04:00:00,39.94,40.19,39.82,40.07,384.609,0
2025-08-10 05:00:00,40.07,40.09,39.61,39.66,743.378,0
2025-08-10 06:00:00,39.67,39.67,39.21,39.33,1208.089,0
2025-08-10 07:00:00,39.34,39.39,38.67,38.75,1508.975,0
2025-08-10 08:00:00,38.71,39.1,38.46,39.0,2006.708,0
2025-08-10 09:00:00,39.02,39.43,38.97,39.3,2039.18,0
2025-08-10 10:00:00,39.28,39.42,38.85,38.92,1721.946,0
2025-08-10 11:00:00,38.86,39.48,38.83,39.13,1763.561,0
2025-08-10 12:00:00,39.09,39.14,38.94,39.09,607.833,0
2025-08-10 13:00:00,39.07,39.08,38.59,38.59,962.789,0
2025-08-10 14:00:00,38.58,39.15,38.52,39.1,1793.781,0
2025-08-10 15:00:00,39.1,39.19,38.9,39.0,913.444,0
2025-08-10 16:00:00,39.03,39.18,38.94,39.05,525.789,0
2025-08-10 17:00:00,39.07,39.29,39.07,39.18,817.548,0
2025-08-10 18:00:00,39.18,39.46,39.15,39.43,325.612,0
2025-08-10 19:00:00,39.44,39.52,39.3,39.35,218.884,0
2025-08-10 20:00:00,39.34,39.34,39.09,39.26,257.658,0
2025-08-10 21:00:00,39.25,39.25,38.85,39.19,732.015,0
2025-08-10 22:00:00,39.19,39.33,38.99,39.22,967.054,0
2025-08-10 23:00:00,39.27,40.28,39.12,39.53,4457.287,0
2025-08-11 00:00:00,39.52,40.1,39.41,39.54,1485.447,0
2025-08-11 01:00:00,39.55,39.92,39.44,39.79,1629.999,0
2025-08-11 02:00:00,39.81,40.23,39.81,40.15,1174.642,0
2025-08-11 03:00:00,40.17,40.22,39.98,40.14,825.966,0
2025-08-11 04:00:00,40.14,40.4,40.11,40.19,956.284,0
2025-08-11 05:00:00,40.11,40.25,40.1,40.14,729.233,0
2025-08-11 06:00:00,40.14,40.23,39.8,39.84,692.469,0
2025-08-11 07:00:00,39.8,40.0,39.2,39.22,1513.15,0
2025-08-11 08:00:00,39.23,39.26,39.0,39.18,2003.041,0
2025-08-11 09:00:00,39.17,39.42,39.04,39.06,1177.279,0
2025-08-11 10:00:00,39.08,39.08,38.66,38.74,1400.66,0
2025-08-11 11:00:00,38.72,38.74,37.7,37.83,5049.687,0
2025-08-11 12:00:00,37.85,38.13,35.0,37.6,11791.433,0
2025-08-11 13:00:00,37.56,38.17,37.42,38.06,1950.494,0
2025-08-11 14:00:00,38.05,38.37,37.81,37.9,1542.52,0
2025-08-11 15:00:00,37.9,38.24,37.7,38.2,1371.655,0
2025-08-11 16:00:00,38.21,38.71,38.07,38.14,1015.928,0
2025-08-11 17:00:00,38.11,38.24,37.91,38.11,1644.702,0
2025-08-11 18:00:00,38.08,38.66,37.76,38.0,2458.128,0
2025-08-11 19:00:00,38.01,38.13,37.58,37.81,923.579,0
2025-08-11 20:00:00,37.81,37.81,37.38,37.63,1093.781,0
2025-08-11 21:00:00,37.6,37.81,36.4,36.87,4518.162,0
2025-08-11 22:00:00,36.9,36.91,36.3,36.77,971.959,0
2025-08-11 23:00:00,36.69,36.92,36.65,36.65,788.121,0
2025-08-12 00:00:00,36.65,37.13,36.6,37.08,1291.68,0
2025-08-12 01:00:00,37.04,37.17,36.9,37.09,405.378,0
2025-08-12 02:00:00,37.09,37.39,37.05,37.12,441.439,0
2025-08-12 03:00:00,37.12,37.21,36.95,37.08,1025.956,0
2025-08-12 04:00:00,37.07,37.36,37.07,37.25,1544.711,0
2025-08-12 05:00:00,37.26,37.26,36.82,36.93,1394.794,0
2025-08-12 06:00:00,36.93,37.35,36.84,37.16,1276.871,0
2025-08-12 07:00:00,37.16,37.29,37.08,37.29,700.784,0
2025-08-12 08:00:00,37.28,37.29,37.02,37.15,459.355,0
2025-08-12 09:00:00,37.07,37.14,36.86,36.89,386.829,0
2025-08-12 10:00:00,36.87,37.06,36.75,36.81,1609.285,0
2025-08-12 11:00:00,36.82,37.1,36.71,37.05,2605.461,0
2025-08-12 12:00:00,37.02,37.9,36.81,37.68,2432.826,0
2025-08-12 13:00:00,37.68,37.89,37.23,37.53,3157.049,0
2025-08-12 14:00:00,37.55,39.58,37.52,38.67,7978.135,0
2025-08-12 15:00:00,38.63,39.68,38.46,39.4,8365.948,0
2025-08-12 16:00:00,39.4,39.88,39.29,39.82,4229.519,0
2025-08-12 17:00:00,39.83,41.1,39.22,39.63,10974.705,0
2025-08-12 18:00:00,39.63,39.74,39.06,39.11,5124.537,0
2025-08-12 19:00:00,39.16,39.87,39.03,39.84,1661.266,0
2025-08-12 20:00:00,39.87,40.29,39.78,39.95,2573.784,0
2025-08-12 21:00:00,39.95,40.01,39.71,39.8,1097.395,0
2025-08-12 22:00:00,39.78,39.84,39.49,39.61,1425.898,0
2025-08-12 23:00:00,39.61,39.7,39.5,39.54,1010.673,0
2025-08-13 00:00:00,39.6,40.05,39.6,39.62,2265.948,0
2025-08-13 01:00:00,39.63,39.65,38.46,39.01,5013.019,0
2025-08-13 02:00:00,39.02,39.08,38.45,39.08,7766.204,0
2025-08-13 03:00:00,39.06,39.24,38.76,38.82,3564.811,0
2025-08-13 04:00:00,38.81,39.05,38.75,38.83,524.575,0
2025-08-13 05:00:00,38.83,38.91,38.54,38.58,521.079,0
2025-08-13 06:00:00,38.57,38.63,38.4,38.43,1472.143,0
2025-08-13 07:00:00,38.43,38.57,38.06,38.48,5693.328,0
2025-08-13 08:00:00,38.47,38.64,38.27,38.61,9072.963,0
2025-08-13 09:00:00,38.63,39.64,38.62,39.54,7121.731,0
2025-08-13 10:00:00,39.5,40.96,39.36,39.88,15605.281,0
2025-08-13 11:00:00,39.89,40.96,39.7,40.54,16817.574,0
2025-08-13 12:00:00,40.59,40.99,40.2,40.46,4565.781,0
2025-08-13 13:00:00,40.48,41.01,39.89,40.09,10448.79,0
2025-08-13 14:00:00,40.15,40.15,39.18,39.33,4327.533,0
2025-08-13 15:00:00,39.44,39.45,39.1,39.33,2134.116,0
2025-08-13 16:00:00,39.35,39.8,39.16,39.32,1988.544,0
2025-08-13 17:00:00,39.36,39.8,39.01,39.4,7432.076,0
2025-08-13 18:00:00,39.42,39.58,39.05,39.06,2117.64,0
2025-08-13 19:00:00,39.06,39.28,38.68,39.13,5916.365,0
2025-08-13 20:00:00,39.16,39.28,38.99,39.23,1424.286,0
2025-08-13 21:00:00,39.24,39.45,39.05,39.2,819.633,0
2025-08-13 22:00:00,39.14,39.73,39.1,39.48,1764.705,0
2025-08-13 23:00:00,39.54,39.65,39.21,39.35,1243.594,0
2025-08-14 00:00:00,39.36,39.38,38.99,39.0,1701.78,0
2025-08-14 01:00:00,39.02,39.29,38.67,39.19,2340.281,0
2025-08-14 02:00:00,39.18,41.2,38.91,40.1,26745.1,0
2025-08-14 03:00:00,40.03,40.21,39.89,40.04,1507.838,0
2025-08-14 04:00:00,40.02,40.11,39.75,39.8,656.685,0
2025-08-14 05:00:00,39.86,40.21,39.52,39.59,3578.865,0
2025-08-14 06:00:00,39.5,39.95,39.21,39.83,1479.954,0
2025-08-14 07:00:00,39.81,40.33,39.29,40.21,3833.015,0
2025-08-14 08:00:00,40.25,40.25,39.35,39.54,3357.549,0
2025-08-14 09:00:00,39.48,39.58,39.19,39.53,932.196,0
2025-08-14 10:00:00,39.52,39.52,38.86,39.13,1930.167,0
2025-08-14 11:00:00,39.11,39.79,39.1,39.73,4330.226,0
2025-08-14 12:00:00,39.69,39.71,37.42,38.07,18072.084,0
2025-08-14 13:00:00,38.05,38.35,37.32,38.04,6489.519,0
2025-08-14 14:00:00,38.0,38.38,37.41,37.77,5998.916,0
2025-08-14 15:00:00,37.8,38.22,36.76,37.4,12787.338,0
2025-08-14 16:00:00,37.34,37.38,36.47,36.96,8538.599,0
2025-08-14 17:00:00,36.94,37.12,36.63,36.89,1497.455,0
2025-08-14 18:00:00,36.85,37.19,36.61,37.12,1525.011,0
2025-08-14 19:00:00,37.12,37.46,37.08,37.15,1286.278,0
2025-08-14 20:00:00,37.15,37.28,36.92,37.1,1240.001,0
2025-08-14 21:00:00,37.05,37.07,36.41,36.63,606.976,0
2025-08-14 22:00:00,36.55,36.94,36.41,36.69,2679.586,0
2025-08-14 23:00:00,36.68,36.84,36.56,36.62,214.067,0
2025-08-15 00:00:00,36.62,36.87,36.48,36.62,1014.163,0
2025-08-15 01:00:00,36.62,36.94,36.6,36.9,519.113,0
2025-08-15 02:00:00,36.89,37.03,36.85,36.94,769.772,0
2025-08-15 03:00:00,36.92,37.9,36.92,37.82,8709.049,0
2025-08-15 04:00:00,37.83,37.83,37.44,37.51,935.561,0
2025-08-15 05:00:00,37.51,37.55,37.3,37.54,381.512,0
2025-08-15 06:00:00,37.54,38.08,37.54,37.97,1503.383,0
2025-08-15 07:00:00,37.93,40.25,37.73,38.31,18496.109,0
2025-08-15 08:00:00,38.24,38.39,38.01,38.24,645.571,0
2025-08-15 09:00:00,38.24,38.51,37.81,37.86,2447.875,0
2025-08-15 10:00:00,37.91,38.13,37.82,37.87,332.452,0
2025-08-15 11:00:00,37.9,37.91,37.53,37.7,560.98,0
2025-08-15 12:00:00,37.65,38.07,37.42,37.75,1556.841,0
2025-08-15 13:00:00,37.74,37.89,37.29,37.49,762.76,0
2025-08-15 14:00:00,37.46,37.58,36.99,37.06,2396.516,0
2025-08-15 15:00:00,37.12,37.19,36.45,36.61,1931.732,0
2025-08-15 16:00:00,36.61,36.64,35.79,36.52,6397.103,0
2025-08-15 17:00:00,36.52,36.95,36.27,36.58,2137.795,0
2025-08-15 18:00:00,36.59,36.7,35.92,36.09,5841.655,0
2025-08-15 19:00:00,36.09,36.34,36.01,36.21,1214.19,0
2025-08-15 20:00:00,36.16,36.47,36.13,36.42,702.298,0
2025-08-15 21:00:00,36.44,36.53,36.23,36.3,814.377,0
2025-08-15 22:00:00,36.37,36.87,36.27,36.79,681.802,0
2025-08-15 23:00:00,36.87,36.92,36.35,36.43,552.132,0
2025-08-16 00:00:00,36.46,36.91,36.46,36.83,709.786,0
2025-08-16 01:00:00,36.83,36.91,36.65,36.86,393.375,0
2025-08-16 02:00:00,36.87,36.87,36.4,36.45,903.479,0
2025-08-16 03:00:00,36.47,36.63,36.06,36.2,5798.186,0
2025-08-16 04:00:00,36.2,36.37,36.16,36.35,605.496,0
2025-08-16 05:00:00,36.37,36.39,35.85,36.08,3759.378,0
2025-08-16 06:00:00,36.04,36.62,35.98,36.44,5814.258,0
2025-08-16 07:00:00,36.47,36.84,36.32,36.49,4270.066,0
2025-08-16 08:00:00,36.45,36.68,36.42,36.52,775.385,0
2025-08-16 09:00:00,36.56,36.69,36.31,36.33,658.836,0
2025-08-16 10:00:00,36.28,36.46,36.18,36.31,1146.074,0
2025-08-16 11:00:00,36.29,36.6,36.2,36.2,727.993,0
2025-08-16 12:00:00,36.25,36.39,36.02,36.37,1229.742,0
2025-08-16 13:00:00,36.4,36.47,36.05,36.14,866.683,0
2025-08-16 14:00:00,36.1,36.38,35.96,36.38,1004.376,0
2025-08-16 15:00:00,36.35,36.65,36.3,36.61,1063.186,0
2025-08-16 16:00:00,36.61,36.83,36.59,36.68,854.966,0
2025-08-16 17:00:00,36.66,36.74,36.47,36.61,239.605,0
2025-08-16 18:00:00,36.57,37.2,36.49,37.0,1847.862,0
2025-08-16 19:00:00,36.99,37.18,36.82,36.95,1539.006,0
2025-08-16 20:00:00,36.9,37.13,36.89,36.96,399.9,0
2025-08-16 21:00:00,36.95,37.07,36.89,36.92,633.201,0
2025-08-16 22:00:00,36.85,37.08,36.62,37.04,3214.078,0
2025-08-16 23:00:00,36.95,36.96,36.68,36.77,1070.707,0
2025-08-17 00:00:00,36.77,36.77,36.57,36.61,420.477,0
2025-08-17 01:00:00,36.59,36.59,36.3,36.47,920.796,0
2025-08-17 02:00:00,36.47,36.64,36.26,36.59,595.242,0
2025-08-17 03:00:00,36.64,36.83,36.63,36.75,275.322,0
2025-08-17 04:00:00,36.75,37.06,36.73,37.02,521.256,0
2025-08-17 05:00:00,37.07,37.11,36.94,37.05,836.766,0
2025-08-17 06:00:00,37.02,37.18,37.0,37.0,307.34,0
2025-08-17 07:00:00,37.07,37.37,37.0,37.32,812.138,0
2025-08-17 08:00:00,37.32,37.78,37.26,37.74,1591.35,0
2025-08-17 09:00:00,37.69,38.01,37.23,37.44,5257.939,0
2025-08-17 10:00:00,37.46,37.5,37.2,37.3,1361.831,0
2025-08-17 11:00:00,37.33,37.92,37.33,37.63,2147.172,0
2025-08-17 12:00:00,37.63,37.63,37.32,37.39,510.847,0
2025-08-17 13:00:00,37.39,37.6,37.24,37.46,1074.958,0
2025-08-17 14:00:00,37.48,37.66,37.35,37.5,766.976,0
2025-08-17 15:00:00,37.49,37.83,37.4,37.81,1434.995,0
2025-08-17 16:00:00,37.82,37.87,37.6,37.79,1216.951,0
2025-08-17 17:00:00,37.79,37.86,37.59,37.79,677.516,0
2025-08-17 18:00:00,37.81,37.86,37.18,37.49,2526.172,0
2025-08-17 19:00:00,37.55,37.64,37.08,37.21,702.272,0
2025-08-17 20:00:00,37.16,37.24,37.02,37.13,481.991,0
2025-08-17 21:00:00,37.17,37.17,37.05,37.12,304.132,0
2025-08-17 22:00:00,37.12,37.26,37.02,37.17,943.425,0
2025-08-17 23:00:00,37.24,37.24,36.99,37.03,566.056,0
2025-08-18 00:00:00,37.05,37.07,36.63,36.89,859.264,0
2025-08-18 01:00:00,36.81,36.88,36.29,36.36,2160.514,0
2025-08-18 02:00:00,36.33,36.35,35.86,35.88,2053.258,0
2025-08-18 03:00:00,35.95,36.07,35.73,35.91,1471.62,0
2025-08-18 04:00:00,35.88,36.03,35.41,35.73,12719.725,0
2025-08-18 05:00:00,35.77,35.91,35.63,35.88,2200.936,0
2025-08-18 06:00:00,35.91,35.91,35.26,35.49,2210.514,0
2025-08-18 07:00:00,35.5,35.72,35.45,35.6,754.033,0
2025-08-18 08:00:00,35.56,35.73,35.56,35.58,362.093,0
2025-08-18 09:00:00,35.52,36.04,35.3,35.93,2553.173,0
2025-08-18 10:00:00,35.96,36.01,35.72,35.8,1337.235,0
2025-08-18 11:00:00,35.77,36.28,35.76,36.12,1699.593,0
2025-08-18 12:00:00,36.13,36.66,36.09,36.55,1004.076,0
2025-08-18 13:00:00,36.49,36.57,36.16,36.16,1319.937,0
2025-08-18 14:00:00,36.17,36.33,35.76,36.29,2460.46,0
2025-08-18 15:00:00,36.28,36.62,36.04,36.48,2422.042,0
2025-08-18 16:00:00,36.51,36.71,36.01,36.08,1194.305,0
2025-08-18 17:00:00,36.06,36.43,36.0,36.1,1265.071,0
2025-08-18 18:00:00,36.02,36.07,35.8,35.93,1474.939,0
2025-08-18 19:00:00,35.94,36.02,35.71,35.89,1454.575,0
2025-08-18 20:00:00,35.89,35.9,35.73,35.79,485.384,0
2025-08-18 21:00:00,35.75,35.91,35.55,35.78,1464.932,0
2025-08-18 22:00:00,35.78,36.02,35.62,35.64,2229.655,0
2025-08-18 23:00:00,35.63,35.64,35.13,35.34,3488.046,0
2025-08-19 00:00:00,35.3,35.77,35.1,35.75,1165.908,0
2025-08-19 01:00:00,35.79,35.88,35.39,35.4,425.649,0
2025-08-19 02:00:00,35.36,35.46,35.17,35.3,1044.137,0
2025-08-19 03:00:00,35.29,35.34,34.93,34.99,1498.976,0
2025-08-19 04:00:00,34.98,35.3,34.86,35.3,545.021,0
2025-08-19 05:00:00,35.33,35.38,35.23,35.29,686.736,0
2025-08-19 06:00:00,35.27,35.44,35.21,35.36,658.566,0
2025-08-19 07:00:00,35.36,36.16,35.19,35.83,4334.918,0
2025-08-19 08:00:00,35.81,35.97,35.57,35.76,2320.368,0
2025-08-19 09:00:00,35.78,35.99,35.74,35.78,997.685,0
2025-08-19 10:00:00,35.76,35.99,35.73,35.98,479.059,0
2025-08-19 11:00:00,35.99,36.15,35.86,35.99,1537.006,0
2025-08-19 12:00:00,35.99,36.04,35.9,36.01,417.935,0
2025-08-19 13:00:00,36.03,36.23,35.68,35.91,1205.676,0
2025-08-19 14:00:00,35.95,36.01,35.22,35.47,3189.803,0
2025-08-19 15:00:00,35.5,35.63,35.11,35.31,6308.568,0
2025-08-19 16:00:00,35.27,35.42,35.09,35.23,1900.205,0
2025-08-19 17:00:00,35.15,35.31,34.92,35.0,3229.802,0
2025-08-19 18:00:00,35.01,35.18,34.71,34.79,2870.224,0
2025-08-19 19:00:00,34.75,35.16,34.64,34.96,1157.594,0
2025-08-19 20:00:00,34.94,35.18,34.67,35.06,1617.31,0
2025-08-19 21:00:00,35.08,35.22,34.95,35.17,805.581,0
2025-08-19 22:00:00,35.16,35.18,35.0,35.14,1118.101,0
2025-08-19 23:00:00,35.14,35.14,34.56,34.66,4823.783,0
2025-08-20 00:00:00,34.65,35.05,34.65,34.91,1390.93,0
2025-08-20 01:00:00,34.86,34.97,34.45,34.86,1948.273,0
2025-08-20 02:00:00,34.87,35.22,34.85,35.19,1015.992,0
2025-08-20 03:00:00,35.19,35.54,35.1,35.5,3031.526,0
2025-08-20 04:00:00,35.48,36.05,35.48,35.97,2921.942,0
2025-08-20 05:00:00,35.97,37.6,35.95,37.4,29828.757,0
2025-08-20 06:00:00,37.36,37.41,36.76,37.02,4770.787,0
2025-08-20 07:00:00,37.01,37.32,36.76,36.99,2565.53,0
2025-08-20 08:00:00,36.99,38.36,36.83,38.24,11105.376,0
2025-08-20 09:00:00,38.24,39.08,38.06,38.95,12007.152,0
2025-08-20 10:00:00,38.9,39.6,38.0,38.39,15571.314,0
2025-08-20 11:00:00,38.43,38.48,37.63,38.23,4028.463,0
2025-08-20 12:00:00,38.27,38.48,37.77,38.06,3610.247,0
2025-08-20 13:00:00,38.08,38.31,37.56,37.76,2219.461,0
2025-08-20 14:00:00,37.82,38.66,37.58,38.56,5121.495,0
2025-08-20 15:00:00,38.55,38.87,38.28,38.39,7331.413,0
2025-08-20 16:00:00,38.46,38.79,38.28,38.36,10346.575,0
2025-08-20 17:00:00,38.41,38.89,38.33,38.5,2487.567,0
2025-08-20 18:00:00,38.53,38.8,38.1,38.76,4779.518,0
2025-08-20 19:00:00,38.77,39.35,38.77,39.33,9091.787,0
2025-08-20 20:00:00,39.36,39.42,39.16,39.16,1201.398,0
2025-08-20 21:00:00,39.16,39.23,38.88,39.02,2007.605,0
2025-08-20 22:00:00,39.05,39.28,38.94,38.97,3595.591,0
2025-08-20 23:00:00,38.97,39.11,38.82,39.05,2907.437,0
2025-08-21 00:00:00,39.06,39.2,38.85,39.0,2444.472,0
2025-08-21 01:00:00,39.0,39.13,38.81,39.06,2826.009,0
2025-08-21 02:00:00,39.06,39.14,38.47,38.59,2955.092,0
2025-08-21 03:00:00,38.55,38.81,38.31,38.33,1405.813,0
2025-08-21 04:00:00,38.36,38.58,38.27,38.54,1179.101,0
2025-08-21 05:00:00,38.54,38.57,38.04,38.4,3389.805,0
2025-08-21 06:00:00,38.42,38.42,37.88,38.11,8949.083,0
2025-08-21 07:00:00,38.15,38.49,38.1,38.35,3167.516,0
2025-08-21 08:00:00,38.35,38.47,38.25,38.35,2289.309,0
2025-08-21 09:00:00,38.38,38.61,38.33,38.36,2862.511,0
2025-08-21 10:00:00,38.33,38.75,38.26,38.73,1347.036,0
2025-08-21 11:00:00,38.72,38.87,37.7,38.17,10423.777,0
2025-08-21 12:00:00,38.13,38.8,38.04,38.76,4041.31,0
2025-08-21 13:00:00,38.82,40.07,38.8,39.9,7686.61,0
2025-08-21 14:00:00,39.9,40.2,39.65,39.83,6610.001,0
2025-08-21 15:00:00,39.84,39.97,39.19,39.45,8079.892,0
2025-08-21 16:00:00,39.45,39.56,39.03,39.07,2375.255,0
2025-08-21 17:00:00,39.04,40.56,38.98,39.86,16930.72,0
2025-08-21 18:00:00,39.85,40.47,39.79,40.39,2749.072,0
2025-08-21 19:00:00,40.37,40.46,39.75,40.13,5863.157,0
2025-08-21 20:00:00,40.15,40.8,40.08,40.53,11475.711,0
2025-08-21 21:00:00,40.51,42.45,40.36,42.26,19778.978,0
2025-08-21 22:00:00,42.35,43.0,42.19,42.53,13067.324,0
2025-08-21 23:00:00,42.56,42.98,42.16,42.56,6725.63,0
2025-08-22 00:00:00,42.56,43.43,42.37,42.93,9369.468,0
2025-08-22 01:00:00,42.96,43.14,42.0,42.08,8233.882,0
2025-08-22 02:00:00,42.06,42.92,42.02,42.57,5494.49,0
2025-08-22 03:00:00,42.55,42.87,41.7,41.72,8625.571,0
2025-08-22 04:00:00,41.71,42.35,41.58,42.19,3886.516,0
2025-08-22 05:00:00,42.12,42.48,41.77,41.96,3833.82,0
2025-08-22 06:00:00,41.95,42.23,41.67,41.9,2681.59,0
2025-08-22 07:00:00,41.88,42.32,41.83,42.08,2709.764,0
2025-08-22 08:00:00,42.05,42.59,42.04,42.24,2628.669,0
2025-08-22 09:00:00,42.22,42.32,41.79,42.0,6312.514,0
2025-08-22 10:00:00,42.05,42.13,41.72,42.01,2953.103,0
2025-08-22 11:00:00,42.0,42.4,41.67,42.29,6298.538,0
2025-08-22 12:00:00,42.28,42.55,41.54,42.15,6196.208,0
2025-08-22 13:00:00,42.17,43.4,42.17,42.8,8521.795,0
2025-08-22 14:00:00,42.82,45.99,42.82,43.91,41578.848,0
2025-08-22 15:00:00,43.93,44.02,43.3,43.77,5768.467,0
2025-08-22 16:00:00,43.79,44.38,43.56,43.58,8805.54,0
2025-08-22 17:00:00,43.62,44.21,43.55,43.95,3995.523,0
2025-08-22 18:00:00,43.96,43.97,41.18,43.72,13668.143,0
2025-08-22 19:00:00,43.69,44.22,43.68,44.1,2995.636,0
2025-08-22 20:00:00,44.11,44.32,43.94,44.22,2072.606,0
2025-08-22 21:00:00,44.28,44.36,43.89,44.32,1720.823,0
2025-08-22 22:00:00,44.31,44.51,44.15,44.48,2346.768,0
2025-08-22 23:00:00,44.41,44.45,43.93,43.95,2560.439,0
2025-08-23 00:00:00,43.92,44.18,43.75,43.88,1801.467,0
2025-08-23 01:00:00,43.9,43.9,43.23,43.37,1593.96,0
2025-08-23 02:00:00,43.44,43.62,42.9,43.32,3519.966,0
2025-08-23 03:00:00,43.32,43.64,43.16,43.61,1274.487,0
2025-08-23 04:00:00,43.62,43.76,43.4,43.61,1355.946,0
2025-08-23 05:00:00,43.61,43.65,43.4,43.44,2391.811,0
2025-08-23 06:00:00,43.42,43.45,43.19,43.33,1242.987,0
2025-08-23 07:00:00,43.32,43.32,42.52,42.8,2179.313,0
2025-08-23 08:00:00,42.81,43.76,42.78,43.65,5873.918,0
2025-08-23 09:00:00,43.66,43.97,43.37,43.77,3554.351,0
2025-08-23 10:00:00,43.76,43.89,43.37,43.38,1209.8,0
2025-08-23 11:00:00,43.37,43.66,43.33,43.49,1007.671,0
2025-08-23 12:00:00,43.5,43.61,43.23,43.25,1310.657,0
2025-08-23 13:00:00,43.29,43.38,43.13,43.21,959.139,0
2025-08-23 14:00:00,43.2,43.72,43.2,43.57,2845.21,0
2025-08-23 15:00:00,43.62,43.68,43.04,43.21,4097.611,0
2025-08-23 16:00:00,43.22,43.38,43.14,43.34,764.339,0
2025-08-23 17:00:00,43.36,43.57,42.08,42.95,10476.158,0
2025-08-23 18:00:00,43.0,43.12,42.89,43.08,1190.044,0
2025-08-23 19:00:00,43.07,43.21,43.0,43.14,1436.939,0
2025-08-23 20:00:00,43.13,43.24,43.1,43.22,355.238,0
2025-08-23 21:00:00,43.24,43.25,43.05,43.19,648.965,0
2025-08-23 22:00:00,43.2,46.8,43.17,44.89,22189.205,0
2025-08-23 23:00:00,44.93,44.99,44.42,44.82,2372.536,0
2025-08-24 00:00:00,44.84,45.06,44.0,44.06,5484.762,0
2025-08-24 01:00:00,44.08,44.12,43.34,43.59,5463.513,0
2025-08-24 02:00:00,43.6,43.66,43.14,43.22,1702.325,0
2025-08-24 03:00:00,43.19,43.24,43.05,43.19,775.347,0
2025-08-24 04:00:00,43.16,43.39,43.16,43.3,340.443,0
2025-08-24 05:00:00,43.4,43.45,43.21,43.33,464.155,0
2025-08-24 06:00:00,43.33,43.36,42.53,42.74,5378.585,0
2025-08-24 07:00:00,42.75,42.93,42.39,42.49,5082.543,0
2025-08-24 08:00:00,42.49,42.81,42.4,42.79,964.171,0
2025-08-24 09:00:00,42.8,43.37,42.72,43.08,1387.383,0
2025-08-24 10:00:00,43.01,43.07,42.63,42.71,1700.528,0
2025-08-24 11:00:00,42.66,43.12,42.47,42.57,6073.538,0
2025-08-24 12:00:00,42.58,42.95,42.5,42.62,2956.451,0
2025-08-24 13:00:00,42.68,44.81,42.45,43.56,18911.988,0
2025-08-24 14:00:00,43.63,43.63,43.05,43.21,2808.468,0
2025-08-24 15:00:00,43.2,43.3,42.81,42.84,1823.31,0
2025-08-24 16:00:00,42.88,43.19,42.59,43.07,2489.445,0
2025-08-24 17:00:00,43.05,43.39,43.03,43.18,1944.676,0
2025-08-24 18:00:00,43.17,43.62,42.81,43.11,7100.556,0
2025-08-24 19:00:00,43.13,43.46,42.1,42.8,11161.614,0
2025-08-24 20:00:00,42.81,42.94,42.19,42.52,3353.935,0
2025-08-24 21:00:00,42.57,42.77,42.31,42.49,1809.441,0
2025-08-24 22:00:00,42.53,42.6,42.18,42.6,1871.973,0
2025-08-24 23:00:00,42.6,42.68,42.48,42.57,1101.78,0
2025-08-25 00:00:00,42.57,42.78,42.0,42.51,2636.88,0
2025-08-25 01:00:00,42.5,42.69,42.3,42.48,1377.549,0
2025-08-25 02:00:00,42.49,42.81,42.42,42.71,876.845,0
2025-08-25 03:00:00,42.72,42.82,42.5,42.51,437.645,0
2025-08-25 04:00:00,42.52,42.53,42.32,42.38,787.834,0
2025-08-25 05:00:00,42.42,42.44,42.08,42.11,1030.793,0
2025-08-25 06:00:00,42.06,42.13,41.08,41.11,9145.192,0
2025-08-25 07:00:00,41.1,41.99,40.78,41.55,16118.004,0
2025-08-25 08:00:00,41.55,42.69,41.36,41.73,12547.56,0
2025-08-25 09:00:00,41.75,41.76,41.24,41.69,1200.552,0
2025-08-25 10:00:00,41.63,41.65,40.77,40.92,4154.795,0
2025-08-25 11:00:00,40.98,41.55,40.98,41.51,1224.405,0
2025-08-25 12:00:00,41.51,41.53,40.69,41.13,5636.611,0
2025-08-25 13:00:00,41.11,41.56,40.82,41.33,7659.84,0
2025-08-25 14:00:00,41.32,41.44,40.54,41.23,7092.543,0
2025-08-25 15:00:00,41.18,41.3,40.37,40.46,8402.262,0
2025-08-25 16:00:00,40.46,40.82,40.34,40.49,1418.248,0
2025-08-25 17:00:00,40.47,40.48,39.93,40.14,5196.575,0
2025-08-25 18:00:00,40.07,40.39,39.94,40.24,1862.266,0
2025-08-25 19:00:00,40.2,40.32,39.77,39.78,1577.035,0
2025-08-25 20:00:00,39.78,39.9,38.88,39.09,6522.4,0
2025-08-25 21:00:00,39.05,39.29,38.84,38.95,2346.923,0
2025-08-25 22:00:00,38.91,39.67,38.91,39.54,1042.965,0
2025-08-25 23:00:00,39.49,39.84,39.23,39.78,1661.607,0
2025-08-26 00:00:00,39.76,39.77,39.1,39.35,2622.742,0
2025-08-26 01:00:00,39.32,39.94,39.22,39.79,987.548,0
2025-08-26 02:00:00,39.8,39.85,39.24,39.47,3667.86,0
2025-08-26 03:00:00,39.49,39.62,39.28,39.56,665.331,0
2025-08-26 04:00:00,39.54,39.76,39.53,39.66,834.184,0
2025-08-26 05:00:00,39.64,39.99,39.64,39.8,1144.585,0
2025-08-26 06:00:00,39.79,39.97,39.69,39.75,740.849,0
2025-08-26 07:00:00,39.69,40.18,39.65,39.99,1433.41,0
2025-08-26 08:00:00,39.93,40.13,39.8,40.0,1334.97,0
2025-08-26 09:00:00,40.01,40.52,39.84,40.23,8258.906,0
2025-08-26 10:00:00,40.26,40.5,40.04,40.09,2365.623,0
2025-08-26 11:00:00,40.08,40.17,39.75,40.09,3926.512,0
2025-08-26 12:00:00,40.08,40.72,39.8,40.4,2281.438,0
2025-08-26 13:00:00,40.38,40.61,40.07,40.31,3095.38,0
2025-08-26 14:00:00,40.39,40.74,40.26,40.63,1811.464,0
2025-08-26 15:00:00,40.63,40.76,40.35,40.59,1532.985,0
2025-08-26 16:00:00,40.6,41.11,40.6,41.11,1195.863,0
2025-08-26 17:00:00,41.12,41.51,40.91,41.02,3549.312,0
2025-08-26 18:00:00,41.07,41.63,41.07,41.59,791.46,0
2025-08-26 19:00:00,41.62,41.99,41.44,41.91,2175.747,0
2025-08-26 20:00:00,41.88,42.28,41.8,42.21,2203.146,0
2025-08-26 21:00:00,42.17,43.17,42.15,43.08,2516.527,0
2025-08-26 22:00:00,43.05,43.15,42.73,42.9,2954.092,0
2025-08-26 23:00:00,42.89,42.98,42.59,42.8,1055.508,0
2025-08-27 00:00:00,42.83,43.57,42.8,43.17,3459.186,0
2025-08-27 01:00:00,43.19,43.31,43.05,43.19,1126.368,0
2025-08-27 02:00:00,43.15,43.15,42.57,42.99,2947.513,0
2025-08-27 03:00:00,42.99,43.13,42.71,42.93,1424.363,0
2025-08-27 04:00:00,42.96,43.35,42.88,43.31,1750.598,0
2025-08-27 05:00:00,43.33,43.37,42.98,43.11,1327.598,0
2025-08-27 06:00:00,43.11,43.13,42.63,42.74,1259.933,0
2025-08-27 07:00:00,42.73,43.2,42.57,42.8,2000.997,0
2025-08-27 08:00:00,42.83,43.26,42.72,43.01,3083.186,0
2025-08-27 09:00:00,42.98,43.01,42.72,42.75,449.703,0
2025-08-27 10:00:00,42.75,42.94,42.6,42.81,1564.15,0
2025-08-27 11:00:00,42.8,43.31,42.73,42.84,3094.948,0
2025-08-27 12:00:00,42.83,43.16,42.54,42.68,3933.242,0
2025-08-27 13:00:00,42.67,42.67,42.0,42.03,4010.153,0
2025-08-27 14:00:00,42.04,42.58,41.83,41.91,2607.224,0
2025-08-27 15:00:00,41.94,42.14,41.68,41.84,1240.956,0
2025-08-27 16:00:00,41.82,42.34,41.82,42.27,1825.002,0
2025-08-27 17:00:00,42.21,42.49,42.17,42.29,1545.854,0
2025-08-27 18:00:00,42.3,42.47,41.87,41.87,2537.217,0
2025-08-27 19:00:00,41.86,42.06,41.69,41.86,1778.852,0
2025-08-27 20:00:00,41.92,42.2,41.56,42.13,2170.673,0
2025-08-27 21:00:00,42.12,42.17,41.72,41.82,1054.525,0
2025-08-27 22:00:00,41.81,42.12,41.56,42.02,1770.712,0
2025-08-27 23:00:00,41.99,42.27,41.92,42.27,925.901,0
2025-08-28 00:00:00,42.2,42.79,42.06,42.74,3850.59,0
2025-08-28 01:00:00,42.77,43.53,42.77,43.19,4294.143,0
2025-08-28 02:00:00,43.22,43.39,42.62,42.62,3956.944,0
2025-08-28 03:00:00,42.62,42.97,42.27,42.34,3301.45,0
2025-08-28 04:00:00,42.3,42.56,42.2,42.53,918.524,0
2025-08-28 05:00:00,42.51,42.58,42.11,42.14,764.433,0
2025-08-28 06:00:00,42.13,42.5,42.13,42.34,2928.842,0
2025-08-28 07:00:00,42.36,42.66,42.18,42.48,2195.58,0
2025-08-28 08:00:00,42.51,42.61,42.27,42.39,2465.602,0
2025-08-28 09:00:00,42.35,42.44,41.93,41.94,1275.335,0
2025-08-28 10:00:00,41.94,42.14,41.88,41.97,1131.916,0
2025-08-28 11:00:00,41.97,42.02,41.79,41.99,1144.929,0
2025-08-28 12:00:00,41.96,42.53,41.88,42.39,2052.245,0
2025-08-28 13:00:00,42.41,42.76,42.17,42.54,3673.581,0
2025-08-28 14:00:00,42.56,42.65,41.92,41.94,4103.383,0
2025-08-28 15:00:00,41.95,42.6,41.87,42.32,6701.656,0
2025-08-28 16:00:00,42.33,42.5,41.16,41.23,5972.417,0
2025-08-28 17:00:00,41.22,41.69,41.15,41.64,1689.494,0
2025-08-28 18:00:00,41.66,41.81,41.51,41.59,1586.152,0
2025-08-28 19:00:00,41.6,41.76,41.47,41.49,497.07,0
2025-08-28 20:00:00,41.44,41.8,41.42,41.68,708.956,0
2025-08-28 21:00:00,41.71,42.0,41.66,41.95,1455.691,0
2025-08-28 22:00:00,41.97,42.4,41.95,42.27,654.452,0
2025-08-28 23:00:00,42.27,42.5,42.23,42.47,1036.187,0
2025-08-29 00:00:00,42.44,42.49,42.17,42.22,456.649,0
2025-08-29 01:00:00,42.28,42.33,42.06,42.3,666.887,0
2025-08-29 02:00:00,42.32,42.4,42.19,42.31,1405.059,0
2025-08-29 03:00:00,42.32,42.56,42.25,42.51,1032.254,0
2025-08-29 04:00:00,42.47,42.89,42.47,42.84,769.62,0
2025-08-29 05:00:00,42.83,42.97,42.26,42.35,2770.519,0
2025-08-29 06:00:00,42.41,42.52,42.07,42.09,1354.626,0
2025-08-29 07:00:00,42.12,42.14,41.4,41.46,2013.225,0
2025-08-29 08:00:00,41.5,41.62,41.16,41.19,1758.708,0
2025-08-29 09:00:00,41.17,41.95,41.06,41.92,4092.677,0
2025-08-29 10:00:00,41.89,42.22,41.68,42.19,1469.816,0
2025-08-29 11:00:00,42.14,43.1,42.11,42.99,6700.824,0
2025-08-29 12:00:00,43.0,43.82,42.75,43.52,6851.03,0
2025-08-29 13:00:00,43.52,43.54,42.68,42.99,4142.695,0
2025-08-29 14:00:00,43.02,43.57,42.74,43.18,8908.914,0
2025-08-29 15:00:00,43.23,43.39,41.9,41.97,7436.081,0
2025-08-29 16:00:00,41.94,42.37,41.58,41.83,3985.988,0
2025-08-29 17:00:00,41.83,41.96,41.08,41.11,2652.4,0
2025-08-29 18:00:00,41.1,41.1,40.53,40.75,2507.901,0
2025-08-29 19:00:00,40.76,41.04,40.62,40.64,1173.126,0
2025-08-29 20:00:00,40.64,40.67,40.13,40.19,1277.002,0
2025-08-29 21:00:00,40.15,40.8,40.08,40.74,697.89,0
2025-08-29 22:00:00,40.8,40.8,40.26,40.3,988.871,0
2025-08-29 23:00:00,40.33,40.58,40.18,40.21,565.081,0
2025-08-30 00:00:00,40.17,40.21,39.96,40.08,1558.702,0
2025-08-30 01:00:00,40.11,40.13,39.69,39.7,2460.371,0
2025-08-30 02:00:00,39.75,40.14,39.69,39.93,1446.001,0
2025-08-30 03:00:00,39.94,40.32,39.92,40.03,2430.558,0
2025-08-30 04:00:00,40.03,40.25,40.03,40.2,1282.948,0
2025-08-30 05:00:00,40.22,40.23,40.02,40.05,1036.73,0
2025-08-30 06:00:00,40.04,40.15,39.93,40.0,1131.924,0
2025-08-30 07:00:00,40.0,40.2,40.0,40.06,2262.05,0
2025-08-30 08:00:00,40.07,40.34,40.03,40.08,2369.027,0
2025-08-30 09:00:00,40.08,40.12,39.96,40.04,737.445,0
2025-08-30 10:00:00,40.05,40.09,39.88,40.05,2119.546,0
2025-08-30 11:00:00,40.05,40.05,39.78,39.97,1386.244,0
2025-08-30 12:00:00,39.95,40.15,39.72,39.84,2085.03,0
2025-08-30 13:00:00,39.82,39.85,39.53,39.65,3496.43,0
2025-08-30 14:00:00,39.64,39.85,39.57,39.8,780.924,0
2025-08-30 15:00:00,39.78,40.21,39.72,39.93,3209.977,0
2025-08-30 16:00:00,39.91,40.03,39.85,39.88,1160.548,0
2025-08-30 17:00:00,39.88,40.02,39.87,40.02,1089.383,0
2025-08-30 18:00:00,40.02,40.03,39.89,39.9,514.826,0
2025-08-30 19:00:00,39.89,39.89,39.7,39.84,545.123,0
2025-08-30 20:00:00,39.87,39.98,39.83,39.98,234.249,0
2025-08-30 21:00:00,39.96,40.15,39.95,40.13,483.738,0
2025-08-30 22:00:00,40.13,40.13,39.96,40.0,2279.738,0
2025-08-30 23:00:00,40.01,40.12,39.85,40.05,1451.693,0
2025-08-31 00:00:00,40.05,40.26,39.91,40.23,1343.127,0
2025-08-31 01:00:00,40.27,40.4,40.19,40.37,568.857,0
2025-08-31 02:00:00,40.38,40.49,40.34,40.48,286.308,0
2025-08-31 03:00:00,40.49,40.68,40.44,40.61,630.494,0
2025-08-31 04:00:00,40.54,40.54,40.03,40.07,740.989,0
2025-08-31 05:00:00,40.07,40.25,39.94,40.01,1472.233,0
2025-08-31 06:00:00,40.02,40.12,39.97,40.04,526.262,0
2025-08-31 07:00:00,40.0,40.18,39.95,40.01,1610.956,0
2025-08-31 08:00:00,40.01,40.17,39.94,40.17,1334.185,0
2025-08-31 09:00:00,40.2,40.51,40.13,40.13,2319.635,0
2025-08-31 10:00:00,40.15,40.16,39.95,40.03,555.45,0
2025-08-31 11:00:00,40.01,40.42,40.0,40.42,2087.989,0
2025-08-31 12:00:00,40.42,40.47,40.2,40.38,635.942,0
2025-08-31 13:00:00,40.4,40.41,40.12,40.16,448.139,0
2025-08-31 14:00:00,40.16,40.34,39.97,40.02,1072.052,0
2025-08-31 15:00:00,40.01,40.32,39.99,40.29,278.878,0
2025-08-31 16:00:00,40.33,40.33,40.11,40.19,403.89,0
2025-08-31 17:00:00,40.18,40.26,40.12,40.19,717.116,0
2025-08-31 18:00:00,40.24,40.66,40.13,40.58,4335.571,0
2025-08-31 19:00:00,40.59,40.66,40.43,40.55,1071.696,0
2025-08-31 20:00:00,40.56,40.78,40.55,40.77,806.933,0
2025-08-31 21:00:00,40.77,40.99,40.6,40.84,1624.31,0
2025-08-31 22:00:00,40.84,41.44,40.81,40.92,7846.84,0
2025-08-31 23:00:00,40.88,40.9,40.34,40.43,1331.441,0
2025-09-01 00:00:00,40.42,40.42,39.97,40.0,2426.928,0
2025-09-01 01:00:00,39.98,40.1,39.64,39.75,2202.624,0
2025-09-01 02:00:00,39.7,39.71,38.79,38.95,8093.235,0
2025-09-01 03:00:00,38.94,39.05,38.8,38.99,2644.255,0
2025-09-01 04:00:00,38.93,39.18,38.71,38.86,6737.18,0
2025-09-01 05:00:00,38.85,39.5,38.76,39.33,6304.781,0
2025-09-01 06:00:00,39.32,39.32,38.69,39.01,3516.2,0
2025-09-01 07:00:00,39.02,40.1,39.01,40.1,8510.793,0
2025-09-01 08:00:00,40.13,40.79,40.13,40.61,5423.101,0
2025-09-01 09:00:00,40.64,41.21,40.6,41.07,4459.466,0
2025-09-01 10:00:00,41.02,41.02,39.95,40.23,5105.471,0
2025-09-01 11:00:00,40.24,40.89,40.17,40.22,4992.116,0
2025-09-01 12:00:00,40.22,40.42,39.89,39.93,2495.13,0
2025-09-01 13:00:00,39.89,39.97,39.57,39.76,2530.304,0
2025-09-01 14:00:00,39.75,39.87,39.51,39.75,1379.471,0
2025-09-01 15:00:00,39.73,39.73,39.35,39.4,492.677,0
2025-09-01 16:00:00,39.41,39.62,39.29,39.38,669.983,0
2025-09-01 17:00:00,39.38,40.06,39.31,39.94,4769.671,0
2025-09-01 18:00:00,39.9,40.1,39.82,40.01,1405.199,0
2025-09-01 19:00:00,40.01,40.23,39.98,40.2,717.506,0
2025-09-01 20:00:00,40.17,40.34,39.69,39.93,1779.86,0
2025-09-01 21:00:00,39.95,40.12,39.43,39.85,644.74,0
2025-09-01 22:00:00,39.76,40.19,39.64,40.11,1199.244,0
2025-09-01 23:00:00,40.09,40.65,40.09,40.55,1730.326,0
2025-09-02 00:00:00,40.55,40.61,39.84,39.99,2276.121,0
2025-09-02 01:00:00,39.99,40.32,39.81,40.15,3281.465,0
2025-09-02 02:00:00,40.12,40.56,39.98,40.54,2245.856,0
2025-09-02 03:00:00,40.54,40.63,40.4,40.51,442.393,0
2025-09-02 04:00:00,40.53,41.0,40.5,40.94,1734.105,0
2025-09-02 05:00:00,40.98,41.04,40.75,40.78,984.32,0
2025-09-02 06:00:00,40.76,41.13,40.76,41.03,1212.518,0
2025-09-02 07:00:00,41.03,41.11,40.67,40.74,1800.426,0
2025-09-02 08:00:00,40.74,41.03,40.74,40.95,1428.677,0
2025-09-02 09:00:00,40.93,41.71,40.93,41.46,4263.761,0
2025-09-02 10:00:00,41.49,41.65,41.4,41.55,1477.918,0
2025-09-02 11:00:00,41.57,41.86,41.47,41.57,3119.171,0
2025-09-02 12:00:00,41.58,41.67,40.57,40.66,5406.855,0
2025-09-02 13:00:00,40.68,41.58,40.67,41.5,10644.008,0
2025-09-02 14:00:00,41.53,41.76,41.01,41.12,5320.595,0
2025-09-02 15:00:00,41.19,41.28,40.64,40.89,7563.863,0
2025-09-02 16:00:00,40.95,41.59,40.95,41.59,1293.187,0
2025-09-02 17:00:00,41.62,41.83,41.45,41.79,1391.7,0
2025-09-02 18:00:00,41.78,41.78,41.3,41.44,1682.274,0
2025-09-02 19:00:00,41.44,41.57,41.35,41.5,772.714,0
2025-09-02 20:00:00,41.5,41.62,41.26,41.54,3526.316,0
2025-09-02 21:00:00,41.54,41.63,41.38,41.41,3548.994,0
2025-09-02 22:00:00,41.4,41.64,41.22,41.55,1586.108,0
2025-09-02 23:00:00,41.54,41.61,41.44,41.57,554.264,0
2025-09-03 00:00:00,41.56,41.64,41.49,41.53,1001.462,0
2025-09-03 01:00:00,41.52,41.68,41.34,41.65,1229.182,0
2025-09-03 02:00:00,41.68,41.69,41.15,41.26,4910.787,0
2025-09-03 03:00:00,41.24,41.34,41.01,41.31,2528.311,0
2025-09-03 04:00:00,41.31,41.35,41.1,41.22,378.846,0
2025-09-03 05:00:00,41.21,41.22,40.85,40.94,791.133,0
2025-09-03 06:00:00,40.96,41.18,40.88,41.09,974.702,0
2025-09-03 07:00:00,41.06,41.22,40.89,41.22,1037.148,0
2025-09-03 08:00:00,41.19,42.54,41.17,42.11,9564.243,0
2025-09-03 09:00:00,42.18,42.29,41.79,42.17,1736.839,0
2025-09-03 10:00:00,42.23,42.62,42.19,42.44,1906.106,0
2025-09-03 11:00:00,42.45,43.24,42.23,42.35,7113.665,0
2025-09-03 12:00:00,42.38,42.51,42.11,42.13,2129.33,0
2025-09-03 13:00:00,42.16,42.53,42.16,42.39,1103.086,0
2025-09-03 14:00:00,42.41,42.67,42.29,42.49,1842.133,0
2025-09-03 15:00:00,42.5,42.57,42.34,42.52,405.533,0
2025-09-03 16:00:00,42.52,43.15,42.43,42.56,1996.235,0
2025-09-03 17:00:00,42.58,43.08,42.58,42.91,1917.079,0
2025-09-03 18:00:00,42.93,42.94,42.5,42.65,1348.003,0
2025-09-03 19:00:00,42.63,42.83,42.56,42.59,1961.16,0
2025-09-03 20:00:00,42.67,42.69,41.69,41.86,7824.37,0
2025-09-03 21:00:00,41.87,42.08,41.46,41.8,3896.273,0
2025-09-03 22:00:00,41.81,41.96,41.48,41.5,1129.059,0
2025-09-03 23:00:00,41.52,41.59,41.43,41.57,843.24,0
2025-09-04 00:00:00,41.63,41.68,41.44,41.46,615.88,0
2025-09-04 01:00:00,41.43,41.43,41.06,41.13,2075.498,0
2025-09-04 02:00:00,41.13,41.16,40.93,40.93,426.976,0
2025-09-04 03:00:00,40.92,40.96,40.51,40.52,745.127,0
2025-09-04 04:00:00,40.52,40.66,40.43,40.45,944.972,0
2025-09-04 05:00:00,40.43,40.47,40.21,40.39,2828.757,0
2025-09-04 06:00:00,40.39,40.41,40.21,40.29,1524.639,0
2025-09-04 07:00:00,40.28,40.65,40.24,40.55,1788.209,0
2025-09-04 08:00:00,40.51,40.91,40.45,40.62,2054.739,0
2025-09-04 09:00:00,40.62,40.62,40.37,40.56,1553.631,0
2025-09-04 10:00:00,40.55,40.65,40.5,40.55,909.417,0
2025-09-04 11:00:00,40.5,40.88,40.46,40.58,2175.722,0
2025-09-04 12:00:00,40.56,40.8,40.5,40.76,1213.103,0
2025-09-04 13:00:00,40.77,40.79,40.56,40.61,611.897,0
2025-09-04 14:00:00,40.56,40.93,40.29,40.77,1841.382,0
2025-09-04 15:00:00,40.75,40.77,40.28,40.34,1819.294,0
2025-09-04 16:00:00,40.32,40.35,40.19,40.32,990.734,0
2025-09-04 17:00:00,40.3,40.37,40.27,40.28,617.561,0
2025-09-04 18:00:00,40.29,40.51,40.27,40.39,2072.829,0
2025-09-04 19:00:00,40.41,40.74,40.39,40.6,988.866,0
2025-09-04 20:00:00,40.6,40.92,40.6,40.77,1980.604,0
2025-09-04 21:00:00,40.76,40.81,40.72,40.81,267.152,0
2025-09-04 22:00:00,40.77,40.92,40.61,40.89,537.697,0
2025-09-04 23:00:00,40.89,40.97,40.73,40.77,513.76,0
2025-09-05 00:00:00,40.73,41.06,40.71,41.02,1105.193,0
2025-09-05 01:00:00,40.99,41.72,40.98,41.25,6148.647,0
2025-09-05 02:00:00,41.27,41.7,41.26,41.45,1876.307,0
2025-09-05 03:00:00,41.44,41.44,40.99,41.34,899.951,0
2025-09-05 04:00:00,41.31,41.48,41.2,41.43,248.284,0
2025-09-05 05:00:00,41.39,41.54,41.02,41.3,3977.531,0
2025-09-05 06:00:00,41.29,41.58,41.26,41.34,1521.246,0
2025-09-05 07:00:00,41.39,41.86,41.39,41.81,1663.866,0
2025-09-05 08:00:00,41.8,42.0,41.51,41.89,2702.731,0
2025-09-05 09:00:00,41.85,41.86,41.29,41.56,1193.933,0
2025-09-05 10:00:00,41.56,41.64,41.38,41.38,627.795,0
2025-09-05 11:00:00,41.38,41.43,41.29,41.4,422.17,0
2025-09-05 12:00:00,41.41,41.7,40.66,41.51,6317.799,0
2025-09-05 13:00:00,41.5,41.72,41.21,41.38,1182.237,0
2025-09-05 14:00:00,41.4,41.41,40.56,40.74,1524.937,0
2025-09-05 15:00:00,40.74,41.02,40.66,40.76,993.542,0
2025-09-05 16:00:00,40.75,41.02,40.72,40.98,1711.962,0
2025-09-05 17:00:00,40.96,41.01,40.64,40.69,1103.656,0
2025-09-05 18:00:00,40.67,40.96,40.6,40.92,1073.165,0
2025-09-05 19:00:00,40.91,41.08,40.86,41.08,294.027,0
2025-09-05 20:00:00,41.09,41.35,41.09,41.19,1278.449,0
2025-09-05 21:00:00,41.2,41.2,40.84,41.07,1202.62,0
2025-09-05 22:00:00,41.05,41.08,40.95,41.02,167.139,0
2025-09-05 23:00:00,41.0,41.21,40.99,41.1,1059.945,0
2025-09-06 00:00:00,41.1,41.18,40.86,41.18,1498.691,0
2025-09-06 01:00:00,41.18,41.19,41.07,41.16,166.639,0
2025-09-06 02:00:00,41.16,41.32,41.02,41.3,827.051,0
2025-09-06 03:00:00,41.32,41.53,41.28,41.53,662.429,0
2025-09-06 04:00:00,41.52,41.54,41.4,41.5,638.514,0
2025-09-06 05:00:00,41.51,41.69,41.41,41.62,1156.153,0
2025-09-06 06:00:00,41.62,41.76,41.57,41.71,1316.374,0
2025-09-06 07:00:00,41.71,42.22,41.69,42.1,5060.376,0
2025-09-06 08:00:00,42.13,42.31,41.96,41.96,2185.822,0
2025-09-06 09:00:00,41.97,42.47,41.97,42.39,1251.046,0
2025-09-06 10:00:00,42.4,42.66,42.23,42.48,2664.204,0
2025-09-06 11:00:00,42.45,42.66,41.87,42.26,2839.309,0
2025-09-06 12:00:00,42.31,42.69,42.27,42.6,1563.263,0
2025-09-06 13:00:00,42.59,42.93,42.34,42.81,4446.158,0
2025-09-06 14:00:00,42.81,42.97,42.57,42.58,2362.646,0
2025-09-06 15:00:00,42.56,42.74,42.46,42.58,1296.562,0
2025-09-06 16:00:00,42.59,43.23,42.37,43.11,5271.403,0
2025-09-06 17:00:00,43.11,43.15,42.71,43.01,1981.971,0
2025-09-06 18:00:00,43.02,43.45,42.69,43.23,4313.0,0
2025-09-06 19:00:00,43.24,44.08,43.24,43.85,6722.853,0
2025-09-06 20:00:00,43.88,44.77,43.7,44.47,8198.207,0
2025-09-06 21:00:00,44.46,45.77,44.36,45.49,9355.485,0
2025-09-06 22:00:00,45.5,46.8,45.48,46.64,12285.184,0
2025-09-06 23:00:00,46.65,47.89,46.2,47.46,15799.135,0
2025-09-07 00:00:00,47.48,48.0,45.54,46.26,19505.791,0
2025-09-07 01:00:00,46.36,47.32,46.29,47.11,7542.995,0
2025-09-07 02:00:00,47.12,47.44,46.81,47.36,6367.309,0
2025-09-07 03:00:00,47.43,47.68,46.46,46.72,8430.505,0
2025-09-07 04:00:00,46.74,47.16,46.66,46.99,4429.465,0
2025-09-07 05:00:00,47.02,47.25,46.78,46.8,4420.575,0
2025-09-07 06:00:00,46.82,47.04,46.79,46.93,3559.838,0
2025-09-07 07:00:00,46.97,47.44,46.67,47.19,6968.803,0
2025-09-07 08:00:00,47.19,47.5,46.9,47.39,8868.438,0
2025-09-07 09:00:00,47.36,47.38,46.8,47.16,4724.53,0
2025-09-07 10:00:00,47.18,47.33,46.53,46.86,3753.205,0
2025-09-07 11:00:00,46.88,47.29,46.8,47.21,2553.098,0
2025-09-07 12:00:00,47.22,47.99,46.92,47.56,6263.924,0
2025-09-07 13:00:00,47.57,48.63,47.5,48.05,7002.945,0
2025-09-07 14:00:00,48.09,48.38,47.56,48.09,5872.225,0
2025-09-07 15:00:00,48.06,48.36,47.03,47.65,8770.307,0
2025-09-07 16:00:00,47.65,48.28,47.58,48.06,3853.756,0
2025-09-07 17:00:00,48.09,48.21,47.82,47.82,2666.043,0
2025-09-07 18:00:00,47.81,48.17,47.43,47.76,5334.447,0
2025-09-07 19:00:00,47.75,48.41,47.75,48.38,2139.088,0
2025-09-07 20:00:00,48.36,48.59,48.09,48.3,4177.209,0
2025-09-07 21:00:00,48.29,48.4,47.87,48.01,4131.277,0
2025-09-07 22:00:00,48.04,48.21,47.88,48.08,1748.095,0
2025-09-07 23:00:00,48.05,48.54,47.94,48.4,2827.53,0
2025-09-08 00:00:00,48.35,48.47,48.02,48.43,2575.5,0
2025-09-08 01:00:00,48.43,49.62,48.37,49.53,4654.408,0
2025-09-08 02:00:00,49.49,50.93,49.45,50.03,8338.977,0
2025-09-08 03:00:00,50.01,50.41,49.45,49.93,6823.046,0
2025-09-08 04:00:00,49.95,50.08,49.53,49.8,4709.853,0
2025-09-08 05:00:00,49.81,49.93,49.0,49.04,7975.73,0
2025-09-08 06:00:00,49.05,49.53,48.87,49.0,4696.036,0
2025-09-08 07:00:00,49.01,49.22,48.9,49.08,2119.499,0
2025-09-08 08:00:00,49.04,49.26,48.81,48.84,2677.661,0
2025-09-08 09:00:00,48.85,48.99,47.83,48.41,7309.475,0
2025-09-08 10:00:00,48.37,48.99,48.29,48.8,4484.2,0
2025-09-08 11:00:00,48.81,49.0,48.55,48.76,2343.275,0
2025-09-08 12:00:00,48.82,49.23,48.61,48.72,4661.941,0
2025-09-08 13:00:00,48.74,49.5,48.62,49.33,4829.609,0
2025-09-08 14:00:00,49.35,49.82,49.14,49.21,4471.437,0
2025-09-08 15:00:00,49.22,49.35,48.59,48.83,3339.496,0
2025-09-08 16:00:00,48.83,49.73,48.8,49.69,5545.791,0
2025-09-08 17:00:00,49.68,50.1,49.27,49.82,5442.096,0
2025-09-08 18:00:00,49.78,52.0,49.69,51.64,18419.671,0
2025-09-08 19:00:00,51.64,51.99,50.93,51.92,11683.828,0
2025-09-08 20:00:00,51.92,51.95,50.88,51.0,2647.173,0
2025-09-08 21:00:00,50.93,50.96,50.57,50.81,2356.485,0
2025-09-08 22:00:00,50.76,51.05,50.48,50.9,1798.414,0
2025-09-08 23:00:00,50.92,51.58,50.66,50.66,5230.848,0
2025-09-09 00:00:00,50.66,51.36,50.62,50.97,4179.071,0
2025-09-09 01:00:00,50.99,51.08,50.07,50.2,6128.809,0
2025-09-09 02:00:00,50.19,50.28,49.56,49.68,5757.662,0
2025-09-09 03:00:00,49.59,49.74,49.43,49.71,2405.392,0
2025-09-09 04:00:00,49.59,49.96,49.52,49.59,3387.318,0
2025-09-09 05:00:00,49.57,49.76,49.38,49.74,2339.395,0
2025-09-09 06:00:00,49.78,50.09,49.78,49.93,2659.464,0
2025-09-09 07:00:00,49.93,50.33,49.92,50.23,3647.858,0
2025-09-09 08:00:00,50.22,50.39,50.18,50.31,3118.001,0
2025-09-09 09:00:00,50.3,50.81,50.24,50.74,5185.063,0
2025-09-09 10:00:00,50.77,50.85,50.12,50.53,4655.269,0
2025-09-09 11:00:00,50.46,50.64,49.97,50.36,2975.631,0
2025-09-09 12:00:00,50.38,50.81,49.99,50.07,3806.333,0
2025-09-09 13:00:00,50.11,50.34,49.94,50.02,3319.855,0
2025-09-09 14:00:00,50.06,50.32,49.49,49.68,3587.154,0
2025-09-09 15:00:00,49.68,49.83,48.91,49.35,8944.243,0
2025-09-09 16:00:00,49.33,49.39,48.26,48.57,14348.161,0
2025-09-09 17:00:00,48.57,48.88,48.49,48.56,2051.769,0
2025-09-09 18:00:00,48.61,48.83,48.42,48.45,1732.047,0
2025-09-09 19:00:00,48.46,48.63,47.97,48.19,3702.912,0
2025-09-09 20:00:00,48.19,48.27,47.9,48.0,1155.695,0
2025-09-09 21:00:00,47.98,47.98,47.68,47.74,908.025,0
2025-09-09 22:00:00,47.74,48.22,47.63,48.22,1932.588,0
2025-09-09 23:00:00,48.21,48.36,48.08,48.32,896.006,0
2025-09-10 00:00:00,48.33,48.67,47.96,48.45,2721.786,0
2025-09-10 01:00:00,48.42,49.18,48.25,48.48,3590.081,0
2025-09-10 02:00:00,48.48,49.02,48.17,48.42,5648.285,0
2025-09-10 03:00:00,48.44,48.51,48.19,48.37,1530.51,0
2025-09-10 04:00:00,48.36,48.5,48.22,48.5,1130.494,0
2025-09-10 05:00:00,48.48,48.63,48.31,48.44,1023.181,0
2025-09-10 06:00:00,48.41,48.68,48.27,48.36,1996.298,0
2025-09-10 07:00:00,48.4,48.69,48.33,48.58,1876.121,0
2025-09-10 08:00:00,48.61,48.65,48.32,48.37,1425.013,0
2025-09-10 09:00:00,48.37,48.41,48.08,48.14,1627.149,0
2025-09-10 10:00:00,48.12,48.37,47.93,48.06,1458.439,0
2025-09-10 11:00:00,48.0,48.25,47.95,48.25,787.59,0
2025-09-10 12:00:00,48.21,48.53,47.82,48.4,2785.8,0
2025-09-10 13:00:00,48.43,49.1,48.24,48.38,4281.698,0
2025-09-10 14:00:00,48.38,48.56,48.02,48.07,1525.233,0
2025-09-10 15:00:00,48.06,48.6,47.92,48.28,3324.652,0
2025-09-10 16:00:00,48.25,48.32,48.02,48.13,1158.5,0
2025-09-10 17:00:00,48.11,48.24,48.0,48.19,1072.76,0
2025-09-10 18:00:00,48.19,48.25,47.85,48.07,2162.238,0
2025-09-10 19:00:00,48.05,48.05,47.22,47.4,4543.702,0
2025-09-10 20:00:00,47.4,47.63,47.14,47.61,2768.895,0
2025-09-10 21:00:00,47.55,47.97,47.52,47.86,700.983,0
2025-09-10 22:00:00,47.94,48.21,47.8,47.97,2206.906,0
2025-09-10 23:00:00,47.94,48.01,47.87,47.87,465.093,0
2025-09-11 00:00:00,47.86,47.86,47.59,47.72,878.496,0
2025-09-11 01:00:00,47.74,47.86,47.45,47.51,1030.38,0
2025-09-11 02:00:00,47.47,47.58,47.2,47.22,3303.205,0
2025-09-11 03:00:00,47.22,47.52,47.21,47.5,852.682,0
2025-09-11 04:00:00,47.5,47.72,47.4,47.7,2317.867,0
2025-09-11 05:00:00,47.7,47.73,47.22,47.33,1678.822,0
2025-09-11 06:00:00,47.33,47.48,47.22,47.31,1013.26,0
2025-09-11 07:00:00,47.28,47.54,47.22,47.48,1013.777,0
2025-09-11 08:00:00,47.45,47.72,47.35,47.49,1871.705,0
2025-09-11 09:00:00,47.45,47.81,47.03,47.61,3072.107,0
2025-09-11 10:00:00,47.6,47.75,47.43,47.7,1435.772,0
2025-09-11 11:00:00,47.68,47.74,47.3,47.33,1738.493,0
2025-09-11 12:00:00,47.33,48.22,46.63,47.88,12916.733,0
2025-09-11 13:00:00,47.92,48.22,47.34,48.18,3760.632,0
2025-09-11 14:00:00,48.18,48.21,47.58,47.8,3170.128,0
2025-09-11 15:00:00,47.78,47.96,47.39,47.6,2328.961,0
2025-09-11 16:00:00,47.59,47.92,47.51,47.65,1685.238,0
2025-09-11 17:00:00,47.63,48.38,47.58,48.03,3000.763,0
2025-09-11 18:00:00,48.01,48.14,47.7,47.9,1581.253,0
2025-09-11 19:00:00,47.9,48.07,47.55,47.55,1347.185,0
2025-09-11 20:00:00,47.55,47.77,47.46,47.59,1339.622,0
2025-09-11 21:00:00,47.62,47.87,47.37,47.83,646.702,0
2025-09-11 22:00:00,47.87,48.01,47.69,47.88,804.844,0
2025-09-11 23:00:00,47.86,48.19,47.81,47.94,971.567,0
2025-09-12 00:00:00,47.92,48.18,47.72,48.02,1871.655,0
2025-09-12 01:00:00,48.02,48.29,47.99,48.15,1289.349,0
2025-09-12 02:00:00,48.14,48.5,48.12,48.19,1141.987,0
2025-09-12 03:00:00,48.22,48.22,47.66,47.9,1957.965,0
2025-09-12 04:00:00,47.89,47.96,47.6,47.94,1343.428,0
2025-09-12 05:00:00,47.89,47.93,47.58,47.66,1476.876,0
2025-09-12 06:00:00,47.65,48.09,47.61,48.02,2052.582,0
2025-09-12 07:00:00,48.04,48.46,47.6,47.8,3908.223,0
2025-09-12 08:00:00,47.82,47.83,47.2,47.26,3166.382,0
2025-09-12 09:00:00,47.26,47.43,47.2,47.42,868.207,0
2025-09-12 10:00:00,47.41,47.59,47.27,47.57,965.873,0
2025-09-12 11:00:00,47.57,47.68,47.31,47.34,1523.269,0
2025-09-12 12:00:00,47.32,47.79,47.28,47.73,3303.924,0
2025-09-12 13:00:00,47.72,48.32,47.58,48.21,1540.535,0
2025-09-12 14:00:00,48.18,48.52,48.1,48.39,1917.187,0
2025-09-12 15:00:00,48.39,49.03,48.35,48.66,3139.153,0
2025-09-12 16:00:00,48.64,49.45,48.1,48.69,7372.581,0
2025-09-12 17:00:00,48.7,48.94,48.59,48.8,2282.372,0
2025-09-12 18:00:00,48.76,50.18,48.7,49.83,7877.775,0
2025-09-12 19:00:00,49.8,50.41,49.44,50.14,3195.814,0
2025-09-12 20:00:00,50.17,50.17,49.5,49.55,1557.709,0
2025-09-12 21:00:00,49.51,49.52,49.21,49.4,392.669,0
2025-09-12 22:00:00,49.38,49.85,49.37,49.74,650.073,0
2025-09-12 23:00:00,49.74,49.77,49.42,49.75,1517.5,0
2025-09-13 00:00:00,49.75,49.84,49.39,49.57,2081.829,0
2025-09-13 01:00:00,49.56,49.95,49.3,49.35,619.877,0
2025-09-13 02:00:00,49.31,49.53,49.12,49.35,962.767,0
2025-09-13 03:00:00,49.35,49.44,49.19,49.33,816.211,0
2025-09-13 04:00:00,49.33,49.37,49.14,49.22,461.201,0
2025-09-13 05:00:00,49.28,49.4,48.97,49.27,1398.939,0
2025-09-13 06:00:00,49.27,49.38,48.78,48.89,1719.081,0
2025-09-13 07:00:00,48.93,49.64,48.9,49.57,2249.915,0
2025-09-13 08:00:00,49.57,49.78,49.43,49.7,705.095,0
2025-09-13 09:00:00,49.73,51.0,49.47,50.17,6372.37,0
2025-09-13 10:00:00,50.12,50.25,49.84,49.99,1490.999,0
2025-09-13 11:00:00,49.88,50.15,49.74,50.13,1024.994,0
2025-09-13 12:00:00,50.13,50.93,49.93,50.89,7126.237,0
2025-09-13 13:00:00,50.85,51.04,49.66,50.46,4286.017,0
2025-09-13 14:00:00,50.46,50.61,50.12,50.27,1621.929,0
2025-09-13 15:00:00,50.27,50.55,49.6,50.11,3639.347,0
2025-09-13 16:00:00,50.14,50.31,49.5,49.58,2062.247,0
2025-09-13 17:00:00,49.67,49.9,49.17,49.56,1674.801,0
2025-09-13 18:00:00,49.57,50.04,49.46,50.03,808.041,0
2025-09-13 19:00:00,50.01,50.25,49.84,50.19,867.426,0
2025-09-13 20:00:00,50.18,50.5,50.07,50.39,1069.634,0
2025-09-13 21:00:00,50.39,50.64,50.39,50.55,458.67,0
2025-09-13 22:00:00,50.54,53.0,50.5,51.91,18453.23,0
2025-09-13 23:00:00,51.9,53.13,51.6,52.85,7494.177,0
2025-09-14 00:00:00,52.87,53.59,52.78,53.44,8712.092,0
2025-09-14 01:00:00,53.29,53.97,53.08,53.74,4354.928,0
2025-09-14 02:00:00,53.75,53.94,53.11,53.72,2846.146,0
2025-09-14 03:00:00,53.74,53.93,53.25,53.59,5593.295,0
2025-09-14 04:00:00,53.59,54.06,53.31,53.87,5043.618,0
2025-09-14 05:00:00,53.8,54.3,53.47,53.86,3049.068,0
2025-09-14 06:00:00,53.86,55.44,53.78,54.0,20816.481,0
2025-09-14 07:00:00,54.03,54.65,53.79,54.03,2889.802,0
2025-09-14 08:00:00,54.03,55.19,53.99,54.63,9160.39,0
2025-09-14 09:00:00,54.58,54.84,53.98,54.81,2960.98,0
2025-09-14 10:00:00,54.8,55.52,54.62,55.38,6758.415,0
2025-09-14 11:00:00,55.41,55.59,53.34,53.62,12255.382,0
2025-09-14 12:00:00,53.58,53.94,53.04,53.3,4690.289,0
2025-09-14 13:00:00,53.34,53.66,52.32,53.12,9515.404,0
2025-09-14 14:00:00,53.08,53.26,52.34,52.95,4936.435,0
2025-09-14 15:00:00,52.88,53.0,52.34,52.37,3576.425,0
2025-09-14 16:00:00,52.41,53.25,52.39,52.9,2558.125,0
2025-09-14 17:00:00,52.87,53.48,52.84,53.14,2652.751,0
2025-09-14 18:00:00,53.12,53.16,52.69,52.74,1447.699,0
2025-09-14 19:00:00,52.73,53.1,52.55,52.79,1396.991,0
2025-09-14 20:00:00,52.77,53.22,50.85,51.27,17803.422,0
2025-09-14 21:00:00,51.21,51.82,50.86,51.57,6779.953,0
2025-09-14 22:00:00,51.62,51.71,51.25,51.61,1239.842,0
2025-09-14 23:00:00,51.61,51.66,50.03,50.47,7752.589,0
2025-09-15 00:00:00,50.47,50.71,50.19,50.28,2425.418,0
2025-09-15 01:00:00,50.26,50.86,49.6,50.7,5757.653,0
2025-09-15 02:00:00,50.73,51.08,50.62,50.8,2311.392,0
2025-09-15 03:00:00,50.77,51.29,50.3,51.28,3208.197,0
2025-09-15 04:00:00,51.26,51.74,51.14,51.32,2161.363,0
2025-09-15 05:00:00,51.34,52.0,51.3,51.99,1863.254,0
2025-09-15 06:00:00,51.98,52.06,50.92,51.06,2792.467,0
2025-09-15 07:00:00,51.05,51.39,50.47,50.74,4091.847,0
2025-09-15 08:00:00,50.74,51.04,50.36,50.41,8046.536,0
2025-09-15 09:00:00,50.38,51.26,50.36,50.89,2319.76,0
2025-09-15 10:00:00,50.87,51.19,50.6,50.69,2224.202,0
2025-09-15 11:00:00,50.7,51.58,50.59,51.01,6959.861,0
2025-09-15 12:00:00,51.03,51.03,50.62,50.68,1162.132,0
2025-09-15 13:00:00,50.67,50.84,49.86,50.0,6166.015,0
2025-09-15 14:00:00,50.04,50.24,48.97,49.72,9778.617,0
2025-09-15 15:00:00,49.77,50.4,49.44,50.25,2514.772,0
2025-09-15 16:00:00,50.19,50.19,49.6,49.73,1296.747,0
2025-09-15 17:00:00,49.73,50.57,49.73,50.5,1099.274,0
2025-09-15 18:00:00,50.51,50.63,50.13,50.3,810.044,0
2025-09-15 19:00:00,50.3,50.58,49.89,50.5,903.487,0
2025-09-15 20:00:00,50.52,50.76,50.45,50.7,588.476,0
2025-09-15 21:00:00,50.71,50.82,50.62,50.75,267.07,0
2025-09-15 22:00:00,50.73,50.73,49.88,50.05,1548.445,0
2025-09-15 23:00:00,50.04,50.06,49.86,49.93,293.023,0
2025-09-16 00:00:00,49.94,50.07,49.6,49.74,1266.28,0
2025-09-16 01:00:00,49.84,50.08,49.71,49.77,2334.084,0
2025-09-16 02:00:00,49.78,50.38,49.78,50.08,648.745,0
2025-09-16 03:00:00,50.09,50.73,50.08,50.7,921.005,0
2025-09-16 04:00:00,50.72,51.18,49.96,50.86,5651.908,0
2025-09-16 05:00:00,50.84,51.44,50.73,51.34,775.115,0
2025-09-16 06:00:00,51.36,51.59,50.76,50.98,1412.073,0
2025-09-16 07:00:00,51.04,52.09,51.04,52.07,2309.747,0
2025-09-16 08:00:00,52.08,53.44,52.08,52.71,7078.41,0
2025-09-16 09:00:00,52.72,52.77,51.78,51.91,2220.735,0
2025-09-16 10:00:00,51.94,52.16,51.66,51.93,793.333,0
2025-09-16 11:00:00,51.93,52.11,51.73,51.87,817.881,0
2025-09-16 12:00:00,51.89,52.3,51.48,51.61,1483.805,0
2025-09-16 13:00:00,51.6,52.0,51.26,51.64,1029.415,0
2025-09-16 14:00:00,51.65,51.89,51.13,51.79,716.211,0
2025-09-16 15:00:00,51.79,51.83,51.47,51.76,682.353,0
2025-09-16 16:00:00,51.78,51.84,51.2,51.32,1635.325,0
2025-09-16 17:00:00,51.39,51.98,51.34,51.71,1571.105,0
2025-09-16 18:00:00,51.75,52.24,51.6,51.8,811.374,0
2025-09-16 19:00:00,51.79,51.82,51.6,51.73,417.531,0
2025-09-16 20:00:00,51.71,51.71,51.42,51.68,740.361,0
2025-09-16 21:00:00,51.7,51.7,51.48,51.6,746.85,0
2025-09-16 22:00:00,51.63,51.68,51.43,51.61,359.022,0
2025-09-16 23:00:00,51.59,51.6,51.33,51.38,495.748,0
2025-09-17 00:00:00,51.38,51.87,51.31,51.69,549.239,0
2025-09-17 01:00:00,51.69,51.98,51.6,51.96,774.314,0
2025-09-17 02:00:00,51.98,52.01,51.58,51.64,642.554,0
2025-09-17 03:00:00,51.64,51.78,50.77,50.79,1685.707,0
2025-09-17 04:00:00,50.82,50.96,50.72,50.82,774.291,0
2025-09-17 05:00:00,50.78,51.19,50.72,51.17,370.376,0
2025-09-17 06:00:00,51.17,51.74,51.16,51.69,666.0,0
2025-09-17 07:00:00,51.72,51.88,51.61,51.83,1086.04,0
2025-09-17 08:00:00,51.83,51.99,51.11,51.74,3353.08,0
2025-09-17 09:00:00,51.7,52.49,51.68,52.14,4283.121,0
2025-09-17 10:00:00,52.16,52.38,51.52,51.59,3354.343,0
2025-09-17 11:00:00,51.58,51.79,51.39,51.41,3052.034,0
2025-09-17 12:00:00,51.43,52.2,51.19,51.69,3256.984,0
2025-09-17 13:00:00,51.69,51.84,51.15,51.34,3030.109,0
2025-09-17 14:00:00,51.34,51.49,50.64,50.83,5290.146,0
2025-09-17 15:00:00,50.82,50.92,50.41,50.65,4379.635,0
2025-09-17 16:00:00,50.64,51.02,50.37,50.9,1481.82,0
2025-09-17 17:00:00,50.92,51.4,50.68,50.7,2338.243,0
2025-09-17 18:00:00,50.7,51.63,50.31,50.45,4433.846,0
2025-09-17 19:00:00,50.51,50.97,50.5,50.82,4400.13,0
2025-09-17 20:00:00,50.85,51.08,50.09,50.39,1979.947,0
2025-09-17 21:00:00,50.33,51.29,50.14,51.24,691.975,0
2025-09-17 22:00:00,51.26,51.43,51.0,51.4,1645.045,0
2025-09-17 23:00:00,51.4,51.46,51.12,51.21,675.68,0
2025-09-18 00:00:00,51.23,51.27,50.65,50.77,1496.905,0
2025-09-18 01:00:00,50.79,51.11,50.77,51.0,1100.762,0
2025-09-18 02:00:00,51.04,51.06,50.85,50.91,556.161,0
2025-09-18 03:00:00,50.91,51.26,50.46,51.22,3347.201,0
2025-09-18 04:00:00,51.23,51.55,50.54,50.96,7062.497,0
2025-09-18 05:00:00,50.93,50.97,50.7,50.97,1345.37,0
2025-09-18 06:00:00,50.96,50.96,50.25,50.32,1855.987,0
2025-09-18 07:00:00,50.3,50.59,50.17,50.35,1228.136,0
2025-09-18 08:00:00,50.32,50.55,50.1,50.28,2031.481,0
2025-09-18 09:00:00,50.32,50.69,50.24,50.47,2191.27,0
2025-09-18 10:00:00,50.47,50.59,50.17,50.49,1167.73,0
2025-09-18 11:00:00,50.48,51.12,50.27,50.55,7577.183,0
2025-09-18 12:00:00,50.52,50.88,50.35,50.79,2444.054,0
2025-09-18 13:00:00,50.8,50.97,50.35,50.72,2350.152,0
2025-09-18 14:00:00,50.71,50.91,49.83,50.33,7312.768,0
2025-09-18 15:00:00,50.36,50.37,50.08,50.25,1818.483,0
2025-09-18 16:00:00,50.26,50.4,50.1,50.34,1585.503,0
2025-09-18 17:00:00,50.38,50.64,50.2,50.56,2764.949,0
2025-09-18 18:00:00,50.57,50.87,50.46,50.77,1583.909,0
2025-09-18 19:00:00,50.77,50.92,50.54,50.88,4079.369,0
2025-09-18 20:00:00,50.9,51.0,50.62,50.73,2261.389,0
2025-09-18 21:00:00,50.75,50.84,50.56,50.58,1253.657,0
2025-09-18 22:00:00,50.58,50.68,50.28,50.39,713.056,0
2025-09-18 23:00:00,50.4,50.58,50.17,50.39,1743.148,0
2025-09-19 00:00:00,50.4,51.02,50.32,50.87,2043.086,0
2025-09-19 01:00:00,50.84,50.89,50.4,50.47,1051.957,0
2025-09-19 02:00:00,50.44,50.5,50.11,50.16,1478.903,0
2025-09-19 03:00:00,50.15,50.34,49.55,49.57,2541.196,0
2025-09-19 04:00:00,49.54,49.55,48.9,49.38,4688.885,0
2025-09-19 05:00:00,49.37,49.42,48.97,49.16,1407.404,0
2025-09-19 06:00:00,49.16,49.19,48.6,48.64,4868.083,0
2025-09-19 07:00:00,48.68,49.24,48.53,48.98,2611.082,0
2025-09-19 08:00:00,48.96,49.26,48.93,49.11,1568.065,0
2025-09-19 09:00:00,49.1,49.62,48.79,48.86,4642.598,0
2025-09-19 10:00:00,48.85,48.97,48.55,48.76,2033.293,0
2025-09-19 11:00:00,48.79,48.79,48.18,48.36,5467.949,0
2025-09-19 12:00:00,48.37,49.29,48.37,48.7,3875.424,0
2025-09-19 13:00:00,48.71,49.48,48.67,49.14,2292.191,0
2025-09-19 14:00:00,49.16,49.22,48.51,48.78,1824.788,0
2025-09-19 15:00:00,48.77,49.07,48.49,49.05,1364.838,0
2025-09-19 16:00:00,49.02,49.3,48.92,49.22,1532.401,0
2025-09-19 17:00:00,49.18,49.21,48.86,48.91,1833.861,0
2025-09-19 18:00:00,48.88,49.43,48.88,49.39,2352.278,0
2025-09-19 19:00:00,49.39,49.96,49.14,49.56,5788.244,0
2025-09-19 20:00:00,49.57,50.0,49.44,49.46,1757.348,0
2025-09-19 21:00:00,49.45,49.68,49.06,49.58,1724.686,0
2025-09-19 22:00:00,49.49,49.63,49.06,49.3,1710.586,0
2025-09-19 23:00:00,49.28,49.29,48.44,48.96,1537.755,0
2025-09-20 00:00:00,48.97,49.25,48.84,49.2,1376.436,0
2025-09-20 01:00:00,49.22,49.24,48.59,48.67,2541.92,0
2025-09-20 02:00:00,48.64,48.9,48.5,48.89,831.154,0
2025-09-20 03:00:00,48.88,49.13,48.79,49.1,547.818,0
2025-09-20 04:00:00,49.12,49.51,49.03,49.34,1187.463,0
2025-09-20 05:00:00,49.33,49.69,49.3,49.67,397.385,0
2025-09-20 06:00:00,49.69,50.27,49.68,50.16,1315.674,0
2025-09-20 07:00:00,50.15,50.95,50.12,50.27,8296.826,0
2025-09-20 08:00:00,50.29,51.29,50.12,50.63,5642.488,0
2025-09-20 09:00:00,50.6,51.23,50.43,50.73,4193.734,0
2025-09-20 10:00:00,50.8,50.93,50.07,50.18,3622.888,0
2025-09-20 11:00:00,50.19,50.4,49.65,49.78,2447.088,0
2025-09-20 12:00:00,49.72,50.09,49.66,49.8,1843.122,0
2025-09-20 13:00:00,49.78,50.41,49.7,50.22,796.074,0
2025-09-20 14:00:00,50.17,50.76,49.89,50.51,2233.222,0
2025-09-20 15:00:00,50.5,50.87,49.94,50.15,5802.143,0
2025-09-20 16:00:00,50.12,50.48,49.8,50.05,1588.31,0
2025-09-20 17:00:00,50.05,50.3,49.82,50.12,1603.221,0
2025-09-20 18:00:00,50.15,50.44,50.06,50.07,2437.181,0
2025-09-20 19:00:00,50.1,50.53,50.05,50.26,646.996,0
2025-09-20 20:00:00,50.25,50.84,50.12,50.75,1629.063,0
2025-09-20 21:00:00,50.75,50.88,50.55,50.57,1451.879,0
2025-09-20 22:00:00,50.56,50.76,50.52,50.69,1010.633,0
2025-09-20 23:00:00,50.7,50.78,50.37,50.62,925.855,0
2025-09-21 00:00:00,50.65,50.88,50.53,50.78,1052.619,0
2025-09-21 01:00:00,50.81,51.19,50.46,51.15,3991.703,0
2025-09-21 02:00:00,51.17,51.45,50.95,51.23,3529.505,0
2025-09-21 03:00:00,51.15,51.41,51.15,51.39,929.393,0
2025-09-21 04:00:00,51.41,51.68,51.24,51.52,2821.468,0
2025-09-21 05:00:00,51.56,51.65,51.49,51.6,740.627,0
2025-09-21 06:00:00,51.61,51.63,50.73,51.2,2383.681,0
2025-09-21 07:00:00,51.19,51.5,51.07,51.26,1101.625,0
2025-09-21 08:00:00,51.22,52.04,50.93,51.0,7364.801,0
2025-09-21 09:00:00,51.0,51.22,50.41,51.0,4162.423,0
2025-09-21 10:00:00,51.04,51.39,50.91,50.93,2149.854,0
2025-09-21 11:00:00,50.86,51.11,50.69,50.73,1432.38,0
2025-09-21 12:00:00,50.73,51.21,50.72,50.96,719.493,0
2025-09-21 13:00:00,51.0,51.44,50.97,51.41,1304.816,0
2025-09-21 14:00:00,51.35,51.62,51.06,51.59,1626.58,0
2025-09-21 15:00:00,51.56,51.88,51.52,51.57,2008.941,0
2025-09-21 16:00:00,51.58,51.78,50.82,51.2,2628.618,0
2025-09-21 17:00:00,51.2,51.5,50.94,51.5,1393.34,0
2025-09-21 18:00:00,51.5,51.88,51.47,51.76,1427.292,0
2025-09-21 19:00:00,51.76,52.3,51.66,52.04,2447.697,0
2025-09-21 20:00:00,52.03,52.24,51.79,52.0,2606.034,0
2025-09-21 21:00:00,51.99,52.31,51.97,52.09,730.798,0
2025-09-21 22:00:00,52.05,52.28,51.5,51.71,2116.138,0
2025-09-21 23:00:00,51.71,52.03,51.24,51.84,1663.978,0
2025-09-22 00:00:00,51.8,52.17,50.49,50.58,7297.697,0
2025-09-22 01:00:00,50.54,50.79,50.11,50.24,4218.948,0
2025-09-22 02:00:00,50.27,50.37,49.29,49.64,6869.464,0
2025-09-22 03:00:00,49.63,50.2,49.59,49.98,2828.681,0
2025-09-22 04:00:00,49.99,50.14,49.61,49.72,3190.846,0
2025-09-22 05:00:00,49.69,49.73,48.7,48.7,2229.499,0
2025-09-22 06:00:00,48.75,48.86,46.21,48.25,12749.929,0
2025-09-22 07:00:00,48.27,48.5,48.03,48.13,1873.933,0
2025-09-22 08:00:00,48.13,48.94,47.97,48.57,4401.077,0
2025-09-22 09:00:00,48.56,48.82,47.73,47.96,1484.848,0
2025-09-22 10:00:00,47.96,48.4,47.68,48.32,1443.071,0
2025-09-22 11:00:00,48.4,48.43,48.05,48.08,1679.404,0
2025-09-22 12:00:00,48.12,48.33,47.64,47.67,3613.71,0
2025-09-22 13:00:00,47.65,48.05,47.47,48.0,1401.222,0
2025-09-22 14:00:00,47.99,48.12,47.58,47.7,2390.257,0
2025-09-22 15:00:00,47.66,48.55,47.31,48.26,6872.291,0
2025-09-22 16:00:00,48.19,48.38,47.57,47.85,2453.656,0
2025-09-22 17:00:00,47.88,48.01,47.59,47.76,2422.56,0
2025-09-22 18:00:00,47.79,48.05,47.69,47.87,1162.136,0
2025-09-22 19:00:00,47.88,48.1,47.35,47.51,5787.97,0
2025-09-22 20:00:00,47.53,48.19,47.33,48.18,2505.774,0
2025-09-22 21:00:00,48.19,48.77,48.06,48.61,3240.876,0
2025-09-22 22:00:00,48.63,48.69,48.3,48.69,3310.492,0
2025-09-22 23:00:00,48.67,48.84,48.54,48.61,3199.897,0
2025-09-23 00:00:00,48.61,48.8,48.34,48.69,3904.545,0
2025-09-23 01:00:00,48.67,48.99,48.19,48.25,3477.462,0
2025-09-23 02:00:00,48.23,48.42,47.66,47.85,4107.328,0
2025-09-23 03:00:00,47.86,48.8,47.77,48.49,2379.697,0
2025-09-23 04:00:00,48.48,48.51,47.81,48.1,2600.801,0
2025-09-23 05:00:00,48.13,48.44,48.08,48.23,1679.122,0
2025-09-23 06:00:00,48.23,49.17,48.1,49.04,3555.442,0
2025-09-23 07:00:00,49.09,49.39,48.93,49.21,2630.17,0
2025-09-23 08:00:00,49.26,49.77,49.18,49.74,2195.144,0
2025-09-23 09:00:00,49.74,49.86,49.02,49.08,2740.144,0
2025-09-23 10:00:00,49.06,49.3,48.94,49.24,917.057,0
2025-09-23 11:00:00,49.22,49.38,49.01,49.14,731.686,0
2025-09-23 12:00:00,49.11,49.6,48.98,49.26,2198.987,0
2025-09-23 13:00:00,49.26,49.27,48.83,49.21,2869.918,0
2025-09-23 14:00:00,49.22,50.48,49.2,50.48,8717.388,0
2025-09-23 15:00:00,50.48,54.0,50.35,53.87,37965.457,0
2025-09-23 16:00:00,53.81,54.31,53.09,53.75,22596.383,0
2025-09-23 17:00:00,53.76,54.31,52.66,53.54,7846.663,0
2025-09-23 18:00:00,53.5,54.35,52.94,53.34,6624.456,0
2025-09-23 19:00:00,53.35,53.85,52.94,53.04,5377.665,0
2025-09-23 20:00:00,53.04,53.73,53.03,53.68,3048.708,0
2025-09-23 21:00:00,53.71,54.06,52.74,53.86,8967.631,0
2025-09-23 22:00:00,53.9,54.04,53.35,53.68,3030.028,0
2025-09-23 23:00:00,53.69,55.29,53.68,55.12,14634.585,0
2025-09-24 00:00:00,55.14,55.3,54.54,54.66,8554.125,0
2025-09-24 01:00:00,54.64,55.16,54.41,54.79,3723.182,0
2025-09-24 02:00:00,54.86,54.9,54.31,54.57,1949.859,0
2025-09-24 03:00:00,54.57,54.72,53.76,53.87,6257.063,0
2025-09-24 04:00:00,53.86,54.15,53.05,54.01,5102.417,0
2025-09-24 05:00:00,54.01,55.1,53.98,54.95,11297.037,0
2025-09-24 06:00:00,54.9,55.09,53.79,54.49,6397.762,0
2025-09-24 07:00:00,54.49,55.12,54.37,54.71,3882.288,0
2025-09-24 08:00:00,54.68,54.68,53.52,53.71,13781.439,0
2025-09-24 09:00:00,53.68,53.71,52.3,53.18,19809.059,0
2025-09-24 10:00:00,53.13,53.65,52.54,53.65,6368.014,0
2025-09-24 11:00:00,53.64,54.04,53.47,53.91,2996.222,0
2025-09-24 12:00:00,53.9,54.34,53.9,54.06,2072.481,0
2025-09-24 13:00:00,54.05,54.44,54.0,54.05,3553.716,0
2025-09-24 14:00:00,54.08,55.0,54.08,54.67,4005.45,0
2025-09-24 15:00:00,54.67,55.03,54.51,54.88,4165.159,0
2025-09-24 16:00:00,54.95,59.0,54.75,58.6,40889.621,0
2025-09-24 17:00:00,58.52,59.92,57.99,58.11,13005.397,0
2025-09-24 18:00:00,58.13,59.98,57.84,59.13,21644.613,0
2025-09-24 19:00:00,59.12,60.97,58.89,60.57,20389.449,0
2025-09-24 20:00:00,60.57,61.29,59.88,60.98,22656.723,0
2025-09-24 21:00:00,60.98,61.4,60.14,61.03,20413.636,0
2025-09-24 22:00:00,60.97,61.06,58.54,58.76,19470.275,0
2025-09-24 23:00:00,58.79,59.49,58.55,58.73,3854.208,0
2025-09-25 00:00:00,58.72,59.64,58.7,59.11,4224.029,0
2025-09-25 01:00:00,59.09,59.47,58.22,58.37,5011.217,0
2025-09-25 02:00:00,58.38,59.04,58.02,58.7,2779.017,0
2025-09-25 03:00:00,58.66,58.9,58.1,58.85,2969.788,0
2025-09-25 04:00:00,58.85,59.08,57.67,58.33,5732.271,0
2025-09-25 05:00:00,58.29,59.0,58.25,58.83,1820.9,0
2025-09-25 06:00:00,58.81,58.99,58.04,58.29,3771.766,0
2025-09-25 07:00:00,58.32,59.09,58.23,58.36,3671.364,0
2025-09-25 08:00:00,58.4,58.9,58.0,58.64,5299.265,0
2025-09-25 09:00:00,58.58,60.81,58.58,59.92,24398.813,0
2025-09-25 10:00:00,59.95,60.45,58.94,59.7,21563.912,0
2025-09-25 11:00:00,59.67,60.32,59.06,59.27,11596.872,0
2025-09-25 12:00:00,59.26,59.26,57.86,58.3,19921.517,0
2025-09-25 13:00:00,58.32,58.63,57.21,57.99,8228.301,0
2025-09-25 14:00:00,58.01,58.45,56.67,57.18,8752.283,0
2025-09-25 15:00:00,57.19,57.61,55.62,56.64,35153.044,0
2025-09-25 16:00:00,56.64,56.97,56.1,56.36,3450.431,0
2025-09-25 17:00:00,56.33,56.55,55.07,55.17,9394.097,0
2025-09-25 18:00:00,55.19,56.53,55.19,56.21,6037.787,0
2025-09-25 19:00:00,56.22,56.54,55.96,56.11,1561.78,0
2025-09-25 20:00:00,56.12,56.5,56.05,56.18,2875.567,0
2025-09-25 21:00:00,56.26,56.5,56.02,56.36,4690.243,0
2025-09-25 22:00:00,56.36,56.45,54.25,54.46,15948.771,0
2025-09-25 23:00:00,54.46,54.94,54.08,54.5,3506.457,0
2025-09-26 00:00:00,54.53,55.22,54.31,54.94,3921.48,0
2025-09-26 01:00:00,54.91,55.01,54.65,54.99,1010.059,0
2025-09-26 02:00:00,54.98,55.17,54.58,55.08,2253.246,0
2025-09-26 03:00:00,55.04,55.04,54.25,54.45,2180.526,0
2025-09-26 04:00:00,54.43,54.98,54.43,54.82,2270.217,0
2025-09-26 05:00:00,54.77,54.95,54.35,54.46,1995.684,0
2025-09-26 06:00:00,54.43,54.78,54.18,54.49,3762.15,0
2025-09-26 07:00:00,54.5,54.82,54.5,54.79,1322.449,0
2025-09-26 08:00:00,54.78,55.18,54.61,54.9,2527.307,0
2025-09-26 09:00:00,54.87,54.95,53.63,54.2,5359.915,0
2025-09-26 10:00:00,54.26,54.32,53.44,53.58,4448.612,0
2025-09-26 11:00:00,53.58,54.5,53.28,53.92,5203.808,0
2025-09-26 12:00:00,53.92,54.65,53.06,54.39,5552.133,0
2025-09-26 13:00:00,54.35,54.73,53.97,54.39,2929.586,0
2025-09-26 14:00:00,54.43,54.55,53.36,53.68,2720.749,0
2025-09-26 15:00:00,53.66,54.31,53.66,54.16,1272.84,0
2025-09-26 16:00:00,54.03,54.5,53.63,53.85,1274.048,0
2025-09-26 17:00:00,53.83,55.39,53.74,55.04,4809.855,0
2025-09-26 18:00:00,55.01,55.8,54.93,55.63,4279.477,0
2025-09-26 19:00:00,55.66,55.66,54.5,55.17,7387.084,0
2025-09-26 20:00:00,55.15,55.71,54.8,55.3,1657.501,0
2025-09-26 21:00:00,55.31,56.01,55.17,55.86,2860.272,0
2025-09-26 22:00:00,55.91,56.37,55.75,55.93,2720.217,0
2025-09-26 23:00:00,56.0,56.33,55.68,56.27,5939.561,0
2025-09-27 00:00:00,56.3,56.32,54.96,55.82,6202.074,0
2025-09-27 01:00:00,55.82,56.26,55.82,56.1,1600.391,0
2025-09-27 02:00:00,56.11,56.3,55.26,55.35,3010.436,0
2025-09-27 03:00:00,55.4,56.23,55.36,56.14,1027.011,0
2025-09-27 04:00:00,56.12,56.72,56.05,56.32,2628.899,0
2025-09-27 05:00:00,56.32,56.57,56.01,56.41,1373.393,0
2025-09-27 06:00:00,56.41,56.72,56.11,56.34,2396.206,0
2025-09-27 07:00:00,56.35,56.36,55.68,55.85,1443.95,0
2025-09-27 08:00:00,55.87,55.89,55.44,55.51,396.233,0
2025-09-27 09:00:00,55.56,55.61,55.11,55.5,1243.836,0
2025-09-27 10:00:00,55.51,55.66,55.19,55.45,1038.065,0
2025-09-27 11:00:00,55.4,55.8,55.36,55.58,742.61,0
2025-09-27 12:00:00,55.55,55.59,54.43,55.04,2759.277,0
2025-09-27 13:00:00,55.0,55.0,54.1,54.16,3091.771,0
2025-09-27 14:00:00,54.18,54.49,54.0,54.14,1493.205,0
2025-09-27 15:00:00,54.13,54.24,53.5,54.08,3647.65,0
2025-09-27 16:00:00,54.05,54.55,53.83,54.53,1830.987,0
2025-09-27 17:00:00,54.5,54.75,54.2,54.56,1599.674,0
2025-09-27 18:00:00,54.57,55.15,54.57,55.08,1054.842,0
2025-09-27 19:00:00,55.08,55.38,54.92,55.01,1366.751,0
2025-09-27 20:00:00,55.0,55.02,54.47,54.96,1211.119,0
2025-09-27 21:00:00,54.96,55.87,54.75,55.48,4488.437,0
2025-09-27 22:00:00,55.52,56.94,55.44,56.14,5010.758,0
2025-09-27 23:00:00,56.09,56.24,55.55,55.64,2186.344,0
2025-09-28 00:00:00,55.63,55.68,54.45,54.45,2243.858,0
2025-09-28 01:00:00,54.44,54.67,53.97,54.08,3304.613,0
2025-09-28 02:00:00,54.08,55.07,53.98,54.95,2544.601,0
2025-09-28 03:00:00,54.97,55.0,54.65,54.93,1181.711,0
2025-09-28 04:00:00,54.96,55.32,54.83,55.24,1957.347,0
2025-09-28 05:00:00,55.27,55.9,54.96,55.52,1901.527,0
2025-09-28 06:00:00,55.54,56.06,55.54,55.81,2861.29,0
2025-09-28 07:00:00,55.81,56.7,55.34,56.65,3664.681,0
2025-09-28 08:00:00,56.55,58.27,56.22,57.9,6603.485,0
2025-09-28 09:00:00,57.93,58.69,57.57,58.19,3810.201,0
2025-09-28 10:00:00,58.17,58.67,57.48,58.09,5878.468,0
2025-09-28 11:00:00,58.1,58.19,57.28,57.62,1796.391,0
2025-09-28 12:00:00,57.64,58.19,57.5,58.06,2867.29,0
2025-09-28 13:00:00,58.05,59.25,57.19,58.97,11039.897,0
2025-09-28 14:00:00,58.96,59.18,58.49,58.85,5835.24,0
2025-09-28 15:00:00,59.0,59.18,58.04,58.41,3284.502,0
2025-09-28 16:00:00,58.41,58.83,58.1,58.34,2160.832,0
2025-09-28 17:00:00,58.31,59.25,58.31,59.11,9235.002,0
2025-09-28 18:00:00,59.09,59.55,59.03,59.4,5791.073,0
2025-09-28 19:00:00,59.34,60.15,58.9,60.07,20035.627,0
2025-09-28 20:00:00,60.06,61.0,59.99,60.42,14925.145,0
2025-09-28 21:00:00,60.41,61.59,60.31,60.5,10213.479,0
2025-09-28 22:00:00,60.54,61.38,60.52,60.79,3552.833,0
2025-09-28 23:00:00,60.79,61.38,60.56,61.08,4683.647,0
2025-09-29 00:00:00,61.11,65.75,61.09,65.58,50799.467,0
2025-09-29 01:00:00,65.53,66.6,63.4,63.7,29682.191,0
2025-09-29 02:00:00,63.67,69.31,63.28,65.74,49372.291,0
2025-09-29 03:00:00,65.81,65.9,64.64,65.56,8558.343,0
2025-09-29 04:00:00,65.5,66.51,64.83,66.28,14400.452,0
2025-09-29 05:00:00,66.27,66.36,64.05,64.61,18097.925,0
2025-09-29 06:00:00,64.63,64.98,63.63,64.09,10179.646,0
2025-09-29 07:00:00,64.05,66.21,63.34,66.07,14200.333,0
2025-09-29 08:00:00,66.13,68.78,65.94,68.01,46104.564,0
2025-09-29 09:00:00,67.98,68.15,66.5,66.98,7519.615,0
2025-09-29 10:00:00,66.97,69.24,66.97,68.27,15275.765,0
2025-09-29 11:00:00,68.27,69.64,68.17,68.96,9171.94,0
2025-09-29 12:00:00,68.97,69.0,65.98,66.28,9033.588,0
2025-09-29 13:00:00,66.3,68.85,62.92,68.28,40558.785,0
2025-09-29 14:00:00,68.27,71.0,68.26,69.81,42695.818,0
2025-09-29 15:00:00,69.87,70.42,67.45,67.84,52287.783,0
2025-09-29 16:00:00,67.79,68.29,67.1,67.13,6487.419,0
2025-09-29 17:00:00,67.21,69.76,67.1,68.51,22027.035,0
2025-09-29 18:00:00,68.48,68.6,67.66,68.41,7883.254,0
2025-09-29 19:00:00,68.42,69.59,67.95,69.57,10356.724,0
2025-09-29 20:00:00,69.6,70.31,68.71,69.51,9866.717,0
2025-09-29 21:00:00,69.52,70.36,68.95,69.45,7377.507,0
2025-09-29 22:00:00,69.47,69.93,68.98,69.58,5657.293,0
2025-09-29 23:00:00,69.53,73.38,69.53,72.06,39062.485,0
2025-09-30 00:00:00,72.04,73.33,71.16,71.5,18238.716,0
2025-09-30 01:00:00,71.39,73.1,70.31,72.18,23462.896,0
2025-09-30 02:00:00,72.28,73.03,70.16,70.43,6610.925,0
2025-09-30 03:00:00,70.38,70.48,69.08,69.44,7895.733,0
2025-09-30 04:00:00,69.45,69.47,68.32,68.38,5240.988,0
2025-09-30 05:00:00,68.41,68.88,68.03,68.46,3923.303,0
2025-09-30 06:00:00,68.49,69.95,68.18,69.2,4475.154,0
2025-09-30 07:00:00,69.16,69.98,67.33,67.58,10371.417,0
2025-09-30 08:00:00,67.61,68.4,66.66,67.09,9704.216,0
2025-09-30 09:00:00,67.09,68.56,63.1,64.35,45656.96,0
2025-09-30 10:00:00,64.36,66.16,63.9,65.69,25329.777,0
2025-09-30 11:00:00,65.66,65.74,64.45,64.9,8541.408,0
2025-09-30 12:00:00,64.89,66.89,64.65,66.11,8980.873,0
2025-09-30 13:00:00,66.17,66.99,65.71,66.18,8467.748,0
2025-09-30 14:00:00,66.28,76.48,66.08,76.32,182285.359,0
2025-09-30 15:00:00,76.19,76.48,73.17,73.63,95936.143,0
2025-09-30 16:00:00,73.73,74.87,72.12,73.46,24475.055,0
2025-09-30 17:00:00,73.37,75.48,73.26,73.54,27284.818,0
2025-09-30 18:00:00,73.49,74.89,72.7,74.82,14475.328,0
2025-09-30 19:00:00,74.77,76.47,74.4,75.79,13995.967,0
2025-09-30 20:00:00,75.8,76.57,75.15,76.35,5869.4,0
2025-09-30 21:00:00,76.29,77.65,73.91,74.48,11303.432,0
2025-09-30 22:00:00,74.49,75.06,73.52,73.68,8972.108,0
2025-09-30 23:00:00,73.65,74.75,73.56,74.32,5644.035,0
2025-10-01 00:00:00,74.3,75.79,74.21,75.14,6906.304,0
2025-10-01 01:00:00,75.15,77.65,74.77,77.28,8412.359,0
2025-10-01 02:00:00,77.34,77.48,75.91,76.05,5133.461,0
2025-10-01 03:00:00,76.08,77.0,74.39,76.92,13993.35,0
2025-10-01 04:00:00,76.95,80.44,76.89,79.53,32224.482,0
2025-10-01 05:00:00,79.54,82.18,79.07,80.28,40550.668,0
2025-10-01 06:00:00,80.28,81.63,78.76,79.05,17926.456,0
2025-10-01 07:00:00,79.09,90.16,78.31,89.37,143389.213,0
2025-10-01 08:00:00,89.47,93.59,85.68,91.6,110527.01,0
2025-10-01 09:00:00,91.6,98.19,91.09,94.26,77340.738,0
2025-10-01 10:00:00,94.24,95.0,83.87,91.08,97668.238,0
2025-10-01 11:00:00,91.06,95.74,90.26,94.71,60856.375,0
2025-10-01 12:00:00,94.7,96.36,88.26,93.71,112943.491,0
2025-10-01 13:00:00,93.71,93.81,89.54,89.91,50583.749,0
2025-10-01 14:00:00,89.88,93.18,87.11,87.6,55184.974,0
2025-10-01 15:00:00,87.64,93.3,87.2,92.09,56819.008,0
2025-10-01 16:00:00,92.15,96.36,91.58,95.55,44413.875,0
2025-10-01 17:00:00,95.55,109.49,94.73,105.29,121512.616,0
2025-10-01 18:00:00,105.29,123.98,104.7,118.6,202669.243,0
2025-10-01 19:00:00,118.66,129.2,116.13,118.34,128218.258,0
2025-10-01 20:00:00,118.3,120.93,113.77,119.38,74761.26,0
2025-10-01 21:00:00,119.41,124.47,118.33,122.0,73169.821,0
2025-10-01 22:00:00,121.96,123.0,115.76,118.5,46393.8,0
2025-10-01 23:00:00,118.5,121.84,115.01,120.76,61267.729,0
2025-10-02 00:00:00,120.84,122.45,116.98,118.7,54472.618,0
2025-10-02 01:00:00,118.68,123.0,116.39,120.03,51268.769,0
2025-10-02 02:00:00,120.08,126.63,118.83,124.06,78460.596,0
2025-10-02 03:00:00,124.11,129.72,120.45,122.16,65678.328,0
2025-10-02 04:00:00,122.07,141.13,120.73,140.4,113907.912,0
2025-10-02 05:00:00,140.2,153.65,136.25,152.64,203849.815,0
2025-10-02 06:00:00,152.81,154.4,135.1,137.93,153954.403,0
2025-10-02 07:00:00,137.93,149.98,131.08,143.0,149970.4,0
2025-10-02 08:00:00,143.0,149.0,137.62,143.43,102533.884,0
2025-10-02 09:00:00,143.49,152.0,142.8,146.76,69688.071,0
2025-10-02 10:00:00,146.81,148.8,143.25,147.62,59348.244,0
2025-10-02 11:00:00,147.72,152.36,139.71,141.93,113341.445,0
2025-10-02 12:00:00,142.08,148.32,138.6,147.76,91612.818,0
2025-10-02 13:00:00,147.89,159.84,145.43,154.12,145349.327,0
2025-10-02 14:00:00,154.15,154.15,139.88,140.07,87472.754,0
2025-10-02 15:00:00,140.05,140.24,126.59,132.53,163037.792,0
2025-10-02 16:00:00,132.54,135.02,128.01,130.26,83242.702,0
2025-10-02 17:00:00,130.41,134.51,126.83,130.82,45554.011,0
2025-10-02 18:00:00,130.87,136.43,126.5,135.59,47123.104,0
2025-10-02 19:00:00,135.57,138.98,131.28,131.7,45013.836,0
2025-10-02 20:00:00,131.71,133.29,129.26,130.76,22705.553,0
2025-10-02 21:00:00,130.72,134.82,129.61,132.85,44270.983,0
2025-10-02 22:00:00,132.82,134.16,128.89,133.35,26452.224,0
2025-10-02 23:00:00,133.35,133.91,128.89,131.39,35886.487,0
2025-10-03 00:00:00,131.39,137.83,131.12,135.89,43604.046,0
2025-10-03 01:00:00,135.89,135.96,130.58,131.07,23301.846,0
2025-10-03 02:00:00,131.08,133.12,129.0,129.81,30854.558,0
2025-10-03 03:00:00,129.78,131.64,123.54,125.33,45681.852,0
2025-10-03 04:00:00,125.25,134.01,124.42,132.85,30129.037,0
2025-10-03 05:00:00,132.85,137.0,131.51,132.89,36786.418,0
2025-10-03 06:00:00,132.85,138.38,132.76,136.1,38482.016,0
2025-10-03 07:00:00,136.1,144.53,135.5,141.41,60547.488,0
2025-10-03 08:00:00,141.38,152.0,135.47,147.9,76182.222,0
2025-10-03 09:00:00,147.9,150.96,144.43,148.53,43185.932,0
2025-10-03 10:00:00,148.58,158.0,145.5,154.98,67230.947,0
2025-10-03 11:00:00,155.05,155.48,146.77,151.6,55925.432,0
2025-10-03 12:00:00,151.56,151.56,140.25,145.5,52101.178,0
2025-10-03 13:00:00,145.48,149.22,144.56,148.12,22277.499,0
2025-10-03 14:00:00,148.01,149.85,144.5,147.6,20988.254,0
2025-10-03 15:00:00,147.62,151.99,141.31,150.28,65115.963,0
2025-10-03 16:00:00,150.14,153.77,142.66,146.61,65222.776,0
2025-10-03 17:00:00,146.57,146.88,137.69,138.09,38513.93,0
2025-10-03 18:00:00,138.09,138.5,135.7,137.75,26866.769,0
2025-10-03 19:00:00,137.74,140.6,135.99,138.85,17626.889,0
2025-10-03 20:00:00,138.86,140.41,137.51,140.22,10176.618,0
2025-10-03 21:00:00,140.3,140.48,138.04,139.25,5939.417,0
2025-10-03 22:00:00,139.33,139.38,133.41,135.95,15811.511,0
2025-10-03 23:00:00,135.97,136.13,126.71,127.32,76265.501,0
2025-10-04 00:00:00,127.34,129.02,125.79,128.06,16895.811,0
2025-10-04 01:00:00,128.07,131.0,127.47,129.2,14656.04,0
2025-10-04 02:00:00,129.18,129.22,125.67,125.75,11874.301,0
2025-10-04 03:00:00,125.75,130.43,124.03,128.92,35547.92,0
2025-10-04 04:00:00,128.93,133.56,128.1,132.15,32278.815,0
2025-10-04 05:00:00,132.15,136.59,131.2,135.11,30015.332,0
2025-10-04 06:00:00,135.12,135.92,132.43,133.23,12728.958,0
2025-10-04 07:00:00,133.24,135.16,132.68,134.3,11831.254,0
2025-10-04 08:00:00,134.3,136.39,132.25,134.16,15478.997,0
2025-10-04 09:00:00,134.16,138.48,133.69,134.76,10694.525,0
2025-10-04 10:00:00,134.74,136.8,129.7,129.9,29023.921,0
2025-10-04 11:00:00,130.0,138.0,130.0,137.89,22321.544,0
2025-10-04 12:00:00,137.85,144.56,136.44,142.64,37862.25,0
2025-10-04 13:00:00,142.66,148.89,141.99,143.56,26619.002,0
2025-10-04 14:00:00,143.53,143.68,138.02,140.22,21082.443,0
2025-10-04 15:00:00,140.23,143.5,139.92,142.19,11367.675,0
2025-10-04 16:00:00,142.24,148.0,140.37,143.64,24723.064,0
2025-10-04 17:00:00,143.64,152.0,142.93,151.26,21619.033,0
2025-10-04 18:00:00,151.25,173.3,147.99,163.87,174114.857,0
2025-10-04 19:00:00,163.87,173.49,160.24,170.15,83965.254,0
2025-10-04 20:00:00,170.36,176.2,165.0,166.17,102837.149,0
2025-10-04 21:00:00,166.17,168.99,164.05,166.67,30043.301,0
2025-10-04 22:00:00,166.72,167.2,154.48,156.67,39926.567,0
2025-10-04 23:00:00,156.68,160.32,154.64,156.78,29683.48,0
2025-10-05 00:00:00,156.78,163.22,156.6,162.74,29100.204,0
2025-10-05 01:00:00,162.74,167.37,161.14,162.73,32656.214,0
2025-10-05 02:00:00,162.73,172.71,161.51,168.84,33248.569,0
2025-10-05 03:00:00,168.82,173.0,157.82,159.21,65574.662,0
2025-10-05 04:00:00,159.13,163.47,157.4,162.87,30339.257,0
2025-10-05 05:00:00,162.79,163.23,159.88,162.76,29495.447,0
2025-10-05 06:00:00,162.76,163.0,160.43,162.12,20177.621,0
2025-10-05 07:00:00,162.14,162.32,157.96,160.95,13597.61,0
2025-10-05 08:00:00,160.85,160.85,156.22,158.85,19041.581,0
2025-10-05 09:00:00,158.83,161.26,151.22,151.46,31045.628,0
2025-10-05 10:00:00,151.53,152.22,144.5,146.77,85488.759,0
2025-10-05 11:00:00,146.77,150.29,145.33,145.41,22892.34,0
2025-10-05 12:00:00,145.41,148.53,143.58,148.39,17540.893,0
2025-10-05 13:00:00,148.32,149.84,144.72,148.7,27435.505,0
2025-10-05 14:00:00,148.74,153.94,147.61,148.34,51829.292,0
2025-10-05 15:00:00,148.38,150.42,146.5,149.66,22308.783,0
2025-10-05 16:00:00,149.67,154.0,149.31,153.16,27478.136,0
2025-10-05 17:00:00,153.2,162.5,153.09,160.37,60646.286,0
2025-10-05 18:00:00,160.33,165.99,157.54,165.23,36366.521,0
2025-10-05 19:00:00,165.29,172.8,159.13,162.83,78660.927,0
2025-10-05 20:00:00,162.83,165.8,160.0,161.35,18073.533,0
2025-10-05 21:00:00,161.35,168.65,160.13,168.03,20053.591,0
2025-10-05 22:00:00,168.06,170.79,161.46,166.34,40093.264,0
2025-10-05 23:00:00,166.34,169.56,163.81,165.35,16333.738,0
2025-10-06 00:00:00,165.41,169.61,162.46,164.11,21185.42,0
2025-10-06 01:00:00,164.11,166.84,162.05,162.37,13756.336,0
2025-10-06 02:00:00,162.36,165.54,161.18,161.69,11152.089,0
2025-10-06 03:00:00,161.71,162.47,159.62,161.3,8773.053,0
2025-10-06 04:00:00,161.3,162.78,155.18,156.49,18277.047,0
2025-10-06 05:00:00,156.41,158.39,154.58,156.64,15052.764,0
2025-10-06 06:00:00,156.63,161.47,156.35,160.03,18713.097,0
2025-10-06 07:00:00,160.08,161.41,158.47,160.19,14433.804,0
2025-10-06 08:00:00,160.15,164.2,158.37,163.58,30025.72,0
2025-10-06 09:00:00,163.58,167.09,162.65,166.07,22212.538,0
2025-10-06 10:00:00,166.08,167.43,162.97,165.57,17853.516,0
2025-10-06 11:00:00,165.54,177.36,164.54,171.59,66274.732,0
2025-10-06 12:00:00,171.52,174.16,167.36,169.39,40404.208,0
2025-10-06 13:00:00,169.35,170.83,164.63,165.42,23659.866,0
2025-10-06 14:00:00,165.37,165.4,159.28,163.59,32959.195,0
2025-10-06 15:00:00,163.53,165.68,160.98,163.28,31835.109,0
2025-10-06 16:00:00,163.2,166.34,156.69,164.75,58193.617,0
2025-10-06 17:00:00,164.75,164.75,160.68,162.91,28524.379,0
2025-10-06 18:00:00,162.94,163.0,158.67,158.97,13853.745,0
2025-10-06 19:00:00,158.97,163.83,158.45,161.51,12869.885,0
2025-10-06 20:00:00,161.44,162.42,156.86,158.01,17413.413,0
2025-10-06 21:00:00,158.02,158.34,155.56,157.43,9489.634,0
2025-10-06 22:00:00,157.47,159.03,155.11,158.05,13937.503,0
2025-10-06 23:00:00,158.05,159.08,155.81,155.96,9276.365,0
2025-10-07 00:00:00,156.06,158.74,155.0,157.87,9618.125,0
2025-10-07 01:00:00,157.83,161.08,156.2,159.61,13806.272,0
2025-10-07 02:00:00,159.58,159.88,151.17,152.31,20185.182,0
2025-10-07 03:00:00,152.36,153.28,146.95,148.06,35381.171,0
2025-10-07 04:00:00,148.09,148.2,142.3,146.1,35456.066,0
2025-10-07 05:00:00,146.07,148.51,145.44,147.66,11684.365,0
2025-10-07 06:00:00,147.75,147.94,142.4,144.12,16308.434,0
2025-10-07 07:00:00,144.13,145.91,143.82,145.75,12660.771,0
2025-10-07 08:00:00,145.74,154.24,143.85,152.63,29482.803,0
2025-10-07 09:00:00,152.63,155.5,143.91,145.16,39808.583,0
2025-10-07 10:00:00,145.16,146.28,143.0,145.76,23040.133,0
2025-10-07 11:00:00,145.79,146.47,142.6,144.93,18836.211,0
2025-10-07 12:00:00,144.9,146.63,142.88,146.48,17467.844,0
2025-10-07 13:00:00,146.43,148.61,144.04,144.99,32680.356,0
2025-10-07 14:00:00,144.95,145.66,130.61,133.06,89551.341,0
2025-10-07 15:00:00,133.06,137.5,132.48,137.08,29916.28,0
2025-10-07 16:00:00,137.12,146.47,136.21,141.87,57334.401,0
2025-10-07 17:00:00,141.91,145.14,139.6,140.36,26083.983,0
2025-10-07 18:00:00,140.37,141.99,139.83,140.23,11515.254,0
2025-10-07 19:00:00,140.22,142.49,120.67,129.57,191213.152,0
2025-10-07 20:00:00,129.58,131.17,124.62,128.97,43613.458,0
2025-10-07 21:00:00,129.0,134.79,128.82,133.14,23344.177,0
2025-10-07 22:00:00,133.1,134.1,130.29,131.07,16676.938,0
2025-10-07 23:00:00,131.09,131.16,126.66,127.26,19172.859,0
2025-10-08 00:00:00,127.26,129.36,125.9,127.61,21353.731,0
2025-10-08 01:00:00,127.58,130.78,126.63,129.93,14996.468,0
2025-10-08 02:00:00,129.89,132.96,128.22,132.83,27099.308,0
2025-10-08 03:00:00,132.87,135.93,131.28,134.42,34303.005,0
2025-10-08 04:00:00,134.42,134.44,129.62,131.16,12411.19,0
2025-10-08 05:00:00,131.14,133.94,130.57,132.77,11612.21,0
2025-10-08 06:00:00,132.78,134.25,131.79,133.41,10870.418,0
2025-10-08 07:00:00,133.48,139.44,132.35,135.27,16689.429,0
2025-10-08 08:00:00,135.26,140.25,131.63,139.38,31052.058,0
2025-10-08 09:00:00,139.37,140.44,136.9,138.41,22117.007,0
2025-10-08 10:00:00,138.42,140.0,136.23,139.3,18373.279,0
2025-10-08 11:00:00,139.34,142.5,138.91,139.76,20207.773,0
2025-10-08 12:00:00,139.79,143.13,137.56,142.84,16175.412,0
2025-10-08 13:00:00,142.72,145.87,140.07,145.17,33045.923,0
2025-10-08 14:00:00,145.09,157.0,144.08,154.95,97881.028,0
2025-10-08 15:00:00,154.94,169.01,154.42,166.15,147143.434,0
2025-10-08 16:00:00,166.15,171.37,164.5,170.84,84855.144,0
2025-10-08 17:00:00,170.89,178.43,167.4,177.52,69649.694,0
2025-10-08 18:00:00,177.69,185.57,173.0,176.68,120322.101,0
2025-10-08 19:00:00,176.74,178.16,172.54,175.06,37252.901,0
2025-10-08 20:00:00,175.11,178.0,170.88,171.66,26012.241,0
2025-10-08 21:00:00,171.65,183.0,170.11,180.06,28383.273,0
2025-10-08 22:00:00,180.12,185.38,177.6,179.61,52849.545,0
2025-10-08 23:00:00,179.61,181.13,174.44,177.56,32580.886,0
2025-10-09 00:00:00,177.6,180.37,172.77,172.96,40198.406,0
2025-10-09 01:00:00,172.98,179.57,172.5,175.67,30845.074,0
2025-10-09 02:00:00,175.61,176.0,165.0,165.29,38878.919,0
2025-10-09 03:00:00,165.33,172.97,165.08,169.91,24932.739,0
2025-10-09 04:00:00,169.89,172.92,167.18,171.97,15911.655,0
2025-10-09 05:00:00,172.0,175.58,170.91,173.05,17616.36,0
2025-10-09 06:00:00,173.04,183.45,172.19,179.46,41206.532,0
2025-10-09 07:00:00,179.5,186.28,177.61,179.56,46256.577,0
2025-10-09 08:00:00,179.47,180.33,163.2,166.06,54406.056,0
2025-10-09 09:00:00,166.07,179.05,164.06,177.49,31473.021,0
2025-10-09 10:00:00,177.42,190.48,173.38,188.17,80905.815,0
2025-10-09 11:00:00,188.19,195.06,188.19,191.46,77898.694,0
2025-10-09 12:00:00,191.46,196.0,186.58,193.66,60108.486,0
2025-10-09 13:00:00,193.64,195.4,185.41,187.55,53003.969,0
2025-10-09 14:00:00,187.47,195.0,179.95,190.21,71472.652,0
2025-10-09 15:00:00,190.27,194.48,184.11,188.16,49488.947,0
2025-10-09 16:00:00,188.09,193.83,185.49,187.62,51335.692,0
2025-10-09 17:00:00,187.62,210.0,187.58,200.6,139160.525,0
2025-10-09 18:00:00,200.53,216.94,200.48,215.32,113484.405,0
2025-10-09 19:00:00,215.32,217.89,204.66,213.71,82828.077,0
2025-10-09 20:00:00,213.79,217.79,208.46,211.76,42545.387,0
2025-10-09 21:00:00,211.68,217.66,210.64,214.78,29891.846,0
2025-10-09 22:00:00,214.71,216.23,208.01,211.26,27121.974,0
2025-10-09 23:00:00,211.19,215.99,208.01,212.57,26761.976,0
2025-10-10 00:00:00,212.69,227.52,210.0,226.31,73354.391,0
2025-10-10 01:00:00,226.28,235.5,222.0,229.06,87459.438,0
2025-10-10 02:00:00,229.08,237.0,226.53,234.9,70909.88,0
2025-10-10 03:00:00,235.0,240.0,230.52,231.61,58477.666,0
2025-10-10 04:00:00,231.47,239.83,228.09,238.47,34669.218,0
2025-10-10 05:00:00,238.52,274.0,236.6,263.75,126016.915,0
2025-10-10 06:00:00,263.8,271.76,241.8,248.31,108133.647,0
2025-10-10 07:00:00,248.35,254.0,223.0,227.07,117215.107,0
2025-10-10 08:00:00,226.97,240.43,220.67,230.99,74681.979,0
2025-10-10 09:00:00,230.94,237.99,228.0,234.89,39258.971,0
2025-10-10 10:00:00,234.73,235.33,224.01,231.42,32111.88,0
2025-10-10 11:00:00,231.3,234.0,227.11,228.0,29642.165,0
2025-10-10 12:00:00,228.06,235.0,218.36,233.38,53084.406,0
2025-10-10 13:00:00,233.46,243.94,233.46,242.38,55825.642,0
2025-10-10 14:00:00,242.1,243.86,231.0,234.74,44162.407,0
2025-10-10 15:00:00,234.78,235.4,197.25,228.59,196730.865,0
2025-10-10 16:00:00,228.51,241.99,226.31,234.0,100270.5,0
2025-10-10 17:00:00,234.01,238.0,225.0,235.54,50048.732,0
2025-10-10 18:00:00,235.59,245.0,233.14,244.62,49592.568,0
2025-10-10 19:00:00,244.47,251.9,235.0,236.58,71498.417,0
2025-10-10 20:00:00,236.55,238.01,222.0,225.31,52075.422,0
2025-10-10 21:00:00,225.18,239.73,147.55,194.01,186425.494,0
2025-10-10 22:00:00,194.01,219.26,170.83,216.02,118414.828,0
2025-10-10 23:00:00,216.29,249.0,205.56,225.28,155056.863,0
2025-10-11 00:00:00,225.72,236.52,212.0,228.05,59249.819,0
2025-10-11 01:00:00,228.14,229.88,208.85,209.2,46516.85,0
2025-10-11 02:00:00,209.16,230.0,207.27,227.43,46836.433,0
2025-10-11 03:00:00,227.34,228.04,213.09,218.34,37393.491,0
2025-10-11 04:00:00,218.34,225.0,210.0,224.02,34473.385,0
2025-10-11 05:00:00,224.05,238.2,219.18,234.0,43709.134,0
2025-10-11 06:00:00,234.02,245.0,228.71,237.06,55000.23,0
2025-10-11 07:00:00,236.95,273.0,229.6,267.18,108985.426,0
2025-10-11 08:00:00,267.32,290.5,251.0,285.96,143719.122,0
2025-10-11 09:00:00,286.01,288.47,252.0,259.19,116333.68,0
2025-10-11 10:00:00,259.16,278.3,253.5,267.24,75346.328,0
2025-10-11 11:00:00,267.24,275.0,257.1,263.53,51131.731,0
2025-10-11 12:00:00,263.47,279.0,258.01,278.31,70609.192,0
2025-10-11 13:00:00,278.31,286.54,268.06,279.18,91471.265,0
2025-10-11 14:00:00,279.18,281.95,265.45,270.85,53002.037,0
2025-10-11 15:00:00,270.83,278.4,260.21,262.52,49681.112,0
2025-10-11 16:00:00,262.52,273.9,260.4,267.03,31123.419,0
2025-10-11 17:00:00,266.97,280.0,261.02,277.49,47441.006,0
2025-10-11 18:00:00,277.41,294.8,273.11,287.18,81174.203,0
2025-10-11 19:00:00,287.11,291.95,277.91,290.9,46325.304,0
2025-10-11 20:00:00,290.9,292.72,270.88,277.36,62207.112,0
2025-10-11 21:00:00,277.36,291.99,274.09,290.09,38408.587,0
2025-10-11 22:00:00,290.09,296.0,286.05,293.75,59066.075,0
2025-10-11 23:00:00,293.65,298.05,289.0,291.0,43029.058,0
2025-10-12 00:00:00,291.0,296.31,276.06,276.81,58760.724,0
2025-10-12 01:00:00,276.94,279.16,262.38,265.3,66208.674,0
2025-10-12 02:00:00,265.37,276.54,264.82,268.2,33050.486,0
2025-10-12 03:00:00,268.45,278.25,265.13,272.01,24270.935,0
2025-10-12 04:00:00,271.89,281.76,264.26,278.84,35553.529,0
2025-10-12 05:00:00,278.78,284.71,272.0,274.86,30811.271,0
2025-10-12 06:00:00,274.86,282.0,271.93,279.85,24150.337,0
2025-10-12 07:00:00,279.85,293.22,278.89,288.11,39059.611,0
2025-10-12 08:00:00,288.01,290.64,270.03,274.38,36330.445,0
2025-10-12 09:00:00,274.43,279.49,271.66,274.86,22587.329,0
2025-10-12 10:00:00,275.04,279.75,270.38,271.8,31938.271,0
2025-10-12 11:00:00,271.81,274.22,264.12,267.75,31364.928,0
2025-10-12 12:00:00,267.73,270.0,253.34,253.74,55683.973,0
2025-10-12 13:00:00,253.7,258.77,245.28,257.9,51592.459,0
2025-10-12 14:00:00,257.87,271.18,255.17,266.08,58203.119,0
2025-10-12 15:00:00,266.1,271.93,251.0,251.36,68499.655,0
2025-10-12 16:00:00,251.34,264.7,250.85,256.53,49051.733,0
2025-10-12 17:00:00,256.55,256.61,245.65,253.68,41033.319,0
2025-10-12 18:00:00,253.57,259.0,250.01,252.6,21932.234,0
2025-10-12 19:00:00,252.72,261.0,252.56,259.14,18555.083,0
2025-10-12 20:00:00,259.17,279.0,258.78,265.89,58396.56,0
2025-10-12 21:00:00,265.87,272.25,259.3,262.35,24815.769,0
2025-10-12 22:00:00,262.53,267.64,257.17,262.79,19312.831,0
2025-10-12 23:00:00,262.79,266.57,254.02,260.42,20588.897,0
2025-10-13 00:00:00,260.37,270.63,258.41,263.65,25593.081,0
2025-10-13 01:00:00,263.63,274.09,262.98,269.9,19466.626,0
2025-10-13 02:00:00,269.84,277.0,269.55,276.62,16311.976,0
2025-10-13 03:00:00,276.62,279.2,270.6,271.43,25442.291,0
2025-10-13 04:00:00,271.37,285.68,268.09,284.2,22682.339,0
2025-10-13 05:00:00,284.13,290.0,276.38,278.01,35202.689,0
2025-10-13 06:00:00,277.98,278.04,269.05,270.46,26875.756,0
2025-10-13 07:00:00,270.51,272.5,265.12,267.03,17669.025,0
2025-10-13 08:00:00,267.1,268.73,261.96,265.14,16507.329,0
2025-10-13 09:00:00,265.04,265.25,258.42,262.17,16656.979,0
2025-10-13 10:00:00,262.18,264.2,258.72,262.53,17765.89,0
2025-10-13 11:00:00,262.52,263.43,240.01,246.44,64682.2,0
2025-10-13 12:00:00,246.4,254.47,239.29,246.27,37962.04,0
2025-10-13 13:00:00,246.24,254.43,245.8,251.34,19755.657,0
2025-10-13 14:00:00,251.28,251.75,235.0,238.1,51398.423,0
2025-10-13 15:00:00,238.14,247.8,237.06,245.45,37849.282,0
2025-10-13 16:00:00,245.43,249.86,242.27,246.27,24588.377,0
2025-10-13 17:00:00,246.13,256.96,245.4,256.48,38619.12,0
2025-10-13 18:00:00,256.53,256.9,251.56,253.62,12887.394,0
2025-10-13 19:00:00,253.7,259.76,252.23,254.68,17745.256,0
2025-10-13 20:00:00,254.67,273.28,254.18,266.19,56582.949,0
2025-10-13 21:00:00,266.1,268.17,257.0,260.61,20334.714,0
2025-10-13 22:00:00,260.6,260.73,247.95,250.61,19070.781,0
2025-10-13 23:00:00,250.58,253.62,246.73,249.13,19163.269,0
2025-10-14 00:00:00,249.16,249.8,240.5,242.96,17449.33,0
2025-10-14 01:00:00,242.97,246.29,237.3,245.37,27738.936,0
2025-10-14 02:00:00,245.37,249.8,242.27,243.31,19680.94,0
2025-10-14 03:00:00,243.33,243.91,235.08,236.31,23323.988,0
2025-10-14 04:00:00,236.28,239.12,230.0,234.41,26711.794,0
2025-10-14 05:00:00,234.34,235.45,222.45,223.37,45217.719,0
2025-10-14 06:00:00,223.39,234.98,221.0,229.27,42340.296,0
2025-10-14 07:00:00,229.26,231.02,222.78,224.71,23181.69,0
2025-10-14 08:00:00,224.64,226.2,217.59,225.06,27804.86,0
2025-10-14 09:00:00,225.12,233.3,225.1,230.44,35735.894,0
2025-10-14 10:00:00,230.44,233.21,225.69,230.83,27618.99,0
2025-10-14 11:00:00,230.88,231.15,226.0,226.96,16193.574,0
2025-10-14 12:00:00,226.93,229.85,224.2,224.71,15395.125,0
2025-10-14 13:00:00,224.67,230.08,220.0,229.06,29058.417,0
2025-10-14 14:00:00,229.07,250.0,227.44,244.01,64880.222,0
2025-10-14 15:00:00,243.99,264.89,241.58,257.79,86320.07,0
2025-10-14 16:00:00,257.9,263.4,253.04,259.92,53793.616,0
2025-10-14 17:00:00,259.94,260.21,245.5,246.2,48771.968,0
2025-10-14 18:00:00,246.18,249.73,235.61,239.27,42940.983,0
2025-10-14 19:00:00,239.28,242.77,232.27,234.41,21113.727,0
2025-10-14 20:00:00,234.48,239.0,234.03,237.44,13419.104,0
2025-10-14 21:00:00,237.48,242.48,235.4,241.55,16961.207,0
2025-10-14 22:00:00,241.68,254.27,241.58,253.54,30615.366,0
2025-10-14 23:00:00,253.52,255.45,246.68,247.78,21067.405,0
2025-10-15 00:00:00,247.74,250.19,243.56,244.91,12868.781,0
2025-10-15 01:00:00,244.96,249.49,240.42,246.5,17066.135,0
2025-10-15 02:00:00,246.36,264.44,245.76,259.49,32068.803,0
2025-10-15 03:00:00,259.42,262.15,248.78,250.01,19666.727,0
2025-10-15 04:00:00,250.08,253.14,246.25,249.54,14086.159,0
2025-10-15 05:00:00,249.6,264.0,248.25,258.75,23758.693,0
2025-10-15 06:00:00,258.7,271.0,255.64,257.96,46994.178,0
2025-10-15 07:00:00,257.91,268.0,252.5,262.24,28317.852,0
2025-10-15 08:00:00,262.23,271.6,261.17,264.89,35276.976,0
2025-10-15 09:00:00,264.93,268.09,259.26,264.1,21024.813,0
2025-10-15 10:00:00,264.12,278.0,263.28,269.69,54458.094,0
2025-10-15 11:00:00,269.71,275.28,259.78,265.39,37877.966,0
2025-10-15 12:00:00,265.31,272.0,260.42,261.54,26220.778,0
2025-10-15 13:00:00,261.53,266.64,254.09,257.74,40860.66,0
2025-10-15 14:00:00,257.72,263.38,248.5,252.6,31626.963,0
2025-10-15 15:00:00,252.61,257.02,249.0,252.78,24083.068,0
2025-10-15 16:00:00,252.84,255.44,247.0,248.58,23119.721,0
2025-10-15 17:00:00,248.6,252.47,241.41,251.0,27014.797,0
2025-10-15 18:00:00,250.93,252.5,247.01,248.95,12320.05,0
2025-10-15 19:00:00,249.01,249.2,237.0,240.24,22129.832,0
2025-10-15 20:00:00,240.19,242.48,236.0,236.29,19178.428,0
2025-10-15 21:00:00,236.29,237.33,229.41,229.6,33967.742,0
2025-10-15 22:00:00,229.64,237.05,224.21,226.78,37207.777,0
2025-10-15 23:00:00,226.71,231.0,224.21,230.01,21851.15,0
2025-10-16 00:00:00,230.05,230.05,222.0,226.73,20550.6,0
2025-10-16 01:00:00,226.72,232.41,226.4,230.69,16699.376,0
2025-10-16 02:00:00,230.66,232.11,227.44,230.41,13073.061,0
2025-10-16 03:00:00,230.47,236.0,228.79,231.57,19820.382,0
2025-10-16 04:00:00,231.57,236.0,226.02,226.53,16142.968,0
2025-10-16 05:00:00,226.5,235.82,225.74,234.9,23433.101,0
2025-10-16 06:00:00,234.96,245.29,233.36,241.26,40544.556,0
2025-10-16 07:00:00,241.04,246.03,240.29,241.15,23026.746,0
2025-10-16 08:00:00,241.23,242.97,236.16,240.0,26378.797,0
2025-10-16 09:00:00,240.04,241.66,231.9,235.11,29679.194,0
2025-10-16 10:00:00,235.1,241.0,232.93,239.57,24789.691,0
2025-10-16 11:00:00,239.56,240.14,233.1,236.46,13671.735,0
2025-10-16 12:00:00,236.46,240.95,235.56,235.77,16490.766,0
2025-10-16 13:00:00,235.77,237.17,229.52,230.92,20768.47,0
2025-10-16 14:00:00,231.02,240.3,224.19,231.97,74311.43,0
2025-10-16 15:00:00,232.03,233.12,219.08,219.33,53307.615,0
2025-10-16 16:00:00,219.33,226.56,208.55,224.83,106029.839,0
2025-10-16 17:00:00,224.86,224.99,218.93,221.85,33504.914,0
2025-10-16 18:00:00,222.0,223.19,216.22,220.2,29593.512,0
2025-10-16 19:00:00,220.05,220.84,210.18,214.48,41929.423,0
2025-10-16 20:00:00,214.46,216.45,209.67,211.33,28973.134,0
2025-10-16 21:00:00,211.4,219.6,209.57,218.61,40927.508,0
2025-10-16 22:00:00,218.64,220.18,209.01,210.14,31004.803,0
2025-10-16 23:00:00,210.16,213.34,202.44,205.07,41310.1,0
2025-10-17 00:00:00,205.06,211.5,203.91,210.63,20231.714,0
2025-10-17 01:00:00,210.64,224.0,207.51,210.49,45511.163,0
2025-10-17 02:00:00,210.48,213.49,208.18,212.33,17973.369,0
2025-10-17 03:00:00,212.42,214.98,212.27,213.87,8689.542,0
2025-10-17 04:00:00,213.85,219.02,213.5,215.98,14917.274,0
2025-10-17 05:00:00,215.96,218.41,211.22,211.49,13713.904,0
2025-10-17 06:00:00,211.51,212.77,200.88,201.22,51607.696,0
2025-10-17 07:00:00,201.28,201.49,189.53,192.43,85535.89,0
2025-10-17 08:00:00,192.48,198.22,190.38,194.8,44140.546,0
2025-10-17 09:00:00,194.8,201.95,192.74,193.47,43300.459,0
2025-10-17 10:00:00,193.46,196.79,187.02,195.85,59961.596,0
2025-10-17 11:00:00,195.87,208.5,195.2,206.84,44442.15,0
2025-10-17 12:00:00,206.69,210.97,205.64,208.9,32298.787,0
2025-10-17 13:00:00,208.9,216.72,208.76,215.58,60886.35,0
2025-10-17 14:00:00,215.56,215.62,207.0,210.18,33415.976,0
2025-10-17 15:00:00,210.22,214.8,209.12,211.09,23573.873,0
2025-10-17 16:00:00,211.12,224.64,210.61,216.32,62731.796,0
2025-10-17 17:00:00,216.32,218.21,211.17,212.66,23416.108,0
2025-10-17 18:00:00,212.63,220.66,212.32,218.14,23635.422,0
2025-10-17 19:00:00,218.2,218.85,211.82,214.71,14382.39,0
2025-10-17 20:00:00,214.83,227.96,212.79,226.18,36948.896,0
2025-10-17 21:00:00,226.15,234.75,224.12,230.33,44564.204,0
2025-10-17 22:00:00,230.19,230.95,221.0,221.3,20873.708,0
2025-10-17 23:00:00,221.34,222.88,216.11,217.8,22101.982,0
2025-10-18 00:00:00,217.84,220.35,214.55,218.52,12907.921,0
2025-10-18 01:00:00,218.52,220.39,216.44,219.14,9931.435,0
2025-10-18 02:00:00,219.18,223.02,212.51,212.8,18810.94,0
2025-10-18 03:00:00,212.76,215.83,210.68,213.7,12703.582,0
2025-10-18 04:00:00,213.66,215.25,210.3,214.74,10797.247,0
2025-10-18 05:00:00,214.79,218.29,214.07,217.15,12720.37,0
2025-10-18 06:00:00,217.13,218.1,214.35,215.38,6560.014,0
2025-10-18 07:00:00,215.41,222.42,214.71,217.28,22805.508,0
2025-10-18 08:00:00,217.11,217.42,213.01,214.47,10116.977,0
2025-10-18 09:00:00,214.47,219.96,214.08,219.11,10362.146,0
2025-10-18 10:00:00,219.19,224.4,218.28,219.59,15274.461,0
2025-10-18 11:00:00,219.55,226.98,218.59,223.19,20859.352,0
2025-10-18 12:00:00,223.27,225.77,220.21,221.27,12262.772,0
2025-10-18 13:00:00,221.31,221.9,214.68,215.46,17090.86,0
2025-10-18 14:00:00,215.47,220.43,214.04,216.51,21167.436,0
2025-10-18 15:00:00,216.55,218.63,212.52,213.49,14117.78,0
2025-10-18 16:00:00,213.48,215.4,210.0,211.95,18966.077,0
2025-10-18 17:00:00,211.95,217.51,211.46,217.0,11813.279,0
2025-10-18 18:00:00,217.09,219.98,216.97,219.42,9916.098,0
2025-10-18 19:00:00,219.41,225.0,219.25,223.89,15850.428,0
2025-10-18 20:00:00,223.91,225.0,220.04,220.61,11102.183,0
2025-10-18 21:00:00,220.62,221.71,216.23,218.12,17052.991,0
2025-10-18 22:00:00,218.12,218.67,215.36,217.17,4562.318,0
2025-10-18 23:00:00,217.16,221.8,216.85,221.36,7260.184,0
2025-10-19 00:00:00,221.39,222.82,217.48,219.07,10243.68,0
2025-10-19 01:00:00,219.08,227.48,217.75,224.37,12964.509,0
2025-10-19 02:00:00,224.34,224.5,219.8,221.89,8535.971,0
2025-10-19 03:00:00,221.86,229.34,221.14,225.89,18669.934,0
2025-10-19 04:00:00,225.89,229.48,223.78,223.88,11911.132,0
2025-10-19 05:00:00,223.93,224.39,220.2,221.56,10908.256,0
2025-10-19 06:00:00,221.6,221.78,218.0,219.5,11650.656,0
2025-10-19 07:00:00,219.52,220.02,215.52,218.1,10019.579,0
2025-10-19 08:00:00,218.07,221.69,213.01,213.39,18132.709,0
2025-10-19 09:00:00,213.39,220.19,211.2,219.12,21327.924,0
2025-10-19 10:00:00,219.1,223.72,218.0,219.7,15839.712,0
2025-10-19 11:00:00,219.68,223.4,217.52,218.1,20226.187,0
2025-10-19 12:00:00,218.1,218.36,215.16,217.04,11891.067,0
2025-10-19 13:00:00,217.03,223.0,212.99,220.93,22926.568,0
2025-10-19 14:00:00,220.8,224.74,219.13,223.44,20838.364,0
2025-10-19 15:00:00,223.42,228.5,222.76,225.57,18526.433,0
2025-10-19 16:00:00,225.57,229.15,224.4,225.38,20732.71,0
2025-10-19 17:00:00,225.4,232.3,222.09,230.55,26982.442,0
2025-10-19 18:00:00,230.55,240.4,228.11,236.81,39995.172,0
2025-10-19 19:00:00,236.83,238.0,231.0,233.07,17824.963,0
2025-10-19 20:00:00,233.07,237.68,231.94,233.96,13560.012,0
2025-10-19 21:00:00,233.93,239.15,233.4,237.38,9714.639,0
2025-10-19 22:00:00,237.39,244.83,237.14,241.82,21232.493,0
2025-10-19 23:00:00,241.83,244.56,235.01,235.77,22223.437,0
2025-10-20 00:00:00,235.8,242.42,232.3,242.09,21872.552,0
2025-10-20 01:00:00,242.04,244.07,236.84,237.62,19838.513,0
2025-10-20 02:00:00,237.58,237.81,229.53,234.56,22163.665,0
2025-10-20 03:00:00,234.54,243.0,231.72,242.8,24030.734,0
2025-10-20 04:00:00,242.79,248.88,241.3,247.22,26379.786,0
2025-10-20 05:00:00,247.15,247.15,242.54,243.58,13212.31,0
2025-10-20 06:00:00,243.55,249.27,240.0,240.02,27006.284,0
2025-10-20 07:00:00,240.05,243.0,237.0,238.23,20938.176,0
2025-10-20 08:00:00,238.22,244.9,237.4,243.87,21133.401,0
2025-10-20 09:00:00,243.81,244.32,239.0,240.32,9588.742,0
2025-10-20 10:00:00,240.34,242.41,236.05,240.41,15314.749,0
2025-10-20 11:00:00,240.41,252.25,237.58,251.86,31561.994,0
2025-10-20 12:00:00,251.92,255.6,246.43,253.28,35465.613,0
2025-10-20 13:00:00,253.22,259.4,250.57,255.32,28410.304,0
2025-10-20 14:00:00,255.38,265.16,251.5,264.08,56281.98,0
2025-10-20 15:00:00,264.16,266.0,259.66,260.59,30204.21,0
2025-10-20 16:00:00,260.55,269.96,248.66,254.27,68048.884,0
2025-10-20 17:00:00,254.36,268.49,250.67,267.6,40011.762,0
2025-10-20 18:00:00,267.62,284.56,261.85,280.64,72739.134,0
2025-10-20 19:00:00,280.64,282.87,273.0,274.85,40133.49,0
2025-10-20 20:00:00,274.83,278.23,270.46,272.7,20286.198,0
2025-10-20 21:00:00,272.81,273.35,266.6,268.01,18918.348,0
2025-10-20 22:00:00,267.97,269.41,265.1,266.71,11413.531,0
2025-10-20 23:00:00,266.7,271.0,266.16,268.61,9198.264,0
2025-10-21 00:00:00,268.57,270.73,265.6,268.7,11783.146,0
2025-10-21 01:00:00,268.51,270.0,265.6,267.42,8915.137,0
2025-10-21 02:00:00,267.38,267.38,262.02,264.19,14060.19,0
2025-10-21 03:00:00,264.11,265.77,261.5,263.48,13279.473,0
2025-10-21 04:00:00,263.4,263.93,256.11,257.24,21664.192,0
2025-10-21 05:00:00,257.24,258.96,249.51,250.02,18228.306,0
2025-10-21 06:00:00,250.17,256.25,249.24,253.24,17637.403,0
2025-10-21 07:00:00,253.12,259.91,250.43,255.36,14089.988,0
2025-10-21 08:00:00,255.32,256.0,250.18,254.84,16132.714,0
2025-10-21 09:00:00,254.79,255.05,245.58,247.29,24189.352,0
2025-10-21 10:00:00,247.29,260.23,246.95,257.03,25365.006,0
2025-10-21 11:00:00,257.03,274.59,255.94,274.16,56225.239,0
2025-10-21 12:00:00,274.14,280.0,266.0,266.98,50602.384,0
2025-10-21 13:00:00,266.8,279.98,263.0,273.08,50701.569,0
2025-10-21 14:00:00,273.21,283.58,270.63,282.56,52707.888,0
2025-10-21 15:00:00,282.55,296.64,276.62,292.33,96767.489,0
2025-10-21 16:00:00,292.22,310.0,277.26,288.21,134918.64474,0
2025-10-21 17:00:00,288.19,288.35,270.5,277.77,92669.385,0
2025-10-21 18:00:00,277.85,283.77,274.06,279.34,30934.273,0
2025-10-21 19:00:00,279.17,290.0,277.35,278.23,25526.361,0
2025-10-21 20:00:00,278.23,279.33,270.2,274.99,19996.726,0
2025-10-21 21:00:00,274.99,280.99,272.51,272.61,17880.373,0
2025-10-21 22:00:00,272.63,272.64,264.73,269.08,27188.313,0
2025-10-21 23:00:00,269.04,271.33,261.11,262.93,17075.654,0
2025-10-22 00:00:00,262.9,269.96,261.29,265.25,17635.157,0
2025-10-22 01:00:00,265.22,269.52,252.87,260.97,35761.809,0
2025-10-22 02:00:00,260.97,264.15,256.4,261.58,17650.134,0
2025-10-22 03:00:00,261.45,267.48,260.59,265.8,20519.338,0
2025-10-22 04:00:00,265.78,277.0,264.5,276.26,41261.754,0
2025-10-22 05:00:00,276.23,276.35,264.5,272.27,29822.474,0
2025-10-22 06:00:00,272.28,274.34,268.57,272.26,16464.77,0
2025-10-22 07:00:00,272.27,281.95,262.42,276.65,56020.91,0
2025-10-22 08:00:00,276.66,281.05,272.6,276.63,23728.477,0
2025-10-22 09:00:00,276.64,277.84,265.39,268.84,25160.812,0
2025-10-22 10:00:00,268.8,274.66,265.92,269.27,19385.425,0
2025-10-22 11:00:00,269.3,274.52,267.39,271.65,21423.34,0
2025-10-22 12:00:00,271.68,277.77,268.26,274.82,35293.645,0
2025-10-22 13:00:00,274.76,275.91,268.5,273.58,35075.122,0
2025-10-22 14:00:00,273.71,274.4,255.3,268.06,55678.003,0
2025-10-22 15:00:00,268.21,268.28,255.36,259.53,47794.855,0
2025-10-22 16:00:00,259.55,263.1,255.61,261.23,31290.656,0
2025-10-22 17:00:00,261.19,261.53,232.07,242.18,81867.649,0
2025-10-22 18:00:00,242.25,248.66,240.16,244.22,51185.562,0
2025-10-22 19:00:00,244.08,248.37,242.32,245.74,20059.839,0
2025-10-22 20:00:00,245.82,245.96,230.46,230.89,43320.322,0
2025-10-22 21:00:00,231.06,235.04,227.64,231.98,35214.836,0
2025-10-22 22:00:00,231.78,233.66,226.44,228.19,25551.419,0
2025-10-22 23:00:00,228.14,241.72,226.26,238.65,39833.365,0
2025-10-23 00:00:00,238.77,240.57,236.7,238.54,16486.207,0
2025-10-23 01:00:00,238.4,242.48,236.07,239.53,19692.507,0
2025-10-23 02:00:00,239.45,243.0,235.51,241.98,23016.549,0
2025-10-23 03:00:00,241.97,245.37,240.24,241.42,18652.807,0
2025-10-23 04:00:00,241.4,241.59,236.8,239.04,18718.583,0
2025-10-23 05:00:00,239.06,241.31,233.51,235.3,24892.909,0
2025-10-23 06:00:00,235.44,252.07,234.22,251.17,57214.253,0
2025-10-23 07:00:00,251.27,252.78,239.49,239.88,42340.677,0
2025-10-23 08:00:00,239.93,243.11,237.03,238.06,17571.675,0
2025-10-23 09:00:00,238.04,240.65,235.27,236.73,17181.166,0
2025-10-23 10:00:00,236.73,239.4,234.77,235.02,22454.661,0
2025-10-23 11:00:00,235.13,237.84,231.01,233.01,16523.503,0
2025-10-23 12:00:00,233.0,237.91,230.5,236.41,32818.497,0
2025-10-23 13:00:00,236.43,239.1,233.41,236.9,19682.973,0
2025-10-23 14:00:00,236.92,237.13,228.62,231.59,38992.614,0
2025-10-23 15:00:00,231.66,241.35,231.01,237.55,33594.135,0
2025-10-23 16:00:00,237.56,239.21,233.05,238.97,18787.115,0
2025-10-23 17:00:00,238.97,245.92,235.28,241.88,29228.468,0
2025-10-23 18:00:00,241.92,243.52,235.63,240.4,26115.437,0
2025-10-23 19:00:00,240.46,241.15,236.37,237.59,12410.515,0
2025-10-23 20:00:00,237.64,238.07,232.76,233.06,19694.998,0
2025-10-23 21:00:00,233.07,236.92,232.59,235.77,13647.073,0
2025-10-23 22:00:00,235.85,240.56,235.85,238.4,10231.237,0
2025-10-23 23:00:00,238.4,244.32,237.94,243.56,13452.32,0
2025-10-24 00:00:00,243.49,257.15,239.99,253.91,42890.473,0
2025-10-24 01:00:00,253.99,256.8,248.62,255.46,32175.323,0
2025-10-24 02:00:00,255.44,263.0,253.9,260.13,28106.031,0
2025-10-24 03:00:00,260.08,261.12,254.04,258.28,16984.476,0
2025-10-24 04:00:00,258.26,269.61,256.0,267.89,24934.564,0
2025-10-24 05:00:00,267.81,267.96,261.59,263.3,15950.841,0
2025-10-24 06:00:00,263.2,263.2,252.73,258.61,27790.515,0
2025-10-24 07:00:00,258.63,259.85,255.87,257.0,10927.908,0
2025-10-24 08:00:00,256.98,259.9,254.05,259.51,12315.302,0
2025-10-24 09:00:00,259.51,265.56,258.55,264.58,15797.426,0
2025-10-24 10:00:00,264.5,267.0,262.24,263.74,18593.751,0
2025-10-24 11:00:00,263.73,267.44,261.13,263.45,18139.872,0
2025-10-24 12:00:00,263.55,273.37,263.43,268.73,47777.511,0
2025-10-24 13:00:00,268.69,272.0,257.25,260.81,42098.687,0
2025-10-24 14:00:00,260.74,260.74,249.28,253.55,40811.369,0
2025-10-24 15:00:00,253.48,256.81,250.95,252.97,29739.893,0
2025-10-24 16:00:00,253.08,253.91,248.88,253.78,15793.85,0
2025-10-24 17:00:00,253.77,261.29,252.91,256.02,19824.422,0
2025-10-24 18:00:00,256.08,258.99,253.32,255.76,16010.269,0
2025-10-24 19:00:00,255.77,265.43,255.04,258.47,21688.623,0
2025-10-24 20:00:00,258.44,262.25,257.61,259.94,8213.727,0
2025-10-24 21:00:00,259.94,261.6,258.58,259.57,8084.952,0
2025-10-24 22:00:00,259.56,270.16,258.16,266.38,21301.704,0
2025-10-24 23:00:00,266.53,272.93,265.52,269.94,29977.8,0
2025-10-25 00:00:00,269.94,271.99,265.8,268.18,15450.956,0
2025-10-25 01:00:00,268.13,275.1,267.49,269.28,18516.959,0
2025-10-25 02:00:00,269.26,270.31,265.63,265.95,7179.339,0
2025-10-25 03:00:00,265.95,269.75,265.5,266.96,6874.859,0
2025-10-25 04:00:00,266.93,272.11,266.59,270.68,10065.882,0
2025-10-25 05:00:00,270.69,272.02,267.91,268.55,7503.482,0
2025-10-25 06:00:00,268.57,271.04,266.39,266.56,7081.861,0
2025-10-25 07:00:00,266.59,272.33,266.02,268.68,9955.608,0
2025-10-25 08:00:00,268.67,274.99,268.62,272.66,18334.24,0
2025-10-25 09:00:00,272.72,273.8,268.02,268.96,9606.953,0
2025-10-25 10:00:00,268.96,273.34,267.0,272.52,9634.726,0
2025-10-25 11:00:00,272.5,272.5,269.71,270.84,6556.547,0
2025-10-25 12:00:00,270.81,275.09,270.1,275.03,10997.397,0
2025-10-25 13:00:00,275.07,275.7,267.5,268.84,30411.62,0
2025-10-25 14:00:00,268.84,273.18,267.3,273.15,12469.258,0
2025-10-25 15:00:00,273.19,274.84,268.92,269.24,15528.076,0
2025-10-25 16:00:00,269.23,274.7,268.99,274.06,15816.073,0
2025-10-25 17:00:00,274.02,275.2,270.35,274.23,15389.489,0
2025-10-25 18:00:00,274.29,275.98,273.9,274.86,12619.412,0
2025-10-25 19:00:00,274.87,274.88,270.0,272.25,11021.549,0
2025-10-25 20:00:00,272.27,276.2,271.16,272.75,16492.376,0
2025-10-25 21:00:00,272.75,276.2,272.65,275.85,11699.036,0
2025-10-25 22:00:00,275.86,284.75,274.66,279.6,36989.095,0
2025-10-25 23:00:00,279.59,280.46,271.37,276.12,20574.136,0
2025-10-26 00:00:00,276.14,276.18,272.0,273.01,12170.557,0
2025-10-26 01:00:00,273.0,279.62,272.9,277.67,16294.751,0
2025-10-26 02:00:00,277.73,285.84,276.59,284.63,19810.527,0
2025-10-26 03:00:00,284.62,291.99,282.55,287.83,36381.374,0
2025-10-26 04:00:00,287.74,292.17,285.55,289.95,35329.13,0
2025-10-26 05:00:00,289.88,290.94,285.03,285.68,11492.266,0
2025-10-26 06:00:00,285.68,299.41,285.65,298.06,32384.947,0
2025-10-26 07:00:00,298.08,301.1,293.34,299.3,39230.409,0
2025-10-26 08:00:00,299.3,309.0,297.22,308.26,51141.369,0
2025-10-26 09:00:00,308.26,318.46,300.25,306.79,97041.94248,0
2025-10-26 10:00:00,306.99,312.6,303.18,309.93,32620.157,0
2025-10-26 11:00:00,309.91,318.7,308.27,316.08,51820.326,0
2025-10-26 12:00:00,316.03,326.0,314.34,325.35,69383.06408,0
2025-10-26 13:00:00,325.29,337.38,318.45,332.53,91520.96634,0
2025-10-26 14:00:00,332.51,350.0,329.28,337.11,95584.86525,0
2025-10-26 15:00:00,337.09,359.0,331.89,353.63,103353.06087,0
2025-10-26 16:00:00,353.65,357.5,334.13,348.74,104370.4,0
2025-10-26 17:00:00,348.61,359.42,346.32,348.25,62646.325,0
2025-10-26 18:00:00,348.48,353.98,339.0,346.47,51554.945,0
2025-10-26 19:00:00,346.47,354.09,341.84,350.04,37570.611,0
2025-10-26 20:00:00,350.06,358.0,343.34,346.56,46444.261,0
2025-10-26 21:00:00,346.5,350.55,342.01,346.97,24221.152,0
2025-10-26 22:00:00,346.96,352.39,342.93,345.07,32082.603,0
2025-10-26 23:00:00,345.13,348.37,325.0,325.24,63416.005,0
2025-10-27 00:00:00,325.28,354.27,325.28,353.2,51818.971,0
2025-10-27 01:00:00,353.2,369.51,352.19,365.71,90333.78062,0
2025-10-27 02:00:00,365.69,369.39,359.22,360.06,40693.175,0
2025-10-27 03:00:00,360.12,374.74,359.94,372.02,41380.14557,0
2025-10-27 04:00:00,372.06,373.81,354.64,360.7,47285.049,0
2025-10-27 05:00:00,360.69,365.61,350.51,350.78,22925.395,0
2025-10-27 06:00:00,350.75,368.6,350.33,364.28,35718.465,0
2025-10-27 07:00:00,364.41,364.68,345.09,346.53,42437.229,0
2025-10-27 08:00:00,346.5,360.0,345.17,349.14,33108.292,0
2025-10-27 09:00:00,349.19,357.0,347.37,355.19,32503.761,0
2025-10-27 10:00:00,355.16,359.0,352.7,356.84,17007.049,0
2025-10-27 11:00:00,356.82,359.34,351.76,359.02,16125.743,0
2025-10-27 12:00:00,359.0,368.86,356.2,361.67,25898.266,0
2025-10-27 13:00:00,361.67,368.9,355.72,356.65,36196.104,0
2025-10-27 14:00:00,356.65,363.28,350.1,362.54,33135.426,0
2025-10-27 15:00:00,362.53,364.78,358.83,359.9,19493.541,0
2025-10-27 16:00:00,359.97,373.7,358.34,368.63,34055.32,0
2025-10-27 17:00:00,368.55,369.05,357.12,363.33,34669.571,0
2025-10-27 18:00:00,363.26,363.74,341.22,347.84,44240.731,0
2025-10-27 19:00:00,347.86,351.16,342.36,344.68,21902.072,0
2025-10-27 20:00:00,344.65,349.47,334.1,343.72,45672.52,0
2025-10-27 21:00:00,343.68,349.0,336.96,348.91,18873.288,0
2025-10-27 22:00:00,348.91,349.24,338.67,339.85,23727.496,0
2025-10-27 23:00:00,339.85,342.91,337.0,341.75,19801.697,0
2025-10-28 00:00:00,341.78,343.83,330.0,334.26,51138.975,0
2025-10-28 01:00:00,334.24,336.45,321.3,329.72,57695.95,0
2025-10-28 02:00:00,329.72,341.58,325.66,334.95,22177.86,0
2025-10-28 03:00:00,334.83,338.04,329.18,331.64,13540.082,0
2025-10-28 04:00:00,331.58,338.12,330.43,334.64,13458.522,0
2025-10-28 05:00:00,334.7,337.38,327.54,328.7,11995.08,0
2025-10-28 06:00:00,328.7,332.39,325.64,327.23,28928.958,0
2025-10-28 07:00:00,327.23,330.82,320.34,324.36,20456.559,0
2025-10-28 08:00:00,324.42,333.57,323.57,330.01,13963.721,0
2025-10-28 09:00:00,330.07,330.8,322.42,323.64,16473.485,0
2025-10-28 10:00:00,323.65,326.12,320.0,324.65,16644.717,0
2025-10-28 11:00:00,324.67,330.0,324.65,326.47,14714.835,0
2025-10-28 12:00:00,326.47,336.37,324.03,335.04,29852.129,0
2025-10-28 13:00:00,335.04,343.88,332.2,339.02,49244.972,0
2025-10-28 14:00:00,338.99,339.1,324.93,330.95,41594.514,0
2025-10-28 15:00:00,330.96,333.79,324.39,327.5,28470.851,0
2025-10-28 16:00:00,327.6,327.6,316.44,319.21,53640.495,0
2025-10-28 17:00:00,319.18,320.91,313.32,318.63,36023.144,0
2025-10-28 18:00:00,318.67,318.98,312.5,315.53,24540.202,0
2025-10-28 19:00:00,315.52,317.94,308.87,315.57,32031.004,0
2025-10-28 20:00:00,315.52,321.03,307.84,316.31,33526.556,0
2025-10-28 21:00:00,316.3,323.94,311.8,322.82,20700.838,0
2025-10-28 22:00:00,322.81,322.81,316.37,317.79,14788.119,0
2025-10-28 23:00:00,317.79,318.27,313.07,315.85,8355.5,0
2025-10-29 00:00:00,315.85,317.12,309.77,315.79,9926.229,0
2025-10-29 01:00:00,315.75,324.0,315.43,319.58,19379.541,0
2025-10-29 02:00:00,319.53,323.09,315.22,322.29,21483.952,0
2025-10-29 03:00:00,322.32,322.4,315.03,318.87,16306.937,0
2025-10-29 04:00:00,318.77,323.95,318.02,321.9,9423.275,0
2025-10-29 05:00:00,321.95,323.33,314.03,315.08,13510.892,0
2025-10-29 06:00:00,315.05,320.24,314.51,317.73,10027.205,0
2025-10-29 07:00:00,317.81,319.49,315.48,316.95,7250.553,0
2025-10-29 08:00:00,316.96,319.15,311.31,319.04,15332.981,0
2025-10-29 09:00:00,319.03,331.95,319.0,326.26,36879.582,0
2025-10-29 10:00:00,326.27,334.78,325.8,328.06,37356.996,0
2025-10-29 11:00:00,328.12,335.4,326.63,330.81,25307.051,0
2025-10-29 12:00:00,330.8,343.23,330.49,338.93,38826.082,0
2025-10-29 13:00:00,338.88,349.88,337.53,343.25,53928.432,0
2025-10-29 14:00:00,343.33,343.96,331.54,339.74,34649.889,0
2025-10-29 15:00:00,339.67,342.6,327.0,330.3,36708.54,0
2025-10-29 16:00:00,330.29,333.98,326.73,330.07,26222.253,0
2025-10-29 17:00:00,330.1,349.0,329.32,348.87,31779.708,0
2025-10-29 18:00:00,348.95,350.51,327.52,347.58,80121.486,0
2025-10-29 19:00:00,347.57,355.86,340.76,347.09,37824.076,0
2025-10-29 20:00:00,347.12,358.79,346.97,357.58,35028.202,0
2025-10-29 21:00:00,357.57,363.46,354.97,356.75,19809.203,0
2025-10-29 22:00:00,356.72,361.46,356.06,356.92,17884.598,0
2025-10-29 23:00:00,356.9,357.31,350.29,351.59,18933.319,0
2025-10-30 00:00:00,351.63,362.2,341.54,361.94,26724.712,0
2025-10-30 01:00:00,361.93,368.47,348.27,352.14,31925.663,0
2025-10-30 02:00:00,352.14,354.77,346.22,354.29,20959.797,0
2025-10-30 03:00:00,354.34,360.0,352.87,355.61,17569.051,0
2025-10-30 04:00:00,355.56,355.97,337.12,338.66,61621.858,0
2025-10-30 05:00:00,338.64,346.56,337.72,343.74,20300.818,0
2025-10-30 06:00:00,343.75,346.61,340.8,345.61,16602.199,0
2025-10-30 07:00:00,345.68,363.0,344.27,362.87,45493.781,0
2025-10-30 08:00:00,362.96,364.23,357.43,361.2,37168.954,0
2025-10-30 09:00:00,361.01,367.0,355.43,357.19,27954.629,0
2025-10-30 10:00:00,357.15,363.95,356.6,362.36,14416.324,0
2025-10-30 11:00:00,362.33,362.43,357.9,358.79,13730.22,0
2025-10-30 12:00:00,358.77,360.07,340.18,343.71,52156.285,0
2025-10-30 13:00:00,343.65,343.65,324.31,331.39,70114.985,0
2025-10-30 14:00:00,331.38,338.33,327.39,336.48,34826.222,0
2025-10-30 15:00:00,336.59,338.0,328.0,328.66,33253.475,0
2025-10-30 16:00:00,328.7,338.57,326.81,333.72,31369.078,0
2025-10-30 17:00:00,333.71,333.82,316.0,325.06,61895.301,0
2025-10-30 18:00:00,325.06,325.14,298.03,303.43,80496.048,0
2025-10-30 19:00:00,303.44,318.39,303.41,312.31,37452.748,0
2025-10-30 20:00:00,312.31,333.77,311.32,332.65,62338.353,0
2025-10-30 21:00:00,332.56,341.2,329.47,337.0,36682.365,0
2025-10-30 22:00:00,336.96,340.57,332.67,340.57,33510.002,0
2025-10-30 23:00:00,340.58,347.99,334.2,345.56,43610.017,0
2025-10-31 00:00:00,345.56,350.61,339.45,350.32,36166.068,0
2025-10-31 01:00:00,350.3,355.23,345.62,350.6,44817.944,0
2025-10-31 02:00:00,350.61,363.99,345.77,356.43,61687.023,0
2025-10-31 03:00:00,356.42,374.79,356.0,369.45,77557.327,0
2025-10-31 04:00:00,369.48,381.63,366.0,377.98,74311.53742,0
2025-10-31 05:00:00,377.99,389.98,374.75,380.8,70965.54089,0
2025-10-31 06:00:00,380.8,391.43,377.2,384.22,54160.69039,0
2025-10-31 07:00:00,384.24,389.08,378.47,385.33,37596.465,0
2025-10-31 08:00:00,385.36,389.0,377.92,385.15,37097.178,0
2025-10-31 09:00:00,385.15,387.37,379.0,384.95,33475.455,0
2025-10-31 10:00:00,384.93,389.14,367.72,372.78,45311.522,0
2025-10-31 11:00:00,372.69,377.28,360.71,371.34,53537.58,0
2025-10-31 12:00:00,371.32,373.57,358.04,360.32,42527.769,0
2025-10-31 13:00:00,360.33,369.7,360.33,366.7,30491.976,0
2025-10-31 14:00:00,366.74,388.34,365.5,387.2,74855.129,0
2025-10-31 15:00:00,387.09,389.51,381.5,383.51,48804.634,0
2025-10-31 16:00:00,383.52,387.11,364.0,367.77,54142.738,0
2025-10-31 17:00:00,367.85,385.0,363.0,382.19,50214.524,0
2025-10-31 18:00:00,382.08,384.74,374.62,381.63,36814.942,0
2025-10-31 19:00:00,381.58,387.29,377.99,383.12,28457.782,0
2025-10-31 20:00:00,383.1,388.57,380.0,387.12,30155.804,0
2025-10-31 21:00:00,387.05,400.0,385.33,391.27,65119.2459,0
2025-10-31 22:00:00,391.26,413.0,389.01,409.66,75688.79622,0
2025-10-31 23:00:00,409.67,414.23,403.11,404.54,46112.621,0
2025-11-01 00:00:00,404.57,410.1,401.9,408.63,38773.949,0
2025-11-01 01:00:00,408.56,412.97,398.0,405.56,43235.902,0
2025-11-01 02:00:00,405.41,410.36,400.0,409.32,24793.154,0
2025-11-01 03:00:00,409.19,440.0,408.93,434.23,70951.45925,0
2025-11-01 04:00:00,434.22,434.54,418.36,426.99,31355.242,0
2025-11-01 05:00:00,427.14,443.98,425.64,441.38,43044.74974,0
2025-11-01 06:00:00,441.38,449.8,435.52,442.22,50435.2757,0
2025-11-01 07:00:00,442.54,446.85,433.81,443.46,47815.175,0
2025-11-01 08:00:00,443.48,443.5,423.97,427.91,62136.894,0
2025-11-01 09:00:00,427.9,435.74,422.66,431.22,28748.018,0
2025-11-01 10:00:00,431.18,436.95,422.0,423.25,29270.228,0
2025-11-01 11:00:00,423.22,428.49,417.01,421.42,34650.72,0
2025-11-01 12:00:00,421.48,427.68,415.11,416.02,28068.832,0
2025-11-01 13:00:00,416.1,418.51,405.0,411.15,43546.462,0
2025-11-01 14:00:00,411.15,415.38,393.38,401.02,81692.699,0
2025-11-01 15:00:00,401.03,426.0,398.75,418.86,80509.111,0
2025-11-01 16:00:00,418.88,419.14,407.57,412.82,23973.693,0
2025-11-01 17:00:00,412.73,424.84,412.57,419.63,25541.017,0
2025-11-01 18:00:00,419.81,424.8,416.68,423.67,17458.213,0
2025-11-01 19:00:00,423.6,426.0,418.76,424.48,17306.585,0
2025-11-01 20:00:00,424.49,432.05,413.78,418.96,32463.925,0
2025-11-01 21:00:00,419.02,421.29,410.04,411.24,14280.741,0
2025-11-01 22:00:00,411.3,416.28,410.0,412.11,13989.8,0
2025-11-01 23:00:00,412.29,415.86,409.8,412.13,11667.257,0
2025-11-02 00:00:00,412.07,412.31,397.84,407.98,34598.532,0
2025-11-02 01:00:00,408.02,421.05,407.96,409.84,28973.141,0
2025-11-02 02:00:00,409.83,425.71,408.32,425.22,16609.775,0
2025-11-02 03:00:00,425.28,432.5,417.11,418.74,24188.284,0
2025-11-02 04:00:00,418.74,421.53,410.0,412.45,19062.203,0
2025-11-02 05:00:00,412.48,413.4,406.79,409.33,19116.335,0
2025-11-02 06:00:00,409.31,421.17,407.0,414.25,22904.053,0
2025-11-02 07:00:00,414.26,420.98,410.0,419.65,24526.712,0
2025-11-02 08:00:00,419.62,430.0,417.0,417.36,28867.587,0
2025-11-02 09:00:00,417.36,421.8,415.0,419.18,22248.542,0
2025-11-02 10:00:00,419.15,423.2,410.96,412.45,23579.827,0
2025-11-02 11:00:00,412.42,417.03,411.0,412.84,32421.278,0
2025-11-02 12:00:00,412.85,416.99,403.0,407.11,43049.693,0
2025-11-02 13:00:00,407.14,407.35,394.56,395.75,28342.516,0
2025-11-02 14:00:00,395.79,397.66,372.64,381.36,59160.437,0
2025-11-02 15:00:00,381.35,385.75,372.5,376.41,50837.333,0
2025-11-02 16:00:00,376.33,396.78,367.2,394.35,74869.142,0
2025-11-02 17:00:00,394.17,395.86,386.32,393.19,27532.246,0
2025-11-02 18:00:00,393.22,400.18,389.08,394.62,15337.373,0
2025-11-02 19:00:00,394.49,399.98,389.54,397.21,16701.566,0
2025-11-02 20:00:00,397.21,399.61,391.5,396.45,9008.517,0
2025-11-02 21:00:00,396.49,408.38,394.53,405.52,17905.944,0
2025-11-02 22:00:00,405.54,422.45,405.29,414.31,36884.199,0
2025-11-02 23:00:00,414.32,421.5,408.02,418.52,35160.273,0
2025-11-03 00:00:00,418.4,418.4,407.36,410.87,20542.024,0
2025-11-03 01:00:00,410.72,419.44,408.29,413.08,22997.982,0
2025-11-03 02:00:00,413.04,414.49,395.46,404.32,35327.763,0
2025-11-03 03:00:00,404.33,410.94,382.67,387.47,60531.059,0
2025-11-03 04:00:00,387.39,399.14,385.28,395.02,32208.873,0
2025-11-03 05:00:00,395.16,396.29,378.59,384.33,32578.788,0
2025-11-03 06:00:00,384.3,391.79,383.0,388.63,26822.974,0
2025-11-03 07:00:00,388.52,394.87,387.12,392.76,11866.504,0
2025-11-03 08:00:00,392.76,394.31,381.25,387.45,27137.262,0
2025-11-03 09:00:00,387.45,389.72,377.0,380.34,19171.355,0
2025-11-03 10:00:00,380.16,394.12,380.16,387.73,25383.968,0
2025-11-03 11:00:00,387.78,393.84,387.02,391.74,10144.638,0
2025-11-03 12:00:00,391.79,403.74,390.52,394.24,20680.392,0
2025-11-03 13:00:00,394.23,396.39,390.32,393.7,15408.37,0
2025-11-03 14:00:00,393.7,398.0,382.74,392.54,24721.627,0
2025-11-03 15:00:00,392.71,393.16,374.68,389.58,63354.874,0
2025-11-03 16:00:00,389.6,420.0,387.36,410.71,85963.266,0
2025-11-03 17:00:00,410.72,419.0,408.53,416.07,26331.536,0
2025-11-03 18:00:00,416.05,420.91,410.0,411.25,27235.122,0
2025-11-03 19:00:00,411.33,413.51,406.84,407.76,16459.543,0
2025-11-03 20:00:00,407.76,431.0,407.76,419.0,36369.721,0
2025-11-03 21:00:00,418.8,425.91,411.0,420.05,31798.611,0
2025-11-03 22:00:00,420.05,421.8,406.24,416.82,21609.346,0
2025-11-03 23:00:00,416.84,435.93,413.26,433.88,30181.544,0
2025-11-04 00:00:00,433.83,435.19,410.42,434.72,68713.495,0
2025-11-04 01:00:00,434.6,435.0,417.07,425.26,147597.056,0
2025-11-04 02:00:00,425.22,443.98,422.54,436.89,106588.9,0
2025-11-04 03:00:00,437.03,476.24,434.13,471.04,105003.79676,0
2025-11-04 04:00:00,471.09,484.0,464.4,477.42,71282.7112,0
2025-11-04 05:00:00,477.43,484.84,450.0,451.08,106005.757,0
2025-11-04 06:00:00,451.13,470.0,448.01,462.51,54751.542,0
2025-11-04 07:00:00,462.41,472.59,459.19,465.98,41743.061,0
2025-11-04 08:00:00,465.89,476.1,452.42,469.71,35347.971,0
2025-11-04 09:00:00,469.66,485.03,461.12,469.34,56490.554,0
2025-11-04 10:00:00,469.34,483.73,465.19,469.63,34358.144,0
2025-11-04 11:00:00,469.57,476.14,400.0,409.1,196664.52,0
2025-11-04 12:00:00,409.24,424.44,392.63,404.17,105106.772,0
2025-11-04 13:00:00,404.12,406.3,370.32,402.55,226227.645,0
2025-11-04 14:00:00,402.44,429.14,396.47,419.0,94302.201,0
2025-11-04 15:00:00,419.19,420.04,394.76,395.85,72075.242,0
2025-11-04 16:00:00,395.91,405.38,385.0,388.59,86975.354,0
2025-11-04 17:00:00,388.67,399.0,380.6,388.64,56782.833,0
2025-11-04 18:00:00,388.56,412.05,384.44,406.89,60049.834,0
2025-11-04 19:00:00,406.92,418.02,402.46,404.75,51233.3,0
2025-11-04 20:00:00,404.67,424.17,388.13,411.68,59540.673,0
2025-11-04 21:00:00,411.59,417.86,397.94,413.74,58991.395,0
2025-11-04 22:00:00,413.68,452.28,410.32,440.84,96765.151,0
2025-11-04 23:00:00,440.95,450.3,435.54,441.8,38787.071,0
2025-11-05 00:00:00,441.9,444.5,424.6,436.49,30965.509,0
2025-11-05 01:00:00,436.57,441.97,411.16,426.46,52396.898,0
2025-11-05 02:00:00,426.35,432.57,417.92,425.19,24100.586,0
2025-11-05 03:00:00,425.19,426.85,419.0,424.17,15775.269,0
2025-11-05 04:00:00,424.15,435.48,417.72,430.87,17465.623,0
2025-11-05 05:00:00,430.93,440.0,423.94,425.01,17749.414,0
2025-11-05 06:00:00,425.13,427.0,413.0,425.78,26007.77,0
2025-11-05 07:00:00,425.78,439.2,425.78,436.42,22660.193,0
2025-11-05 08:00:00,436.41,438.25,427.18,434.92,19514.42,0
2025-11-05 09:00:00,434.98,446.33,429.04,443.88,18074.703,0
2025-11-05 10:00:00,443.93,459.32,442.47,445.23,49460.959,0
2025-11-05 11:00:00,445.29,461.14,441.8,454.99,35912.012,0
2025-11-05 12:00:00,455.03,466.21,450.82,454.57,31138.32,0
2025-11-05 13:00:00,454.54,469.0,450.44,462.22,32102.48,0
2025-11-05 14:00:00,462.22,470.82,452.6,467.83,32943.257,0
2025-11-05 15:00:00,467.75,497.5,465.01,482.88,86488.08474,0
2025-11-05 16:00:00,482.88,494.3,473.09,481.01,43193.237,0
2025-11-05 17:00:00,481.03,482.84,470.32,481.58,28902.63,0
2025-11-05 18:00:00,481.58,499.0,461.07,490.41,146112.198,0
2025-11-05 19:00:00,490.53,499.0,476.33,489.85,83188.251,0
2025-11-05 20:00:00,489.85,507.99,482.49,495.73,55963.7899,0
2025-11-05 21:00:00,495.72,504.77,485.01,495.91,32288.65,0
2025-11-05 22:00:00,495.92,498.82,483.17,487.81,21873.262,0
2025-11-05 23:00:00,487.8,496.0,467.62,478.33,34451.437,0
2025-11-06 00:00:00,478.34,489.57,470.96,480.96,22095.586,0
2025-11-06 01:00:00,480.76,482.53,469.08,479.58,18486.819,0
2025-11-06 02:00:00,479.44,484.07,471.41,478.63,34616.598,0
2025-11-06 03:00:00,478.63,495.5,478.33,488.5,27936.727,0
2025-11-06 04:00:00,488.43,505.62,488.24,502.5,24352.339,0
2025-11-06 05:00:00,502.53,510.0,488.26,490.56,41644.097,0
2025-11-06 06:00:00,490.51,523.66,489.85,508.03,77412.332,0
2025-11-06 07:00:00,508.02,523.49,506.88,522.09,43716.025,0
2025-11-06 08:00:00,521.97,526.34,512.28,522.34,28693.339,0
2025-11-06 09:00:00,522.48,524.5,515.81,517.49,23344.122,0
2025-11-06 10:00:00,517.35,521.85,507.01,514.66,44638.831,0
2025-11-06 11:00:00,514.64,536.3,508.76,533.4,47199.193,0
2025-11-06 12:00:00,533.24,540.53,526.0,539.2,37952.025,0
2025-11-06 13:00:00,538.99,551.59,531.52,534.12,51224.87741,0
2025-11-06 14:00:00,534.14,550.0,531.95,535.73,40441.824,0
2025-11-06 15:00:00,535.87,535.91,509.56,516.91,62470.269,0
2025-11-06 16:00:00,516.9,544.03,501.69,532.1,146006.411,0
2025-11-06 17:00:00,532.14,545.74,520.19,541.41,35073.178,0
2025-11-06 18:00:00,541.42,542.0,531.24,534.08,16101.931,0
2025-11-06 19:00:00,534.05,542.24,533.93,537.2,14804.737,0
2025-11-06 20:00:00,537.22,538.88,519.26,522.05,17296.411,0
2025-11-06 21:00:00,522.02,531.52,519.27,522.0,11970.642,0
2025-11-06 22:00:00,521.95,529.27,511.4,521.67,22308.007,0
2025-11-06 23:00:00,521.54,536.99,516.0,535.84,22803.382,0
2025-11-07 00:00:00,535.83,558.0,525.17,552.89,32396.941,0
2025-11-07 01:00:00,552.9,567.0,542.87,552.86,66502.395,0
2025-11-07 02:00:00,552.83,561.01,541.23,558.99,22433.84,0
2025-11-07 03:00:00,558.96,592.58,558.49,584.99,49937.34059,0
2025-11-07 04:00:00,584.87,595.0,575.57,585.3,28230.843,0
2025-11-07 05:00:00,585.15,605.4,584.95,601.68,41653.28208,0
2025-11-07 06:00:00,601.52,613.54,588.0,608.42,44056.946,0
2025-11-07 07:00:00,608.49,634.63,607.02,623.94,75034.8464,0
2025-11-07 08:00:00,624.09,631.47,616.23,629.44,34475.652,0
2025-11-07 09:00:00,629.57,665.0,618.05,637.58,86959.34154,0
2025-11-07 10:00:00,637.59,648.33,610.92,617.32,54676.895,0
2025-11-07 11:00:00,617.43,660.0,593.7,627.93,233642.79,0
2025-11-07 12:00:00,628.18,660.0,602.13,630.27,239141.421,0
2025-11-07 13:00:00,630.17,638.0,615.48,630.77,51742.657,0
2025-11-07 14:00:00,630.77,700.0,625.31,697.72,105393.78276,0
2025-11-07 15:00:00,697.72,750.0,662.53,671.43,252544.11834,0
2025-11-07 16:00:00,671.36,721.9,670.02,706.69,198555.075,0
2025-11-07 17:00:00,706.46,746.0,693.0,723.89,205765.172,0
2025-11-07 18:00:00,723.52,735.5,702.0,712.45,123082.1,0
2025-11-07 19:00:00,712.57,721.0,682.0,682.95,144611.217,0
2025-11-07 20:00:00,682.91,699.89,660.0,688.52,173698.514,0
2025-11-07 21:00:00,688.5,714.38,687.88,694.18,46332.923,0
2025-11-07 22:00:00,694.17,700.41,678.4,688.79,38697.024,0
2025-11-07 23:00:00,688.85,690.5,639.0,645.44,90328.879,0
2025-11-08 00:00:00,645.48,658.93,617.18,636.69,63644.372,0
2025-11-08 01:00:00,636.62,657.54,628.0,631.12,43513.438,0
2025-11-08 02:00:00,631.14,634.51,600.0,615.04,80250.59,0
2025-11-08 03:00:00,615.04,628.8,593.8,594.97,49046.932,0
2025-11-08 04:00:00,594.97,608.2,562.81,563.69,107244.417,0
2025-11-08 05:00:00,563.7,577.0,542.61,559.44,103903.319,0
2025-11-08 06:00:00,559.44,575.11,532.0,564.65,87363.881,0
2025-11-08 07:00:00,564.59,590.0,551.72,584.22,67995.88,0
2025-11-08 08:00:00,584.26,589.95,548.14,553.67,49166.66,0
2025-11-08 09:00:00,553.62,570.9,536.08,551.31,58850.743,0
2025-11-08 10:00:00,551.49,560.2,533.38,549.49,55296.8,0
2025-11-08 11:00:00,549.55,568.74,528.55,538.44,68472.866,0
2025-11-08 12:00:00,538.46,555.14,534.92,550.34,37017.255,0
2025-11-08 13:00:00,550.28,564.62,530.0,531.7,36180.127,0
2025-11-08 14:00:00,532.03,543.79,507.78,532.63,101839.044,0
2025-11-08 15:00:00,532.37,534.73,505.28,511.54,89123.959,0
2025-11-08 16:00:00,511.55,529.94,488.07,519.3,416722.874,0
2025-11-08 17:00:00,519.3,596.66,502.27,586.66,417968.067,0
2025-11-08 18:00:00,586.72,627.0,567.0,618.53,180285.357,0
2025-11-08 19:00:00,618.53,620.14,559.3,588.09,109499.508,0
2025-11-08 20:00:00,588.09,588.09,568.12,577.92,37222.929,0
2025-11-08 21:00:00,577.88,599.86,568.02,591.44,39102.172,0
2025-11-08 22:00:00,591.44,620.0,585.08,607.0,49736.036,0
2025-11-08 23:00:00,606.97,615.47,590.01,600.77,34260.162,0
2025-11-09 00:00:00,600.71,603.51,575.0,577.08,45975.163,0
2025-11-09 01:00:00,577.21,586.12,568.61,580.23,30780.242,0
2025-11-09 02:00:00,580.43,581.55,541.09,545.33,53865.207,0
2025-11-09 03:00:00,545.22,552.97,534.0,540.73,39664.605,0
2025-11-09 04:00:00,540.73,565.29,529.34,547.63,48739.925,0
2025-11-09 05:00:00,547.63,556.93,543.21,553.02,18614.06,0
2025-11-09 06:00:00,553.02,581.0,549.07,579.34,46541.222,0
2025-11-09 07:00:00,579.07,610.0,574.76,588.69,57994.878,0
2025-11-09 08:00:00,588.69,590.0,571.0,583.74,22607.216,0
2025-11-09 09:00:00,583.8,598.25,581.65,595.61,44677.722,0
2025-11-09 10:00:00,595.53,610.84,585.72,607.58,45409.164,0
2025-11-09 11:00:00,607.44,619.0,603.28,606.58,46429.306,0
2025-11-09 12:00:00,606.57,620.0,594.21,607.49,42688.888,0
2025-11-09 13:00:00,607.58,615.55,594.5,595.68,33595.417,0
2025-11-09 14:00:00,595.64,643.24,594.84,628.65,73555.341,0
2025-11-09 15:00:00,628.65,657.18,627.46,645.08,59917.047,0
2025-11-09 16:00:00,645.08,653.0,625.88,630.1,71940.99,0
2025-11-09 17:00:00,630.22,657.23,626.99,653.89,45104.593,0
2025-11-09 18:00:00,653.75,669.39,643.58,662.15,41929.339,0
2025-11-09 19:00:00,662.1,664.2,632.74,643.44,130553.559,0
2025-11-09 20:00:00,643.44,647.6,630.26,643.96,25752.842,0
2025-11-09 21:00:00,643.97,645.99,625.55,637.4,20146.166,0
2025-11-09 22:00:00,637.31,639.2,614.74,616.89,59993.886,0
2025-11-09 23:00:00,616.89,628.46,607.1,615.8,40679.51,0
2025-11-10 00:00:00,615.8,659.45,607.6,652.69,50092.344,0
2025-11-10 01:00:00,652.69,654.11,627.56,645.04,37541.064,0
2025-11-10 02:00:00,644.98,653.0,629.17,643.47,27824.253,0
2025-11-10 03:00:00,643.46,669.12,639.93,660.96,29344.362,0
2025-11-10 04:00:00,660.96,661.75,642.58,646.48,24674.257,0
2025-11-10 05:00:00,646.53,655.5,638.87,654.82,19017.574,0
2025-11-10 06:00:00,654.88,670.67,654.0,666.39,24788.277,0
2025-11-10 07:00:00,666.38,684.28,664.47,679.95,29698.671,0
2025-11-10 08:00:00,680.03,680.85,655.0,657.75,22012.098,0
2025-11-10 09:00:00,657.67,665.89,650.0,657.0,21255.583,0
2025-11-10 10:00:00,657.08,660.46,625.03,630.96,44323.982,0
2025-11-10 11:00:00,630.8,643.0,628.38,636.47,20346.403,0
2025-11-10 12:00:00,636.46,637.28,619.55,626.11,32772.523,0
2025-11-10 13:00:00,626.16,639.66,623.74,627.39,24045.819,0
2025-11-10 14:00:00,627.33,631.88,596.05,606.18,270447.396,0
2025-11-10 15:00:00,606.18,625.53,597.65,612.5,264874.363,0
2025-11-10 16:00:00,612.6,615.0,524.98,570.8,342671.867,0
2025-11-10 17:00:00,570.8,622.0,562.2,593.48,698713.711,0
2025-11-10 18:00:00,593.61,602.9,571.97,586.37,327452.145,0
2025-11-10 19:00:00,586.37,595.81,569.5,588.51,167350.527,0
2025-11-10 20:00:00,588.58,598.05,556.96,569.27,112149.125,0
2025-11-10 21:00:00,569.27,573.33,512.37,534.08,365534.705,0
2025-11-10 22:00:00,534.04,557.61,516.94,524.49,268172.368,0
2025-11-10 23:00:00,524.4,546.31,516.93,522.13,105094.937,0
2025-11-11 00:00:00,522.18,536.16,503.02,524.24,65561.804,0
2025-11-11 01:00:00,524.26,600.0,522.84,569.83,252336.226,0
2025-11-11 02:00:00,569.84,580.0,549.76,565.13,72287.575,0
2025-11-11 03:00:00,565.1,571.8,537.84,537.99,33371.873,0
2025-11-11 04:00:00,538.02,548.89,522.13,530.77,34633.826,0
2025-11-11 05:00:00,530.76,530.76,510.0,515.71,36741.99,0
2025-11-11 06:00:00,515.68,531.76,506.46,514.36,56317.52,0
2025-11-11 07:00:00,514.36,524.73,471.48,473.17,261538.182,0
2025-11-11 08:00:00,472.96,492.73,471.5,485.33,84825.897,0
2025-11-11 09:00:00,485.43,491.3,467.52,484.72,72210.077,0
2025-11-11 10:00:00,484.68,496.66,480.04,489.96,37500.808,0
2025-11-11 11:00:00,490.1,496.48,475.16,478.96,46873.96,0
2025-11-11 12:00:00,479.12,496.32,460.44,493.12,90435.437,0
2025-11-11 13:00:00,493.12,512.51,486.77,491.8,75891.248,0
2025-11-11 14:00:00,491.72,520.8,475.76,500.0,161409.782,0
2025-11-11 15:00:00,500.0,508.59,493.12,506.35,40728.196,0
2025-11-11 16:00:00,506.25,521.0,486.25,494.54,66623.66,0
2025-11-11 17:00:00,494.53,497.5,484.31,489.79,26371.481,0
2025-11-11 18:00:00,489.92,499.9,487.69,499.61,23114.067,0
2025-11-11 19:00:00,499.55,507.0,481.33,483.56,27687.58,0
2025-11-11 20:00:00,483.56,484.71,464.67,469.63,39169.768,0
2025-11-11 21:00:00,469.64,488.05,468.68,475.43,25721.207,0
2025-11-11 22:00:00,475.43,475.53,461.0,470.81,24448.688,0
2025-11-11 23:00:00,470.78,475.21,440.44,443.43,72918.55,0
2025-11-12 00:00:00,443.48,452.82,425.0,425.78,85707.62,0
2025-11-12 01:00:00,425.88,471.08,424.15,461.32,128104.176,0
2025-11-12 02:00:00,461.36,481.63,460.34,477.3,96813.288,0
2025-11-12 03:00:00,477.17,483.8,466.0,467.73,56626.52,0
2025-11-12 04:00:00,467.72,471.8,457.47,465.84,37203.218,0
2025-11-12 05:00:00,465.85,470.61,458.18,464.62,17078.522,0
2025-11-12 06:00:00,464.64,474.0,459.76,460.01,25444.169,0
2025-11-12 07:00:00,459.95,460.17,446.28,457.53,29667.346,0
2025-11-12 08:00:00,457.53,487.72,456.55,471.19,98065.823,0
2025-11-12 09:00:00,471.19,487.5,468.51,473.72,92279.421,0
2025-11-12 10:00:00,473.66,485.38,472.39,477.55,25868.296,0
2025-11-12 11:00:00,477.56,484.0,468.0,475.69,47814.289,0
2025-11-12 12:00:00,475.7,481.81,464.41,466.71,40189.676,0
2025-11-12 13:00:00,466.59,478.85,463.2,476.16,22521.679,0
2025-11-12 14:00:00,476.11,483.52,459.2,467.04,77346.502,0
2025-11-12 15:00:00,467.01,468.58,449.09,455.01,46579.42,0
2025-11-12 16:00:00,455.01,459.8,445.79,453.84,43322.405,0
2025-11-12 17:00:00,453.85,470.49,449.29,467.06,39554.315,0
2025-11-12 18:00:00,467.08,484.58,465.9,474.91,66268.189,0
2025-11-12 19:00:00,474.85,493.9,468.24,491.77,49640.888,0
2025-11-12 20:00:00,491.97,539.47,491.1,532.59,113846.14,0
2025-11-12 21:00:00,532.59,547.76,516.85,531.9,85599.202,0
2025-11-12 22:00:00,531.9,538.0,503.23,521.93,59013.653,0
2025-11-12 23:00:00,521.93,523.04,503.23,504.91,44021.67,0
2025-11-13 00:00:00,504.91,520.75,500.44,516.12,47118.871,0
2025-11-13 01:00:00,516.23,528.77,502.71,508.95,68900.058,0
2025-11-13 02:00:00,508.86,511.71,501.25,504.14,29124.81,0
2025-11-13 03:00:00,504.17,517.11,489.41,513.01,46999.649,0
2025-11-13 04:00:00,513.01,520.61,509.47,516.8,29444.211,0
2025-11-13 05:00:00,516.79,523.06,505.21,518.39,28499.224,0
2025-11-13 06:00:00,518.38,523.29,513.03,514.02,18733.762,0
2025-11-13 07:00:00,514.03,514.33,491.27,495.77,34558.301,0
2025-11-13 08:00:00,495.69,506.13,491.84,501.19,39987.848,0
2025-11-13 09:00:00,501.15,505.71,488.79,497.66,46111.561,0
2025-11-13 10:00:00,497.68,505.91,489.77,497.82,28137.3,0
2025-11-13 11:00:00,497.62,508.9,493.98,506.59,20060.701,0
2025-11-13 12:00:00,506.81,513.33,501.95,504.46,21322.923,0
2025-11-13 13:00:00,504.4,505.49,497.29,500.68,18888.477,0
2025-11-13 14:00:00,500.68,507.04,475.7,497.87,70417.814,0
2025-11-13 15:00:00,497.82,498.31,485.25,496.76,46443.237,0
2025-11-13 16:00:00,496.83,507.24,483.48,488.26,58412.289,0
2025-11-13 17:00:00,488.32,498.38,472.48,477.59,60025.866,0
2025-11-13 18:00:00,477.71,502.82,469.71,501.71,52436.265,0
2025-11-13 19:00:00,501.8,526.38,496.89,505.21,70331.374,0
2025-11-13 20:00:00,505.26,520.28,504.2,507.46,33062.871,0
2025-11-13 21:00:00,507.49,511.37,486.0,500.95,42856.252,0
2025-11-13 22:00:00,501.0,527.88,501.0,524.73,38925.23,0
2025-11-13 23:00:00,524.96,536.97,518.3,519.51,46509.31,0
2025-11-14 00:00:00,519.6,521.64,510.0,511.06,29281.416,0
2025-11-14 01:00:00,511.12,516.67,505.29,507.93,16887.587,0
2025-11-14 02:00:00,507.93,516.07,506.93,514.96,20359.101,0
2025-11-14 03:00:00,515.0,522.17,504.11,511.42,28850.183,0
2025-11-14 04:00:00,511.4,511.73,485.0,489.7,76687.848,0
2025-11-14 05:00:00,489.71,492.67,483.51,490.29,37921.235,0
2025-11-14 06:00:00,490.29,503.35,483.7,500.85,45660.519,0
2025-11-14 07:00:00,500.83,510.0,498.0,507.75,26427.703,0
2025-11-14 08:00:00,507.75,528.27,504.35,518.0,54329.985,0
2025-11-14 09:00:00,518.0,530.56,517.57,525.36,36922.374,0
2025-11-14 10:00:00,525.42,534.99,521.09,522.11,29915.939,0
2025-11-14 11:00:00,522.27,532.5,516.55,529.26,23491.681,0
2025-11-14 12:00:00,529.17,550.59,518.7,548.13,71878.731,0
2025-11-14 13:00:00,548.13,578.5,533.66,539.11,167475.143,0
2025-11-14 14:00:00,539.26,573.21,535.1,570.19,86716.359,0
2025-11-14 15:00:00,570.08,593.8,556.7,588.19,94898.829,0
2025-11-14 16:00:00,588.22,588.78,564.27,569.03,97462.582,0
2025-11-14 17:00:00,569.04,577.97,562.45,570.77,36809.889,0
2025-11-14 18:00:00,570.43,601.91,570.23,585.25,74878.581,0
2025-11-14 19:00:00,585.27,602.1,577.01,585.22,33618.276,0
2025-11-14 20:00:00,585.22,591.12,572.36,580.19,27721.396,0
2025-11-14 21:00:00,580.15,590.0,571.52,577.02,17805.129,0
2025-11-14 22:00:00,577.08,597.99,577.08,595.85,21604.935,0
2025-11-14 23:00:00,595.84,614.93,586.01,608.68,39790.529,0
2025-11-15 00:00:00,608.71,650.81,598.56,646.59,72519.136,0
2025-11-15 01:00:00,646.54,667.16,637.12,654.3,58568.663,0
2025-11-15 02:00:00,654.35,664.8,642.47,662.17,46239.148,0
2025-11-15 03:00:00,662.17,743.0,657.37,688.99,144901.403,0
2025-11-15 04:00:00,689.24,723.0,680.0,683.91,99251.709,0
2025-11-15 05:00:00,683.96,712.2,671.24,708.24,76434.439,0
2025-11-15 06:00:00,708.41,732.56,695.0,700.48,75061.388,0
2025-11-15 07:00:00,700.27,702.4,678.56,683.08,41877.029,0
2025-11-15 08:00:00,683.09,687.19,656.96,673.43,59430.411,0
2025-11-15 09:00:00,673.44,679.65,655.94,660.46,54816.499,0
2025-11-15 10:00:00,660.36,661.0,625.33,638.84,112646.838,0
2025-11-15 11:00:00,638.75,654.07,632.68,647.58,49283.512,0
2025-11-15 12:00:00,647.4,651.68,623.97,645.68,49778.739,0
2025-11-15 13:00:00,645.84,690.0,637.4,688.03,86390.553,0
2025-11-15 14:00:00,688.25,710.0,665.15,686.02,104850.595,0
2025-11-15 15:00:00,686.18,691.48,668.94,672.0,35740.834,0
2025-11-15 16:00:00,671.92,675.05,640.0,656.95,58742.001,0
2025-11-15 17:00:00,656.91,671.0,632.89,655.96,36026.637,0
2025-11-15 18:00:00,655.79,667.85,649.52,664.91,23084.485,0
2025-11-15 19:00:00,664.99,682.25,663.0,672.87,29935.34,0
2025-11-15 20:00:00,672.85,674.17,653.64,659.99,23999.519,0
2025-11-15 21:00:00,659.74,695.68,659.7,684.11,53599.647,0
2025-11-15 22:00:00,684.12,690.56,674.48,678.64,23270.359,0
2025-11-15 23:00:00,678.69,689.99,668.47,670.84,21125.601,0
2025-11-16 00:00:00,670.78,672.36,649.0,662.32,22850.139,0
2025-11-16 01:00:00,662.47,692.0,655.71,681.88,26854.434,0
2025-11-16 02:00:00,681.82,713.55,681.5,702.34,53878.711,0
2025-11-16 03:00:00,702.4,706.77,678.27,689.53,42521.361,0
2025-11-16 04:00:00,689.53,690.23,667.56,671.6,18714.186,0
2025-11-16 05:00:00,671.58,685.31,671.0,671.0,17396.806,0
2025-11-16 06:00:00,671.06,703.3,667.36,687.84,28000.243,0
2025-11-16 07:00:00,687.87,700.0,655.97,681.67,145046.119,0
2025-11-16 08:00:00,681.42,699.99,666.46,691.06,189877.497,0
2025-11-16 09:00:00,691.14,717.0,686.35,703.34,148138.161,0
2025-11-16 10:00:00,703.34,730.0,692.09,707.74,153223.718,0
2025-11-16 11:00:00,707.8,712.15,690.73,699.27,51151.769,0
2025-11-16 12:00:00,699.27,723.79,695.15,716.35,116308.969,0
2025-11-16 13:00:00,715.99,726.02,695.3,706.58,172537.383,0
2025-11-16 14:00:00,706.6,717.65,696.72,715.02,45715.951,0
2025-11-16 15:00:00,715.01,735.0,701.0,702.37,158464.525,0
2025-11-16 16:00:00,702.42,740.0,701.0,718.57,179960.338,0
2025-11-16 17:00:00,718.29,734.99,705.64,709.1,131691.823,0
2025-11-16 18:00:00,709.12,716.42,668.19,686.74,186675.378,0
2025-11-16 19:00:00,686.73,699.99,667.08,670.29,65217.121,0
2025-11-16 20:00:00,670.46,689.43,662.5,682.87,38749.185,0
2025-11-16 21:00:00,682.76,684.62,655.01,672.58,37237.846,0
2025-11-16 22:00:00,672.56,693.75,666.47,686.65,25550.791,0
2025-11-16 23:00:00,686.44,711.0,679.02,699.0,37076.582,0
2025-11-17 00:00:00,699.15,728.66,691.0,704.28,119024.141,0
2025-11-17 01:00:00,704.28,719.31,690.0,704.25,228479.162,0
2025-11-17 02:00:00,704.13,722.99,702.89,708.43,54912.719,0
2025-11-17 03:00:00,708.36,716.64,690.0,696.7,48057.606,0
2025-11-17 04:00:00,696.66,701.97,681.77,682.25,46763.732,0
2025-11-17 05:00:00,682.17,693.79,679.33,689.02,24978.851,0
2025-11-17 06:00:00,688.92,693.68,678.0,693.26,17054.335,0
2025-11-17 07:00:00,693.35,697.24,678.5,680.73,18313.852,0
2025-11-17 08:00:00,680.8,687.96,667.91,679.72,35312.751,0
2025-11-17 09:00:00,679.56,684.61,666.37,672.5,22247.149,0
2025-11-17 10:00:00,672.63,680.94,668.62,678.87,15029.649,0
2025-11-17 11:00:00,678.88,690.24,672.94,684.44,21091.552,0
2025-11-17 12:00:00,684.33,690.0,682.07,685.38,18551.098,0
2025-11-17 13:00:00,685.52,686.07,643.49,653.29,64464.975,0
2025-11-17 14:00:00,653.44,700.0,651.12,689.26,70506.804,0
2025-11-17 15:00:00,689.2,696.23,662.99,674.07,41621.033,0
2025-11-17 16:00:00,674.04,694.77,667.61,689.93,27521.081,0
2025-11-17 17:00:00,689.96,690.6,670.6,676.81,15927.914,0
2025-11-17 18:00:00,676.77,686.81,635.8,651.16,87071.387,0
2025-11-17 19:00:00,651.07,655.87,622.53,629.85,71010.57,0
2025-11-17 20:00:00,629.9,648.83,628.57,639.6,30976.013,0
2025-11-17 21:00:00,639.71,653.22,627.15,653.22,25509.418,0
2025-11-17 22:00:00,653.0,658.41,643.24,644.02,27214.422,0
2025-11-17 23:00:00,644.07,644.56,605.61,610.54,69599.143,0
2025-11-18 00:00:00,610.54,619.26,595.71,610.82,67031.014,0
2025-11-18 01:00:00,610.82,629.59,605.08,610.22,35605.239,0
2025-11-18 02:00:00,610.17,627.47,602.58,603.67,34745.505,0
2025-11-18 03:00:00,603.66,633.75,598.38,633.01,37532.983,0
2025-11-18 04:00:00,633.37,634.25,612.02,621.52,28767.277,0
2025-11-18 05:00:00,621.53,629.81,608.0,615.37,27708.074,0
2025-11-18 06:00:00,615.36,617.03,579.03,580.24,62376.49,0
2025-11-18 07:00:00,580.15,598.38,580.1,589.34,33837.898,0
2025-11-18 08:00:00,589.57,608.47,589.47,600.4,32692.772,0
2025-11-18 09:00:00,600.46,606.65,586.72,593.54,24065.781,0
2025-11-18 10:00:00,593.53,595.67,576.46,583.92,37924.537,0
2025-11-18 11:00:00,583.89,584.27,565.03,569.32,37016.497,0
2025-11-18 12:00:00,569.29,579.32,565.8,570.16,19781.682,0
2025-11-18 13:00:00,570.02,570.09,549.1,557.15,156693.613,0
2025-11-18 14:00:00,557.2,567.94,545.0,559.19,54618.381,0
2025-11-18 15:00:00,559.16,596.61,550.33,579.25,78061.801,0
2025-11-18 16:00:00,579.26,612.21,574.28,609.93,95656.627,0
2025-11-18 17:00:00,609.93,623.77,596.86,621.88,90612.085,0
2025-11-18 18:00:00,621.88,654.95,618.34,638.28,113457.809,0
2025-11-18 19:00:00,638.28,653.89,632.16,637.9,43407.538,0
2025-11-18 20:00:00,637.95,638.62,623.75,631.95,26857.325,0
2025-11-18 21:00:00,632.1,633.93,615.1,616.7,23867.814,0
2025-11-18 22:00:00,616.7,630.11,616.7,623.64,18476.215,0
2025-11-18 23:00:00,623.64,629.49,619.58,625.26,11621.229,0
2025-11-19 00:00:00,625.08,625.43,603.2,608.45,27217.123,0
2025-11-19 01:00:00,608.37,614.33,597.65,606.2,17480.379,0
2025-11-19 02:00:00,606.2,617.53,604.0,612.74,23167.322,0
2025-11-19 03:00:00,612.67,617.35,596.64,600.56,25224.964,0
2025-11-19 04:00:00,600.44,608.0,592.73,598.44,21444.578,0
2025-11-19 05:00:00,598.44,607.83,584.0,586.36,27704.248,0
2025-11-19 06:00:00,586.69,596.29,581.74,588.39,21885.247,0
2025-11-19 07:00:00,588.34,605.61,587.47,602.46,17755.133,0
2025-11-19 08:00:00,602.38,604.0,596.25,601.21,11533.104,0
2025-11-19 09:00:00,601.27,622.0,597.39,618.86,30305.124,0
2025-11-19 10:00:00,618.62,627.69,614.4,623.52,21689.562,0
2025-11-19 11:00:00,623.5,626.56,614.71,621.6,11940.993,0
2025-11-19 12:00:00,621.63,636.25,616.76,626.63,31817.326,0
2025-11-19 13:00:00,626.63,630.59,615.01,616.83,20833.363,0
2025-11-19 14:00:00,616.87,639.29,610.4,637.35,37462.628,0
2025-11-19 15:00:00,637.37,650.0,621.1,625.21,49712.806,0
2025-11-19 16:00:00,625.06,630.0,592.1,603.7,147515.734,0
2025-11-19 17:00:00,603.7,636.0,599.5,630.58,99828.742,0
2025-11-19 18:00:00,630.55,641.13,618.38,632.73,101274.238,0
2025-11-19 19:00:00,632.8,635.0,617.5,622.59,61592.925,0
2025-11-19 20:00:00,622.55,664.98,621.23,653.05,81601.556,0
2025-11-19 21:00:00,653.28,675.16,641.88,664.49,65541.965,0
2025-11-19 22:00:00,664.35,683.34,655.43,675.95,78684.189,0
2025-11-19 23:00:00,675.96,685.99,666.49,674.7,50352.401,0
2025-11-20 00:00:00,674.71,677.33,659.11,674.82,36066.057,0
2025-11-20 01:00:00,674.88,684.8,669.5,679.2,36841.149,0
2025-11-20 02:00:00,679.27,684.33,668.62,675.93,19738.411,0
2025-11-20 03:00:00,675.96,706.66,674.36,693.13,47656.288,0
2025-11-20 04:00:00,692.91,697.56,684.28,688.01,20936.242,0
2025-11-20 05:00:00,687.85,694.6,684.74,686.11,12595.421,0
2025-11-20 06:00:00,686.24,703.42,677.07,683.1,25286.426,0
2025-11-20 07:00:00,683.12,683.21,666.45,672.15,34119.253,0
2025-11-20 08:00:00,672.13,675.07,665.54,674.06,21998.865,0
2025-11-20 09:00:00,674.06,678.64,667.38,672.1,17631.245,0
2025-11-20 10:00:00,672.04,674.74,668.59,672.83,7901.323,0
2025-11-20 11:00:00,672.89,683.09,669.23,672.7,23283.483,0
2025-11-20 12:00:00,672.77,695.43,670.93,688.47,39763.301,0
2025-11-20 13:00:00,688.57,718.0,684.98,703.97,84728.215,0
2025-11-20 14:00:00,703.97,715.0,690.59,702.0,98926.341,0
2025-11-20 15:00:00,701.99,715.0,686.54,687.4,62630.36,0
2025-11-20 16:00:00,687.36,698.0,676.5,688.19,107731.754,0
2025-11-20 17:00:00,688.15,714.56,678.3,691.06,153878.318,0
2025-11-20 18:00:00,690.97,697.97,680.05,697.83,82938.538,0
2025-11-20 19:00:00,697.89,711.02,687.16,690.57,38915.875,0
2025-11-20 20:00:00,690.57,694.0,673.8,682.05,28085.976,0
2025-11-20 21:00:00,682.07,705.0,679.69,697.93,21385.367,0
2025-11-20 22:00:00,697.92,706.76,691.51,698.0,18258.702,0
2025-11-20 23:00:00,698.03,700.61,653.37,655.82,44162.913,0
2025-11-21 00:00:00,655.82,673.33,654.96,671.25,33895.169,0
2025-11-21 01:00:00,671.21,688.21,670.57,675.81,21261.341,0
2025-11-21 02:00:00,675.81,675.81,655.66,659.96,27635.435,0
2025-11-21 03:00:00,659.88,671.42,647.89,647.92,28386.796,0
2025-11-21 04:00:00,647.89,662.77,637.52,658.82,37817.562,0
2025-11-21 05:00:00,658.7,664.98,652.16,660.62,17279.014,0
2025-11-21 06:00:00,660.68,665.29,652.3,660.36,12361.929,0
2025-11-21 07:00:00,660.31,687.99,638.67,684.34,61884.986,0
2025-11-21 08:00:00,684.33,699.0,666.99,671.84,45772.162,0
2025-11-21 09:00:00,671.82,680.47,657.3,660.36,48223.662,0
2025-11-21 10:00:00,660.24,664.01,627.89,630.64,80649.143,0
2025-11-21 11:00:00,630.55,640.68,604.14,618.5,91811.45,0
2025-11-21 12:00:00,618.47,644.15,595.08,631.19,105816.592,0
2025-11-21 13:00:00,631.2,644.91,613.46,637.54,55539.944,0
2025-11-21 14:00:00,637.74,646.0,624.15,639.67,46224.24,0
2025-11-21 15:00:00,639.82,642.58,612.24,616.33,54532.812,0
2025-11-21 16:00:00,616.26,619.8,586.11,615.59,82730.621,0
2025-11-21 17:00:00,615.66,627.52,601.04,601.52,43695.217,0
2025-11-21 18:00:00,601.41,604.86,577.33,592.5,62522.034,0
2025-11-21 19:00:00,592.51,598.24,581.59,590.92,26488.332,0
2025-11-21 20:00:00,590.68,591.42,564.4,581.48,53981.238,0
2025-11-21 21:00:00,581.47,584.03,557.88,567.71,37700.123,0
2025-11-21 22:00:00,567.74,572.66,519.4,520.08,82301.654,0
2025-11-21 23:00:00,519.94,551.82,512.75,550.76,59755.332,0
2025-11-22 00:00:00,550.76,550.9,515.03,527.62,64454.826,0
2025-11-22 01:00:00,527.69,547.84,524.92,543.0,195543.505,0
2025-11-22 02:00:00,543.0,549.97,524.0,532.18,119333.564,0
2025-11-22 03:00:00,532.34,540.43,518.74,519.48,85775.111,0
2025-11-22 04:00:00,519.46,523.46,479.09,509.33,130512.171,0
2025-11-22 05:00:00,509.24,510.44,470.32,483.31,127376.402,0
2025-11-22 06:00:00,483.69,511.97,481.43,508.11,93108.603,0
2025-11-22 07:00:00,508.14,519.99,500.15,515.01,127410.657,0
2025-11-22 08:00:00,515.03,516.05,490.38,493.89,42971.169,0
2025-11-22 09:00:00,493.82,515.64,490.65,509.33,83816.621,0
2025-11-22 10:00:00,509.3,522.19,502.97,510.52,33327.53,0
2025-11-22 11:00:00,510.55,530.66,508.9,513.44,47254.626,0
2025-11-22 12:00:00,513.47,519.59,497.31,502.31,41506.402,0
2025-11-22 13:00:00,502.32,516.38,498.38,500.72,43531.451,0
2025-11-22 14:00:00,500.62,527.84,499.58,516.45,82563.602,0
2025-11-22 15:00:00,516.58,522.62,511.25,522.34,86492.566,0
2025-11-22 16:00:00,522.29,524.5,512.67,518.05,41743.42,0
2025-11-22 17:00:00,517.92,521.99,515.64,521.05,15077.055,0
2025-11-22 18:00:00,521.04,523.11,504.04,507.46,27879.418,0
2025-11-22 19:00:00,507.54,508.99,500.0,502.55,16780.34,0
2025-11-22 20:00:00,502.56,507.4,485.08,494.01,32337.694,0
2025-11-22 21:00:00,493.9,520.75,487.59,512.1,106818.651,0
2025-11-22 22:00:00,512.15,522.4,504.46,519.85,86214.913,0
2025-11-22 23:00:00,519.84,524.27,512.35,518.0,50138.319,0
2025-11-23 00:00:00,518.0,522.86,514.48,518.31,20034.006,0
2025-11-23 01:00:00,518.32,579.9,516.0,574.48,93097.722,0
2025-11-23 02:00:00,574.8,605.0,569.44,594.74,64577.34,0
2025-11-23 03:00:00,594.76,603.99,576.13,582.38,58809.486,0
2025-11-23 04:00:00,582.23,585.22,566.33,580.27,46944.641,0
2025-11-23 05:00:00,580.25,597.47,570.71,592.03,25455.888,0
2025-11-23 06:00:00,592.03,594.75,566.0,569.02,31496.001,0
2025-11-23 07:00:00,569.1,573.24,553.5,570.58,48185.348,0
2025-11-23 08:00:00,570.59,576.99,559.71,571.67,40243.103,0
2025-11-23 09:00:00,571.68,582.06,567.42,580.89,19162.298,0
2025-11-23 10:00:00,580.95,580.95,569.32,570.32,14350.158,0
2025-11-23 11:00:00,570.35,573.41,562.96,568.4,17696.298,0
2025-11-23 12:00:00,568.4,580.24,565.83,574.4,14938.493,0
2025-11-23 13:00:00,574.33,575.95,563.71,571.22,19284.007,0
2025-11-23 14:00:00,571.06,584.0,566.07,574.19,31540.58,0
2025-11-23 15:00:00,574.18,588.08,572.05,577.71,30032.177,0
2025-11-23 16:00:00,577.62,584.21,570.7,571.37,16418.451,0
2025-11-23 17:00:00,571.49,576.55,567.65,575.74,22436.283,0
2025-11-23 18:00:00,575.75,590.33,575.32,588.06,21408.303,0
2025-11-23 19:00:00,588.01,610.92,584.45,605.24,32680.08,0
2025-11-23 20:00:00,605.23,606.39,590.72,595.64,17036.93,0
2025-11-23 21:00:00,595.76,599.49,582.55,596.0,24572.373,0
2025-11-23 22:00:00,595.93,598.55,585.01,592.68,19273.94,0
2025-11-23 23:00:00,592.84,595.68,570.06,572.91,30965.843,0
2025-11-24 00:00:00,572.8,583.23,561.61,577.06,34074.261,0
2025-11-24 01:00:00,577.05,578.61,564.02,570.62,19831.392,0
2025-11-24 02:00:00,570.71,587.86,569.01,581.5,28720.338,0
2025-11-24 03:00:00,581.4,590.4,579.57,583.28,18932.944,0
2025-11-24 04:00:00,583.33,584.5,568.15,569.61,20493.062,0
2025-11-24 05:00:00,569.63,578.99,555.8,559.04,27294.398,0
2025-11-24 06:00:00,559.05,559.99,529.0,538.25,49849.9,0
2025-11-24 07:00:00,538.2,546.32,533.88,544.59,15347.319,0
2025-11-24 08:00:00,544.59,550.0,538.25,543.81,16241.701,0
2025-11-24 09:00:00,543.84,544.49,531.79,534.82,19977.911,0
2025-11-24 10:00:00,534.85,549.0,534.3,546.72,13308.557,0
2025-11-24 11:00:00,546.8,548.89,540.92,545.98,11939.706,0
2025-11-24 12:00:00,545.95,547.23,535.75,538.29,14484.809,0
2025-11-24 13:00:00,538.29,546.3,536.4,542.83,12172.716,0
2025-11-24 14:00:00,542.7,569.51,535.1,565.11,39070.104,0
2025-11-24 15:00:00,565.12,573.22,557.25,564.69,43189.837,0
2025-11-24 16:00:00,564.73,573.52,557.76,559.99,19809.574,0
2025-11-24 17:00:00,559.9,585.54,557.05,585.39,26868.722,0
2025-11-24 18:00:00,585.27,595.0,565.57,573.08,52204.5,0
2025-11-24 19:00:00,573.18,577.41,561.86,562.31,23703.231,0
2025-11-24 20:00:00,562.48,565.8,546.35,551.09,29380.286,0
2025-11-24 21:00:00,550.93,553.94,529.67,538.52,27708.135,0
2025-11-24 22:00:00,538.37,542.12,525.83,531.42,27916.655,0
2025-11-24 23:00:00,531.37,536.8,515.58,519.94,33987.882,0
2025-11-25 00:00:00,519.92,531.51,517.51,524.55,33682.731,0
2025-11-25 01:00:00,524.49,534.37,522.57,526.57,24379.924,0
2025-11-25 02:00:00,526.58,528.63,502.74,506.87,48508.528,0
2025-11-25 03:00:00,506.88,513.27,500.3,510.87,19398.869,0
2025-11-25 04:00:00,510.87,516.47,507.35,513.94,18281.24,0
2025-11-25 05:00:00,513.99,532.97,511.54,525.33,34681.916,0
2025-11-25 06:00:00,525.34,525.86,521.17,521.72,10940.862,0
2025-11-25 07:00:00,521.72,524.87,507.32,509.32,21180.329,0
2025-11-25 08:00:00,509.1,513.91,502.07,505.76,25864.84,0
2025-11-25 09:00:00,505.87,518.07,494.8,511.79,49975.888,0
2025-11-25 10:00:00,511.89,512.0,499.05,503.0,17395.489,0
2025-11-25 11:00:00,503.01,503.27,483.2,497.43,36079.538,0
2025-11-25 12:00:00,497.59,510.67,495.76,506.06,21648.251,0
2025-11-25 13:00:00,506.05,512.75,501.95,502.46,19782.931,0
2025-11-25 14:00:00,502.42,507.62,496.45,503.69,37775.64,0
2025-11-25 15:00:00,503.74,507.28,493.27,498.72,23438.212,0
2025-11-25 16:00:00,498.77,508.0,489.36,492.17,33243.588,0
2025-11-25 17:00:00,492.09,505.72,484.53,497.94,28450.262,0
2025-11-25 18:00:00,498.25,501.0,492.62,494.49,19943.613,0
2025-11-25 19:00:00,494.54,495.24,481.52,491.52,27645.837,0
2025-11-25 20:00:00,491.58,504.56,485.4,499.6,20605.784,0
2025-11-25 21:00:00,499.54,504.36,495.62,499.29,13049.587,0
2025-11-25 22:00:00,499.27,509.0,491.07,500.06,22119.08,0
2025-11-25 23:00:00,500.05,514.76,495.41,511.31,34249.779,0
2025-11-26 00:00:00,511.31,528.53,510.64,516.75,27191.44,0
2025-11-26 01:00:00,516.79,523.9,507.6,517.59,19665.425,0
2025-11-26 02:00:00,517.59,529.52,516.49,525.67,12813.206,0
2025-11-26 03:00:00,525.64,526.54,515.0,517.76,18862.447,0
2025-11-26 04:00:00,517.77,520.51,507.38,509.18,16338.413,0
2025-11-26 05:00:00,508.96,514.81,506.79,512.01,12187.357,0
2025-11-26 06:00:00,511.96,515.0,497.5,503.22,27740.943,0
2025-11-26 07:00:00,503.22,508.84,501.14,504.71,8969.553,0
2025-11-26 08:00:00,504.71,507.75,498.02,499.98,17839.255,0
2025-11-26 09:00:00,500.05,503.67,495.8,501.25,10252.362,0
2025-11-26 10:00:00,501.25,507.37,498.0,498.41,8253.046,0
2025-11-26 11:00:00,498.3,501.96,491.52,494.87,27139.312,0
2025-11-26 12:00:00,494.86,501.48,492.67,495.95,12831.176,0
2025-11-26 13:00:00,495.91,510.78,493.06,505.49,16739.639,0
2025-11-26 14:00:00,505.44,509.79,497.13,498.62,17543.856,0
2025-11-26 15:00:00,498.73,510.63,498.24,503.09,19903.274,0
2025-11-26 16:00:00,503.07,520.81,500.34,514.01,43676.377,0
2025-11-26 17:00:00,514.01,525.97,510.0,523.75,20025.098,0
2025-11-26 18:00:00,523.76,526.14,514.02,516.33,29393.128,0
2025-11-26 19:00:00,516.33,519.5,511.08,513.42,8625.497,0
2025-11-26 20:00:00,513.49,524.35,510.83,520.48,14441.926,0
2025-11-26 21:00:00,520.44,528.44,515.64,525.43,16081.059,0
2025-11-26 22:00:00,525.41,535.97,519.14,530.2,22830.402,0
2025-11-26 23:00:00,530.27,534.61,524.28,527.05,22393.606,0
2025-11-27 00:00:00,527.09,534.48,520.83,527.44,17648.487,0
2025-11-27 01:00:00,527.4,532.5,515.37,529.59,22664.042,0
2025-11-27 02:00:00,529.59,549.86,527.52,531.22,79032.549,0
2025-11-27 03:00:00,531.21,532.11,517.58,518.55,22401.202,0
2025-11-27 04:00:00,518.43,528.66,516.52,521.62,26969.954,0
2025-11-27 05:00:00,521.6,521.6,503.0,508.24,28204.409,0
2025-11-27 06:00:00,508.27,514.79,507.35,511.92,18145.688,0
2025-11-27 07:00:00,511.91,514.31,508.26,510.07,6569.372,0
2025-11-27 08:00:00,510.03,511.93,505.73,511.02,6388.387,0
2025-11-27 09:00:00,511.16,519.0,507.14,512.92,16490.74,0
2025-11-27 10:00:00,512.94,517.5,511.2,513.75,7109.961,0
2025-11-27 11:00:00,513.84,514.86,504.0,505.93,14803.692,0
2025-11-27 12:00:00,505.97,507.43,496.9,500.0,20889.865,0
2025-11-27 13:00:00,500.0,504.37,498.24,499.97,13501.638,0
2025-11-27 14:00:00,500.03,500.6,493.64,498.31,18204.099,0
2025-11-27 15:00:00,498.3,503.0,496.0,501.78,11368.471,0
2025-11-27 16:00:00,501.72,509.09,500.04,506.85,12896.304,0
2025-11-27 17:00:00,507.03,508.29,499.3,503.37,11442.856,0
2025-11-27 18:00:00,503.3,504.07,499.43,500.44,10289.014,0
2025-11-27 19:00:00,500.43,500.88,498.48,499.45,6834.952,0
2025-11-27 20:00:00,499.44,504.12,495.35,500.18,9183.915,0
2025-11-27 21:00:00,500.14,500.49,494.0,494.44,10851.684,0
2025-11-27 22:00:00,494.34,496.43,484.51,487.76,23573.276,0
2025-11-27 23:00:00,487.72,490.75,482.18,490.07,13513.312,0
2025-11-28 00:00:00,490.07,490.51,483.0,487.07,17394.97,0
2025-11-28 01:00:00,487.08,489.2,456.38,467.12,33936.396,0
2025-11-28 02:00:00,467.14,468.25,448.0,463.98,67717.586,0
2025-11-28 03:00:00,464.02,478.73,461.86,472.86,29419.692,0
2025-11-28 04:00:00,472.79,478.55,467.23,470.75,13096.919,0
2025-11-28 05:00:00,470.69,478.15,467.11,475.38,13575.455,0
2025-11-28 06:00:00,475.29,475.5,470.25,472.92,7766.425,0
2025-11-28 07:00:00,472.95,475.33,469.18,473.92,7799.859,0
2025-11-28 08:00:00,473.93,484.98,473.46,479.82,18980.113,0
2025-11-28 09:00:00,479.84,484.25,477.43,480.64,9474.192,0
2025-11-28 10:00:00,480.64,481.26,477.22,478.73,6447.448,0
2025-11-28 11:00:00,478.73,481.24,469.42,470.24,14877.871,0
2025-11-28 12:00:00,470.21,473.86,467.0,471.22,9397.101,0
2025-11-28 13:00:00,471.28,484.2,461.58,479.5,29636.375,0
2025-11-28 14:00:00,479.49,482.06,472.44,473.91,18249.289,0
2025-11-28 15:00:00,473.77,475.88,469.0,470.28,19933.052,0
2025-11-28 16:00:00,470.23,470.65,460.91,465.4,22921.196,0
2025-11-28 17:00:00,465.42,467.0,456.45,457.91,16300.31,0
2025-11-28 18:00:00,457.91,461.55,455.92,457.69,15713.292,0
2025-11-28 19:00:00,457.68,461.54,457.01,460.74,7699.89,0
2025-11-28 20:00:00,460.7,465.09,457.92,463.55,9126.848,0
2025-11-28 21:00:00,463.58,464.72,453.73,455.2,12919.003,0
2025-11-28 22:00:00,455.2,458.93,453.83,458.41,10381.408,0
2025-11-28 23:00:00,458.47,459.65,450.08,452.02,22155.372,0
2025-11-29 00:00:00,452.06,467.41,438.18,459.66,53211.704,0
2025-11-29 01:00:00,459.6,467.0,457.7,457.98,16911.392,0
2025-11-29 02:00:00,457.99,463.22,455.43,461.55,7066.721,0
2025-11-29 03:00:00,461.54,462.61,459.21,461.97,7385.599,0
2025-11-29 04:00:00,461.97,472.59,461.5,470.75,17411.812,0
2025-11-29 05:00:00,470.79,470.83,464.45,464.93,5651.21,0
2025-11-29 06:00:00,465.0,470.79,464.41,467.88,8659.369,0
2025-11-29 07:00:00,467.84,470.05,465.02,465.74,6408.707,0
2025-11-29 08:00:00,465.77,469.46,462.78,468.24,9986.353,0
2025-11-29 09:00:00,468.28,471.57,465.02,469.25,7055.038,0
2025-11-29 10:00:00,469.24,474.28,466.13,468.78,10168.803,0
2025-11-29 11:00:00,468.78,470.69,463.2,464.02,7540.088,0
2025-11-29 12:00:00,464.11,465.17,458.68,458.94,7759.93,0
2025-11-29 13:00:00,458.91,463.91,456.07,463.74,12565.365,0
2025-11-29 14:00:00,463.74,463.93,455.19,455.91,10157.501,0
2025-11-29 15:00:00,455.91,461.41,455.11,459.87,8403.487,0
2025-11-29 16:00:00,459.89,462.46,457.82,459.92,8443.665,0
2025-11-29 17:00:00,459.96,462.5,455.22,456.66,12377.43,0
2025-11-29 18:00:00,456.58,459.59,448.42,459.05,18792.61,0
2025-11-29 19:00:00,459.04,460.63,454.4,455.3,5455.515,0
2025-11-29 20:00:00,455.31,458.47,452.11,457.75,3951.914,0
2025-11-29 21:00:00,457.76,463.75,457.76,462.19,7565.636,0
2025-11-29 22:00:00,462.14,463.48,455.46,455.76,7649.984,0
2025-11-29 23:00:00,455.92,461.61,450.39,460.48,12992.631,0
2025-11-30 00:00:00,460.43,466.65,459.24,465.86,7971.267,0
2025-11-30 01:00:00,465.86,468.57,463.37,466.99,7259.009,0
2025-11-30 02:00:00,467.08,470.59,460.94,462.56,9280.728,0
2025-11-30 03:00:00,462.53,464.28,454.76,456.72,13170.36,0
2025-11-30 04:00:00,456.73,459.99,454.45,455.83,14359.337,0
2025-11-30 05:00:00,455.84,458.91,454.0,456.26,19732.529,0
2025-11-30 06:00:00,456.18,458.83,455.51,457.4,3255.02,0
2025-11-30 07:00:00,457.2,461.68,456.36,461.05,3332.442,0
2025-11-30 08:00:00,461.13,461.26,456.82,459.16,4311.824,0
2025-11-30 09:00:00,459.2,459.61,455.36,456.55,5708.554,0
2025-11-30 10:00:00,456.52,456.55,445.39,446.86,24670.488,0
2025-11-30 11:00:00,446.96,450.35,446.17,448.81,14142.514,0
2025-11-30 12:00:00,448.82,448.87,434.5,446.32,37309.635,0
2025-11-30 13:00:00,446.37,457.46,445.89,448.89,27304.809,0
2025-11-30 14:00:00,448.89,449.33,440.88,442.77,27180.38,0
2025-11-30 15:00:00,442.78,444.99,437.23,441.99,25115.991,0
2025-11-30 16:00:00,441.89,447.2,440.89,445.11,14051.458,0
2025-11-30 17:00:00,445.1,445.16,437.66,443.25,20541.419,0
2025-11-30 18:00:00,443.27,444.67,435.57,436.87,17373.38,0
2025-11-30 19:00:00,436.86,438.87,433.03,435.32,11884.38,0
2025-11-30 20:00:00,435.36,438.85,428.79,434.34,23402.47,0
2025-11-30 21:00:00,434.33,442.33,430.31,440.34,11264.568,0
2025-11-30 22:00:00,440.4,441.74,432.27,435.3,8730.364,0
2025-11-30 23:00:00,435.3,435.67,425.48,427.94,26328.836,0
2025-12-01 00:00:00,427.82,430.16,387.41,392.4,119814.869,0
2025-12-01 01:00:00,392.47,394.83,377.66,383.27,84009.793,0
2025-12-01 02:00:00,383.22,391.85,380.0,383.79,34107.449,0
2025-12-01 03:00:00,383.83,384.29,371.71,373.79,37169.65,0
2025-12-01 04:00:00,373.79,377.78,351.28,366.91,74202.281,0
2025-12-01 05:00:00,366.91,370.79,356.66,358.92,45883.555,0
2025-12-01 06:00:00,358.92,362.82,354.31,359.09,34114.941,0
2025-12-01 07:00:00,359.03,361.56,355.65,358.25,35474.241,0
2025-12-01 08:00:00,358.24,367.27,355.92,365.84,27266.351,0
2025-12-01 09:00:00,365.8,368.79,363.32,364.72,24486.243,0
2025-12-01 10:00:00,364.69,367.7,362.5,363.53,21184.753,0
2025-12-01 11:00:00,363.59,365.68,363.03,363.44,13908.845,0
2025-12-01 12:00:00,363.45,364.34,343.0,347.28,62808.071,0
2025-12-01 13:00:00,347.29,350.22,327.67,340.74,114738.348,0
2025-12-01 14:00:00,340.74,360.92,338.3,356.0,79058.801,0
2025-12-01 15:00:00,356.02,366.66,341.17,360.74,78994.652,0
2025-12-01 16:00:00,360.83,363.34,351.64,355.35,33743.93,0
2025-12-01 17:00:00,355.28,356.87,341.71,341.95,82275.526,0
2025-12-01 18:00:00,341.91,343.7,331.47,336.23,60815.173,0
2025-12-01 19:00:00,336.23,337.63,321.52,336.71,50312.798,0
2025-12-01 20:00:00,336.66,347.57,335.1,335.54,38880.438,0
2025-12-01 21:00:00,335.55,344.88,335.55,342.99,24796.136,0
2025-12-01 22:00:00,342.96,347.6,338.19,340.8,27058.841,0
2025-12-01 23:00:00,340.81,355.48,340.81,343.91,31085.687,0
2025-12-02 00:00:00,343.94,354.86,343.16,348.98,30211.534,0
2025-12-02 01:00:00,348.96,356.01,336.41,340.7,30219.308,0
2025-12-02 02:00:00,340.63,340.9,332.15,333.68,23806.243,0
2025-12-02 03:00:00,333.69,339.22,330.09,337.31,22514.566,0
2025-12-02 04:00:00,337.26,338.18,322.56,326.33,46566.501,0
2025-12-02 05:00:00,326.33,328.6,322.0,326.82,21002.15,0
2025-12-02 06:00:00,326.85,336.67,326.22,336.42,19985.935,0
2025-12-02 07:00:00,336.39,337.51,324.91,327.1,20061.955,0
2025-12-02 08:00:00,327.01,328.26,314.65,317.01,42224.741,0
2025-12-02 09:00:00,316.89,326.98,315.41,326.05,25414.289,0
2025-12-02 10:00:00,325.99,336.5,325.45,335.48,28573.658,0
2025-12-02 11:00:00,335.5,337.5,324.62,328.34,29780.863,0
2025-12-02 12:00:00,328.31,331.1,322.62,327.84,27921.611,0
2025-12-02 13:00:00,327.79,335.02,326.46,332.53,28348.744,0
2025-12-02 14:00:00,332.55,346.42,326.54,344.24,60870.011,0
2025-12-02 15:00:00,344.21,385.44,343.0,372.9,165164.68,0
2025-12-02 16:00:00,372.98,374.6,350.5,353.35,134741.382,0
2025-12-02 17:00:00,353.34,356.58,341.25,342.15,62587.607,0
2025-12-02 18:00:00,342.07,346.94,334.87,338.75,40383.866,0
2025-12-02 19:00:00,338.7,344.03,328.41,330.18,34191.954,0
2025-12-02 20:00:00,330.01,334.86,305.37,313.06,94718.024,0
2025-12-02 21:00:00,313.03,317.5,306.34,308.89,42270.448,0
2025-12-02 22:00:00,308.92,321.5,306.43,315.92,55724.695,0
2025-12-02 23:00:00,315.93,323.5,309.52,312.81,58285.367,0
2025-12-03 00:00:00,312.86,314.12,303.62,304.9,37321.364,0
2025-12-03 01:00:00,304.81,309.15,301.14,307.82,37024.326,0
2025-12-03 02:00:00,307.81,321.17,306.94,315.32,62554.599,0
2025-12-03 03:00:00,315.36,318.11,308.96,309.5,24306.757,0
2025-12-03 04:00:00,309.5,339.64,308.99,327.22,65521.052,0
2025-12-03 05:00:00,327.25,340.64,323.27,330.21,89226.713,0
2025-12-03 06:00:00,330.19,338.19,328.41,334.2,50681.352,0
2025-12-03 07:00:00,334.04,335.77,326.07,328.16,26813.087,0
2025-12-03 08:00:00,328.15,336.27,327.87,333.45,33851.316,0
2025-12-03 09:00:00,333.35,338.99,331.33,337.04,30091.105,0
2025-12-03 10:00:00,337.02,352.31,328.16,328.53,61824.916,0
2025-12-03 11:00:00,328.45,338.62,318.69,334.94,63679.543,0
2025-12-03 12:00:00,334.93,345.85,332.8,342.44,50105.909,0
2025-12-03 13:00:00,342.4,346.19,336.97,343.92,35749.772,0
2025-12-03 14:00:00,343.91,348.41,330.64,333.82,74808.161,0
2025-12-03 15:00:00,333.66,337.95,327.61,331.62,30011.73,0
2025-12-03 16:00:00,331.6,348.0,331.57,343.09,41958.406,0
2025-12-03 17:00:00,343.12,359.48,341.2,358.47,50175.507,0
2025-12-03 18:00:00,358.47,380.0,355.82,362.16,109288.425,0
2025-12-03 19:00:00,362.23,378.29,362.05,374.56,57057.261,0
2025-12-03 20:00:00,374.61,374.7,338.0,344.48,117098.167,0
2025-12-03 21:00:00,344.56,349.96,343.58,349.27,24820.138,0
2025-12-03 22:00:00,349.27,349.32,338.92,343.01,41437.696,0
2025-12-03 23:00:00,343.04,346.93,335.19,338.72,35087.478,0
2025-12-04 00:00:00,338.81,344.57,335.11,343.8,22577.529,0
2025-12-04 01:00:00,343.75,353.34,343.33,345.4,36666.062,0
2025-12-04 02:00:00,345.36,352.06,344.14,351.85,17806.204,0
2025-12-04 03:00:00,351.83,357.12,349.76,355.89,33092.411,0
2025-12-04 04:00:00,355.86,358.67,351.75,358.1,23812.566,0
2025-12-04 05:00:00,358.14,361.59,353.39,354.78,25795.31,0
2025-12-04 06:00:00,354.71,363.54,352.64,363.42,21420.183,0
2025-12-04 07:00:00,363.58,365.16,359.42,361.13,21726.056,0
2025-12-04 08:00:00,361.13,366.41,356.87,364.03,25256.99,0
2025-12-04 09:00:00,364.08,365.92,360.68,363.72,16289.131,0
2025-12-04 10:00:00,363.75,363.84,358.09,359.67,19342.191,0
2025-12-04 11:00:00,359.68,369.21,359.31,368.83,24153.348,0
2025-12-04 12:00:00,368.86,369.53,359.66,364.57,32869.818,0
2025-12-04 13:00:00,364.51,366.09,350.4,353.98,39140.27,0
2025-12-04 14:00:00,354.06,356.71,346.34,347.33,31127.169,0
2025-12-04 15:00:00,347.32,357.0,346.52,353.17,25848.635,0
2025-12-04 16:00:00,353.18,361.52,349.76,356.76,31281.393,0
2025-12-04 17:00:00,356.76,364.49,356.04,362.58,20166.991,0
2025-12-04 18:00:00,362.64,363.64,357.74,361.29,16027.552,0
2025-12-04 19:00:00,361.45,362.45,346.66,353.63,44975.241,0
2025-12-04 20:00:00,353.63,367.95,349.42,364.02,31830.849,0
2025-12-04 21:00:00,364.06,367.04,358.09,358.84,21735.211,0
2025-12-04 22:00:00,358.83,367.49,358.74,364.21,17862.737,0
2025-12-04 23:00:00,364.24,369.0,363.32,367.57,14815.828,0
2025-12-05 00:00:00,367.58,399.74,366.86,386.23,114931.453,0
2025-12-05 01:00:00,386.31,391.74,381.5,385.39,44207.076,0
2025-12-05 02:00:00,385.36,399.07,384.5,394.32,64615.861,0
2025-12-05 03:00:00,394.25,398.12,385.33,386.65,42859.985,0
2025-12-05 04:00:00,386.66,394.6,384.51,387.24,26159.667,0
2025-12-05 05:00:00,387.28,390.13,381.83,385.59,22569.644,0
2025-12-05 06:00:00,385.59,409.32,385.54,392.57,56623.637,0
2025-12-05 07:00:00,392.56,405.68,392.14,399.91,44371.859,0
2025-12-05 08:00:00,399.92,400.39,387.77,393.74,27534.351,0
2025-12-05 09:00:00,393.77,394.61,384.28,386.46,29121.64,0
2025-12-05 10:00:00,386.44,390.87,376.48,379.83,33762.253,0
2025-12-05 11:00:00,379.88,380.96,369.9,378.53,38936.061,0
2025-12-05 12:00:00,378.67,388.77,378.1,388.1,33499.273,0
2025-12-05 13:00:00,388.13,389.51,380.1,382.73,33890.931,0
2025-12-05 14:00:00,382.74,384.93,373.47,379.15,48730.093,0
2025-12-05 15:00:00,379.21,388.0,374.56,377.96,44390.117,0
2025-12-05 16:00:00,377.95,378.24,361.74,367.44,58737.615,0
2025-12-05 17:00:00,367.42,374.39,366.78,373.19,20691.662,0
2025-12-05 18:00:00,373.2,378.72,360.66,363.25,36139.015,0
2025-12-05 19:00:00,363.25,371.6,361.06,368.97,27938.135,0
2025-12-05 20:00:00,368.97,369.47,354.62,357.3,33209.518,0
2025-12-05 21:00:00,357.34,359.68,353.11,356.3,17199.583,0
2025-12-05 22:00:00,356.34,360.85,353.34,358.16,14122.836,0
2025-12-05 23:00:00,358.18,360.77,351.88,360.07,14759.082,0
2025-12-06 00:00:00,360.08,362.21,353.22,358.64,17995.664,0
2025-12-06 01:00:00,358.63,360.15,352.22,354.15,21280.112,0
2025-12-06 02:00:00,354.19,354.4,347.01,351.86,24592.83,0
2025-12-06 03:00:00,351.88,357.46,350.26,352.9,16852.49,0
2025-12-06 04:00:00,352.93,354.79,351.28,352.92,12896.898,0
2025-12-06 05:00:00,352.92,356.08,350.19,350.28,12376.79,0
2025-12-06 06:00:00,350.26,355.5,348.34,351.45,12081.903,0
2025-12-06 07:00:00,351.45,355.07,348.51,353.58,13546.843,0
2025-12-06 08:00:00,353.59,355.75,341.89,346.07,30128.482,0
2025-12-06 09:00:00,346.1,350.98,345.23,345.86,23721.841,0
2025-12-06 10:00:00,345.9,347.83,337.74,338.9,48756.779,0
2025-12-06 11:00:00,338.93,343.54,336.41,341.72,43585.445,0
2025-12-06 12:00:00,341.74,341.91,337.67,339.73,13010.588,0
2025-12-06 13:00:00,339.72,340.56,334.91,337.8,33156.695,0
2025-12-06 14:00:00,337.8,344.95,337.6,342.33,27960.028,0
2025-12-06 15:00:00,342.32,342.64,328.0,330.6,35823.248,0
2025-12-06 16:00:00,330.57,335.73,330.28,330.37,15540.837,0
2025-12-06 17:00:00,330.37,333.43,328.55,332.97,16778.149,0
2025-12-06 18:00:00,332.97,341.23,330.45,330.84,38648.995,0
2025-12-06 19:00:00,330.86,333.42,329.17,330.7,19173.572,0
2025-12-06 20:00:00,330.71,334.51,326.19,334.05,19708.38,0
2025-12-06 21:00:00,334.04,335.2,331.45,332.75,8986.138,0
2025-12-06 22:00:00,332.76,335.99,331.87,334.97,8113.447,0
2025-12-06 23:00:00,335.0,344.91,333.99,341.55,28057.842,0
2025-12-07 00:00:00,341.52,342.55,335.53,336.68,17395.044,0
2025-12-07 01:00:00,336.68,339.31,333.0,333.82,12259.518,0
2025-12-07 02:00:00,333.82,339.81,332.33,337.33,12918.156,0
2025-12-07 03:00:00,337.32,343.41,336.29,339.38,15138.007,0
2025-12-07 04:00:00,339.37,344.41,338.49,342.89,10800.426,0
2025-12-07 05:00:00,342.9,349.62,341.01,342.9,15777.473,0
2025-12-07 06:00:00,342.84,344.81,340.71,343.17,9975.116,0
2025-12-07 07:00:00,343.22,343.39,338.05,340.25,10081.086,0
2025-12-07 08:00:00,340.23,341.21,337.7,338.75,8983.376,0
2025-12-07 09:00:00,338.77,339.45,335.02,335.8,13884.971,0
2025-12-07 10:00:00,335.8,342.93,334.15,341.39,17935.009,0
2025-12-07 11:00:00,341.39,346.74,340.43,343.78,15709.098,0
2025-12-07 12:00:00,343.83,353.0,341.14,346.63,28257.711,0
2025-12-07 13:00:00,346.57,350.95,342.59,347.57,24584.359,0
2025-12-07 14:00:00,347.57,349.51,338.41,339.59,39402.088,0
2025-12-07 15:00:00,339.56,343.2,331.39,341.87,37786.053,0
2025-12-07 16:00:00,341.87,345.0,334.32,338.83,22138.703,0
2025-12-07 17:00:00,338.87,348.0,334.95,346.72,44694.04,0
2025-12-07 18:00:00,346.8,349.98,344.11,347.53,15425.945,0
2025-12-07 19:00:00,347.53,349.64,343.94,347.52,12357.883,0
2025-12-07 20:00:00,347.48,353.8,344.7,346.78,16681.877,0
2025-12-07 21:00:00,346.74,349.86,338.51,339.81,19700.326,0
2025-12-07 22:00:00,339.81,340.73,332.62,335.36,26621.943,0
2025-12-07 23:00:00,335.29,344.54,333.36,342.78,14297.19,0
2025-12-08 00:00:00,342.81,349.22,341.26,344.07,15254.57,0
2025-12-08 01:00:00,344.07,352.02,343.03,350.99,20547.707,0
2025-12-08 02:00:00,351.06,351.78,348.23,350.24,13405.346,0
2025-12-08 03:00:00,350.28,351.9,349.02,350.45,11477.037,0
2025-12-08 04:00:00,350.44,359.86,349.36,354.02,24382.226,0
2025-12-08 05:00:00,354.0,357.86,351.13,355.59,12006.642,0
2025-12-08 06:00:00,355.62,369.15,354.58,368.1,32258.907,0
2025-12-08 07:00:00,368.11,376.03,364.72,368.83,61531.052,0
2025-12-08 08:00:00,368.82,374.24,368.44,373.44,16804.716,0
2025-12-08 09:00:00,373.46,394.84,373.18,390.14,63231.38,0
2025-12-08 10:00:00,390.19,398.38,387.52,395.55,36499.838,0
2025-12-08 11:00:00,395.84,399.62,384.32,386.17,44889.385,0
2025-12-08 12:00:00,386.21,390.5,379.27,382.92,45071.875,0
2025-12-08 13:00:00,382.87,389.07,381.64,384.45,22660.766,0
2025-12-08 14:00:00,384.4,410.0,384.18,407.54,88299.549,0
2025-12-08 15:00:00,407.62,408.12,393.77,402.21,71917.948,0
2025-12-08 16:00:00,402.19,426.15,399.38,419.64,90106.002,0
2025-12-08 17:00:00,419.64,422.2,412.14,419.56,35680.299,0
2025-12-08 18:00:00,419.53,420.8,401.0,410.73,40705.61,0
2025-12-08 19:00:00,410.69,413.76,403.82,405.12,23163.292,0
2025-12-08 20:00:00,405.16,412.56,404.37,409.47,18277.199,0
2025-12-08 21:00:00,409.51,417.04,407.62,416.1,38220.226,0
2025-12-08 22:00:00,416.14,419.15,411.33,413.91,18122.202,0
2025-12-08 23:00:00,413.88,414.35,403.52,405.48,21270.377,0
2025-12-09 00:00:00,405.31,418.97,404.62,414.97,28413.283,0
2025-12-09 01:00:00,414.99,417.48,400.17,403.29,19392.964,0
2025-12-09 02:00:00,403.32,409.99,401.53,402.99,18858.495,0
2025-12-09 03:00:00,403.07,404.0,390.4,401.45,39450.542,0
2025-12-09 04:00:00,401.57,401.85,394.55,396.9,35744.959,0
2025-12-09 05:00:00,396.9,414.89,392.61,408.34,33272.001,0
2025-12-09 06:00:00,408.38,422.07,406.9,417.07,34331.181,0
2025-12-09 07:00:00,417.05,421.78,413.18,418.44,21364.382,0
2025-12-09 08:00:00,418.51,425.94,410.14,411.53,31473.083,0
2025-12-09 09:00:00,411.58,414.08,403.17,407.54,28727.583,0
2025-12-09 10:00:00,407.56,412.59,406.12,411.04,17294.554,0
2025-12-09 11:00:00,411.03,419.39,407.7,415.87,17049.099,0
2025-12-09 12:00:00,415.86,438.0,414.7,434.62,72186.798,0
2025-12-09 13:00:00,434.63,438.98,426.34,427.29,46744.203,0
2025-12-09 14:00:00,427.31,429.2,419.78,425.58,33795.837,0
2025-12-09 15:00:00,425.65,446.17,424.73,443.44,68782.969,0
2025-12-09 16:00:00,443.44,449.98,435.46,435.96,48803.218,0
2025-12-09 17:00:00,436.06,449.99,435.43,440.15,30237.658,0
2025-12-09 18:00:00,440.16,448.35,439.33,445.55,23966.953,0
2025-12-09 19:00:00,445.6,446.66,432.3,432.96,30812.997,0
2025-12-09 20:00:00,432.94,433.58,425.63,427.48,25107.228,0
2025-12-09 21:00:00,427.49,430.76,421.1,424.85,19389.634,0
2025-12-09 22:00:00,425.03,437.86,424.34,433.44,23096.985,0
2025-12-09 23:00:00,433.4,435.26,428.08,433.02,10283.903,0
2025-12-10 00:00:00,433.0,442.0,431.54,437.29,15690.923,0
2025-12-10 01:00:00,437.33,445.11,434.13,440.97,20965.248,0
2025-12-10 02:00:00,440.95,444.45,437.75,441.12,11261.236,0
2025-12-10 03:00:00,441.1,446.7,440.74,443.15,13673.913,0
2025-12-10 04:00:00,443.2,443.81,437.18,440.5,10332.626,0
2025-12-10 05:00:00,440.48,448.14,437.98,446.55,18403.775,0
2025-12-10 06:00:00,446.62,446.62,437.4,439.08,9749.858,0
2025-12-10 07:00:00,439.06,443.2,438.28,440.65,6528.464,0
2025-12-10 08:00:00,440.82,442.37,434.17,437.33,12656.163,0
2025-12-10 09:00:00,437.34,438.21,433.29,434.67,9829.781,0
2025-12-10 10:00:00,434.67,436.18,426.36,427.7,19023.066,0
2025-12-10 11:00:00,427.65,432.91,426.93,427.89,14867.53,0
